unit,cycle,T24,T30,T48,T50,P15,P2,P21,P24,Ps30,P40,P50,Nf,Nc,Wf,alt,Mach,TRA,T2,rul,Fc,hs,T24_rate,T24_rolling_mean_10,T30_rate,T30_rolling_mean_10,T48_rate,T48_rolling_mean_10,T50_rate,T50_rolling_mean_10,P15_rate,P15_rolling_mean_10,P2_rate,P2_rolling_mean_10,P21_rate,P21_rolling_mean_10,P24_rate,P24_rolling_mean_10,Ps30_rate,Ps30_rolling_mean_10,P40_rate,P40_rolling_mean_10,P50_rate,P50_rolling_mean_10,Nf_rate,Nf_rolling_mean_10,Nc_rate,Nc_rolling_mean_10,Wf_rate,Wf_rolling_mean_10,data_set,unit_number
N-CMAPSS_DS01-005 · Engine 1,1,585.5812,1355.4336,1650.092,1157.1544,15.6273985,12.381785,15.865379,19.041012,276.8425,281.97427,12.452563,1923.8016,8320.416,2.9525368,8757.58,0.47375408,53.426548,509.61856,99.0,1,1,0.0,585.5812,0.0,1355.4336,0.0,1650.092,0.0,1157.1544,0.0,15.6273985,0.0,12.381785,0.0,15.865379,0.0,19.041012,0.0,276.8425,0.0,281.97427,0.0,12.452563,0.0,1923.8016,0.0,8320.416,0.0,2.9525368,N-CMAPSS_DS01-005,1
N-CMAPSS_DS01-005 · Engine 1,2,580.5239,1340.9956,1627.5762,1142.8849,14.996845,11.945001,15.2252245,18.227985,262.28336,267.19595,11.908095,1903.1324,8272.779,2.766111,9888.501,0.48435667,52.16701,506.38358,98.0,1,1,-5.057251,583.05255,-14.437988,1348.2146,-22.51587,1638.8341,-14.269531,1150.0197,-0.63055325,15.312122,-0.43678474,12.163393,-0.64015484,15.545301,-0.8130264,18.634499,-14.559143,269.56293,-14.77832,274.5851,-0.5444679,12.180329,-20.66919,1913.467,-47.63672,8296.598,-0.18642592,2.859324,N-CMAPSS_DS01-005,1
N-CMAPSS_DS01-005 · Engine 1,3,581.1929,1342.6837,1628.4791,1155.2397,15.607096,12.469662,15.844769,18.840738,270.95322,276.05,12.806712,1881.3875,8277.278,2.8505464,7578.456,0.4074807,49.44916,508.57312,97.0,1,1,0.6689453,582.4327,1.6881104,1346.371,0.9029541,1635.3824,12.354858,1151.7596,0.6102505,15.410446,0.52466106,12.265483,0.619544,15.645124,0.6127529,18.703245,8.669861,270.02637,8.854034,275.0734,0.8986168,12.389124,-21.744995,1902.7738,4.4990234,8290.158,0.08443546,2.856398,N-CMAPSS_DS01-005,1
N-CMAPSS_DS01-005 · Engine 1,4,583.082,1343.7306,1628.0823,1152.4521,15.696854,12.551113,15.935889,18.994764,272.02356,277.12857,12.6921,1882.2843,8279.033,2.8823357,8074.4424,0.45158243,50.40673,510.08594,96.0,1,1,1.8890991,582.595,1.046875,1345.7109,-0.3968506,1633.5574,-2.7875977,1151.9329,0.08975792,15.482048,0.081451416,12.33689,0.09112072,15.717815,0.15402603,18.776125,1.070343,270.52567,1.0785828,275.5872,-0.11461258,12.464868,0.8968506,1897.6515,1.7548828,8287.377,0.031789303,2.8628824,N-CMAPSS_DS01-005,1
N-CMAPSS_DS01-005 · Engine 1,5,578.806,1337.4241,1624.1664,1140.5059,14.7363,11.73383,14.9607115,17.915596,257.63565,262.4433,11.72979,1899.6903,8258.842,2.7217665,10441.2295,0.4837612,52.665703,504.55188,95.0,1,1,-4.27594,581.8372,-6.3065186,1344.0535,-3.9158936,1631.6792,-11.946289,1149.6475,-0.96055317,15.332899,-0.8172827,12.216278,-0.97517776,15.566395,-1.0791683,18.60402,-14.387909,267.94766,-14.685272,272.9584,-0.96230984,12.317852,17.406006,1898.0592,-20.191406,8281.67,-0.16056919,2.8346593,N-CMAPSS_DS01-005,1
N-CMAPSS_DS01-005 · Engine 1,6,577.86224,1336.9797,1624.8192,1140.567,14.658489,11.654325,14.881717,17.828747,257.50784,262.29858,11.696803,1902.3387,8257.014,2.7231448,10552.7295,0.4789385,52.801556,503.51273,94.0,1,1,-0.9437866,581.1747,-0.44433594,1342.8745,0.65283203,1630.5359,0.061157227,1148.134,-0.07781124,15.220497,-0.07950592,12.12262,-0.07899475,15.452282,-0.08684921,18.474808,-0.12780762,266.2077,-0.14471436,271.18176,-0.03298664,12.214344,2.6484375,1898.7725,-1.828125,8277.561,0.0013782978,2.8160734,N-CMAPSS_DS01-005,1
N-CMAPSS_DS01-005 · Engine 1,7,584.6731,1353.4752,1646.6671,1159.5288,15.740753,12.495978,15.980461,19.132412,277.9452,283.10367,12.700056,1913.1,8311.92,2.962,8090.279,0.4481552,52.24231,509.622,93.0,1,1,6.810852,581.6745,16.495483,1344.3889,21.8479,1632.8403,18.961792,1149.7618,1.082264,15.29482,0.8416538,12.175957,1.0987444,15.527736,1.3036652,18.56875,20.437347,267.88446,20.805084,272.88492,1.003253,12.283731,10.76123,1900.8192,54.90625,8282.469,0.23885512,2.83692,N-CMAPSS_DS01-005,1
N-CMAPSS_DS01-005 · Engine 1,8,584.68677,1353.4294,1647.2197,1159.97,15.740833,12.495978,15.980541,19.13341,277.91287,283.0654,12.699893,1913.1,8311.542,2.962881,8090.279,0.4481552,52.24231,509.622,92.0,1,1,0.013671875,582.051,-0.045776367,1345.519,0.5526123,1634.6377,0.4411621,1151.0378,8.010864e-05,15.350571,0.0,12.21596,8.010864e-05,15.584336,0.0009975433,18.639334,-0.032318115,269.13803,-0.038269043,274.15747,-0.00016307831,12.335752,0.0,1902.3544,-0.3779297,8286.104,0.00088119507,2.8526652,N-CMAPSS_DS01-005,1
N-CMAPSS_DS01-005 · Engine 1,9,584.28894,1351.1221,1644.2465,1150.4154,15.286627,12.125239,15.519419,18.653112,269.89227,274.89633,12.04565,1923.3523,8303.958,2.876597,9819.769,0.5016447,53.892605,508.29147,91.0,1,1,-0.39782715,582.2997,-2.307373,1346.1416,-2.9732666,1635.7054,-9.554565,1150.9688,-0.45420647,15.343466,-0.37073898,12.205879,-0.4611225,15.577124,-0.4802971,18.640863,-8.020599,269.22183,-8.169067,274.23956,-0.65424347,12.303518,10.252319,1904.6875,-7.5839844,8288.087,-0.08628416,2.8553243,N-CMAPSS_DS01-005,1
N-CMAPSS_DS01-005 · Engine 1,10,585.25836,1357.377,1655.0918,1164.9127,15.798446,12.490299,16.03903,19.215588,281.31058,286.49606,12.8295765,1920.0,8326.387,3.0084484,7837.6934,0.42610982,52.856384,509.31158,90.0,1,1,0.9694214,582.5955,6.254883,1347.2651,10.845337,1637.644,14.497314,1152.363,0.5118189,15.388964,0.36505985,12.234322,0.51961136,15.623314,0.5624752,18.698336,11.418304,270.4307,11.599731,275.4652,0.78392696,12.356124,-3.352295,1906.2188,22.42871,8291.917,0.13185143,2.8706367,N-CMAPSS_DS01-005,1
N-CMAPSS_DS01-005 · Engine 1,11,580.1889,1337.3512,1618.815,1149.5853,15.510191,12.446764,15.746387,18.702993,266.59003,271.62442,12.6339655,1868.7965,8255.973,2.8024962,8028.579,0.43471643,48.920635,508.6205,89.0,1,1,-5.069458,582.05634,-20.025757,1345.4569,-36.276855,1634.5164,-15.327393,1151.6062,-0.28825474,15.377243,-0.043535233,12.240819,-0.29264355,15.611415,-0.5125942,18.664536,-14.720551,269.40546,-14.871643,274.43024,-0.195611,12.374264,-51.20349,1900.7183,-70.41406,8285.473,-0.20595217,2.8556328,N-CMAPSS_DS01-005,1
N-CMAPSS_DS01-005 · Engine 1,12,585.5982,1355.3633,1650.7639,1157.6881,15.6275,12.381785,15.865483,19.042242,276.80234,281.92676,12.452353,1923.8016,8319.948,2.953595,8757.58,0.47375408,53.426548,509.61856,88.0,1,1,5.4093018,582.5637,18.012085,1346.8937,31.948975,1636.8351,8.102783,1153.0865,0.11730862,15.440309,-0.0649786,12.284497,0.119096756,15.675441,0.33924866,18.74596,10.212311,270.85736,10.302338,275.90332,-0.18161297,12.42869,55.005127,1902.7852,63.975586,8290.189,0.15109873,2.874381,N-CMAPSS_DS01-005,1
N-CMAPSS_DS01-005 · Engine 1,13,580.5394,1340.9429,1628.1986,1143.3799,14.996935,11.945001,15.225315,18.22907,262.24835,267.1546,11.907913,1903.1324,8272.352,2.7670474,9888.501,0.48435667,52.16701,506.38358,87.0,1,1,-5.058777,582.4984,-14.42041,1346.7195,-22.565308,1636.807,-14.308228,1151.9005,-0.6305647,15.3792925,-0.43678474,12.232031,-0.6401682,15.613495,-0.8131714,18.684793,-14.553986,269.98688,-14.772156,275.01376,-0.5444393,12.33881,-20.66919,1904.9596,-47.59668,8289.697,-0.18654752,2.8660312,N-CMAPSS_DS01-005,1
N-CMAPSS_DS01-005 · Engine 1,14,580.5492,1340.9099,1628.5892,1143.6906,14.996992,11.945001,15.225372,18.22975,262.2264,267.12863,11.907798,1903.1324,8272.084,2.7676356,9888.501,0.48435667,52.16701,506.38358,86.0,1,1,0.009765625,582.2451,-0.032958984,1346.4375,0.390625,1636.8578,0.31066895,1151.0244,5.722046e-05,15.309307,0.0,12.17142,5.722046e-05,15.542443,0.0006790161,18.608292,-0.021942139,269.00714,-0.025970459,274.01376,-0.00011539459,12.26038,0.0,1907.0444,-0.26757812,8289.002,0.00058817863,2.854561,N-CMAPSS_DS01-005,1
N-CMAPSS_DS01-005 · Engine 1,15,577.8739,1336.9395,1625.2849,1140.9373,14.658554,11.654325,14.881782,17.829548,257.48206,262.26807,11.696668,1902.3387,8256.695,2.7238326,10552.7295,0.4789385,52.801556,503.51273,85.0,1,1,-2.675293,582.1519,-3.970459,1346.389,-3.3043213,1636.9696,-2.753296,1151.0675,-0.33843803,15.301532,-0.29067612,12.163469,-0.34359074,15.534551,-0.4002018,18.599688,-4.7443542,268.9918,-4.860565,273.99625,-0.21113014,12.257068,-0.7937012,1907.3093,-15.388672,8288.787,-0.043802977,2.8547678,N-CMAPSS_DS01-005,1
N-CMAPSS_DS01-005 · Engine 1,16,585.6057,1355.3323,1651.061,1157.9241,15.627544,12.381785,15.865529,19.042788,276.78458,281.90582,12.452259,1923.8016,8319.741,2.954063,8757.58,0.47375408,53.426548,509.61856,84.0,1,1,7.7318115,582.9263,18.392822,1348.2242,25.776123,1639.5938,16.986816,1152.8032,0.9689903,15.3984375,0.72746086,12.236216,0.9837475,15.632932,1.2132397,18.721092,19.30252,270.91946,19.637756,275.95697,0.7555914,12.332613,21.46289,1909.4556,63.0459,8295.06,0.23023033,2.8778596,N-CMAPSS_DS01-005,1
N-CMAPSS_DS01-005 · Engine 1,17,580.19806,1337.3193,1619.2009,1149.8945,15.51024,12.446764,15.746437,18.703648,266.5679,271.5982,12.633854,1868.7965,8255.71,2.8030896,8028.579,0.43471643,48.920635,508.6205,83.0,1,1,-5.407654,582.47876,-18.01294,1346.6086,-31.860107,1636.8472,-8.029541,1151.8398,-0.1173048,15.375386,0.0649786,12.231295,-0.11909199,15.6095295,-0.33913994,18.678215,-10.216675,269.78174,-10.307617,274.80643,0.18159485,12.325993,-55.005127,1905.0253,-64.03125,8289.439,-0.15097332,2.8619685,N-CMAPSS_DS01-005,1
N-CMAPSS_DS01-005 · Engine 1,18,578.572,1346.4493,1646.4464,1148.0615,14.498624,11.388736,14.719415,17.75736,262.35788,267.1289,11.55971,1937.6473,8291.04,2.8104298,10951.066,0.47261637,56.05434,501.33408,82.0,1,1,-1.6260376,581.86725,9.130005,1345.9106,27.245483,1636.7698,-1.8330078,1150.6489,-1.0116158,15.251165,-1.0580282,12.12057,-1.0270224,15.483417,-0.94628716,18.54061,-4.210022,268.22623,-4.4692993,273.21277,-1.0741444,12.211974,68.85083,1907.48,35.33008,8287.389,0.007340193,2.8467236,N-CMAPSS_DS01-005,1
N-CMAPSS_DS01-005 · Engine 1,19,585.15985,1350.8827,1642.189,1153.5424,15.56603,12.364951,15.803076,18.961912,273.93887,279.01718,12.358106,1910.9994,8303.185,2.9287162,9034.825,0.4876599,53.027596,509.85233,81.0,1,1,6.5878296,581.95435,4.4333496,1345.8867,-4.2574463,1636.5641,5.480835,1150.9617,1.0674057,15.279105,0.97621536,12.144541,1.0836611,15.511783,1.2045517,18.57149,11.580994,268.6309,11.888275,273.62488,0.7983961,12.24322,-26.64795,1906.2446,12.144531,8287.312,0.11828637,2.8519354,N-CMAPSS_DS01-005,1
N-CMAPSS_DS01-005 · Engine 1,20,584.70294,1353.3765,1647.8682,1160.4877,15.740926,12.495978,15.980636,19.13458,277.8749,283.02054,12.6997,1913.1,8311.099,2.9639149,8090.279,0.4481552,52.24231,509.622,80.0,1,1,-0.45690918,581.8988,2.4937744,1345.4867,5.679199,1635.8417,6.9453125,1150.5192,0.17489624,15.273354,0.13102722,12.145109,0.17755985,15.505943,0.17266846,18.563389,3.9360352,268.28732,4.003357,273.2773,0.3415947,12.230232,2.100586,1905.5547,7.9140625,8285.782,0.03519869,2.847482,N-CMAPSS_DS01-005,1
N-CMAPSS_DS01-005 · Engine 1,21,580.55457,1340.8918,1628.8059,1143.8629,14.997023,11.945001,15.225404,18.23013,262.21426,267.11426,11.907735,1903.1324,8271.935,2.7679617,9888.501,0.48435667,52.16701,506.38358,79.0,1,1,-4.1483765,581.93536,-12.484619,1345.8407,-19.062256,1636.8408,-16.624756,1149.9469,-0.74390316,15.222036,-0.5509777,12.094933,-0.75523186,15.453845,-0.9044514,18.516102,-15.660645,267.84976,-15.9062805,272.8263,-0.7919655,12.15761,-9.967529,1908.9883,-39.164062,8287.379,-0.19595313,2.8440285,N-CMAPSS_DS01-005,1
N-CMAPSS_DS01-005 · Engine 1,22,584.30414,1351.0671,1644.8396,1150.886,15.286718,12.125239,15.519508,18.654188,269.85788,274.85568,12.045465,1923.3525,8303.55,2.8775098,9819.769,0.5016447,53.892605,508.29147,78.0,1,1,3.7495728,581.80597,10.175293,1345.4111,16.033691,1636.2484,7.0230713,1149.2667,0.28969574,15.187959,0.18023872,12.069278,0.29410458,15.419248,0.4240589,18.477297,7.6436157,267.1553,7.7414246,272.1192,0.1377306,12.11692,20.220093,1908.9434,31.615234,8285.739,0.10954809,2.83642,N-CMAPSS_DS01-005,1
N-CMAPSS_DS01-005 · Engine 1,23,585.266,1357.3474,1655.3983,1165.1572,15.798486,12.490299,16.039072,19.216145,281.29205,286.4742,12.829482,1920.0,8326.173,3.0089388,7837.6934,0.42610982,52.856384,509.31158,77.0,1,1,0.961853,582.2786,6.2802734,1347.0516,10.558716,1638.9684,14.27124,1151.4445,0.5117674,15.268114,0.36505985,12.123808,0.5195637,15.500623,0.5619564,18.576004,11.434174,269.0597,11.61853,274.05115,0.7840166,12.209078,-3.352539,1910.6301,22.623047,8291.121,0.13142896,2.8606093,N-CMAPSS_DS01-005,1
N-CMAPSS_DS01-005 · Engine 1,24,581.1035,1341.8748,1630.921,1151.285,15.255595,12.143695,15.487912,18.525202,267.0727,272.0189,12.316052,1891.2487,8270.365,2.847196,9010.299,0.45440573,51.88142,507.0913,76.0,1,1,-4.1624756,582.33405,-15.472656,1347.1481,-24.477295,1639.2015,-13.872192,1152.2039,-0.54289055,15.293974,-0.34660435,12.143678,-0.55115986,15.526877,-0.69094276,18.60555,-14.21936,269.5443,-14.455322,274.54016,-0.51342964,12.249903,-28.751343,1909.4418,-55.807617,8290.949,-0.16174269,2.8685653,N-CMAPSS_DS01-005,1
N-CMAPSS_DS01-005 · Engine 1,25,583.24164,1343.8369,1628.8569,1156.8916,15.88343,12.711878,16.125309,19.185677,274.5253,279.67386,12.961797,1874.6729,8277.6875,2.9088895,7366.344,0.42994505,49.41956,510.7968,75.0,1,1,2.1381226,582.87085,1.9621582,1347.8378,-2.064087,1639.5587,5.6065674,1153.7993,0.6278343,15.416462,0.56818295,12.249433,0.6373968,15.65123,0.6604748,18.741163,7.452606,271.24863,7.6549683,276.28076,0.6457443,12.376416,-16.575806,1906.6752,7.3222656,8293.049,0.06169343,2.887071,N-CMAPSS_DS01-005,1
N-CMAPSS_DS01-005 · Engine 1,26,581.2084,1342.6296,1629.1289,1155.7603,15.607177,12.469662,15.84485,18.84185,270.91534,276.00522,12.806522,1881.3875,8276.83,2.8515577,7578.456,0.4074807,49.44916,508.57312,74.0,1,1,-2.0332642,582.4311,-1.2072754,1346.5675,0.27197266,1637.3655,-1.1313477,1153.5829,-0.27625275,15.414425,-0.24221611,12.258221,-0.2804594,15.649162,-0.3438263,18.72107,-3.6099548,270.6617,-3.6686401,275.6907,-0.15527439,12.411842,6.7145996,1902.4337,-0.8574219,8288.758,-0.0573318,2.8768203,N-CMAPSS_DS01-005,1
N-CMAPSS_DS01-005 · Engine 1,27,575.9274,1324.2917,1601.5071,1135.3915,14.755129,11.844383,14.979826,17.83412,253.16954,257.92548,11.876869,1855.7706,8212.19,2.667873,9890.086,0.46799394,49.575123,504.789,73.0,1,1,-5.280945,582.004,-18.33789,1345.2648,-27.621826,1635.5962,-20.368774,1152.1326,-0.8520479,15.338914,-0.6252785,12.197982,-0.8650236,15.5725,-1.0077305,18.634117,-17.745804,269.32187,-18.079742,274.32343,-0.92965317,12.3361435,-25.616821,1901.1311,-64.63965,8284.405,-0.18368483,2.8632987,N-CMAPSS_DS01-005,1
N-CMAPSS_DS01-005 · Engine 1,28,578.58374,1346.4036,1646.8971,1148.4187,14.498689,11.388736,14.7194805,17.758163,262.33218,267.09857,11.559573,1937.6476,8290.724,2.8111026,10951.066,0.47261637,56.05434,501.33408,72.0,1,1,2.656311,582.00525,22.111816,1345.2603,45.390015,1635.6412,13.027222,1152.1683,-0.25644016,15.338921,-0.45564747,12.197982,-0.26034546,15.572507,-0.075956345,18.634197,9.162643,269.3193,9.173096,274.32037,-0.31729603,12.33613,81.87695,1901.1311,78.5332,8284.374,0.14322972,2.8633661,N-CMAPSS_DS01-005,1
N-CMAPSS_DS01-005 · Engine 1,29,580.21454,1337.2625,1619.8928,1150.4491,15.510327,12.446764,15.746524,18.704824,266.52817,271.55124,12.633653,1868.7965,8255.239,2.804153,8028.579,0.43471643,48.920635,508.6205,71.0,1,1,1.6307983,581.5107,-9.141113,1343.8982,-27.004272,1633.4116,2.0303955,1151.859,1.0116386,15.33335,1.0580282,12.206163,1.0270433,15.566853,0.946661,18.608488,4.195984,268.57825,4.452667,273.5738,1.0740795,12.363685,-68.851074,1896.9109,-35.484375,8279.579,-0.006949663,2.8509097,N-CMAPSS_DS01-005,1
N-CMAPSS_DS01-005 · Engine 1,30,575.932,1324.2747,1601.7015,1135.5472,14.755155,11.844383,14.979852,17.834448,253.15894,257.9129,11.876814,1855.7706,8212.061,2.6681588,9890.086,0.46799394,49.575123,504.789,70.0,1,1,-4.2825317,580.6336,-12.987793,1340.988,-18.191284,1628.7949,-14.901855,1149.365,-0.7551727,15.234773,-0.60238075,12.141004,-0.76667213,15.466774,-0.8703766,18.478474,-13.369232,266.10663,-13.638336,271.06302,-0.7568388,12.281396,-13.025879,1891.178,-43.17871,8269.676,-0.1359942,2.8213341,N-CMAPSS_DS01-005,1
N-CMAPSS_DS01-005 · Engine 1,31,575.0261,1330.9174,1615.9628,1150.6995,15.027074,11.986675,15.255914,18.100275,261.8637,266.7512,12.559808,1862.0999,8238.163,2.754648,8069.0356,0.36492738,48.783405,503.40094,69.0,1,1,-0.9058838,580.08075,6.6427,1339.9906,14.26123,1627.5106,15.152222,1150.0486,0.27191925,15.237778,0.14229202,12.145171,0.276062,15.469825,0.26582718,18.465488,8.704773,266.0716,8.838287,271.02673,0.6829939,12.346603,6.3292236,1887.0747,26.10254,8266.298,0.0864892,2.8200028,N-CMAPSS_DS01-005,1
N-CMAPSS_DS01-005 · Engine 1,32,580.9935,1344.5743,1637.196,1155.7516,15.353955,12.183006,15.587772,18.650928,271.3394,276.3301,12.492399,1897.0912,8280.988,2.9045198,8643.986,0.43523422,52.26939,506.52716,68.0,1,1,5.967407,579.7497,13.656982,1339.3413,21.233276,1626.7462,5.052124,1150.5352,0.3268814,15.244501,0.19633102,12.150949,0.33185863,15.476651,0.55065346,18.465164,9.4756775,266.21973,9.578918,271.17416,-0.06740856,12.391297,34.991333,1884.4485,42.825195,8264.042,0.14987183,2.8227038,N-CMAPSS_DS01-005,1
N-CMAPSS_DS01-005 · Engine 1,33,584.69836,1353.3917,1647.681,1160.3383,15.740899,12.495978,15.980608,19.134243,277.8859,283.0335,12.699756,1913.1,8311.226,2.9636166,8090.279,0.4481552,52.24231,509.622,67.0,1,1,3.704834,579.69293,8.817383,1338.9457,10.484985,1625.9745,4.58667,1150.0532,0.38694382,15.238743,0.31297207,12.151516,0.39283562,15.470804,0.4833145,18.456974,6.546509,265.87912,6.7033997,270.8301,0.20735645,12.3783245,16.00879,1883.7585,30.237305,8262.547,0.059096813,2.8181715,N-CMAPSS_DS01-005,1
N-CMAPSS_DS01-005 · Engine 1,34,584.7161,1353.3336,1648.4019,1160.9138,15.741001,12.495978,15.980713,19.13554,277.84372,282.98367,12.69954,1913.1,8310.733,2.964766,8090.279,0.4481552,52.24231,509.622,66.0,1,1,0.01776123,580.0542,-0.05810547,1340.0916,0.7208252,1627.7227,0.5755615,1151.0161,0.00010204315,15.287284,0.0,12.186745,0.000104904175,15.520084,0.0012969971,18.518007,-0.042175293,266.9562,-0.049835205,271.92657,-0.0002155304,12.416673,0.0,1885.9436,-0.4921875,8266.584,0.001149416,2.8299284,N-CMAPSS_DS01-005,1
N-CMAPSS_DS01-005 · Engine 1,35,584.3102,1351.0453,1645.0768,1151.0739,15.286753,12.125239,15.519547,18.654617,269.84412,274.83942,12.045392,1923.3525,8303.387,2.877875,9819.769,0.5016447,53.892605,508.29147,65.0,1,1,-0.40594482,580.161,-2.28833,1340.8125,-3.3250732,1629.3446,-9.839966,1150.4343,-0.45424843,15.227615,-0.37073898,12.12808,-0.46116543,15.459509,-0.4809227,18.464901,-7.9996033,266.4881,-8.144257,271.4431,-0.6541481,12.325032,10.252563,1890.8116,-7.3466797,8269.154,-0.086890936,2.826827,N-CMAPSS_DS01-005,1
N-CMAPSS_DS01-005 · Engine 1,36,584.7128,1353.3442,1648.2689,1160.8077,15.740983,12.495978,15.980693,19.135303,277.8515,282.99286,12.69958,1913.1,8310.824,2.9645536,8090.279,0.4481552,52.24231,509.622,64.0,1,1,0.40264893,580.5115,2.2989502,1341.8839,3.1921387,1631.2585,9.733887,1150.9391,0.4542303,15.240996,0.37073898,12.1307125,0.4611454,15.473093,0.4806862,18.494246,8.007385,267.1817,8.153442,272.1419,0.65418816,12.314339,-10.252563,1893.9829,7.4375,8272.554,0.086678505,2.8381267,N-CMAPSS_DS01-005,1
N-CMAPSS_DS01-005 · Engine 1,37,584.3235,1350.9971,1645.5996,1151.4884,15.286832,12.125239,15.519626,18.65556,269.8138,274.80362,12.045229,1923.3523,8303.028,2.8786793,9819.769,0.5016447,53.892605,508.29147,63.0,1,0,-0.38934326,581.3511,-2.347168,1344.5544,-2.6693115,1635.6678,-9.319336,1152.5488,-0.45415115,15.294167,-0.37073898,12.158798,-0.4610672,15.527073,-0.47974396,18.57639,-8.037689,268.84613,-8.1892395,273.8297,-0.65435123,12.331175,10.252319,1900.7411,-7.7958984,8281.638,-0.08587432,2.8592072,N-CMAPSS_DS01-005,1
N-CMAPSS_DS01-005 · Engine 1,38,584.31104,1351.0422,1645.1089,1151.0992,15.286758,12.125239,15.51955,18.654675,269.8423,274.83725,12.045382,1923.3525,8303.365,2.877924,9819.769,0.5016447,53.892605,508.29147,62.0,1,0,-0.012451172,581.9238,0.045166016,1345.0183,-0.49072266,1635.489,-0.38916016,1152.8169,-7.343292e-05,15.372973,0.0,12.232449,-7.534027e-05,15.6070795,-0.00088500977,18.666042,0.0284729,269.59717,0.03363037,274.60358,0.00015258789,12.379755,0.00024414062,1899.3115,0.33691406,8282.901,-0.00075531006,2.8658893,N-CMAPSS_DS01-005,1
N-CMAPSS_DS01-005 · Engine 1,39,584.31616,1351.0236,1645.3121,1151.2605,15.286788,12.125239,15.519582,18.655043,269.83047,274.8233,12.045319,1923.3525,8303.226,2.878237,9819.769,0.5016447,53.892605,508.29147,61.0,1,0,0.005126953,582.334,-0.018676758,1346.3944,0.20324707,1638.031,0.16125488,1152.898,2.9563904e-05,15.35062,0.0,12.200295,3.1471252e-05,15.584386,0.0003681183,18.661064,-0.011810303,269.92737,-0.013946533,274.9308,-6.2942505e-05,12.320922,0.0,1904.7671,-0.13964844,8287.7,0.0003130436,2.8732977,N-CMAPSS_DS01-005,1
N-CMAPSS_DS01-005 · Engine 1,40,580.2235,1337.2312,1620.2733,1150.7538,15.510374,12.446764,15.746574,18.705467,266.50638,271.52548,12.633542,1868.7965,8254.9795,2.8047373,8028.579,0.43471643,48.920635,508.6205,60.0,1,0,-4.0926514,582.7631,-13.792358,1347.6901,-25.038818,1639.8882,-0.50671387,1154.4187,0.22358608,15.426142,0.32152462,12.260534,0.2269926,15.661058,0.050424576,18.748165,-3.3240967,271.26212,-3.297821,276.29205,0.58822346,12.396595,-54.55603,1906.0697,-48.246094,8291.992,-0.07349968,2.8869557,N-CMAPSS_DS01-005,1
N-CMAPSS_DS01-005 · Engine 1,41,577.90295,1336.8394,1626.4454,1141.8601,14.658716,11.654325,14.881945,17.831537,257.41785,262.19214,11.696333,1902.3387,8255.899,2.725547,10552.7295,0.4789385,52.801556,503.51273,59.0,1,0,-2.3205566,583.05084,-0.3918457,1348.2822,6.172119,1640.9364,-8.893677,1153.5347,-0.85165787,15.389306,-0.79243946,12.227299,-0.86462975,15.623661,-0.87393,18.72129,-9.0885315,270.81754,-9.3333435,275.83612,-0.9372091,12.310247,33.542236,1910.0936,0.9199219,8293.766,-0.079190254,2.8840456,N-CMAPSS_DS01-005,1
N-CMAPSS_DS01-005 · Engine 1,42,583.24493,1343.8253,1628.9916,1156.9999,15.883448,12.711878,16.125328,19.185913,274.51743,279.66452,12.961758,1874.6729,8277.597,2.9091032,7366.344,0.42994505,49.41956,510.7968,58.0,1,0,5.34198,583.27594,6.985962,1348.2074,2.5461426,1640.116,15.1397705,1153.6595,1.2247314,15.442255,1.0575533,12.280186,1.2433834,15.677417,1.3543758,18.77479,17.099579,271.13535,17.472382,276.1696,1.2654247,12.357183,-27.665894,1907.8518,21.697266,8293.427,0.18355608,2.8845038,N-CMAPSS_DS01-005,1
N-CMAPSS_DS01-005 · Engine 1,43,578.84125,1337.294,1625.5803,1141.6313,14.736499,11.73383,14.960913,17.918024,257.55762,262.35092,11.729386,1899.6903,8257.876,2.7238634,10441.2295,0.4837612,52.665703,504.55188,57.0,1,0,-4.4036865,582.69025,-6.531372,1346.5975,-3.411255,1637.9059,-15.36853,1151.7888,-1.1469488,15.341815,-0.9780474,12.203971,-1.1644154,15.575447,-1.267889,18.653168,-16.959808,269.1025,-17.313599,274.10132,-1.2323713,12.260146,25.017456,1906.5109,-19.720703,8288.092,-0.18523979,2.8605285,N-CMAPSS_DS01-005,1
N-CMAPSS_DS01-005 · Engine 1,44,580.2152,1337.2598,1619.9248,1150.4749,15.510331,12.446764,15.74653,18.704878,266.52634,271.54907,12.633643,1868.7965,8255.218,2.804202,8028.579,0.43471643,48.920635,508.6205,56.0,1,0,1.3739624,582.2402,-0.034179688,1344.9902,-5.6555176,1635.0582,8.843506,1150.745,0.7738323,15.318748,0.71293354,12.19905,0.7856169,15.552029,0.7868538,18.610102,8.9687195,267.97076,9.198151,272.95786,0.9042568,12.253556,-30.893799,1902.0804,-2.6582031,8282.54,0.08033872,2.8444722,N-CMAPSS_DS01-005,1
N-CMAPSS_DS01-005 · Engine 1,45,575.9388,1324.2498,1601.981,1135.7706,14.755193,11.844383,14.97989,17.834913,253.1437,257.89487,11.876736,1855.7706,8211.871,2.6685696,9890.086,0.46799394,49.575123,504.789,55.0,1,0,-4.276428,581.403,-13.01001,1342.3107,-17.943848,1630.7485,-14.704224,1149.2146,-0.7551384,15.265593,-0.60238075,12.170964,-0.7666397,15.498063,-0.8699646,18.528131,-13.382629,266.30075,-13.654205,271.2634,-0.75690746,12.2366905,-13.025879,1895.3223,-43.34668,8273.389,-0.13563251,2.8235416,N-CMAPSS_DS01-005,1
N-CMAPSS_DS01-005 · Engine 1,46,575.9428,1324.2349,1602.1486,1135.905,14.755214,11.844383,14.979912,17.835192,253.13457,257.88403,11.876689,1855.7706,8211.759,2.668816,9890.086,0.46799394,49.575123,504.789,54.0,1,0,0.0040283203,580.526,-0.014892578,1339.3997,0.16760254,1626.1366,0.13439941,1146.7244,2.0980835e-05,15.167015,0.0,12.105804,2.193451e-05,15.3979845,0.0002784729,18.39812,-0.009140015,263.82904,-0.01083374,268.75253,-4.673004e-05,12.154402,0.0,1889.5894,-0.11230469,8263.481,0.0002465248,2.793968,N-CMAPSS_DS01-005,1
N-CMAPSS_DS01-005 · Engine 1,47,585.1887,1350.7773,1643.3306,1154.4512,15.566198,12.364951,15.8032465,18.963999,273.87198,278.9381,12.357752,1910.9994,8302.404,2.9305093,9034.825,0.4876599,53.027596,509.85233,53.0,1,0,9.245911,580.61255,26.54248,1339.3777,41.182007,1625.9097,18.546143,1147.0206,0.8109846,15.194952,0.5205679,12.129776,0.8233347,15.426347,1.1288071,18.428965,20.737411,264.23486,21.054077,269.16595,0.4810629,12.185654,55.22876,1888.354,90.64551,8263.42,0.26169324,2.799151,N-CMAPSS_DS01-005,1
N-CMAPSS_DS01-005 · Engine 1,48,581.2292,1342.558,1629.9996,1156.4581,15.607285,12.469662,15.844958,18.843342,270.8647,275.94537,12.806269,1881.3877,8276.23,2.852914,7578.456,0.4074807,49.44916,508.57312,52.0,1,0,-3.9595337,580.3043,-8.21936,1338.5293,-13.330933,1624.3987,2.006958,1147.5565,0.041086197,15.227005,0.10471058,12.164218,0.041711807,15.458888,-0.12065697,18.44783,-3.0072937,264.3371,-2.9927368,269.2768,0.44851685,12.261743,-29.611694,1884.1576,-26.173828,8260.706,-0.077595234,2.79665,N-CMAPSS_DS01-005,1
N-CMAPSS_DS01-005 · Engine 1,49,585.6298,1355.2338,1652.0131,1158.6808,15.6276865,12.381785,15.865671,19.044533,276.72772,281.83868,12.4519615,1923.8016,8319.08,2.955562,8757.58,0.47375408,53.426548,509.61856,51.0,1,0,4.400635,580.4357,12.675781,1338.9503,22.013428,1625.0688,2.2226562,1148.2986,0.020401955,15.261094,-0.08787632,12.189873,0.020712852,15.493497,0.20119095,18.48678,5.863037,265.02682,5.8933105,269.97833,-0.35430717,12.302407,42.41394,1884.2025,42.84961,8262.291,0.10264802,2.8043823,N-CMAPSS_DS01-005,1
N-CMAPSS_DS01-005 · Engine 1,50,585.2061,1350.7163,1644.0131,1154.9946,15.5662985,12.364951,15.803349,18.96525,273.83206,278.891,12.357542,1910.9994,8301.939,2.9315813,9034.825,0.4876599,53.027596,509.85233,50.0,1,0,-0.42370605,580.93396,-4.517456,1340.2988,-8.0,1627.4427,-3.6861572,1148.7227,-0.061388016,15.266686,-0.016834259,12.181691,-0.062322617,15.499174,-0.07928276,18.512758,-2.8956604,265.7594,-2.9476929,270.71487,-0.09441948,12.274807,-12.802246,1888.4227,-17.140625,8266.987,-0.023980856,2.817067,N-CMAPSS_DS01-005,1
N-CMAPSS_DS01-005 · Engine 1,51,578.8519,1337.2545,1626.0101,1141.9738,14.73656,11.73383,14.960974,17.91876,257.53394,262.32288,11.729263,1899.6903,8257.583,2.7245004,10441.2295,0.4837612,52.665703,504.55188,49.0,1,0,-6.354187,581.0289,-13.461792,1340.3403,-18.00293,1627.3993,-13.020874,1148.734,-0.8297386,15.274471,-0.6311207,12.189642,-0.8423748,15.507077,-1.0464897,18.52148,-16.298126,265.771,-16.568115,270.72794,-0.62827873,12.2781,-11.309082,1888.158,-44.356445,8267.156,-0.20708084,2.8169622,N-CMAPSS_DS01-005,1
N-CMAPSS_DS01-005 · Engine 1,52,577.92053,1336.7792,1627.1461,1142.4176,14.658813,11.654325,14.882044,17.832739,257.37906,262.1463,11.69613,1902.3387,8255.421,2.7265813,10552.7295,0.4789385,52.801556,503.51273,48.0,1,0,-0.9313965,580.49646,-0.4753418,1339.6357,1.1359863,1627.2147,0.44384766,1147.2758,-0.07774639,15.152008,-0.07950592,12.083886,-0.0789299,15.382749,-0.08602142,18.386164,-0.15487671,264.05716,-0.1765747,268.97614,-0.033133507,12.151537,2.6484375,1890.9246,-2.1621094,8264.938,0.0020809174,2.7987099,N-CMAPSS_DS01-005,1
N-CMAPSS_DS01-005 · Engine 1,53,581.1301,1341.7821,1632.0018,1152.149,15.25574,12.143695,15.48806,18.527098,267.01166,271.94666,12.315738,1891.2487,8269.637,2.8488564,9010.299,0.45440573,51.88142,507.0913,47.0,1,0,3.2095947,580.72534,5.0029297,1340.0846,4.855713,1627.8569,9.731445,1148.3275,0.5969267,15.203932,0.48937035,12.124873,0.60601616,15.435463,0.6943588,18.447071,9.632599,265.00256,9.800354,269.9357,0.6196079,12.210173,-11.090088,1890.0803,14.21582,8266.114,0.122275114,2.8112092,N-CMAPSS_DS01-005,1
N-CMAPSS_DS01-005 · Engine 1,54,578.8702,1337.1876,1626.7411,1142.5558,14.736662,11.73383,14.961079,17.92001,257.49365,262.2752,11.729054,1899.6903,8257.085,2.725584,10441.2295,0.4837612,52.665703,504.55188,46.0,1,0,-2.2599487,580.5908,-4.5944824,1340.0774,-5.260742,1628.5385,-9.593262,1147.5356,-0.51907825,15.126565,-0.40986443,12.053579,-0.52698135,15.356918,-0.6070881,18.368584,-9.518005,264.0993,-9.671448,269.0083,-0.5866833,12.119714,8.44165,1893.1697,-12.551758,8266.301,-0.12327242,2.8033476,N-CMAPSS_DS01-005,1
N-CMAPSS_DS01-005 · Engine 1,55,585.64355,1355.1785,1652.5554,1159.1117,15.627767,12.381785,15.865753,19.045525,276.6954,281.80048,12.45179,1923.8016,8318.704,2.9564157,8757.58,0.47375408,53.426548,509.61856,45.0,1,0,6.7733765,581.5613,17.990845,1343.1702,25.814331,1633.596,16.555908,1149.8698,0.8911047,15.213822,0.64795494,12.10732,0.90467453,15.445504,1.125515,18.489645,19.201752,266.45447,19.525269,271.39886,0.7227354,12.177218,24.111328,1899.9729,61.61914,8276.984,0.23083162,2.832132,N-CMAPSS_DS01-005,1
N-CMAPSS_DS01-005 · Engine 1,56,580.25134,1337.1354,1621.4481,1151.6956,15.510524,12.446764,15.746724,18.707458,266.4391,271.44586,12.633201,1868.7965,8254.183,2.8065417,8028.579,0.43471643,48.920635,508.6205,44.0,1,0,-5.392212,581.9921,-18.04309,1344.4602,-31.1073,1635.5259,-7.4161377,1151.4489,-0.11724281,15.289353,0.0649786,12.167558,-0.119029045,15.522186,-0.3380661,18.576872,-10.256317,267.7849,-10.354614,272.75507,0.18141079,12.25287,-55.005127,1901.2754,-64.521484,8281.227,-0.14987397,2.8459046,N-CMAPSS_DS01-005,1
N-CMAPSS_DS01-005 · Engine 1,57,581.14667,1341.7244,1632.6726,1152.6857,15.255832,12.143695,15.488153,18.528275,266.97375,271.90182,12.315539,1891.2487,8269.185,2.8498874,9010.299,0.45440573,51.88142,507.0913,43.0,1,0,0.8953247,581.58795,4.5889893,1343.5549,11.224487,1634.4601,0.9901123,1151.2722,-0.25469208,15.258317,-0.3030691,12.145432,-0.25857067,15.490677,-0.17918396,18.533298,0.53466797,267.0951,0.45596313,272.05142,-0.3176613,12.248649,22.452148,1899.3003,15.001953,8277.904,0.04334569,2.8378425,N-CMAPSS_DS01-005,1
N-CMAPSS_DS01-005 · Engine 1,58,583.28894,1343.6702,1630.8363,1158.4806,15.883686,12.711878,16.12557,19.189144,274.41006,279.53735,12.961216,1874.673,8276.35,2.912027,7366.344,0.42994505,49.41956,510.7968,42.0,1,0,2.142273,581.79395,1.9458008,1343.6661,-1.8363037,1634.5438,5.794922,1151.4745,0.62785435,15.285957,0.56818295,12.169654,0.63741684,15.518738,0.6608696,18.567879,7.43631,267.44965,7.6355286,272.4106,0.6456766,12.264143,-16.575684,1898.6289,7.165039,8277.917,0.06213951,2.8437538,N-CMAPSS_DS01-005,1
N-CMAPSS_DS01-005 · Engine 1,59,584.3548,1350.8845,1646.8248,1152.4607,15.287019,12.125239,15.5198145,18.657776,269.74292,274.71988,12.04485,1923.3523,8302.188,2.8805645,9819.769,0.5016447,53.892605,508.29147,41.0,1,0,1.0658569,581.66644,7.2143555,1343.2312,15.988525,1634.0249,-6.0198975,1150.8525,-0.5966673,15.25189,-0.58663845,12.143999,-0.6057558,15.484152,-0.53136826,18.529203,-4.667145,266.75116,-4.8174744,271.69873,-0.9163656,12.223433,48.67932,1898.584,25.838867,8276.228,-0.03146243,2.836254,N-CMAPSS_DS01-005,1
N-CMAPSS_DS01-005 · Engine 1,60,583.2951,1343.6489,1631.0957,1158.6885,15.883719,12.711878,16.125605,19.189596,274.39496,279.51947,12.96114,1874.673,8276.175,2.912438,7366.344,0.42994505,49.41956,510.7968,40.0,1,0,-1.0596924,581.47534,-7.2355957,1342.5245,-15.729126,1632.7332,6.227783,1151.2219,0.59670067,15.283632,0.58663845,12.178692,0.60579014,15.516377,0.5318203,18.551638,4.6520386,266.80743,4.799591,271.7616,0.9162893,12.2837925,-48.67932,1894.9513,-26.013672,8273.651,0.031873465,2.8343396,N-CMAPSS_DS01-005,1
N-CMAPSS_DS01-005 · Engine 1,61,575.0864,1330.7053,1618.5244,1152.7579,15.027344,11.986675,15.256187,18.104471,261.71844,266.57965,12.559085,1862.0999,8236.391,2.7585075,8069.0356,0.36492738,48.783405,503.40094,39.0,1,0,-8.208679,581.09875,-12.9436035,1341.8696,-12.571289,1631.9846,-5.930542,1152.3003,-0.8563757,15.312711,-0.72520256,12.203977,-0.8694172,15.545899,-1.085125,18.57021,-12.676514,267.2259,-12.939819,272.18726,-0.4020548,12.366775,-12.57312,1891.1923,-39.78418,8271.531,-0.15393043,2.8377404,N-CMAPSS_DS01-005,1
N-CMAPSS_DS01-005 · Engine 1,62,581.065,1344.3136,1640.0692,1158.0468,15.354327,12.183006,15.58815,18.656038,271.17163,276.13214,12.491529,1897.0912,8279.023,2.9089894,8643.986,0.43523422,52.26939,506.52716,38.0,1,0,5.9785767,581.4132,13.608276,1342.623,21.5448,1633.277,5.2888184,1153.8633,0.32698345,15.382262,0.19633102,12.2568445,0.3319626,15.616509,0.5515671,18.652538,9.453186,268.60516,9.55249,273.58585,-0.06755543,12.446314,34.991333,1890.6675,42.632812,8273.892,0.15048194,2.855981,N-CMAPSS_DS01-005,1
N-CMAPSS_DS01-005 · Engine 1,63,583.1854,1343.3282,1632.347,1155.8649,15.697437,12.551113,15.936483,19.002295,271.77505,276.83435,12.690827,1882.2844,8276.127,2.8890257,8074.4424,0.45158243,50.40673,510.08594,37.0,1,0,2.1204224,581.6188,-0.98535156,1342.7777,-7.722168,1633.3115,-2.1818848,1154.2349,0.34311008,15.426432,0.36810684,12.297586,0.34833336,15.661352,0.34625626,18.700058,0.6034241,269.08148,0.7022095,274.07462,0.1992979,12.483823,-14.806763,1889.7711,-2.8964844,8274.541,-0.019963741,2.859998,N-CMAPSS_DS01-005,1
N-CMAPSS_DS01-005 · Engine 1,64,581.1781,1341.6156,1633.9496,1153.707,15.256002,12.143695,15.488328,18.530506,266.90173,271.8166,12.315167,1891.2487,8268.325,2.8518486,9010.299,0.45440573,51.88142,507.0913,36.0,1,0,-2.0073242,581.84955,-1.7126465,1343.2205,1.6025391,1634.0323,-2.157837,1155.35,-0.44143486,15.478366,-0.40741825,12.3385725,-0.4481554,15.714077,-0.4717884,18.761108,-4.8733215,270.0223,-5.017761,275.02875,-0.37565994,12.542435,8.964233,1888.9269,-7.801758,8275.665,-0.037177086,2.8726244,N-CMAPSS_DS01-005,1
N-CMAPSS_DS01-005 · Engine 1,65,584.4043,1350.711,1648.7759,1154.009,15.287312,12.125239,15.520113,18.661283,269.63052,274.5871,12.044248,1923.3523,8300.858,2.8835642,9819.769,0.5016447,53.892605,508.29147,35.0,1,0,3.2261963,581.7256,9.095459,1342.7737,14.826294,1633.6544,0.30200195,1154.8396,0.031309128,15.444321,-0.018455505,12.312919,0.03178501,15.679513,0.13077736,18.722685,2.7287903,269.31583,2.7705078,274.30743,-0.2709198,12.50168,32.103638,1888.882,32.533203,8273.881,0.03171563,2.8653393,N-CMAPSS_DS01-005,1
N-CMAPSS_DS01-005 · Engine 1,66,584.39557,1350.7415,1648.4285,1153.7333,15.287261,12.125239,15.52006,18.660658,269.65045,274.6107,12.044354,1923.3523,8301.096,2.8830304,9819.769,0.5016447,53.892605,508.29147,34.0,1,0,-0.008728027,582.14,0.030395508,1344.1343,-0.3474121,1636.3524,-0.27575684,1155.0435,-5.054474e-05,15.421994,0.0,12.280766,-5.340576e-05,15.656846,-0.00062561035,18.718004,0.019927979,269.63696,0.023590088,274.6239,0.00010681152,12.442796,0.0,1894.3375,0.23730469,8278.572,-0.0005338192,2.8729882,N-CMAPSS_DS01-005,1
N-CMAPSS_DS01-005 · Engine 1,67,578.6819,1346.0297,1650.6573,1151.3965,14.499224,11.388736,14.720021,17.764866,262.11804,266.84634,11.558442,1937.6476,8288.098,2.8167088,10951.066,0.47261637,56.05434,501.33408,33.0,1,0,-5.713684,581.89355,-4.711792,1344.5648,2.2288818,1638.1509,-2.336792,1154.9146,-0.7880373,15.3463335,-0.7365036,12.20527,-0.80003834,15.580033,-0.895792,18.641663,-7.5324097,269.15137,-7.7643433,274.11835,-0.48591232,12.367086,14.295288,1898.9774,-12.998047,8280.463,-0.06632161,2.8696704,N-CMAPSS_DS01-005,1
N-CMAPSS_DS01-005 · Engine 1,68,575.11816,1330.5955,1619.8718,1153.8408,15.027486,11.986675,15.2563305,18.106674,261.64215,266.48956,12.558705,1862.0999,8235.461,2.7605367,8069.0356,0.36492738,48.783405,503.40094,32.0,1,0,-3.5637207,581.0765,-15.434204,1343.2573,-30.785522,1637.0544,2.444336,1154.4506,0.52826214,15.260714,0.5979395,12.13275,0.53630924,15.493109,0.34180832,18.533417,-0.4758911,267.8746,-0.356781,272.81357,1.0002632,12.326835,-75.54773,1897.7201,-52.63672,8276.374,-0.056172132,2.8545213,N-CMAPSS_DS01-005,1
N-CMAPSS_DS01-005 · Engine 1,69,583.3432,1343.4858,1633.108,1160.304,15.883983,12.711878,16.12587,19.193115,274.27795,279.38104,12.960549,1874.673,8274.821,2.9156265,7366.344,0.42994505,49.41956,510.7968,31.0,1,0,8.225037,580.97534,12.890381,1342.5176,13.236206,1635.6827,6.463135,1155.2349,0.8564968,15.32041,0.72520256,12.191414,0.86953926,15.553715,1.086441,18.58695,12.635803,268.3281,12.8914795,273.2797,0.40184402,12.418405,12.57312,1892.8522,39.36035,8273.638,0.15508986,2.8580275,N-CMAPSS_DS01-005,1
N-CMAPSS_DS01-005 · Engine 1,70,578.72266,1345.8788,1652.2223,1152.6365,14.499444,11.388736,14.720247,17.76765,262.02914,266.74167,11.557968,1937.6476,8287.011,2.81904,10951.066,0.47261637,56.05434,501.33408,30.0,1,0,-4.6205444,580.51807,2.3929443,1342.7405,19.114258,1637.7954,-7.6674805,1154.6296,-1.3845387,15.181982,-1.323142,12.059099,-1.4056225,15.413179,-1.4254646,18.444756,-12.24881,267.09152,-12.639374,272.00192,-1.4025812,12.278088,62.97461,1899.1497,12.189453,8274.721,-0.096586466,2.848688,N-CMAPSS_DS01-005,1
N-CMAPSS_DS01-005 · Engine 1,71,583.233,1343.1504,1634.3054,1157.4324,15.697706,12.551113,15.936756,19.005749,271.6609,276.69952,12.690241,1882.2844,8274.8,2.8920953,8074.4424,0.45158243,50.40673,510.08594,29.0,1,0,4.510315,581.3327,-2.7283936,1343.985,-17.91687,1639.3735,4.7958984,1155.0972,1.1982622,15.249018,1.1623774,12.115543,1.2165089,15.4812355,1.2380981,18.534883,9.631744,268.08575,9.957855,273.01392,1.1322727,12.2912035,-55.36316,1901.1681,-12.2109375,8278.5625,0.07305527,2.8620465,N-CMAPSS_DS01-005,1
N-CMAPSS_DS01-005 · Engine 1,72,583.384,1343.3497,1634.8191,1161.6779,15.884203,12.711878,16.126095,19.196106,274.17853,279.26346,12.960046,1874.673,8273.674,2.9183373,7366.344,0.42994505,49.41956,510.7968,28.0,1,0,0.15100098,581.56464,0.19934082,1343.8887,0.5136719,1638.8485,4.2454834,1155.4602,0.18649673,15.302006,0.1607647,12.16843,0.18933868,15.53503,0.19035721,18.58889,2.5176392,268.38644,2.5639343,273.32703,0.26980495,12.338055,-7.61145,1898.9263,-1.1259766,8278.027,0.026242018,2.8629813,N-CMAPSS_DS01-005,1
N-CMAPSS_DS01-005 · Engine 1,73,578.7449,1345.797,1653.077,1153.3137,14.499565,11.388736,14.720369,17.76917,261.98056,266.6845,11.557713,1937.6476,8286.417,2.8203132,10951.066,0.47261637,56.05434,501.33408,27.0,1,0,-4.639099,581.12054,2.4472656,1344.1355,18.257935,1640.9215,-8.364136,1155.2051,-1.3846378,15.182219,-1.323142,12.052193,-1.4057255,15.413419,-1.4269352,18.465578,-12.197968,267.40698,-12.578949,272.31204,-1.4023333,12.224743,62.97461,1904.4626,12.743164,8279.056,-0.09802413,2.85611,N-CMAPSS_DS01-005,1
N-CMAPSS_DS01-005 · Engine 1,74,575.17444,1330.4067,1622.2662,1155.7656,15.027735,11.986675,15.256587,18.110586,261.5069,266.32996,12.558031,1862.0999,8233.82,2.764142,8069.0356,0.36492738,48.783405,503.40094,26.0,1,0,-3.5704346,580.5202,-15.390259,1343.0146,-30.810791,1639.7532,2.4519043,1155.411,0.52816963,15.159391,0.5979395,12.03649,0.5362177,15.3902445,0.3414154,18.423586,-0.47366333,266.86752,-0.35455322,271.7634,1.0003185,12.24903,-75.54773,1901.5477,-52.59668,8275.605,-0.05617118,2.8473394,N-CMAPSS_DS01-005,1
N-CMAPSS_DS01-005 · Engine 1,75,584.3304,1351.4734,1653.0145,1162.8535,15.594596,12.387691,15.83208,18.968164,274.1567,279.18222,12.520117,1915.4647,8302.245,2.9308083,8602.582,0.46106967,52.60351,508.9583,25.0,1,0,9.155945,580.5128,21.06665,1343.0908,30.748291,1640.177,7.0878906,1156.2954,0.56686115,15.190121,0.40101528,12.062736,0.57549286,15.421442,0.8575783,18.454273,12.649811,267.32013,12.852264,272.2229,-0.037914276,12.296617,53.36487,1900.759,68.424805,8275.744,0.16666627,2.852064,N-CMAPSS_DS01-005,1
N-CMAPSS_DS01-005 · Engine 1,76,583.4184,1343.2369,1636.2626,1162.8369,15.88439,12.711878,16.126284,19.198631,274.09464,279.1643,12.959623,1874.673,8272.709,2.920623,7366.344,0.42994505,49.41956,510.7968,24.0,1,0,-0.9119873,580.4151,-8.23645,1342.3403,-16.751953,1638.9604,-0.016601562,1157.2058,0.28979397,15.249833,0.32418728,12.1214,0.29420376,15.482064,0.23046684,18.508072,-0.062072754,267.76456,-0.017913818,272.67825,0.43950653,12.388144,-40.791748,1895.8911,-29.536133,8272.905,-0.010185242,2.855823,N-CMAPSS_DS01-005,1
N-CMAPSS_DS01-005 · Engine 1,77,583.43335,1343.1893,1636.8875,1163.3386,15.884471,12.711878,16.126366,19.199722,274.05832,279.12146,12.959438,1874.673,8272.293,2.921613,7366.344,0.42994505,49.41956,510.7968,23.0,1,0,0.014953613,580.89026,-0.047607422,1342.0564,0.6248779,1637.5835,0.501709,1158.4,8.106232e-05,15.388358,0.0,12.253714,8.201599e-05,15.622699,0.0010910034,18.651558,-0.036315918,268.9586,-0.04284668,273.90576,-0.00018501282,12.528243,0.0,1889.5936,-0.41601562,8271.325,0.0009899139,2.8663135,N-CMAPSS_DS01-005,1
N-CMAPSS_DS01-005 · Engine 1,78,581.19586,1343.8489,1645.3403,1162.2596,15.355008,12.183006,15.5888405,18.665396,270.86438,275.76993,12.489938,1897.0912,8275.444,2.9171855,8643.986,0.43523422,52.26939,506.52716,22.0,1,0,-2.2374878,581.498,0.6595459,1343.3817,8.452881,1640.1302,-1.0789795,1159.2418,-0.5294628,15.42111,-0.52887154,12.273347,-0.5375252,15.65595,-0.53432655,18.70743,-3.1939392,269.8808,-3.351532,274.8338,-0.46950054,12.521366,22.418213,1893.0928,3.1513672,8275.323,-0.004427433,2.8819785,N-CMAPSS_DS01-005,1
N-CMAPSS_DS01-005 · Engine 1,79,584.53625,1350.2709,1654.0117,1158.1678,15.288101,12.125239,15.520914,18.670513,269.3314,274.23376,12.042644,1923.3523,8297.331,2.8916047,9819.769,0.5016447,53.892605,508.29147,21.0,1,0,3.340393,581.6173,6.421997,1344.0602,8.671387,1642.2207,-4.091797,1159.0283,-0.06690693,15.361522,-0.057766914,12.214683,-0.06792641,15.595454,0.0051174164,18.655169,-1.5329895,269.38614,-1.5361633,274.3191,-0.44729424,12.429576,26.261108,1897.9607,21.886719,8277.574,-0.025580883,2.8795762,N-CMAPSS_DS01-005,1
N-CMAPSS_DS01-005 · Engine 1,80,575.2423,1330.1862,1625.1593,1158.0927,15.028037,11.986675,15.256892,18.115301,261.34406,266.13776,12.557222,1862.0999,8231.848,2.7685013,8069.0356,0.36492738,48.783405,503.40094,20.0,1,0,-9.293945,581.2693,-20.084717,1342.491,-28.852417,1639.5144,-0.07519531,1159.5739,-0.26006413,15.414381,-0.13856411,12.274477,-0.26402187,15.649118,-0.555212,18.689934,-7.987335,269.31763,-8.096008,274.2587,0.5145788,12.529501,-61.25244,1890.4059,-65.4834,8272.059,-0.12310338,2.8745224,N-CMAPSS_DS01-005,1
N-CMAPSS_DS01-005 · Engine 1,81,583.4867,1343.023,1639.1207,1165.1323,15.884759,12.711878,16.12666,19.203627,273.92856,278.96826,12.958783,1874.673,8270.812,2.9251513,7366.344,0.42994505,49.41956,510.7968,19.0,1,0,8.244385,581.2947,12.836792,1342.4781,13.961426,1639.9958,7.039673,1160.3439,0.8567219,15.433086,0.72520256,12.290553,0.8697672,15.668109,1.0883255,18.709723,12.584503,269.5444,12.830505,274.48557,0.40156078,12.556355,12.57312,1889.6448,38.963867,8271.659,0.15665007,2.877828,N-CMAPSS_DS01-005,1
N-CMAPSS_DS01-005 · Engine 1,82,583.5094,1342.9528,1640.0753,1165.8989,15.884882,12.711878,16.126785,19.205292,273.8731,278.90283,12.958502,1874.673,8270.179,2.9266636,7366.344,0.42994505,49.41956,510.7968,18.0,1,0,0.022705078,581.3072,-0.07019043,1342.4385,0.95458984,1640.5215,0.76660156,1160.766,0.00012302399,15.433154,0.0,12.290553,0.00012588501,15.668178,0.0016651154,18.71064,-0.05545044,269.51385,-0.06542969,274.4495,-0.00028133392,12.556201,0.0,1889.6448,-0.6328125,8271.31,0.001512289,2.8786607,N-CMAPSS_DS01-005,1
N-CMAPSS_DS01-005 · Engine 1,83,578.18726,1335.8962,1637.932,1151.0057,14.660302,11.654325,14.8835535,17.850815,256.78857,261.4484,11.693042,1902.3389,8248.146,2.742478,10552.7295,0.4789385,52.801556,503.51273,17.0,1,0,-5.3221436,581.25146,-7.0565186,1341.4485,-2.1433105,1639.0071,-14.893188,1160.5352,-1.2245798,15.449228,-1.0575533,12.317112,-1.2432318,15.684496,-1.3544769,18.718805,-17.084534,268.99466,-17.454437,273.9259,-1.26546,12.569734,27.665894,1886.1139,-22.032227,8267.482,-0.18418574,2.870877,N-CMAPSS_DS01-005,1
N-CMAPSS_DS01-005 · Engine 1,84,581.5158,1341.7288,1642.0532,1166.1282,15.608767,12.469662,15.846465,18.86386,270.1734,275.12878,12.802784,1881.3877,8268.105,2.8716688,7578.456,0.4074807,49.44916,508.57312,16.0,1,0,3.3285522,581.88556,5.8325195,1342.5806,4.121216,1640.9857,15.122437,1161.5714,0.9484644,15.507331,0.8153372,12.365411,0.9629116,15.743484,1.0130444,18.794132,13.384827,269.86133,13.680389,274.8058,1.1097422,12.59421,-20.951172,1888.0426,19.958984,8270.911,0.12919092,2.8816297,N-CMAPSS_DS01-005,1
N-CMAPSS_DS01-005 · Engine 1,85,580.89404,1339.8864,1642.49,1154.7565,14.999004,11.945001,15.227416,18.253784,261.4555,266.21765,11.903733,1903.1324,8262.711,2.7884946,9888.501,0.48435667,52.16701,506.38358,15.0,1,0,-0.62176514,581.54193,-1.8424072,1341.4219,0.43676758,1639.9332,-11.371704,1160.7617,-0.6097622,15.447772,-0.52466106,12.321142,-0.6190491,15.683018,-0.610075,18.722694,-8.7178955,268.5912,-8.911133,273.5093,-0.8990507,12.532571,21.744751,1886.8094,-5.3945312,8266.958,-0.08317423,2.8673983,N-CMAPSS_DS01-005,1
N-CMAPSS_DS01-005 · Engine 1,86,585.551,1349.7197,1657.6748,1165.8745,15.568312,12.364951,15.805392,18.990118,273.041,277.95844,12.353298,1910.9996,8292.822,2.952996,9034.825,0.4876599,53.027596,509.85233,14.0,1,0,4.6569824,581.7552,9.833374,1342.0702,15.184814,1642.0745,11.118042,1161.0654,0.5693073,15.416164,0.4199505,12.286449,0.5779762,15.6509285,0.73633385,18.701843,11.58548,268.48584,11.740784,273.38873,0.44956493,12.471938,7.8671875,1890.4421,30.111328,8268.969,0.16450143,2.8706357,N-CMAPSS_DS01-005,1
N-CMAPSS_DS01-005 · Engine 1,87,584.54065,1350.8536,1661.5449,1169.6647,15.595841,12.387691,15.833343,18.983194,273.669,278.6063,12.517616,1915.4647,8296.5625,2.944214,8602.582,0.46106967,52.60351,508.9583,13.0,1,0,-1.010376,581.8659,1.1339111,1342.8367,3.8701172,1644.5403,3.7901611,1161.6981,0.027529716,15.387301,0.02273941,12.25403,0.027950287,15.621626,-0.0069236755,18.68019,0.62802124,268.4469,0.64785767,273.33722,0.16431808,12.427756,4.465088,1894.5212,3.7402344,8271.396,-0.00878191,2.8728957,N-CMAPSS_DS01-005,1
N-CMAPSS_DS01-005 · Engine 1,88,585.67944,1356.0134,1671.9727,1178.3851,15.800768,12.490299,16.041388,19.246233,280.30612,285.312,12.824348,1920.0,8314.903,3.0354156,7837.6934,0.42610982,52.856384,509.31158,12.0,1,0,1.138794,582.3143,5.15979,1344.0531,10.427734,1647.2035,8.720459,1163.3107,0.20492649,15.431877,0.10260868,12.2847595,0.208045,15.666881,0.26303864,18.738274,6.6371155,269.39108,6.705719,274.2914,0.30673218,12.461197,4.5352783,1896.8121,18.34082,8275.342,0.091201544,2.884719,N-CMAPSS_DS01-005,1
N-CMAPSS_DS01-005 · Engine 1,89,584.73663,1349.6298,1662.2902,1164.749,15.289346,12.125239,15.522181,18.683828,268.85828,273.67624,12.040081,1923.3525,8291.867,2.904284,9819.769,0.5016447,53.892605,508.29147,11.0,1,0,-0.94281006,582.33435,-6.383667,1343.989,-9.682495,1648.0312,-13.636108,1163.9688,-0.51142216,15.432002,-0.36505985,12.2847595,-0.519207,15.667007,-0.56240463,18.739605,-11.447845,269.34375,-11.635773,274.23566,-0.7842674,12.460941,3.352539,1896.8121,-23.036133,8274.796,-0.13113165,2.8859868,N-CMAPSS_DS01-005,1
N-CMAPSS_DS01-005 · Engine 1,90,581.00946,1339.5779,1647.2192,1158.5247,14.999686,11.945001,15.228108,18.261671,261.19492,265.91034,11.902351,1903.1326,8259.594,2.7955685,9888.501,0.48435667,52.16701,506.38358,10.0,1,0,-3.7271729,582.911,-10.05188,1344.9281,-15.070923,1650.2373,-6.224365,1164.012,-0.2896595,15.429167,-0.18023872,12.280592,-0.29407215,15.664129,-0.4221573,18.754242,-7.6633606,269.32886,-7.7658997,274.21292,-0.13772964,12.395454,-20.21997,1900.9154,-32.273438,8277.57,-0.108715534,2.8886933,N-CMAPSS_DS01-005,1
N-CMAPSS_DS01-005 · Engine 1,91,583.5921,1342.1154,1649.0917,1169.2719,15.69972,12.551113,15.938805,19.031761,270.81104,275.69714,12.685818,1882.2845,8265.01,2.9152102,8074.4424,0.45158243,50.40673,510.08594,9.0,1,0,2.5826416,582.9216,2.5374756,1344.8374,1.8724365,1651.2344,10.747192,1164.4259,0.70003414,15.410663,0.6061125,12.264516,0.7106962,15.645344,0.7700901,18.737055,9.616119,269.0171,9.786804,273.8858,0.78346634,12.368157,-20.848022,1901.6766,5.4160156,8276.99,0.11964178,2.8876994,N-CMAPSS_DS01-005,1
N-CMAPSS_DS01-005 · Engine 1,92,584.6845,1350.4535,1667.4655,1174.3951,15.596702,12.387691,15.834213,18.993317,273.33313,278.21005,12.515882,1915.4647,8292.675,2.9534812,8602.582,0.46106967,52.60351,508.9583,8.0,1,0,1.0924072,583.03906,8.338135,1345.5874,18.37378,1653.9734,5.123291,1165.2755,-0.10301876,15.3818445,-0.16342258,12.232098,-0.10459137,15.616086,-0.03844452,18.715858,2.5220947,268.9631,2.512909,273.81653,-0.16993618,12.323895,33.180176,1905.7557,27.66504,8279.239,0.03827095,2.890381,N-CMAPSS_DS01-005,1
N-CMAPSS_DS01-005 · Engine 1,93,581.1058,1339.3162,1651.2611,1161.7473,15.000265,11.945001,15.228697,18.268055,260.97214,265.6479,11.901163,1903.1326,8256.954,2.801601,9888.501,0.48435667,52.16701,506.38358,7.0,1,0,-3.5787354,583.33093,-11.137329,1345.9294,-16.204346,1655.3063,-12.647827,1166.3497,-0.5964365,15.415841,-0.4426899,12.261165,-0.60551643,15.6506,-0.7252617,18.757582,-12.360992,269.38144,-12.562164,274.23648,-0.61471844,12.3447075,-12.332153,1905.8352,-35.720703,8280.12,-0.15188026,2.8962934,N-CMAPSS_DS01-005,1
N-CMAPSS_DS01-005 · Engine 1,94,581.6792,1339.9889,1654.5201,1170.1702,15.2587595,12.143695,15.491125,18.565588,265.73895,270.44553,12.309134,1891.2488,8254.748,2.8833597,9010.299,0.45440573,51.88142,507.0913,6.0,1,0,0.5734253,583.3473,0.6727295,1345.7555,3.2590332,1656.553,8.422852,1166.7539,0.25849438,15.38084,0.19869423,12.228568,0.26242828,15.615067,0.29753304,18.727755,4.766815,268.93802,4.797638,273.76816,0.40797043,12.295342,-11.883789,1906.8213,-2.2060547,8278.785,0.08175874,2.8974624,N-CMAPSS_DS01-005,1
N-CMAPSS_DS01-005 · Engine 1,95,586.24567,1353.4845,1676.6237,1178.2686,15.631349,12.381785,15.86939,19.088463,275.2979,280.154,12.44427,1923.8019,8302.649,2.994188,8757.58,0.47375408,53.426548,509.61856,5.0,1,0,4.5664673,583.88245,13.495605,1347.1152,22.103516,1659.9664,8.098389,1169.1051,0.3725891,15.444075,0.23809052,12.272246,0.37826443,15.679264,0.52287483,18.811222,9.55896,270.32224,9.708466,275.1618,0.1351366,12.349396,32.5531,1908.8882,47.901367,8282.778,0.1108284,2.918032,N-CMAPSS_DS01-005,1
N-CMAPSS_DS01-005 · Engine 1,96,581.20294,1339.0459,1655.4733,1165.1073,15.00087,11.945001,15.229309,18.274199,260.73984,265.37445,11.899915,1903.1326,8254.2295,2.807871,9888.501,0.48435667,52.16701,506.38358,4.0,1,0,-5.0427246,583.44763,-14.438599,1346.0479,-21.15039,1659.7462,-13.161255,1169.0283,-0.63047886,15.387331,-0.43678474,12.230251,-0.64008045,15.621655,-0.8142643,18.739632,-14.558075,269.09213,-14.779541,273.90338,-0.5443554,12.304058,-20.669312,1908.1014,-48.41992,8278.919,-0.18631697,2.9035194,N-CMAPSS_DS01-005,1
N-CMAPSS_DS01-005 · Engine 1,97,583.79865,1341.5475,1657.6752,1176.1519,15.700875,12.551113,15.939976,19.0466,270.32312,275.12222,12.683261,1882.2847,8259.427,2.9285555,8074.4424,0.45158243,50.40673,510.08594,3.0,1,0,2.5957031,583.3734,2.501587,1345.1173,2.2019043,1659.3593,11.044556,1169.6771,0.70000553,15.397834,0.6061125,12.246593,0.71066666,15.632319,0.7724018,18.745972,9.583282,268.75754,9.747772,273.555,0.7833462,12.320622,-20.8479,1904.7834,5.1972656,8275.206,0.120684385,2.9019535,N-CMAPSS_DS01-005,1
N-CMAPSS_DS01-005 · Engine 1,98,580.9245,1334.9144,1650.0199,1174.6217,15.514026,12.446764,15.75028,18.755302,264.81195,269.5266,12.624921,1868.7969,8235.197,2.8501544,8028.579,0.43471643,48.920635,508.6205,2.0,1,0,-2.8741455,582.89795,-6.6330566,1343.0073,-7.6552734,1657.164,-1.5301514,1169.3008,-0.1868496,15.36916,-0.10434914,12.24224,-0.18969536,15.603209,-0.2912979,18.696878,-5.5111694,267.20813,-5.5956116,271.97644,-0.058340073,12.300679,-13.487793,1899.6632,-24.229492,8267.235,-0.07840109,2.8834274,N-CMAPSS_DS01-005,1
N-CMAPSS_DS01-005 · Engine 1,99,585.10004,1348.5563,1677.748,1177.0581,15.291652,12.125239,15.52452,18.707024,267.98236,272.64655,12.035315,1923.3525,8281.9,2.9278884,9819.769,0.5016447,53.892605,508.29147,1.0,1,0,4.175537,582.93427,13.641846,1342.9,27.72815,1658.7097,2.4364014,1170.5316,-0.22237396,15.3693905,-0.32152462,12.24224,-0.22576046,15.603442,-0.04827881,18.699198,3.1704102,267.12054,3.119934,271.87347,-0.5896063,12.300203,54.555664,1899.6632,46.703125,8266.238,0.07773399,2.8857877,N-CMAPSS_DS01-005,1
N-CMAPSS_DS01-005 · Engine 1,100,583.9364,1341.1549,1663.7065,1180.9913,15.701682,12.551113,15.940794,19.055838,269.98087,274.71927,12.681437,1882.2848,8255.57,2.937891,8074.4424,0.45158243,50.40673,510.08594,0.0,1,0,-1.1636353,583.227,-7.401367,1343.0577,-14.041504,1660.3585,3.9332275,1172.7783,0.41003036,15.43959,0.42587376,12.302852,0.41627407,15.674711,0.348814,18.778614,1.9985046,267.99915,2.0727234,272.75436,0.646122,12.378111,-41.06775,1897.5784,-26.330078,8265.836,0.010002613,2.9000201,N-CMAPSS_DS01-005,1
N-CMAPSS_DS01-005 · Engine 6,1,577.19574,1342.3043,1637.9958,1145.2382,14.469002,11.393321,14.6893425,17.670155,260.2337,265.0056,11.597686,1924.5399,8278.6,2.769022,10726.354,0.4577774,54.635307,501.06744,93.0,2,1,0.0,577.19574,0.0,1342.3043,0.0,1637.9958,0.0,1145.2382,0.0,14.469002,0.0,11.393321,0.0,14.6893425,0.0,17.670155,0.0,260.2337,0.0,265.0056,0.0,11.597686,0.0,1924.5399,0.0,8278.6,0.0,2.769022,N-CMAPSS_DS01-005,6
N-CMAPSS_DS01-005 · Engine 6,2,576.2696,1351.1063,1667.4263,1137.0299,13.1209345,10.081306,13.320745,16.37226,248.29567,252.63858,9.9973955,2004.4523,8305.454,2.7176788,16111.212,0.57896763,65.018715,492.51932,92.0,2,1,-0.92614746,576.73267,8.802002,1346.7053,29.43042,1652.711,-8.208252,1141.134,-1.3480673,13.794968,-1.3120146,10.737314,-1.368597,14.005044,-1.2978954,17.021206,-11.938034,254.26468,-12.367035,258.82208,-1.6002903,10.797541,79.91235,1964.4961,26.854492,8292.027,-0.051343203,2.7433505,N-CMAPSS_DS01-005,6
N-CMAPSS_DS01-005 · Engine 6,3,569.1551,1330.3872,1633.5836,1118.901,12.589106,9.798834,12.780818,15.568496,231.45546,235.60612,9.653179,1966.85,8239.37,2.4765136,16912.4,0.5726164,61.993717,488.97043,91.0,2,1,-7.114502,574.2068,-20.719116,1341.266,-33.84265,1646.3352,-18.128906,1133.723,-0.5318289,13.393014,-0.2824726,10.424487,-0.5399275,13.596969,-0.8037634,16.53697,-16.84021,246.6616,-17.032455,251.08344,-0.34421635,10.416087,-37.602295,1965.2808,-66.083984,8274.475,-0.24116516,2.6544049,N-CMAPSS_DS01-005,6
N-CMAPSS_DS01-005 · Engine 6,4,570.93976,1332.522,1632.5793,1124.1072,13.060026,10.212754,13.25891,16.082897,238.15817,242.47678,10.116849,1956.518,8248.088,2.5295186,15069.622,0.53757167,59.24402,492.41196,90.0,2,1,1.784668,573.39,2.1347656,1339.08,-1.0042725,1642.8962,5.2061768,1131.3191,0.47092056,13.309767,0.4139204,10.371553,0.4780922,13.512454,0.51440144,16.423452,6.702713,244.53575,6.8706512,248.93178,0.46366978,10.341277,-10.332031,1963.0901,8.717773,8267.878,0.05300498,2.6231833,N-CMAPSS_DS01-005,6
N-CMAPSS_DS01-005 · Engine 6,5,574.3196,1338.2673,1635.2633,1148.3403,14.406621,11.344695,14.62601,17.530016,259.4251,264.16058,11.824013,1913.7568,8265.321,2.7608492,10238.965,0.40822384,54.060238,498.78864,89.0,2,1,3.3798218,573.5759,5.7453613,1338.9175,2.68396,1641.3696,24.233154,1134.7233,1.3465948,13.529138,1.1319408,10.566182,1.3670998,13.735166,1.4471188,16.644764,21.266937,247.51363,21.683807,251.97754,1.7071638,10.637824,-42.76111,1953.2234,17.233398,8267.366,0.23133063,2.6507165,N-CMAPSS_DS01-005,6
N-CMAPSS_DS01-005 · Engine 6,6,575.2074,1347.5112,1661.4772,1138.1213,13.18079,10.156097,13.381513,16.391525,247.8394,252.18286,10.190143,1988.1543,8292.412,2.711692,15672.866,0.55804724,64.18976,492.34738,88.0,2,1,0.8878174,573.84784,9.2438965,1340.3497,26.213867,1644.721,-10.218994,1135.2897,-1.225831,13.47108,-1.1885977,10.497835,-1.2444973,13.676223,-1.1384907,16.602558,-11.585709,247.56792,-11.977722,252.01175,-1.6338701,10.5632105,74.39746,1959.0452,27.09082,8271.541,-0.049157143,2.6608791,N-CMAPSS_DS01-005,6
N-CMAPSS_DS01-005 · Engine 6,7,578.65454,1339.2568,1628.0703,1141.337,14.773969,11.757123,14.998954,17.95391,258.97296,263.81345,11.770794,1908.91,8267.163,2.7269745,10434.371,0.4811129,52.786076,504.1716,87.0,2,1,3.4471436,574.53455,-8.254395,1340.1936,-33.40686,1642.3423,3.2156982,1136.1536,1.5931787,13.657207,1.6010256,10.677733,1.6174412,13.865185,1.5623856,16.795609,11.13356,249.1972,11.630585,253.69771,1.5806513,10.735723,-79.24426,1951.883,-25.249023,8270.915,0.0152823925,2.6703212,N-CMAPSS_DS01-005,6
N-CMAPSS_DS01-005 · Engine 6,8,573.3617,1341.4714,1649.6924,1132.0781,13.169402,10.228957,13.369953,16.296343,243.59604,247.94783,10.1828375,1977.5217,8275.367,2.6200616,15240.86,0.5467507,61.734936,492.5386,86.0,2,1,-5.2928467,574.38794,2.2145996,1340.3533,21.62207,1643.261,-9.258911,1135.6442,-1.6045666,13.596231,-1.5281658,10.621636,-1.6290007,13.803281,-1.657568,16.7332,-15.376923,248.49707,-15.865616,252.97897,-1.5879564,10.666612,68.611694,1955.0879,8.204102,8271.472,-0.10691285,2.664039,N-CMAPSS_DS01-005,6
N-CMAPSS_DS01-005 · Engine 6,9,573.3639,1341.4631,1649.7745,1132.1426,13.1694145,10.228957,13.369966,16.296486,243.59172,247.9427,10.182813,1977.5217,8275.309,2.620175,15240.86,0.5467507,61.734936,492.5386,85.0,2,1,0.0021972656,574.2742,-0.008300781,1340.4767,0.08215332,1643.9847,0.064453125,1135.2551,1.2397766e-05,13.548807,0.0,10.578005,1.2397766e-05,13.755135,0.00014305115,16.684677,-0.0043182373,247.95203,-0.005126953,252.41939,-2.4795532e-05,10.612857,0.0,1957.5806,-0.05859375,8271.898,0.000113248825,2.6591651,N-CMAPSS_DS01-005,6
N-CMAPSS_DS01-005 · Engine 6,10,574.8659,1340.4598,1642.6814,1133.3073,13.600753,10.642473,13.80787,16.742369,247.73575,252.22461,10.568128,1958.9535,8273.46,2.6450195,13891.782,0.5322321,58.9888,496.04202,84.0,2,1,1.5020142,574.3333,-1.0032959,1340.475,-7.0931396,1643.8544,1.1646729,1135.0603,0.4313383,13.554002,0.41351604,10.584452,0.43790436,13.760408,0.4458828,16.690445,4.1440277,247.9304,4.281906,252.39992,0.38531494,10.608383,-18.568237,1957.7178,-1.8486328,8272.055,0.024844646,2.6577506,N-CMAPSS_DS01-005,6
N-CMAPSS_DS01-005 · Engine 6,11,572.82324,1343.0814,1655.2357,1128.613,12.824457,9.900498,13.019753,15.95025,240.39934,244.65738,9.760995,1997.0458,8282.565,2.5939445,16430.98,0.57311535,63.726135,490.53177,83.0,2,1,-2.0426636,573.89606,2.621582,1340.5527,12.554321,1645.5784,-4.694214,1133.3978,-0.77629566,13.389547,-0.74197483,10.435169,-0.78811646,13.59345,-0.792119,16.518456,-7.3364105,245.94696,-7.56723,250.36508,-0.8071327,10.424715,38.092285,1964.9684,9.105469,8272.451,-0.05107498,2.6402428,N-CMAPSS_DS01-005,6
N-CMAPSS_DS01-005 · Engine 6,12,564.9924,1330.8011,1646.2792,1117.618,11.84064,9.077294,12.020954,14.780609,225.48967,229.41417,9.031242,2001.4117,8241.537,2.4414587,18826.605,0.5776019,66.36396,481.9466,82.0,2,1,-7.8308716,572.7684,-12.280273,1338.5222,-8.956543,1643.4637,-10.994995,1131.4565,-0.9838171,13.261518,-0.82320404,10.334768,-0.9987993,13.46347,-1.1696405,16.359291,-14.909668,243.66637,-15.24321,248.04265,-0.72975254,10.328099,4.365967,1964.6643,-41.02832,8266.06,-0.15248585,2.6126208,N-CMAPSS_DS01-005,6
N-CMAPSS_DS01-005 · Engine 6,13,570.5329,1338.8267,1650.0995,1130.9645,12.85312,9.9358,13.048855,15.939663,240.9051,245.15901,9.984003,1983.6108,8266.942,2.602323,15677.926,0.5338683,62.729977,489.3821,81.0,2,1,5.5405273,572.9061,8.025513,1339.3661,3.8203125,1645.1152,13.346436,1132.663,1.0124798,13.287919,0.85850525,10.348465,1.0279007,13.490273,1.1590538,16.396406,15.415436,244.61133,15.744843,248.99794,0.9527607,10.361181,-17.800903,1966.3405,25.405273,8268.816,0.16086435,2.6252017,N-CMAPSS_DS01-005,6
N-CMAPSS_DS01-005 · Engine 6,14,570.58777,1332.8925,1634.9684,1128.2255,13.065087,10.198941,13.264049,16.08526,238.98141,243.28975,10.239047,1953.0996,8247.544,2.5480273,14811.668,0.517205,59.393612,491.8014,80.0,2,1,0.054870605,572.8709,-5.934204,1339.4032,-15.1311035,1645.3542,-2.7390137,1133.0747,0.21196747,13.288425,0.26314163,10.347084,0.21519375,13.4907875,0.14559746,16.396643,-1.9236908,244.69365,-1.8692627,249.07924,0.25504398,10.373402,-30.51123,1965.9987,-19.398438,8268.762,-0.05429578,2.6270525,N-CMAPSS_DS01-005,6
N-CMAPSS_DS01-005 · Engine 6,15,577.2158,1342.226,1638.7848,1145.8639,14.4691105,11.393321,14.689453,17.671532,260.18924,264.9531,11.597455,1924.5398,8278.044,2.7701907,10726.354,0.4577774,54.635307,501.06744,79.0,2,1,6.6280518,573.1605,9.333496,1339.7991,3.8164062,1645.7063,17.638428,1132.8271,1.4040232,13.294674,1.1943798,10.351946,1.4254045,13.497132,1.5862713,16.410795,21.207825,244.77007,21.663345,249.15848,1.358408,10.350746,-28.559814,1967.0769,30.5,8270.034,0.22216344,2.6279867,N-CMAPSS_DS01-005,6
N-CMAPSS_DS01-005 · Engine 6,16,569.0552,1326.3044,1623.648,1122.6631,13.0096855,10.209028,13.207802,15.978356,235.23892,239.50984,10.174167,1938.5535,8224.417,2.4973633,15024.462,0.52688015,58.188286,491.62665,78.0,2,1,-8.160645,572.54535,-15.921509,1337.6783,-15.136841,1641.9235,-23.200806,1131.2812,-1.459425,13.277564,-1.1842928,10.35724,-1.4816513,13.479761,-1.6931753,16.369478,-24.950317,243.51001,-25.443253,247.89119,-1.4232883,10.349148,14.013672,1962.1168,-53.626953,8263.234,-0.2728274,2.6065538,N-CMAPSS_DS01-005,6
N-CMAPSS_DS01-005 · Engine 6,17,566.97156,1333.6696,1648.8317,1119.1403,11.999193,9.219705,12.181923,14.966766,226.88588,230.85707,9.110021,2002.1503,8250.609,2.4518213,18696.414,0.5899392,66.178795,483.7546,77.0,2,1,-2.0836182,571.377,7.3651123,1337.1196,25.183716,1643.9995,-3.5228271,1129.0616,-1.0104923,13.000086,-0.9893236,10.1034975,-1.0258789,13.198058,-1.01159,16.070763,-8.353043,240.3013,-8.652771,244.59555,-1.064146,10.083071,63.5968,1971.4408,26.192383,8261.579,-0.045542,2.5790386,N-CMAPSS_DS01-005,6
N-CMAPSS_DS01-005 · Engine 6,18,577.78284,1350.3419,1660.97,1147.2432,13.923,10.821722,14.135026,17.183113,257.29037,261.86517,10.986612,1969.4851,8301.25,2.7954793,13363.695,0.5127415,60.936016,496.87323,76.0,2,1,10.811279,571.81915,16.672363,1338.0066,12.138306,1645.1273,28.102905,1130.5781,1.9238071,13.075446,1.6020174,10.162774,1.9531031,13.274565,2.2163467,16.159441,30.404495,241.67075,31.008102,245.98727,1.8765917,10.163448,-32.66516,1970.6372,50.640625,8264.168,0.34365797,2.5965803,N-CMAPSS_DS01-005,6
N-CMAPSS_DS01-005 · Engine 6,19,575.9476,1343.398,1647.7605,1137.0818,13.7431,10.745345,13.952388,16.926502,250.68477,255.214,10.71596,1962.5161,8281.577,2.6863678,13713.024,0.5294831,59.436344,496.5629,75.0,2,1,-1.8352661,572.0775,-6.9439697,1338.2002,-13.209473,1644.9259,-10.161377,1131.072,-0.17990017,13.132814,-0.076376915,10.214413,-0.18263817,13.332808,-0.25661087,16.222443,-6.605606,242.38005,-6.651169,246.71442,-0.27065277,10.216763,-6.968994,1969.1366,-19.672852,8264.795,-0.10911155,2.6031995,N-CMAPSS_DS01-005,6
N-CMAPSS_DS01-005 · Engine 6,20,572.10864,1337.8035,1643.5311,1136.4785,13.428481,10.476022,13.632977,16.525965,246.42615,250.84108,10.642415,1955.6782,8261.854,2.6485684,14007.977,0.502464,60.04888,492.846,74.0,2,1,-3.8389282,571.80176,-5.5944824,1337.9344,-4.22937,1645.0109,-0.6032715,1131.3892,-0.31461906,13.115587,-0.26932335,10.197767,-0.31941128,13.315318,-0.4005375,16.200802,-4.258621,242.24908,-4.372925,246.57605,-0.0735445,10.224192,-6.8378906,1968.8091,-19.723633,8263.634,-0.03779936,2.6035545,N-CMAPSS_DS01-005,6
N-CMAPSS_DS01-005 · Engine 6,21,572.1106,1337.7969,1643.6019,1136.5342,13.428493,10.476022,13.632986,16.526089,246.42235,250.83664,10.642395,1955.6783,8261.805,2.6486678,14007.977,0.502464,60.04888,492.846,73.0,2,1,0.001953125,571.7305,-0.006591797,1337.406,0.07080078,1643.8475,0.055664062,1132.1813,1.1444092e-05,13.175991,0.0,10.25532,9.536743e-06,13.376641,0.00012397766,16.258385,-0.0037994385,242.85138,-0.0044403076,247.19398,-2.002716e-05,10.312332,0.00012207031,1964.6724,-0.048828125,8261.558,9.942055e-05,2.6090267,N-CMAPSS_DS01-005,6
N-CMAPSS_DS01-005 · Engine 6,22,570.407,1333.7592,1638.4827,1125.8452,12.871339,10.012377,13.067349,15.903691,237.32849,241.57886,9.969152,1965.0168,8251.489,2.54012,15585.395,0.5397253,60.92251,490.66147,72.0,2,1,-1.7036133,572.272,-4.0377197,1337.7019,-5.1192627,1643.0679,-10.688965,1133.004,-0.5571537,13.279061,-0.46364498,10.348828,-0.56563663,13.48128,-0.6223974,16.370693,-9.093857,244.03526,-9.257782,248.41045,-0.67324257,10.406122,9.338501,1961.0328,-10.31543,8262.553,-0.108547926,2.618893,N-CMAPSS_DS01-005,6
N-CMAPSS_DS01-005 · Engine 6,23,577.77997,1350.3512,1660.8627,1147.1544,13.922985,10.821722,14.135011,17.182924,257.29593,261.87173,10.986638,1969.4849,8301.321,2.795322,13363.695,0.5127415,60.936016,496.87323,71.0,2,1,7.372986,572.9967,16.592041,1338.8542,22.380005,1644.1442,21.309204,1134.623,1.0516462,13.386047,0.80934525,10.437421,1.0676613,13.589896,1.279233,16.49502,19.967438,245.67435,20.292877,250.08173,1.0174856,10.506386,4.4680176,1959.6202,49.83203,8265.991,0.25520205,2.6381927,N-CMAPSS_DS01-005,6
N-CMAPSS_DS01-005 · Engine 6,24,565.0093,1330.7397,1646.8527,1118.0441,11.840726,9.077294,12.02104,14.781579,225.46046,229.37999,9.031075,2001.411,8241.125,2.4421852,18826.605,0.5776019,66.36396,481.9466,70.0,2,1,-12.770691,572.43884,-19.61145,1338.639,-14.01001,1645.3326,-29.110352,1133.6049,-2.0822592,13.263611,-1.7444277,10.325255,-2.1139708,13.465595,-2.4013453,16.364653,-31.835464,244.32225,-32.491745,248.69075,-1.9555635,10.385589,31.926147,1964.4514,-60.19629,8265.35,-0.35313678,2.6276085,N-CMAPSS_DS01-005,6
N-CMAPSS_DS01-005 · Engine 6,25,564.43677,1325.3296,1634.1431,1111.7412,11.891896,9.185448,12.072991,14.784656,222.58983,226.52298,9.03918,1985.5955,8223.583,2.3874135,18770.443,0.58545196,64.3679,483.00647,69.0,2,0,-0.57250977,571.16095,-5.4101562,1336.9493,-12.709595,1644.8684,-6.3028564,1130.1926,0.05117035,13.00589,0.10815334,10.104468,0.05195141,13.203949,0.0030765533,16.075964,-2.870636,240.56232,-2.85701,244.84773,0.008105278,10.129762,-15.815552,1970.557,-17.541992,8259.903,-0.05477166,2.589331,N-CMAPSS_DS01-005,6
N-CMAPSS_DS01-005 · Engine 6,26,574.8857,1332.6147,1622.3602,1134.4797,14.154419,11.231774,14.369968,17.233795,249.6241,254.26225,11.252394,1910.8242,8245.598,2.6257012,11694.499,0.48511326,53.6519,500.0957,68.0,2,0,10.448914,571.744,7.2851562,1337.5804,-11.782837,1644.7396,22.738525,1131.3743,2.2625227,13.120363,2.0463266,10.206743,2.296977,13.320166,2.4491396,16.201508,27.034271,242.00084,27.739273,246.32298,2.213214,10.237584,-74.77124,1967.784,22.014648,8262.021,0.23828769,2.6021647,N-CMAPSS_DS01-005,6
N-CMAPSS_DS01-005 · Engine 6,27,567.27936,1333.1299,1645.9004,1119.5974,12.167083,9.376873,12.352367,15.134011,228.55345,232.5828,9.290238,1995.0798,8249.224,2.460605,18237.4,0.58091164,65.05716,484.79245,67.0,2,0,-7.6063232,571.7748,0.5151367,1337.5265,23.540161,1644.4465,-14.882324,1131.4199,-1.9873362,13.137152,-1.8549013,10.22246,-2.017601,13.337211,-2.099784,16.218233,-21.070648,242.16759,-21.679459,246.49554,-1.9621553,10.255606,84.255615,1967.077,3.6259766,8261.883,-0.16509628,2.603043,N-CMAPSS_DS01-005,6
N-CMAPSS_DS01-005 · Engine 6,28,570.55133,1338.7599,1650.7539,1131.4766,12.853218,9.9358,13.048952,15.940805,240.87044,245.1183,9.98381,1983.6108,8266.479,2.603215,15677.926,0.5338683,62.729977,489.3821,66.0,2,0,3.2719727,571.05164,5.630005,1336.3683,4.8535156,1643.4249,11.87915,1129.8433,0.6861353,13.030174,0.5589266,10.133867,0.6965847,13.228603,0.80679417,16.094002,12.316986,240.5256,12.535507,244.82086,0.69357204,10.155326,-11.468994,1968.4896,17.254883,8258.405,0.14261007,2.5838165,N-CMAPSS_DS01-005,6
N-CMAPSS_DS01-005 · Engine 6,29,562.6538,1319.4849,1626.2578,1104.0271,11.538054,8.908058,11.713761,14.36809,215.7631,219.5685,8.662125,1981.162,8204.261,2.3139133,19956.121,0.61217296,64.68462,481.29633,65.0,2,0,-7.897522,569.7222,-19.275024,1333.9769,-24.496094,1641.2747,-27.449463,1126.5378,-1.3151636,12.8096695,-1.0277414,9.950139,-1.3351908,13.004741,-1.5727158,15.8381605,-25.10733,237.03343,-25.549805,241.25632,-1.3216858,9.949943,-2.4488525,1970.3541,-62.217773,8250.674,-0.28930163,2.546571,N-CMAPSS_DS01-005,6
N-CMAPSS_DS01-005 · Engine 6,30,569.44116,1332.0751,1637.2645,1120.5364,12.645789,9.833391,12.838364,15.6485615,233.30785,237.48917,9.675631,1973.9222,8246.389,2.490828,16530.61,0.56469697,61.529438,489.38736,64.0,2,0,6.7873535,569.4555,12.59021,1333.404,11.006714,1640.648,16.509277,1124.9436,1.1077347,12.7314005,0.925333,9.885876,1.1246023,12.925279,1.2804718,15.750421,17.544739,235.7216,17.92067,239.92113,1.0135059,9.853264,-7.239746,1972.1786,42.12793,8249.127,0.17691469,2.530797,N-CMAPSS_DS01-005,6
N-CMAPSS_DS01-005 · Engine 6,31,571.65607,1334.9045,1638.3135,1132.696,13.287225,10.356957,13.489567,16.374704,244.1369,248.51068,10.42204,1950.2692,8253.012,2.619825,14144.742,0.5090334,58.957146,493.08554,63.0,2,0,2.2149048,569.41003,2.8294678,1333.1149,1.0489502,1640.1191,12.159668,1124.5598,0.6414356,12.717274,0.52356625,9.873969,0.65120316,12.910937,0.7261429,15.735282,10.829056,235.49306,11.021515,239.68852,0.7464094,9.831228,-23.653076,1971.6377,6.623047,8248.248,0.12899685,2.5279129,N-CMAPSS_DS01-005,6
N-CMAPSS_DS01-005 · Engine 6,32,570.5241,1334.3088,1642.2065,1126.7535,12.787888,9.921083,12.982627,15.846378,237.10294,241.30156,9.860915,1969.5082,8249.314,2.5617378,16256.186,0.5584079,62.131863,489.9055,62.0,2,0,-1.131958,569.42175,-0.5957031,1333.1698,3.8930664,1640.4916,-5.942505,1124.6506,-0.4993372,12.708928,-0.435874,9.8648405,-0.5069399,12.902465,-0.52832603,15.72955,-7.033966,235.4705,-7.2091217,239.6608,-0.5611248,9.820404,19.239014,1972.0868,-3.6972656,8248.03,-0.05808711,2.5300746,N-CMAPSS_DS01-005,6
N-CMAPSS_DS01-005 · Engine 6,33,568.6593,1322.8064,1616.1136,1121.1372,13.085356,10.309685,13.284626,16.036926,234.80817,239.0947,10.245485,1924.5524,8212.519,2.4849446,14564.657,0.5209705,56.863827,492.47766,61.0,2,0,-1.8648071,568.5097,-11.502441,1330.4154,-26.092896,1636.0166,-5.616333,1122.049,0.2974682,12.625165,0.3886013,9.813637,0.3019991,12.817427,0.19054794,15.61495,-2.2947693,233.22173,-2.2068634,237.38309,0.38457012,9.746289,-44.95581,1967.5935,-36.7959,8239.15,-0.076793194,2.4990368,N-CMAPSS_DS01-005,6
N-CMAPSS_DS01-005 · Engine 6,34,573.55304,1336.7157,1639.6451,1133.1414,13.436962,10.514931,13.641585,16.546574,244.44925,248.84708,10.484564,1950.7843,8256.517,2.6229243,14267.166,0.53196794,59.1717,494.79147,60.0,2,0,4.893738,569.3641,13.909302,1331.013,23.531494,1635.2959,12.00415,1123.5586,0.35160637,12.784789,0.20524597,9.9574,0.35695934,12.979481,0.50964737,15.7914505,9.641083,235.1206,9.75238,239.3298,0.23907852,9.891638,26.231934,1962.5309,43.998047,8240.689,0.13797975,2.5171108,N-CMAPSS_DS01-005,6
N-CMAPSS_DS01-005 · Engine 6,35,566.9225,1327.9209,1634.4352,1117.1447,12.259319,9.503905,12.446009,15.201754,227.62225,231.66833,9.379509,1974.1368,8232.267,2.4368565,17359.363,0.5664805,62.6286,486.43045,59.0,2,0,-6.630554,569.6126,-8.7948,1331.2721,-5.209961,1635.3251,-15.996704,1124.099,-1.1776428,12.821531,-1.0110254,9.989245,-1.1955767,13.016783,-1.34482,15.83316,-16.826996,235.62384,-17.178741,239.84433,-1.1050549,9.925671,23.35254,1961.385,-24.25,8241.558,-0.18606782,2.5220551,N-CMAPSS_DS01-005,6
N-CMAPSS_DS01-005 · Engine 6,36,577.76447,1341.5933,1636.8588,1152.7043,14.869129,11.7528305,15.095562,18.069067,264.993,269.859,12.147468,1905.4791,8275.078,2.8180702,9283.248,0.4138973,52.583942,502.92285,58.0,2,0,10.84198,569.9005,13.672363,1332.1699,2.423584,1636.7749,35.559692,1125.9215,2.6098099,12.8930025,2.2489252,10.041351,2.6495533,13.089342,2.8673134,15.916687,37.370758,237.16074,38.190674,241.404,2.7679586,10.015179,-68.657715,1960.8505,42.811523,8244.506,0.38121367,2.541292,N-CMAPSS_DS01-005,6
N-CMAPSS_DS01-005 · Engine 6,37,573.3919,1341.3619,1650.7799,1132.9298,13.169568,10.228957,13.370121,16.298223,243.53853,247.88008,10.182516,1977.5217,8274.603,2.621558,15240.86,0.5467507,61.734936,492.5386,57.0,2,0,-4.3725586,570.5118,-0.23132324,1332.9932,13.921143,1637.263,-19.774536,1127.2546,-1.6995611,12.993251,-1.5238733,10.12656,-1.725441,13.191117,-1.7708435,16.033108,-21.454483,238.65924,-21.978928,242.93375,-1.9649515,10.104406,72.0426,1959.0947,-0.47558594,8247.044,-0.19651222,2.5573874,N-CMAPSS_DS01-005,6
N-CMAPSS_DS01-005 · Engine 6,38,575.871,1349.3995,1664.3693,1139.0194,13.311248,10.288529,13.513956,16.51838,248.67982,253.07845,10.267713,1994.6354,8301.869,2.6951094,15227.912,0.5532802,63.366405,493.3957,56.0,2,0,2.479065,571.0437,8.037598,1334.0571,13.589355,1638.6244,6.0895996,1128.009,0.14167976,13.039054,0.05957222,10.161833,0.14383507,13.2376175,0.22015572,16.090866,5.1412964,239.44019,5.1983643,243.72975,0.085196495,10.132796,17.113647,1960.1971,27.266602,8250.583,0.07355142,2.5665767,N-CMAPSS_DS01-005,6
N-CMAPSS_DS01-005 · Engine 6,39,579.07294,1344.6217,1642.8207,1148.3247,14.64159,11.53334,14.864558,17.901644,262.93115,267.72565,11.6707115,1926.0836,8284.435,2.8138075,10614.755,0.47366115,55.00598,502.639,55.0,2,0,3.2019653,572.68567,-4.777832,1336.5708,-21.548584,1640.2808,9.305298,1132.4387,1.3303423,13.349407,1.244811,10.424361,1.3506021,13.552697,1.3832645,16.444221,14.2513275,244.15698,14.647202,248.54547,1.4029989,10.433655,-68.55176,1954.6893,-17.43457,8258.6,0.11869812,2.6165662,N-CMAPSS_DS01-005,6
N-CMAPSS_DS01-005 · Engine 6,40,571.4909,1334.0958,1637.9226,1129.8218,13.156585,10.275238,13.356938,16.213976,240.45403,244.77379,10.2588005,1954.734,8249.7705,2.573072,14822.974,0.5307563,59.674324,492.5276,54.0,2,0,-7.5820312,572.8906,-10.525879,1336.7728,-4.8980713,1640.3466,-18.50293,1133.3673,-1.4850054,13.400487,-1.2581024,10.468546,-1.5076199,13.604555,-1.6876678,16.500763,-22.477127,244.87161,-22.951859,249.27393,-1.411911,10.491972,28.65039,1952.7705,-34.664062,8258.938,-0.24073553,2.6247904,N-CMAPSS_DS01-005,6
N-CMAPSS_DS01-005 · Engine 6,41,570.53656,1334.2646,1642.636,1127.1272,12.787959,9.921083,12.9827,15.847135,237.0802,241.27487,9.860769,1969.5089,8249.01,2.5623062,16256.186,0.5584079,62.131863,489.9055,53.0,2,0,-0.9543457,572.7787,0.16882324,1336.7089,4.713379,1640.7788,-2.69458,1132.8104,-0.36862564,13.35056,-0.3541546,10.424958,-0.374238,13.553868,-0.36684132,16.448006,-3.373825,244.16594,-3.4989166,248.55035,-0.39803123,10.435845,14.774902,1954.6945,-0.7607422,8258.538,-0.010765791,2.6190386,N-CMAPSS_DS01-005,6
N-CMAPSS_DS01-005 · Engine 6,42,577.61066,1334.621,1621.4388,1144.165,14.8445215,11.840808,15.07058,17.980947,258.4473,263.27386,12.000124,1886.1238,8249.615,2.721026,9628.1455,0.44699135,50.965427,504.47363,52.0,2,0,7.0740967,573.4873,0.35632324,1336.7401,-21.197144,1638.702,17.037842,1134.5515,2.0565624,13.556224,1.9197245,10.616931,2.0878792,13.762664,2.133813,16.661463,21.367096,246.30037,21.998993,250.74759,2.1393547,10.649766,-83.38513,1946.356,0.60546875,8258.568,0.15871978,2.6349673,N-CMAPSS_DS01-005,6
N-CMAPSS_DS01-005 · Engine 6,43,573.483,1321.6335,1601.2703,1131.3462,14.347551,11.496248,14.566043,17.356684,247.09145,251.73952,11.510178,1866.405,8206.25,2.5816133,10618.952,0.4659878,49.794823,502.0853,51.0,2,0,-4.1276855,573.96967,-12.987427,1336.6228,-20.16858,1637.2177,-12.818848,1135.5725,-0.49697018,13.682444,-0.34455967,10.735587,-0.5045366,13.890805,-0.62426376,16.793438,-11.35585,247.5287,-11.534348,252.01207,-0.48994637,10.776236,-19.71875,1940.5413,-43.365234,8257.941,-0.13941264,2.6446342,N-CMAPSS_DS01-005,6
N-CMAPSS_DS01-005 · Engine 6,44,574.17224,1346.2505,1661.6761,1137.4135,13.163542,10.174895,13.364,16.335354,246.07889,250.42076,10.167775,1992.6873,8290.489,2.6654515,15425.437,0.549241,63.24118,492.00027,50.0,2,0,0.68927,574.0316,24.616943,1337.5763,60.405884,1639.4208,6.0672607,1135.9996,-1.1840096,13.655102,-1.321353,10.701584,-1.2020426,13.863047,-1.0213299,16.772316,-1.012558,247.69167,-1.3187561,252.16943,-1.3424025,10.744556,126.28223,1944.7316,84.23926,8261.339,0.083838224,2.6488872,N-CMAPSS_DS01-005,6
N-CMAPSS_DS01-005 · Engine 6,45,570.42645,1334.4891,1643.0173,1125.4406,12.738513,9.886539,12.932501,15.786734,236.0603,240.25404,9.770117,1975.1561,8252.793,2.5371547,16219.618,0.5594281,61.929127,489.91864,49.0,2,0,-3.7457886,574.382,-11.761353,1338.2332,-18.658813,1640.2789,-11.9729,1136.8292,-0.4250288,13.703021,-0.28835583,10.739847,-0.43149948,13.9116955,-0.5486202,16.830814,-10.018585,248.53546,-10.166718,253.028,-0.39765835,10.783617,-17.531128,1944.8335,-37.69629,8263.392,-0.12829685,2.658917,N-CMAPSS_DS01-005,6
N-CMAPSS_DS01-005 · Engine 6,46,567.8736,1321.6532,1617.2555,1118.0803,12.849684,10.118134,13.045365,15.762171,230.4972,234.69823,9.985512,1932.287,8210.046,2.4339042,15342.737,0.5378711,57.709717,491.1771,48.0,2,0,-2.5528564,573.39294,-12.8359375,1336.2391,-25.76184,1638.3186,-7.3602295,1133.3668,0.11117077,13.501076,0.23159409,10.576377,0.112864494,13.7066765,-0.024562836,16.600124,-5.5631104,245.08589,-5.5558167,249.51193,0.21539497,10.567422,-42.86914,1947.5143,-42.74707,8256.888,-0.1032505,2.6205003,N-CMAPSS_DS01-005,6
N-CMAPSS_DS01-005 · Engine 6,47,570.122,1326.9111,1624.992,1132.3593,13.446061,10.558102,13.650822,16.462488,242.68323,247.05843,10.769504,1918.6893,8223.831,2.598852,13567.173,0.4825522,56.820026,493.4253,47.0,2,0,2.248413,573.0659,5.2579346,1334.7941,7.73645,1635.7399,14.278931,1133.3098,0.5963774,13.528726,0.4399681,10.609292,0.60545635,13.734746,0.7003174,16.61655,12.186035,245.00035,12.360199,249.42976,0.7839918,10.626121,-13.597656,1941.6311,13.785156,8251.811,0.16494775,2.6182296,N-CMAPSS_DS01-005,6
N-CMAPSS_DS01-005 · Engine 6,48,554.63824,1295.2887,1586.4858,1108.5552,11.870627,9.314532,12.051398,14.505019,215.35866,219.20593,9.649974,1884.6517,8120.1675,2.283218,15877.587,0.44387552,56.171597,480.71725,46.0,2,0,-15.483765,570.9426,-31.622437,1329.3829,-38.506104,1627.9515,-23.804077,1130.2634,-1.5754337,13.384664,-1.2435694,10.511892,-1.5994234,13.5884905,-1.957469,16.415215,-27.32457,241.66824,-27.852493,246.04251,-1.1195297,10.564346,-34.037598,1930.6327,-103.663574,8233.641,-0.315634,2.5770404,N-CMAPSS_DS01-005,6
N-CMAPSS_DS01-005 · Engine 6,49,574.94604,1332.4016,1624.789,1136.4105,14.154761,11.231774,14.370317,17.237783,249.4951,254.10945,11.25174,1910.8242,8243.928,2.6292074,11694.499,0.48511326,53.6519,500.0957,45.0,2,0,20.3078,570.52997,37.112915,1328.1609,38.3031,1626.1483,27.855347,1129.0719,2.284134,13.33598,1.917242,10.481735,2.3189192,13.539066,2.7327642,16.34883,34.136444,240.32463,34.90352,244.6809,1.6017666,10.5224495,26.172485,1929.1067,123.760254,8229.59,0.34598947,2.5585804,N-CMAPSS_DS01-005,6
N-CMAPSS_DS01-005 · Engine 6,50,570.27185,1328.1638,1628.4481,1125.4487,13.09966,10.2799,13.299146,16.098751,236.56027,240.83987,10.209756,1941.637,8229.873,2.5161781,14933.243,0.53273654,58.28401,492.5491,44.0,2,0,-4.6741943,570.4081,-4.237793,1327.5677,3.6591797,1625.2009,-10.961792,1128.6346,-1.0551014,13.330288,-0.95187473,10.482202,-1.0711718,13.533287,-1.1390324,16.337307,-12.93483,239.93526,-13.269577,244.28749,-1.0419846,10.517545,30.812744,1927.797,-14.0546875,8227.601,-0.11302924,2.552891,N-CMAPSS_DS01-005,6
N-CMAPSS_DS01-005 · Engine 6,51,565.7328,1316.8127,1611.4766,1120.3226,12.895898,10.178983,13.09228,15.766017,230.33661,234.5312,10.199716,1915.8021,8192.109,2.4307377,14651.537,0.5022506,56.420033,490.28226,43.0,2,0,-4.5390625,569.9277,-11.351074,1325.8225,-16.971558,1622.085,-5.1260986,1127.9542,-0.20376205,13.341082,-0.10091686,10.507992,-0.20686531,13.544245,-0.3327341,16.329195,-6.2236633,239.2609,-6.30867,243.61313,-0.010040283,10.551439,-25.834839,1922.4264,-37.76367,8221.91,-0.0854404,2.5397344,N-CMAPSS_DS01-005,6
N-CMAPSS_DS01-005 · Engine 6,52,581.2489,1354.8077,1666.1758,1149.3558,14.277962,11.139206,14.495394,17.621368,261.45474,266.1376,11.065055,1975.3531,8317.543,2.8249295,12654.418,0.53331786,59.63439,500.88086,42.0,2,0,15.516113,570.2915,37.994995,1327.8412,54.69922,1626.5586,29.033203,1128.4733,1.3820639,13.284426,0.9602232,10.437831,1.4031134,13.486727,1.8553514,16.293238,31.118134,239.56165,31.6064,243.8995,0.8653393,10.457932,59.551025,1931.3492,125.43359,8228.703,0.39419174,2.5501246,N-CMAPSS_DS01-005,6
N-CMAPSS_DS01-005 · Engine 6,53,572.8012,1331.5963,1631.0369,1132.3087,13.5571,10.675965,13.763553,16.618435,242.97765,247.39062,10.642188,1931.9258,8239.641,2.585635,13643.143,0.51702696,56.875496,495.79425,41.0,2,0,-8.447693,570.2233,-23.211426,1328.8375,-35.138916,1629.5353,-17.04712,1128.5696,-0.72086143,13.20538,-0.46324062,10.355803,-0.7318411,13.406478,-1.0029335,16.219412,-18.477097,239.15027,-18.746979,243.46461,-0.42286682,10.371134,-43.42737,1937.9014,-77.90234,8232.042,-0.23929453,2.5505269,N-CMAPSS_DS01-005,6
N-CMAPSS_DS01-005 · Engine 6,54,571.8652,1333.3129,1639.3131,1130.0802,13.151853,10.273374,13.352135,16.223145,240.08139,244.37009,10.190852,1954.9171,8246.086,2.5777113,15036.028,0.5428714,59.650852,492.89868,40.0,2,0,-0.93603516,569.9926,1.7165527,1327.5437,8.276245,1627.299,-2.2285156,1127.8362,-0.4052477,13.204212,-0.4025917,10.365651,-0.41141796,13.405291,-0.39529037,16.20819,-2.8962555,238.5505,-3.0205383,242.85954,-0.4513359,10.373442,22.991333,1934.1244,6.4453125,8227.602,-0.007923603,2.5417528,N-CMAPSS_DS01-005,6
N-CMAPSS_DS01-005 · Engine 6,55,579.86847,1341.9507,1639.5565,1152.4988,14.881493,11.779522,15.108114,18.14631,263.8206,268.61487,11.9615,1905.9475,8269.613,2.8385983,10041.817,0.46529812,54.012108,504.3096,39.0,2,0,8.003296,570.9368,8.637817,1328.2899,0.2434082,1626.9529,22.41858,1130.542,1.72964,13.4185095,1.5061483,10.554949,1.7559795,13.622852,1.9231663,16.444149,23.739197,241.32654,24.244781,245.69563,1.770648,10.59258,-48.969604,1927.2035,23.527344,8229.284,0.2608869,2.571897,N-CMAPSS_DS01-005,6
N-CMAPSS_DS01-005 · Engine 6,56,580.86694,1341.8546,1636.7083,1150.6014,15.025853,11.946762,15.254674,18.289059,263.62842,268.47403,11.992267,1903.5042,8270.903,2.8134396,9822.48,0.47866884,52.950558,506.05994,38.0,2,0,0.9984741,572.23615,-0.096069336,1330.31,-2.8482666,1628.8982,-1.8973389,1133.7942,0.14436054,13.6361265,0.16724014,10.737812,0.14655972,13.843783,0.14274788,16.696838,-0.19216919,244.63966,-0.14083862,249.07321,0.030766487,10.793255,-2.4433594,1924.3252,1.2900391,8235.369,-0.025158644,2.6098506,N-CMAPSS_DS01-005,6
N-CMAPSS_DS01-005 · Engine 6,57,577.74054,1337.0487,1630.6469,1151.0443,14.948266,11.889933,15.175906,18.125181,262.326,267.1598,12.15743,1891.723,8257.064,2.7833898,9272.038,0.43268082,51.488155,504.0962,37.0,2,0,-3.1264038,572.99805,-4.805908,1331.3237,-6.0614014,1629.4636,0.4428711,1135.6626,-0.07758713,13.786347,-0.056829453,10.870995,-0.07876778,13.996292,-0.16387749,16.863108,-1.3024292,246.60394,-1.3142395,251.08334,0.16516304,10.932048,-11.781128,1921.6285,-13.838867,8238.692,-0.0300498,2.6283045,N-CMAPSS_DS01-005,6
N-CMAPSS_DS01-005 · Engine 6,58,573.98267,1342.5358,1657.5525,1138.27,13.233736,10.26405,13.435265,16.396307,245.37602,249.69478,10.257905,1978.6287,8275.536,2.663646,15203.756,0.54624027,62.218052,492.6489,36.0,2,0,-3.7578735,574.93243,5.4870605,1336.0485,26.90564,1636.5703,-12.774292,1138.6342,-1.71453,13.922658,-1.6258831,10.965947,-1.7406416,14.134678,-1.7288742,17.052237,-16.949966,249.60568,-17.465012,254.13223,-1.8995247,10.992841,86.90564,1931.0262,18.47168,8254.2295,-0.119743824,2.6663473,N-CMAPSS_DS01-005,6
N-CMAPSS_DS01-005 · Engine 6,59,573.64905,1336.3802,1643.2413,1135.9718,13.437504,10.514931,13.642137,16.552597,244.25839,248.62242,10.483515,1950.7843,8254.043,2.6279244,14267.166,0.53196794,59.1717,494.79147,35.0,2,0,-0.33361816,574.80273,-6.1555176,1336.4463,-14.311157,1638.4155,-2.2982178,1138.5902,0.20376778,13.850932,0.2508812,10.894262,0.20687199,14.06186,0.15629005,16.983717,-1.11763,249.082,-1.0723572,253.58353,0.22560978,10.9160185,-27.84436,1935.0222,-21.493164,8255.241,-0.03572154,2.666219,N-CMAPSS_DS01-005,6
N-CMAPSS_DS01-005 · Engine 6,60,575.35486,1334.8386,1632.9893,1139.7721,14.092978,11.14248,14.307591,17.203556,250.41185,254.99583,11.16548,1921.2671,8252.761,2.6503994,11820.502,0.48574,54.438465,499.7049,34.0,2,0,1.7058105,575.31104,-1.541626,1337.1138,-10.252075,1638.8698,3.800293,1140.0226,0.6554737,13.950264,0.6275492,10.98052,0.66545486,14.162704,0.650959,17.094198,6.1534576,250.46716,6.373413,254.99913,0.6819649,11.011591,-29.517212,1932.9854,-1.2822266,8257.53,0.022475004,2.679641,N-CMAPSS_DS01-005,6
N-CMAPSS_DS01-005 · Engine 6,61,574.291,1345.8408,1665.89,1140.7076,13.164204,10.174895,13.364674,16.342733,245.85332,250.15593,10.166502,1992.6873,8287.544,2.6712804,15425.437,0.549241,63.24118,492.00027,33.0,2,0,-1.0638428,576.1669,11.002197,1340.0166,32.900757,1644.311,0.9355469,1142.061,-0.9287739,13.977095,-0.9675846,10.980112,-0.9429178,14.189944,-0.8608227,17.151869,-4.5585327,252.01883,-4.839905,256.56158,-0.99897766,11.008269,71.420166,1940.6738,34.783203,8267.073,0.020880938,2.7036953,N-CMAPSS_DS01-005,6
N-CMAPSS_DS01-005 · Engine 6,62,570.20856,1335.8904,1652.8553,1131.7609,12.720411,9.841696,12.914122,15.786766,237.07114,241.21716,9.822456,1981.8773,8254.706,2.5702362,16445.031,0.5544522,63.185886,488.66473,32.0,2,0,-4.0824585,575.06287,-9.950439,1338.1249,-13.034668,1642.979,-8.946777,1140.3016,-0.44379234,13.82134,-0.3331995,10.850361,-0.450552,14.0318165,-0.55596733,16.968409,-8.782181,249.58047,-8.9387665,254.06955,-0.34404564,10.884009,-10.809937,1941.3262,-32.83789,8260.79,-0.10104418,2.678226,N-CMAPSS_DS01-005,6
N-CMAPSS_DS01-005 · Engine 6,63,576.4703,1350.3861,1674.515,1142.56,13.122111,10.081306,13.321941,16.384474,247.91107,252.18759,9.995116,2004.4526,8300.526,2.7275133,16111.212,0.57896763,65.018715,492.51932,31.0,2,0,6.2617188,575.42975,14.495728,1340.0039,21.659668,1647.3268,10.799194,1141.3267,0.40170002,13.777841,0.23961067,10.7908945,0.40781975,13.987656,0.59770775,16.945013,10.839935,250.07382,10.970428,254.54926,0.17265987,10.819303,22.575317,1948.5789,45.820312,8266.878,0.1572771,2.6924138,N-CMAPSS_DS01-005,6
N-CMAPSS_DS01-005 · Engine 6,64,577.79285,1336.8674,1632.7808,1152.7479,14.948535,11.889933,15.176178,18.128815,262.2051,267.01715,12.156807,1891.723,8255.602,2.7866023,9272.038,0.43268082,51.488155,504.0962,30.0,2,0,1.3225708,576.0225,-13.518677,1340.3594,-41.734253,1646.6736,10.187866,1143.5935,1.8264236,13.957509,1.8086262,10.952551,1.8542366,14.17006,1.7443409,17.13558,14.294037,252.2862,14.829559,256.81396,2.1616907,11.015898,-112.729614,1942.2595,-44.924805,8267.83,0.059088945,2.713303,N-CMAPSS_DS01-005,6
N-CMAPSS_DS01-005 · Engine 6,65,571.1316,1331.799,1639.7477,1129.7322,13.061072,10.212754,13.259972,16.094702,237.78436,242.0362,10.114801,1956.518,8243.052,2.539204,15069.622,0.53757167,59.24402,492.41196,29.0,2,0,-6.661255,575.1488,-5.0684814,1339.3441,6.966919,1646.6927,-23.015747,1141.3169,-1.8874626,13.775467,-1.6771784,10.795874,-1.9162064,13.985246,-2.034113,16.93042,-24.420746,249.68257,-24.980957,254.15608,-2.0420055,10.831228,64.79492,1947.3165,-12.549805,8265.174,-0.24739838,2.6833634,N-CMAPSS_DS01-005,6
N-CMAPSS_DS01-005 · Engine 6,66,574.9734,1344.3416,1662.5436,1137.855,13.2101965,10.24374,13.411367,16.390104,244.72449,249.03104,10.09747,1989.937,8282.391,2.6491432,15559.777,0.5667313,62.28626,493.2826,28.0,2,0,3.8417969,574.55945,12.542603,1339.5929,22.795898,1649.2762,8.122803,1140.0422,0.14912415,13.593902,0.030985832,10.625572,0.1513958,13.800915,0.29540253,16.740524,6.9401245,247.79218,6.9948425,252.21179,-0.017331123,10.641748,33.419067,1955.9598,39.338867,8266.322,0.10993934,2.666934,N-CMAPSS_DS01-005,6
N-CMAPSS_DS01-005 · Engine 6,67,565.7832,1324.0337,1638.079,1116.7665,12.02436,9.328662,12.207471,14.918456,222.00542,225.91008,9.122196,1977.5305,8217.519,2.379379,18456.303,0.5897307,63.124763,484.8677,27.0,2,0,-9.190186,573.3638,-20.307861,1338.2914,-24.4646,1650.0194,-21.088501,1136.6144,-1.1858368,13.301511,-0.91507816,10.369445,-1.2038965,13.504072,-1.4716482,16.419851,-22.71907,243.76012,-23.120956,248.08682,-0.9752741,10.338224,-12.406494,1964.5405,-64.87207,8262.368,-0.26976418,2.6265328,N-CMAPSS_DS01-005,6
N-CMAPSS_DS01-005 · Engine 6,68,572.96234,1330.4937,1633.78,1131.4523,13.424224,10.570135,13.628654,16.476389,240.16081,244.50185,10.404861,1936.6069,8236.984,2.5531487,14108.647,0.5350621,56.93731,495.831,26.0,2,0,7.179138,573.2617,6.459961,1337.0872,-4.29895,1647.6422,14.685791,1135.9326,1.3998642,13.3205595,1.2414732,10.400053,1.4211826,13.523411,1.5579329,16.427858,18.155396,243.2386,18.591766,247.56752,1.2826653,10.352921,-40.923584,1960.3384,19.46582,8258.513,0.17376971,2.615483,N-CMAPSS_DS01-005,6
N-CMAPSS_DS01-005 · Engine 6,69,569.9271,1326.8851,1636.2103,1131.9395,13.016133,10.177095,13.214348,16.050179,237.0213,241.19318,10.169251,1940.0981,8220.674,2.566278,15198.939,0.5344808,59.524887,491.43573,25.0,2,0,-3.0352173,572.8895,-3.6085205,1336.1377,2.4302979,1646.9391,0.48718262,1135.5294,-0.4080906,13.278422,-0.3930397,10.36627,-0.4143057,13.480632,-0.4262104,16.377617,-3.139511,242.5149,-3.30867,246.8246,-0.23561001,10.321494,3.491211,1959.2698,-16.310547,8255.176,0.013129234,2.6093185,N-CMAPSS_DS01-005,6
N-CMAPSS_DS01-005 · Engine 6,70,570.447,1332.1251,1646.2916,1129.1233,12.775715,9.950717,12.970269,15.804991,234.376,238.51762,9.784588,1970.8246,8242.954,2.5148258,16121.37,0.5605332,60.963974,490.4747,24.0,2,0,0.51989746,572.39874,5.23999,1335.8663,10.081299,1648.2693,-2.816162,1134.4645,-0.24041843,13.146696,-0.22637844,10.247093,-0.24407864,13.346899,-0.24518776,16.23776,-2.6452942,240.9113,-2.6755524,245.17677,-0.38466358,10.183405,30.72644,1964.2256,22.280273,8254.195,-0.05145216,2.595761,N-CMAPSS_DS01-005,6
N-CMAPSS_DS01-005 · Engine 6,71,565.7784,1323.6803,1639.3453,1125.1937,12.400718,9.648759,12.589561,15.329386,228.16164,232.16096,9.602284,1963.58,8214.393,2.4531677,16900.48,0.54559124,61.72581,486.04352,23.0,2,0,-4.66864,571.5475,-8.444824,1333.6503,-6.946289,1645.6149,-3.9295654,1132.9131,-0.37499714,13.070348,-0.30195808,10.19448,-0.38070774,13.269388,-0.475605,16.136427,-6.2143707,239.14214,-6.356659,243.37729,-0.18230343,10.126984,-7.244629,1961.3148,-28.561523,8246.88,-0.061658144,2.5739498,N-CMAPSS_DS01-005,6
N-CMAPSS_DS01-005 · Engine 6,72,572.093,1334.7544,1651.6863,1138.6,13.116139,10.196053,13.315879,16.233192,241.86261,246.0738,10.200364,1960.1932,8247.231,2.635732,15214.76,0.54024357,61.10619,491.88904,22.0,2,0,6.314636,571.7359,11.074097,1333.5366,12.340942,1645.4979,13.40625,1133.597,0.7154217,13.1099205,0.54729366,10.229916,0.7263174,13.309564,0.9038067,16.181068,13.7009735,239.62128,13.912842,243.86295,0.5980797,10.164774,-3.3867188,1959.1464,32.838867,8246.133,0.18256426,2.5804994,N-CMAPSS_DS01-005,6
N-CMAPSS_DS01-005 · Engine 6,73,567.2638,1327.0154,1645.1377,1122.752,12.22373,9.468827,12.409878,15.187716,226.66948,230.61916,9.26922,1979.975,8225.325,2.4452937,17873.799,0.5841745,62.8191,486.26657,21.0,2,0,-4.8292236,570.81525,-7.7390137,1331.1996,-6.548584,1642.5602,-15.848022,1131.6162,-0.8924093,13.020082,-0.7272253,10.168668,-0.9060011,13.218358,-1.0454769,16.061394,-15.1931305,237.49712,-15.454651,241.7061,-0.93114376,10.092184,19.781738,1956.6986,-21.90625,8238.612,-0.19043827,2.5522773,N-CMAPSS_DS01-005,6
N-CMAPSS_DS01-005 · Engine 6,74,574.80304,1339.9186,1657.7603,1143.3784,13.511814,10.54379,13.717578,16.683237,246.90556,251.2464,10.49939,1964.8474,8264.92,2.6737163,14318.288,0.5360029,59.88747,494.93607,20.0,2,0,7.5392456,570.5163,12.903198,1331.5046,12.622559,1645.0582,20.626465,1130.6793,1.288084,12.8764105,1.0749626,10.034053,1.3077002,13.072497,1.4955215,15.916835,20.236084,235.96716,20.627243,240.12903,1.2301693,9.926443,-15.127563,1964.0111,39.594727,8239.544,0.22842264,2.540989,N-CMAPSS_DS01-005,6
N-CMAPSS_DS01-005 · Engine 6,75,570.3797,1335.3157,1659.0765,1136.6296,12.721355,9.841696,12.915082,15.796911,236.74934,240.83994,9.820654,1981.8773,8250.428,2.5785813,16445.031,0.5544522,63.185886,488.66473,19.0,2,0,-4.42334,570.4411,-4.6029053,1331.8563,1.3162842,1646.9911,-6.7487793,1131.369,-0.7904587,12.842439,-0.7020941,9.996947,-0.80249596,13.038009,-0.88632584,15.887056,-10.1562195,235.86366,-10.406464,240.0094,-0.67873573,9.897028,17.029907,1966.547,-14.4921875,8240.282,-0.09513497,2.5449266,N-CMAPSS_DS01-005,6
N-CMAPSS_DS01-005 · Engine 6,76,569.1972,1327.8359,1644.0205,1134.8693,12.870766,10.046812,13.066768,15.878282,234.91916,239.03027,10.049698,1951.174,8224.576,2.5359025,15366.752,0.5276621,59.992622,490.16104,18.0,2,0,-1.1824951,569.86346,-7.4797363,1330.2058,-15.05603,1645.1388,-1.760376,1131.0704,0.14941025,12.8084955,0.20511627,9.977255,0.15168571,13.003549,0.08137035,15.835874,-1.8301849,234.88313,-1.8096619,239.00932,0.22904396,9.892251,-30.70337,1962.6707,-25.851562,8234.5,-0.042678833,2.5336025,N-CMAPSS_DS01-005,6
N-CMAPSS_DS01-005 · Engine 6,77,570.68195,1331.172,1648.3439,1140.9031,13.196848,10.3174305,13.397817,16.251532,240.39195,244.60783,10.375539,1949.749,8235.915,2.5924487,14284.703,0.50803447,58.970863,492.13617,17.0,2,0,1.4847412,570.35333,3.3360596,1330.9197,4.3233643,1646.1653,6.0338135,1133.4841,0.32608223,12.925744,0.27061844,10.076132,0.33104897,13.122583,0.37325,15.969181,5.4727936,236.72179,5.5775604,240.8791,0.32584095,10.017585,-1.4249268,1959.8926,11.338867,8236.34,0.05654621,2.5549095,N-CMAPSS_DS01-005,6
N-CMAPSS_DS01-005 · Engine 6,78,582.79504,1347.1283,1656.3807,1162.2218,15.20347,12.050479,15.434995,18.549994,268.3546,273.1874,12.082483,1919.2728,8287.083,2.88567,9550.788,0.4788489,53.36811,506.97748,16.0,2,0,12.113098,571.3366,15.956299,1332.5831,8.036865,1648.4253,21.318726,1136.561,2.0066223,13.103669,1.7330484,10.224166,2.037178,13.303217,2.298462,16.176542,27.962662,239.54117,28.579575,243.74765,1.7069445,10.185348,-30.476196,1958.1592,51.16797,8241.35,0.29322124,2.5881615,N-CMAPSS_DS01-005,6
N-CMAPSS_DS01-005 · Engine 6,79,577.9619,1333.4921,1635.977,1155.7854,14.846382,11.840808,15.07247,18.00501,257.6482,262.32935,11.996019,1886.1239,8239.817,2.7425854,9628.1455,0.44699135,50.965427,504.47363,15.0,2,0,-4.83313,572.14014,-13.63623,1333.2438,-20.403687,1648.402,-6.4364014,1138.9457,-0.3570881,13.286694,-0.20967102,10.390537,-0.362525,13.48903,-0.5449829,16.372025,-10.706421,241.60385,-10.858063,245.86127,-0.08646393,10.368024,-33.148926,1952.7617,-47.265625,8243.265,-0.14308453,2.6057923,N-CMAPSS_DS01-005,6
N-CMAPSS_DS01-005 · Engine 6,80,571.57587,1331.7697,1651.2228,1145.0411,13.365945,10.445761,13.569487,16.451986,243.24654,247.48662,10.5822,1944.2723,8236.038,2.638757,14127.037,0.5034235,58.855263,492.80194,14.0,2,0,-6.3860474,572.253,-1.7224121,1333.2083,15.245728,1648.8951,-10.744263,1140.5375,-1.4804373,13.345716,-1.3950472,10.440042,-1.5029831,13.548951,-1.5530243,16.436724,-14.401657,242.4909,-14.842728,246.75818,-1.4138193,10.447785,58.148438,1950.1064,-3.7792969,8242.572,-0.10382843,2.6181855,N-CMAPSS_DS01-005,6
N-CMAPSS_DS01-005 · Engine 6,81,576.2649,1341.3583,1663.2023,1152.0742,13.823982,10.805925,14.0345,17.043068,251.7407,256.1377,10.80696,1957.0258,8269.151,2.7318563,13015.529,0.5127453,58.464527,497.22342,13.0,2,0,4.689026,573.30164,9.588623,1334.9761,11.979492,1651.2808,7.033081,1143.2255,0.45803738,13.488043,0.36016464,10.555758,0.4650135,13.693445,0.5910816,16.608093,8.494171,244.84882,8.651077,249.15585,0.22476006,10.568253,12.753418,1949.451,33.11328,8248.049,0.093099356,2.6460543,N-CMAPSS_DS01-005,6
N-CMAPSS_DS01-005 · Engine 6,82,578.286,1337.0964,1648.0289,1152.9991,14.443811,11.453428,14.663767,17.634094,254.00081,258.55698,11.387232,1917.6406,8252.891,2.716706,11257.178,0.4963276,53.743977,502.64673,12.0,2,0,2.0211182,573.92096,-4.261841,1335.2102,-15.17334,1650.915,0.92492676,1144.6654,0.6198292,13.6208105,0.6475029,10.681496,0.62926674,13.828234,0.5910263,16.748182,2.2601013,246.06264,2.419281,250.40416,0.5802717,10.686939,-39.38513,1945.1958,-16.260742,8248.614,-0.015150309,2.6541517,N-CMAPSS_DS01-005,6
N-CMAPSS_DS01-005 · Engine 6,83,576.2796,1326.2322,1626.6174,1150.2911,14.627003,11.715261,14.8497505,17.716703,250.96066,255.53696,11.730644,1874.0806,8214.777,2.6562297,10102.466,0.46192172,49.92651,503.94748,11.0,2,0,-2.0064087,574.8225,-10.864258,1335.132,-21.411499,1649.063,-2.7080078,1147.4193,0.1831913,13.861137,0.2618332,10.906139,0.18598366,14.072222,0.08260918,17.001081,-3.0401459,248.49176,-3.0200195,252.89595,0.3434124,10.933082,-43.56006,1934.6063,-38.11328,8247.56,-0.060476303,2.6752453,N-CMAPSS_DS01-005,6
N-CMAPSS_DS01-005 · Engine 6,84,568.9754,1327.5138,1654.5273,1135.9309,12.555645,9.767276,12.746847,15.5525,229.94806,233.90285,9.653277,1966.7151,8221.872,2.4957592,16778.236,0.5618968,61.64738,488.43365,10.0,2,0,-7.304199,574.23975,1.2816162,1333.8915,27.909912,1648.7397,-14.3602295,1146.6746,-2.0713577,13.765521,-1.9479856,10.828487,-2.1029034,13.975148,-2.1642036,16.888008,-21.012604,246.796,-21.63411,251.16159,-2.0773668,10.848471,92.63452,1934.7931,7.0947266,8243.255,-0.16047049,2.6574497,N-CMAPSS_DS01-005,6
N-CMAPSS_DS01-005 · Engine 6,85,572.6547,1332.6248,1658.8757,1147.9003,13.236186,10.32917,13.437752,16.345156,241.0823,245.22173,10.352859,1950.0155,8235.778,2.6371849,14744.686,0.52961123,60.103542,492.92493,9.0,2,0,3.6793213,574.4673,5.110962,1333.6223,4.3483887,1648.7197,11.96936,1147.8016,0.68054104,13.817004,0.5618944,10.877235,0.6909046,14.027415,0.79265594,16.942833,11.134247,247.2293,11.318878,251.59976,0.69958115,10.901691,-16.699585,1931.6069,13.90625,8241.79,0.14142561,2.66331,N-CMAPSS_DS01-005,6
N-CMAPSS_DS01-005 · Engine 6,86,562.4574,1305.0953,1618.0925,1129.5227,12.521585,9.864335,12.712269,15.350822,223.6912,227.57019,9.939984,1897.0789,8144.105,2.4140613,15376.239,0.49959958,56.4173,487.21027,8.0,2,0,-10.197327,573.7933,-27.529419,1331.3483,-40.783203,1646.1268,-18.377563,1147.267,-0.71460056,13.782085,-0.46483517,10.858988,-0.72548294,13.991965,-0.99433327,16.890087,-17.391113,246.1065,-17.651535,250.45377,-0.41287422,10.890719,-52.936646,1926.1975,-91.67334,8233.743,-0.22312355,2.651126,N-CMAPSS_DS01-005,6
N-CMAPSS_DS01-005 · Engine 6,87,579.25714,1335.5221,1648.4884,1163.5438,14.970232,11.93079,15.198209,18.19932,260.20493,264.8436,12.016883,1893.5309,8243.181,2.7986221,9617.445,0.46257043,51.609184,505.1812,7.0,2,0,16.799744,574.6508,30.426758,1331.7833,30.395874,1646.1414,34.02112,1149.531,2.4486465,13.959424,2.066455,11.020324,2.48594,14.172005,2.8484974,17.084866,36.513733,248.0878,37.273407,252.47734,2.0768986,11.054854,-3.5479736,1920.5757,99.07568,8234.47,0.38456082,2.6717432,N-CMAPSS_DS01-005,6
N-CMAPSS_DS01-005 · Engine 6,88,574.2418,1331.9159,1658.3234,1152.8108,13.62935,10.681102,13.836904,16.802832,246.09222,250.31084,10.664825,1936.2548,8229.946,2.699634,13789.272,0.5266087,58.171696,495.77966,6.0,2,0,-5.01532,573.7955,-3.6062012,1330.2621,9.834961,1646.3356,-10.733032,1148.59,-1.3408823,13.802012,-1.2496881,10.883386,-1.3613052,14.012196,-1.3964882,16.910149,-14.112701,245.86156,-14.532761,250.18968,-1.3520575,10.913089,42.723877,1922.2738,-13.234375,8228.756,-0.098988056,2.6531396,N-CMAPSS_DS01-005,6
N-CMAPSS_DS01-005 · Engine 6,89,571.78625,1320.7566,1632.3121,1155.7073,14.16173,11.276844,14.377391,17.174976,246.44186,250.81677,11.543361,1874.5637,8195.201,2.6305606,10434.208,0.42138648,50.45521,499.07065,5.0,2,0,-2.4555664,573.1779,-11.159302,1328.9885,-26.01123,1645.9691,2.8964844,1148.5822,0.5323801,13.733547,0.5957422,10.826989,0.5404873,13.942688,0.3721447,16.827147,0.3496399,244.74094,0.50593567,249.03842,0.8785353,10.867823,-61.69104,1921.1178,-34.745117,8224.294,-0.06907344,2.6419373,N-CMAPSS_DS01-005,6
N-CMAPSS_DS01-005 · Engine 6,90,574.7532,1340.0767,1681.8835,1161.4458,13.358074,10.334998,13.561498,16.60433,248.02298,252.14317,10.430926,1969.7268,8256.313,2.7668056,14608.595,0.52942157,62.24471,492.90723,4.0,2,0,2.966919,573.49567,19.320068,1329.8192,49.57141,1649.0352,5.7385254,1150.2227,-0.8036556,13.732759,-0.9418459,10.815913,-0.8158932,13.941889,-0.5706463,16.84238,1.5811157,245.21857,1.3264008,249.50407,-1.1124344,10.852695,95.163086,1923.6632,61.112305,8226.321,0.13624501,2.654742,N-CMAPSS_DS01-005,6
N-CMAPSS_DS01-005 · Engine 6,91,575.9489,1333.0753,1657.5288,1159.2587,14.096398,11.14248,14.311065,17.240711,249.10686,253.45847,11.15855,1921.2671,8236.405,2.6853642,11820.502,0.48574,54.438465,499.7049,3.0,2,0,1.1957397,573.46405,-7.001343,1328.991,-24.354736,1648.4678,-2.1871338,1150.941,0.73832417,13.760001,0.80748177,10.849568,0.74956703,13.969545,0.63638115,16.862144,1.0838776,244.95518,1.3152924,249.23616,0.72762394,10.887855,-48.459717,1920.0874,-19.908203,8223.047,-0.0814414,2.6500928,N-CMAPSS_DS01-005,6
N-CMAPSS_DS01-005 · Engine 6,92,566.2402,1317.339,1650.744,1140.3512,12.460897,9.740407,12.65066,15.381778,225.33983,229.14651,9.711145,1941.722,8182.626,2.4614823,16749.684,0.54519325,60.439983,487.0329,2.0,2,0,-9.70874,572.25946,-15.736328,1327.0151,-6.78479,1648.7394,-18.90747,1149.6763,-1.6355009,13.56171,-1.4020729,10.678267,-1.6604052,13.768234,-1.8589334,16.636913,-23.767029,242.0891,-24.31195,246.2951,-1.4474049,10.720245,20.454956,1922.4955,-53.779297,8216.0205,-0.22388196,2.6245704,N-CMAPSS_DS01-005,6
N-CMAPSS_DS01-005 · Engine 6,93,575.80786,1341.213,1687.6929,1165.2375,13.448097,10.438602,13.652891,16.695755,247.37279,251.47923,10.451943,1972.5176,8257.812,2.7527633,14531.761,0.5378257,61.71004,494.07916,1.0,2,0,9.567688,572.2123,23.874023,1328.5132,36.948853,1654.8469,24.886353,1151.1709,0.9871998,13.443819,0.69819546,10.5506,1.0022316,13.648548,1.3139772,16.534819,22.032959,241.7303,22.332718,245.88934,0.740798,10.592376,30.795532,1932.3392,75.18555,8220.324,0.29128098,2.6342237,N-CMAPSS_DS01-005,6
N-CMAPSS_DS01-005 · Engine 6,94,570.9872,1321.8751,1651.5652,1147.8185,13.178904,10.39276,13.379596,16.189547,233.47122,237.48418,10.230669,1927.1373,8196.988,2.5239723,14507.115,0.53211474,56.377968,494.00406,0.0,2,0,-4.8206787,572.41345,-19.33789,1327.9493,-36.127686,1654.5507,-17.419067,1152.3596,-0.26919365,13.5061455,-0.04584217,10.613149,-0.2732954,13.711823,-0.5062084,16.598522,-13.901566,242.08261,-13.995056,246.24747,-0.22127438,10.650115,-45.38025,1928.3815,-60.823242,8217.836,-0.228791,2.6370451,N-CMAPSS_DS01-005,6
N-CMAPSS_DS02-006 · Engine 2,1,549.8692,1301.1068,1613.2878,1082.0634,9.894237,7.5228596,10.04491,12.437059,191.22813,194.51834,7.3178864,2002.3691,8146.9175,2.0477862,24387.125,0.6365213,69.64773,466.73337,74.0,3,1,0.0,549.8692,0.0,1301.1068,0.0,1613.2878,0.0,1082.0634,0.0,9.894237,0.0,7.5228596,0.0,10.04491,0.0,12.437059,0.0,191.22813,0.0,194.51834,0.0,7.3178864,0.0,2002.3691,0.0,8146.9175,0.0,2.0477862,N-CMAPSS_DS02-006,2
N-CMAPSS_DS02-006 · Engine 2,2,571.639,1358.4696,1697.5645,1131.0045,11.5477915,8.600872,11.723646,14.697611,231.94725,235.83525,8.484025,2087.6409,8333.999,2.5709584,21090.207,0.6454407,75.16732,480.603,73.0,3,1,21.769775,560.7541,57.362793,1329.7882,84.27661,1655.4261,48.941162,1106.5339,1.6535549,10.721014,1.0780125,8.061866,1.6787357,10.884278,2.2605515,13.567335,40.719116,211.58769,41.31691,215.17679,1.1661386,7.9009557,85.27173,2045.005,187.08154,8240.458,0.52317214,2.3093724,N-CMAPSS_DS02-006,2
N-CMAPSS_DS02-006 · Engine 2,3,543.8103,1294.9294,1616.0825,1079.9891,9.366163,7.014779,9.508794,11.868653,186.919,190.03114,6.974673,2015.4092,8124.9897,2.0381985,26098.87,0.6250266,73.749405,458.86316,72.0,3,1,-27.828674,555.10614,-63.54016,1318.1686,-81.48193,1642.3116,-51.01538,1097.6857,-2.1816282,10.269397,-1.586093,7.7128367,-2.2148523,10.425783,-2.8289576,13.001108,-45.028244,203.36479,-45.804108,206.7949,-1.5093522,7.5921946,-72.23169,2035.1398,-209.00928,8201.969,-0.5327599,2.218981,N-CMAPSS_DS02-006,2
N-CMAPSS_DS02-006 · Engine 2,4,560.28284,1327.7837,1652.0121,1099.9937,10.468225,7.8668284,10.62764,13.268631,206.30667,209.81624,7.58064,2049.0007,8234.832,2.2427676,23801.63,0.6711031,72.68156,472.9297,71.0,3,1,16.472534,556.4003,32.854248,1320.5724,35.929565,1644.7367,20.004517,1098.2627,1.1020613,10.319104,0.85204935,7.7513347,1.1188459,10.476248,1.3999777,13.067988,19.387665,204.10027,19.785095,207.55025,0.60596704,7.589306,33.591553,2038.605,109.842285,8210.185,0.2045691,2.2249277,N-CMAPSS_DS02-006,2
N-CMAPSS_DS02-006 · Engine 2,5,561.6476,1333.3827,1662.1061,1108.9442,10.6962385,8.022052,10.859125,13.557578,212.20515,215.7916,7.8560705,2055.0208,8253.089,2.3170238,22733.46,0.64211315,73.08937,473.81903,70.0,3,1,1.3647461,557.44977,5.598999,1323.1344,10.093994,1648.2106,8.950562,1100.3989,0.22801399,10.394531,0.15522337,7.805478,0.23148537,10.552823,0.2889471,13.165907,5.8984833,205.72124,5.975357,209.19852,0.27543068,7.6426587,6.0200195,2041.8882,18.256836,8218.766,0.07425618,2.243347,N-CMAPSS_DS02-006,2
N-CMAPSS_DS02-006 · Engine 2,6,568.30273,1330.6517,1635.4349,1115.7495,12.386016,9.606041,12.5746355,15.370793,230.19942,234.32332,9.361057,1981.5388,8243.93,2.4521344,17164.861,0.5774363,62.10246,487.99792,69.0,3,1,6.6551514,559.2586,-2.730957,1324.3873,-26.671143,1646.0813,6.805298,1102.9574,1.6897774,10.726445,1.5839891,8.105572,1.7155104,10.8897915,1.8132153,13.533388,17.994263,209.80093,18.531723,213.38599,1.5049868,7.9290586,-73.48193,2031.83,-9.15918,8222.959,0.13511062,2.2781448,N-CMAPSS_DS02-006,2
N-CMAPSS_DS02-006 · Engine 2,7,558.3125,1326.2788,1652.8567,1103.2397,10.497692,7.8794513,10.657557,13.294024,208.14479,211.66592,7.746216,2047.7993,8230.175,2.2668383,23171.996,0.63495123,72.81498,471.25388,68.0,3,1,-9.990234,559.1235,-4.372925,1324.6576,17.421753,1647.0492,-12.509766,1102.9977,-1.8883238,10.693766,-1.7265897,8.073269,-1.917079,10.856615,-2.0767689,13.499193,-22.054626,209.56435,-22.657394,213.14026,-1.6148415,7.9029384,66.2605,2034.1112,-13.754883,8223.99,-0.18529606,2.2765296,N-CMAPSS_DS02-006,2
N-CMAPSS_DS02-006 · Engine 2,8,548.50903,1296.8395,1607.1464,1073.582,9.693545,7.3777432,9.841163,12.195081,186.4993,189.72931,7.033403,2005.2263,8134.607,1.9835657,25411.951,0.66262054,69.474686,465.58182,67.0,3,1,-9.803467,557.79663,-29.439331,1321.1803,-45.710327,1642.0614,-29.657715,1099.3208,-0.80414677,10.568739,-0.50170803,7.986328,-0.81639385,10.729684,-1.0989437,13.336179,-21.645493,206.68121,-21.936615,210.2139,-0.7128129,7.794246,-42.572998,2030.5006,-95.56787,8212.817,-0.28327262,2.2399092,N-CMAPSS_DS02-006,2
N-CMAPSS_DS02-006 · Engine 2,9,560.3494,1321.0536,1632.7621,1108.1621,11.324924,8.6838045,11.497385,14.133755,215.8089,219.58017,8.6153145,1993.6588,8211.652,2.3127437,19517.676,0.56973946,65.7172,478.40216,66.0,3,1,11.840393,558.08026,24.214111,1321.1663,25.615723,1641.0281,34.58008,1100.3031,1.6313791,10.65276,1.3060613,8.063826,1.6562223,10.814984,1.938674,13.424798,29.3096,207.6954,29.85086,211.2546,1.5819116,7.885476,-11.567505,2026.4071,77.04541,8212.6875,0.32917798,2.2480018,N-CMAPSS_DS02-006,2
N-CMAPSS_DS02-006 · Engine 2,10,556.93805,1323.446,1649.0555,1102.0338,10.3975115,7.815671,10.555848,13.154106,205.82014,209.30641,7.7009254,2043.2405,8221.032,2.2340798,23048.057,0.6228293,72.46571,470.4204,65.0,3,1,-3.411377,557.96606,2.392456,1321.3942,16.293457,1641.8308,-6.128296,1100.4762,-0.927413,10.627234,-0.86813354,8.03901,-0.9415369,10.78907,-0.9796486,13.397729,-9.988754,207.50787,-10.273758,211.05977,-0.91438913,7.867021,49.581665,2028.0905,9.379883,8213.522,-0.078663826,2.2466097,N-CMAPSS_DS02-006,2
N-CMAPSS_DS02-006 · Engine 2,11,552.9438,1305.9506,1616.6998,1090.2438,10.349032,7.8891115,10.506631,12.986299,199.51408,202.95389,7.7332797,1993.9395,8161.773,2.1419737,22519.785,0.6070644,67.75818,470.68384,64.0,3,1,-3.9942627,558.2735,-17.495483,1321.8785,-32.355713,1642.1721,-11.790039,1101.2942,-0.04847908,10.672714,0.07344055,8.075635,-0.049217224,10.835242,-0.16780758,13.452653,-6.306061,208.33647,-6.352524,211.90332,0.032354355,7.9085603,-49.301025,2027.2474,-59.259277,8215.008,-0.092106104,2.2560284,N-CMAPSS_DS02-006,2
N-CMAPSS_DS02-006 · Engine 2,12,562.12213,1330.6099,1653.4702,1107.2933,10.922791,8.251554,11.089126,13.784458,213.63345,217.29103,8.055968,2038.7231,8244.343,2.319741,22029.674,0.6363781,71.04193,475.84012,63.0,3,1,9.178345,557.32184,24.659302,1319.0925,36.770386,1637.7627,17.04956,1098.9231,0.5737581,10.610214,0.36244202,8.040704,0.58249474,10.7717905,0.7981596,13.361338,14.1193695,206.5051,14.337143,210.0489,0.32268858,7.8657546,44.78369,2022.3557,82.569824,8206.042,0.17776728,2.2309067,N-CMAPSS_DS02-006,2
N-CMAPSS_DS02-006 · Engine 2,13,556.0872,1303.729,1598.7601,1101.6636,11.50287,8.96841,11.6780405,14.163868,212.0772,215.8857,9.011506,1932.4823,8155.0107,2.2282,17539.37,0.50649506,59.0864,479.71143,62.0,3,1,-6.034912,558.54956,-26.88086,1319.9725,-54.710083,1636.0304,-5.6297607,1101.0906,0.5800791,10.823885,0.716856,8.236067,0.5889149,10.988715,0.3794098,13.590859,-1.5562592,209.0209,-1.4053345,212.63435,0.9555378,8.069438,-106.240845,2014.063,-89.33203,8209.044,-0.09154105,2.2499068,N-CMAPSS_DS02-006,2
N-CMAPSS_DS02-006 · Engine 2,14,556.36475,1318.3528,1639.341,1092.1613,10.176884,7.673371,10.331862,12.869352,199.34998,202.75789,7.380537,2037.7164,8205.239,2.148238,24240.602,0.6635921,71.65748,470.35892,61.0,3,1,0.27752686,558.1577,14.623779,1319.0294,40.58081,1634.7633,-9.502319,1100.3074,-1.3259859,10.79475,-1.2950387,8.216721,-1.346178,10.959137,-1.2945156,13.550932,-12.727219,208.32524,-13.127808,211.92853,-1.630969,8.049428,105.23413,2012.9346,50.228516,8206.085,-0.079962015,2.2404537,N-CMAPSS_DS02-006,2
N-CMAPSS_DS02-006 · Engine 2,15,550.98334,1305.0114,1620.2611,1083.2937,9.875014,7.4720945,10.025395,12.458238,192.61366,195.9089,7.233715,2015.7628,8160.4087,2.0687232,24561.434,0.64484674,70.37977,466.93802,60.0,3,1,-5.3814087,557.0913,-13.341431,1316.1924,-19.079834,1630.5787,-8.867554,1097.7423,-0.3018694,10.712628,-0.2012763,8.161725,-0.30646706,10.875764,-0.4111147,13.440997,-6.736313,206.36609,-6.848984,209.94025,-0.14682198,7.987192,-21.953613,2009.0088,-44.830566,8196.817,-0.07951474,2.2156239,N-CMAPSS_DS02-006,2
N-CMAPSS_DS02-006 · Engine 2,16,560.36334,1321.0005,1633.2471,1108.5267,11.324994,8.6838045,11.497457,14.134534,215.7857,219.55296,8.615187,1993.6581,8211.305,2.3133352,19517.676,0.56973946,65.7172,478.40216,59.0,3,1,9.380005,556.29736,15.989136,1315.2272,12.985962,1630.36,25.233032,1097.02,1.4499798,10.606525,1.21171,8.069502,1.4720612,10.768046,1.6762962,13.317371,23.172043,204.92471,23.644058,208.46323,1.3814716,7.9126053,-22.104736,2010.2207,50.895996,8193.555,0.24461198,2.2017438,N-CMAPSS_DS02-006,2
N-CMAPSS_DS02-006 · Engine 2,17,543.8201,1294.8947,1616.3953,1080.2251,9.366209,7.014779,9.508841,11.869132,186.90569,190.0156,6.9746013,2015.4088,8124.7627,2.0385273,26098.87,0.6250266,73.749405,458.86316,58.0,3,0,-16.543213,554.84814,-26.105835,1312.0887,-16.851807,1626.7139,-28.301636,1094.7185,-1.958785,10.493378,-1.6690254,7.983034,-1.988616,10.653174,-2.2654018,13.174882,-28.88002,202.80081,-29.537369,206.29819,-1.6405854,7.8354435,21.750732,2006.9817,-86.54199,8183.013,-0.27480793,2.1789126,N-CMAPSS_DS02-006,2
N-CMAPSS_DS02-006 · Engine 2,18,576.45197,1354.0879,1673.2377,1138.5632,13.108693,10.058111,13.308318,16.374659,249.24754,253.618,9.9440565,2018.5546,8318.443,2.7114925,15777.771,0.5697653,65.07797,492.49313,57.0,3,0,32.631836,557.6424,59.193237,1317.8136,56.842407,1633.323,58.338135,1101.2167,3.742484,10.834892,3.043332,8.251071,3.7994776,10.99989,4.5055265,13.59284,62.341858,209.07564,63.6024,212.68706,2.9694552,8.126509,3.145752,2008.3145,193.68066,8201.396,0.6729653,2.2517054,N-CMAPSS_DS02-006,2
N-CMAPSS_DS02-006 · Engine 2,19,556.14575,1315.6202,1631.7788,1094.1486,10.46903,7.9538302,10.628456,13.164906,202.57222,206.07268,7.734696,2018.796,8195.871,2.172213,22871.54,0.6310035,69.37886,471.9897,56.0,3,0,-20.306213,557.22205,-38.46765,1317.2703,-41.458862,1633.2246,-44.414673,1099.8153,-2.6396627,10.749303,-2.104281,8.178074,-2.679862,10.912997,-3.209753,13.495955,-46.675323,207.75197,-47.54532,211.3363,-2.2093606,8.038447,0.24145508,2010.8282,-122.572266,8199.818,-0.53927946,2.2376523,N-CMAPSS_DS02-006,2
N-CMAPSS_DS02-006 · Engine 2,20,562.4522,1325.0779,1638.1141,1108.4164,11.337574,8.679357,11.510227,14.175612,216.10464,219.88263,8.520196,2002.1389,8225.21,2.3177626,19975.57,0.59524584,66.301445,479.59146,55.0,3,0,6.3064575,557.77344,9.457642,1317.4335,6.335327,1632.1305,14.267822,1100.4536,0.8685436,10.843309,0.72552633,8.264442,0.8817711,11.008435,1.0107069,13.598105,13.532425,208.78041,13.809952,212.39392,0.78550005,8.120375,-16.657104,2006.718,29.338867,8200.236,0.14554954,2.2460206,N-CMAPSS_DS02-006,2
N-CMAPSS_DS02-006 · Engine 2,21,562.1352,1324.8053,1639.777,1106.286,11.196924,8.541033,11.3674345,14.057068,215.13411,218.8593,8.32703,2010.3208,8222.332,2.326143,20823.535,0.6182803,67.7593,478.43356,54.0,3,0,-0.3170166,558.6926,-0.272583,1319.319,1.6628418,1634.4382,-2.130371,1102.0577,-0.1406498,10.928099,-0.13832378,8.329635,-0.1427927,11.094516,-0.11854458,13.705183,-0.9705353,210.34242,-1.0233307,213.98447,-0.19316578,8.1797495,8.181885,2008.3562,-2.8779297,8206.293,0.008380413,2.2644377,N-CMAPSS_DS02-006,2
N-CMAPSS_DS02-006 · Engine 2,22,547.3295,1296.9268,1609.6857,1080.8015,9.729484,7.3923798,9.877648,12.227398,188.78928,192.02357,7.246808,1999.5629,8133.784,2.018163,24250.99,0.61292684,69.5216,464.74234,53.0,3,0,-14.805664,557.2133,-27.87854,1315.9507,-30.091309,1630.0598,-25.484497,1099.4086,-1.4674406,10.808767,-1.148653,8.243717,-1.4897861,10.973368,-1.82967,13.549477,-26.344833,207.858,-26.835724,211.45772,-1.0802221,8.098833,-10.757935,2004.4402,-88.54785,8195.236,-0.30798006,2.2342799,N-CMAPSS_DS02-006,2
N-CMAPSS_DS02-006 · Engine 2,23,557.1801,1316.1628,1631.7417,1094.3248,10.477156,7.9638147,10.636707,13.177627,202.2138,205.70862,7.6958137,2016.2632,8197.08,2.1682606,22864.49,0.63948345,68.98222,473.09665,52.0,3,0,9.850586,557.32263,19.236084,1317.194,22.05603,1633.3579,13.523315,1098.6747,0.7476721,10.706196,0.571435,8.143257,0.75905895,10.869235,0.9502287,13.450852,13.42453,206.87166,13.685043,210.44002,0.4490056,7.967264,16.700317,2012.8182,63.2959,8199.443,0.15009761,2.2282858,N-CMAPSS_DS02-006,2
N-CMAPSS_DS02-006 · Engine 2,24,568.8632,1326.2611,1622.1125,1118.8801,12.928227,10.146314,13.125103,15.895996,234.51851,238.80779,9.968097,1946.1929,8230.745,2.4660401,14869.269,0.5312022,57.504627,491.95285,51.0,3,0,11.683105,558.5725,10.098267,1317.9849,-9.62915,1631.6351,24.555298,1101.3467,2.4510717,10.981331,2.182499,8.390552,2.4883957,11.148559,2.7183695,13.753517,32.304703,210.38852,33.099167,214.045,2.272283,8.22602,-70.07031,2003.6659,33.66504,8201.994,0.29777956,2.260066,N-CMAPSS_DS02-006,2
N-CMAPSS_DS02-006 · Engine 2,25,567.94415,1335.7289,1650.7898,1116.6399,11.848513,9.069285,12.028946,14.835195,225.6782,229.62767,8.832707,2011.6876,8259.448,2.4335458,19025.697,0.6063635,66.29027,484.27966,50.0,3,0,-0.9190674,560.26855,9.467773,1321.0566,28.677246,1634.688,-2.2402344,1104.6813,-1.0797148,11.17868,-1.0770283,8.550271,-1.0961571,11.348914,-1.0608015,13.991213,-8.8403015,213.69498,-9.180115,217.41689,-1.1353893,8.38592,65.49475,2003.2584,28.703125,8211.898,-0.032494307,2.2965484,N-CMAPSS_DS02-006,2
N-CMAPSS_DS02-006 · Engine 2,26,549.89685,1301.0056,1614.2532,1082.7881,9.894373,7.5228596,10.045048,12.438435,191.1894,194.47258,7.317695,2002.3683,8146.2534,2.0488565,24387.125,0.6365213,69.64773,466.73337,49.0,3,0,-18.047302,559.2219,-34.723267,1319.0571,-36.53662,1632.7886,-33.851807,1102.1074,-1.9541397,11.035618,-1.5464258,8.434176,-1.9838982,11.203672,-2.39676,13.821603,-34.4888,211.23534,-35.15509,214.90884,-1.5150123,8.25617,-9.319336,2004.1294,-113.194824,8205.393,-0.38468933,2.2701004,N-CMAPSS_DS02-006,2
N-CMAPSS_DS02-006 · Engine 2,27,558.3432,1319.9591,1639.7137,1097.5375,10.522317,7.963152,10.682554,13.275385,204.81216,208.31573,7.706225,2025.7572,8208.244,2.218079,23314.604,0.65425533,70.695625,472.8847,48.0,3,0,8.44635,560.6742,18.953491,1321.5636,25.460571,1635.1204,14.74939,1103.8386,0.627944,11.151229,0.44029236,8.529014,0.6375065,11.321044,0.8369503,13.962228,13.622757,213.02599,13.843155,216.73886,0.38852978,8.329332,23.388916,2005.1642,61.990723,8213.741,0.1692226,2.2880557,N-CMAPSS_DS02-006,2
N-CMAPSS_DS02-006 · Engine 2,28,561.43774,1327.346,1648.3293,1109.9928,11.160713,8.478511,11.330672,14.0272665,216.36313,220.0819,8.363592,2023.2743,8231.902,2.3452756,20950.908,0.606728,69.21185,476.69293,47.0,3,0,3.0945435,559.1728,7.386841,1318.8894,8.615601,1632.6296,12.455322,1100.9816,0.63839626,10.956431,0.5153589,8.371054,0.648118,11.12328,0.7518816,13.7274885,11.550964,209.73755,11.766159,213.38525,0.6573672,8.171286,-2.4829102,2005.6362,23.658203,8205.087,0.12719655,2.2514338,N-CMAPSS_DS02-006,2
N-CMAPSS_DS02-006 · Engine 2,29,568.33777,1330.5208,1636.6848,1116.7223,12.386218,9.606041,12.574841,15.3729,230.13564,234.24829,9.360697,1981.5388,8243.036,2.453757,17164.861,0.5774363,62.10246,487.99792,46.0,3,0,6.9000244,560.39197,3.1748047,1320.3794,-11.644531,1633.1202,6.729492,1103.2389,1.2255049,11.1481495,1.1275301,8.536275,1.2441683,11.317918,1.3456335,13.948288,13.772507,212.4939,14.166397,216.2028,0.99710464,8.333886,-41.735474,2001.9105,11.133789,8209.804,0.10848141,2.2795882,N-CMAPSS_DS02-006,2
N-CMAPSS_DS02-006 · Engine 2,30,558.92755,1323.7356,1646.9658,1102.5442,10.682489,8.079124,10.845167,13.471515,208.42815,211.99028,7.892477,2034.1783,8221.209,2.2588181,22757.748,0.6370606,71.17908,473.0793,45.0,3,0,-9.410217,560.03955,-6.7851562,1320.2452,10.281006,1634.0054,-14.178101,1102.6517,-1.7037287,11.082642,-1.5269165,8.476252,-1.7296734,11.251412,-1.9013853,13.877878,-21.707489,211.72624,-22.25801,215.41357,-1.4682198,8.271114,52.639526,2005.1144,-21.827148,8209.403,-0.1949389,2.2736938,N-CMAPSS_DS02-006,2
N-CMAPSS_DS02-006 · Engine 2,31,573.55524,1343.4568,1653.5892,1131.1122,13.050671,10.106437,13.249413,16.186989,243.53505,247.88275,9.95835,1990.447,8286.805,2.607321,15183.575,0.55018574,61.66385,492.67807,44.0,3,0,14.627686,561.1815,19.721191,1322.1104,6.623413,1635.3866,28.567993,1105.1343,2.3681812,11.268016,2.0273123,8.6327915,2.4042454,11.43961,2.7154741,14.090871,35.106903,214.56633,35.89247,218.31592,2.0658731,8.434246,-43.731323,2003.1271,65.5957,8215.851,0.34850287,2.3018117,N-CMAPSS_DS02-006,2
N-CMAPSS_DS02-006 · Engine 2,32,562.8823,1327.4971,1645.5739,1109.0033,11.26393,8.584108,11.435462,14.148481,216.69537,220.44186,8.374851,2017.6279,8231.42,2.343149,20735.754,0.6175668,68.040665,478.7061,43.0,3,0,-10.672913,562.7368,-15.959717,1325.1674,-8.015381,1638.9753,-22.108887,1107.9545,-1.7867403,11.421461,-1.5223284,8.751965,-1.8139505,11.595391,-2.0385075,14.282979,-26.839676,217.35695,-27.440887,221.15775,-1.583499,8.54705,27.180908,2004.9336,-55.384766,8225.614,-0.26417208,2.3343103,N-CMAPSS_DS02-006,2
N-CMAPSS_DS02-006 · Engine 2,33,561.0932,1326.1307,1647.7911,1103.6425,10.818817,8.195649,10.983572,13.63978,210.19473,213.80254,7.929658,2031.9186,8229.51,2.2716498,22230.934,0.64162177,69.93489,475.65466,42.0,3,0,-1.7891235,563.1281,-1.366333,1326.1642,2.2172852,1640.5803,-5.36084,1108.8862,-0.44511318,11.4556265,-0.3884592,8.775148,-0.45189,11.630077,-0.5087013,14.329194,-6.500641,218.15503,-6.639328,221.96713,-0.4451933,8.570435,14.290649,2006.4991,-1.9101562,8228.857,-0.07149911,2.3446493,N-CMAPSS_DS02-006,2
N-CMAPSS_DS02-006 · Engine 2,34,558.3466,1319.4392,1637.6588,1100.1497,10.738813,8.166179,10.902348,13.500058,207.43835,211.01257,7.9535785,2018.4357,8206.888,2.2345412,22154.99,0.62531227,69.084885,474.11838,41.0,3,0,-2.746582,562.0765,-6.6915283,1325.4819,-10.132324,1642.135,-3.4927979,1107.0132,-0.08000374,11.236686,-0.029470444,8.577135,-0.08122444,11.407803,-0.13972187,14.089601,-2.7563782,215.44702,-2.7899628,219.18762,0.023920536,8.368983,-13.48291,2013.7234,-22.62207,8226.472,-0.03710866,2.3214993,N-CMAPSS_DS02-006,2
N-CMAPSS_DS02-006 · Engine 2,35,568.3608,1330.4353,1637.5056,1117.3611,12.38635,9.606041,12.574974,15.374283,230.09384,234.19908,9.360459,1981.5388,8242.45,2.454822,17164.861,0.5774363,62.10246,487.99792,40.0,3,0,10.01416,562.1181,10.996094,1324.9526,-0.15319824,1640.8065,17.211426,1107.0853,1.6475363,11.290469,1.4398623,8.63081,1.6726265,11.462405,1.8742247,14.143509,22.655487,215.88858,23.186508,219.64476,1.4068809,8.421759,-36.89685,2010.7085,35.5625,8224.771,0.22028089,2.323627,N-CMAPSS_DS02-006,2
N-CMAPSS_DS02-006 · Engine 2,36,551.57086,1303.9812,1617.8892,1085.0449,10.006428,7.6067705,10.15881,12.58786,193.41948,196.74487,7.3572664,2006.0304,8156.7944,2.068124,23814.043,0.6334116,68.776634,468.56616,39.0,3,0,-16.789917,562.2855,-26.454102,1325.2501,-19.616455,1641.1702,-32.316162,1107.311,-2.379922,11.301675,-1.9992704,8.639201,-2.4161644,11.473782,-2.7864227,14.158452,-36.674362,216.11159,-37.45421,219.872,-2.003193,8.425715,24.491577,2011.0747,-85.65576,8225.826,-0.386698,2.3255537,N-CMAPSS_DS02-006,2
N-CMAPSS_DS02-006 · Engine 2,37,563.9197,1332.1128,1656.5251,1113.42,11.204004,8.492977,11.374623,14.120091,217.72478,221.44402,8.294636,2031.3578,8246.404,2.369423,21026.822,0.6242098,69.65201,478.31754,38.0,3,0,12.348816,562.8432,28.131592,1326.4656,38.635986,1642.8513,28.375122,1108.8993,1.1975765,11.3698435,0.8862066,8.6921835,1.2158136,11.542988,1.5322313,14.242923,24.305298,217.40285,24.699142,221.18481,0.93736935,8.484556,25.327393,2011.6348,89.60986,8229.642,0.30129886,2.340688,N-CMAPSS_DS02-006,2
N-CMAPSS_DS02-006 · Engine 2,38,566.4427,1324.261,1628.976,1112.0435,12.11745,9.415172,12.301979,15.033608,223.86382,227.86107,9.120573,1971.896,8220.743,2.3821752,17788.076,0.5866414,61.684917,486.70444,37.0,3,0,2.5230103,563.3437,-7.8518066,1326.157,-27.549194,1640.916,-1.3765869,1109.1044,0.9134455,11.465517,0.9221945,8.78585,0.92735577,11.640119,0.913517,14.343556,6.139038,218.15292,6.417053,221.96274,0.8259373,8.560255,-59.461792,2006.497,-25.661133,8228.526,0.012752295,2.344378,N-CMAPSS_DS02-006,2
N-CMAPSS_DS02-006 · Engine 2,39,560.08734,1322.6653,1644.1285,1106.8324,10.864297,8.233859,11.029742,13.690026,211.37733,214.96808,8.084795,2016.4009,8213.968,2.3056378,21826.89,0.6232923,69.7485,475.16287,36.0,3,0,-6.3553467,562.5186,-1.5957031,1325.3715,15.152588,1641.6603,-5.2110596,1108.1154,-1.2531528,11.313325,-1.1813126,8.648632,-1.2722368,11.485609,-1.3435822,14.175269,-12.486481,216.27708,-12.89299,220.03471,-1.035778,8.432665,44.504883,2009.9832,-6.7753906,8225.619,-0.07653737,2.329566,N-CMAPSS_DS02-006,2
N-CMAPSS_DS02-006 · Engine 2,40,556.1175,1316.4445,1638.7559,1097.8889,10.441779,7.916734,10.60079,13.1470585,202.6622,206.12556,7.722533,2024.4338,8197.218,2.1869943,23222.723,0.63562113,70.61746,471.114,35.0,3,0,-3.9698486,562.2376,-6.220825,1324.6423,-5.3726807,1640.8394,-8.943481,1107.6499,-0.42251778,11.289254,-0.31712484,8.632393,-0.42895222,11.461171,-0.5429678,14.142823,-8.715134,215.7005,-8.842514,219.44824,-0.36226177,8.41567,8.032959,2009.0087,-16.75,8223.22,-0.11864352,2.3223836,N-CMAPSS_DS02-006,2
N-CMAPSS_DS02-006 · Engine 2,41,562.9297,1318.3265,1623.5961,1108.4897,11.771164,9.129907,11.95042,14.602845,218.61523,222.49945,8.90734,1968.635,8202.844,2.3201387,18092.88,0.5698083,61.623184,483.69284,34.0,3,0,6.812195,561.17505,1.8820801,1322.1294,-15.15979,1637.84,10.60083,1105.3876,1.3293848,11.1613035,1.2131724,8.5347395,1.3496304,11.331272,1.4557867,13.984409,15.953033,213.20851,16.373886,216.90991,1.1848068,8.310569,-55.79883,2006.8275,5.6259766,8214.824,0.13314438,2.2936654,N-CMAPSS_DS02-006,2
N-CMAPSS_DS02-006 · Engine 2,42,552.48236,1309.1052,1631.5172,1093.6694,10.119516,7.653054,10.273622,12.763666,197.7133,201.05652,7.514054,2018.2175,8171.0454,2.1423154,23855.717,0.6284432,70.99326,467.8521,33.0,3,0,-10.447327,560.1351,-9.221313,1320.2902,7.9211426,1636.4343,-14.8203125,1103.8542,-1.6516476,11.046862,-1.4768524,8.441634,-1.6767988,11.215088,-1.839179,13.845928,-20.901932,211.3103,-21.442932,214.97137,-1.3932862,8.224489,49.58252,2006.8865,-31.79834,8208.786,-0.1778233,2.2735822,N-CMAPSS_DS02-006,2
N-CMAPSS_DS02-006 · Engine 2,43,560.46576,1320.6154,1636.7695,1111.2688,11.325526,8.6838045,11.497997,14.140254,215.61526,219.35318,8.61422,1993.6584,8208.772,2.3175943,19517.676,0.56973946,65.7172,478.40216,32.0,3,0,7.9833984,560.0723,11.510132,1319.7386,5.2523193,1635.3322,17.599365,1104.6168,1.2060099,11.097532,1.0307503,8.49045,1.2243757,11.266531,1.3765879,13.895975,17.901962,211.85236,18.296661,215.52644,1.1001658,8.292946,-24.559082,2003.0604,37.72705,8206.713,0.1752789,2.2781765,N-CMAPSS_DS02-006,2
N-CMAPSS_DS02-006 · Engine 2,44,560.1393,1322.4779,1645.8273,1108.1477,10.86457,8.233859,11.03002,13.692856,211.29631,214.87352,8.084314,2016.4004,8212.758,2.3076425,21826.89,0.6232923,69.7485,475.16287,31.0,3,0,-0.32647705,560.2516,1.8625488,1320.0425,9.057739,1636.149,-3.1210938,1105.4166,-0.46095657,11.110108,-0.44994545,8.497218,-0.46797752,11.279298,-0.4473982,13.915255,-4.3189545,212.23816,-4.47966,215.91254,-0.5299053,8.306019,22.741943,2002.8569,3.9853516,8207.3,-0.00995183,2.2854867,N-CMAPSS_DS02-006,2
N-CMAPSS_DS02-006 · Engine 2,45,560.3896,1333.643,1674.0569,1109.3651,10.239214,7.61125,10.395142,13.055335,205.64182,209.0407,7.4159737,2075.7917,8252.9,2.2644327,24761.61,0.6786182,76.51215,470.1044,30.0,3,0,0.25030518,559.45447,11.165039,1320.3633,28.229614,1639.8042,1.2174072,1104.6171,-0.6253557,10.895395,-0.62260914,8.297739,-0.63487816,11.061315,-0.6375208,13.68336,-5.6544952,209.79295,-5.8328247,213.3967,-0.6683407,8.11157,59.391357,2012.2822,40.14258,8208.345,-0.04320979,2.2664478,N-CMAPSS_DS02-006,2
N-CMAPSS_DS02-006 · Engine 2,46,565.5733,1327.5729,1642.424,1118.5099,11.893366,9.161305,12.074483,14.81694,223.70464,227.61458,9.024124,1987.809,8230.473,2.40556,18256.654,0.5741217,64.029366,483.89536,29.0,3,0,5.183716,560.85474,-6.0700684,1322.7224,-31.632935,1642.2577,9.144775,1107.9635,1.6541519,11.084088,1.5500555,8.453192,1.6793413,11.252882,1.7616053,13.906268,18.06282,212.82147,18.573883,216.48367,1.6081505,8.278256,-87.98279,2010.4601,-22.427734,8215.713,0.14112735,2.3001914,N-CMAPSS_DS02-006,2
N-CMAPSS_DS02-006 · Engine 2,47,555.3466,1307.5958,1621.1239,1087.5947,10.365708,7.933405,10.5235615,13.000537,196.7627,200.18465,7.541355,2002.938,8168.521,2.0946393,23421.738,0.6559385,67.418976,472.66745,28.0,3,0,-10.226685,559.99744,-19.97705,1320.2708,-21.300049,1638.7175,-30.915161,1105.381,-1.5276575,11.000259,-1.2279005,8.397235,-1.5509214,11.167776,-1.8164034,13.7943125,-26.94194,210.72527,-27.429932,214.35773,-1.482769,8.202929,15.129028,2007.618,-61.95166,8207.924,-0.31092072,2.272713,N-CMAPSS_DS02-006,2
N-CMAPSS_DS02-006 · Engine 2,48,564.00073,1331.8225,1659.2183,1115.4824,11.204452,8.492977,11.375078,14.124528,217.5936,221.29077,8.293843,2031.3566,8244.486,2.3726785,21026.822,0.6242098,69.65201,478.31754,27.0,3,0,8.654114,559.75323,24.226685,1321.0269,38.09436,1641.7417,27.887695,1105.7249,0.8387432,10.908959,0.5595722,8.305016,0.8515167,11.075086,1.123991,13.703404,20.830902,210.09824,21.106125,213.7007,0.75248814,8.120255,28.41858,2013.5641,75.96533,8210.299,0.27803922,2.2717633,N-CMAPSS_DS02-006,2
N-CMAPSS_DS02-006 · Engine 2,49,560.2892,1325.662,1655.253,1103.8234,10.546194,7.956052,10.706796,13.332753,205.74792,209.23312,7.658456,2043.6641,8227.265,2.2339246,23590.428,0.66740566,71.82641,473.40973,26.0,3,0,-3.7115479,559.7734,-6.1605225,1321.3265,-3.96521,1642.8542,-11.659058,1105.4241,-0.6582575,10.877149,-0.5369253,8.277235,-0.6682825,11.042791,-0.79177475,13.667677,-11.845673,209.5353,-12.057648,213.1272,-0.6353874,8.077621,12.307495,2016.2904,-17.22168,8211.628,-0.13875389,2.264592,N-CMAPSS_DS02-006,2
N-CMAPSS_DS02-006 · Engine 2,50,558.50684,1319.3489,1645.0549,1101.6422,10.523161,7.963152,10.683413,13.28393,204.56738,208.02946,7.704765,2025.7576,8204.426,2.2241733,23314.604,0.65425533,70.695625,472.8847,25.0,3,0,-1.7823486,560.0123,-6.3131104,1321.617,-10.19812,1643.4841,-2.1811523,1105.7993,-0.023033142,10.885287,0.0071001053,8.281877,-0.02338314,11.051053,-0.048823357,13.681364,-1.180542,209.72581,-1.203659,213.3176,0.046308994,8.075845,-17.906494,2016.4229,-22.838867,8212.349,-0.00975132,2.2683098,N-CMAPSS_DS02-006,2
N-CMAPSS_DS02-006 · Engine 2,51,565.585,1330.5988,1653.4299,1115.8694,11.513585,8.795985,11.688919,14.453702,220.03305,223.82239,8.521867,2017.4789,8241.528,2.3789856,19854.232,0.6139398,66.88949,481.66284,24.0,3,0,7.078186,560.2779,11.249878,1322.8442,8.375,1646.4675,14.227173,1106.5374,0.99042416,10.8595295,0.8328333,8.248485,1.0055065,11.024903,1.1697721,13.6664505,15.465668,209.8676,15.792923,213.44989,0.81710196,8.037297,-8.278687,2021.3073,37.10254,8216.218,0.15481234,2.2741947,N-CMAPSS_DS02-006,2
N-CMAPSS_DS02-006 · Engine 2,52,548.16583,1301.301,1629.0946,1083.3234,9.379281,7.0586786,9.522113,11.874359,184.06468,187.14583,6.806417,2029.6923,8147.1953,1.9841987,26443.633,0.669417,73.00953,462.43103,23.0,3,0,-17.41919,559.8462,-29.29773,1322.0638,-24.335327,1646.2252,-32.54602,1105.5027,-2.134304,10.785505,-1.7373066,8.189047,-2.1668062,10.949752,-2.5793428,13.577519,-35.96837,208.50273,-36.67656,212.05882,-1.7154498,7.9665337,12.213379,2022.4547,-94.33301,8213.832,-0.39478695,2.258383,N-CMAPSS_DS02-006,2
N-CMAPSS_DS02-006 · Engine 2,53,548.5502,1298.9119,1623.6443,1086.674,9.692484,7.339512,9.840085,12.217416,188.29245,191.45457,7.146393,2010.0533,8137.3623,2.0359004,25347.621,0.6479212,71.36103,464.2679,22.0,3,0,0.38433838,558.65466,-2.3891602,1319.8934,-5.4503174,1644.9127,3.350586,1103.0432,0.31320286,10.622202,0.28083324,8.054618,0.31797218,10.783961,0.34305668,13.385236,4.227768,205.77045,4.3087463,209.26895,0.33997583,7.819751,-19.638916,2024.0942,-9.833008,8206.691,0.051701665,2.2302136,N-CMAPSS_DS02-006,2
N-CMAPSS_DS02-006 · Engine 2,54,565.81335,1333.5319,1662.4456,1115.0126,11.263845,8.556489,11.435376,14.190117,216.91864,220.62292,8.222793,2035.3201,8251.585,2.3543253,21327.24,0.6480868,69.26406,479.9373,21.0,3,0,17.263184,559.22205,34.619995,1320.9989,38.80127,1646.5746,28.338623,1103.7297,1.5713615,10.662129,1.2169771,8.086881,1.5952911,10.824496,1.9727011,13.434961,28.62619,206.33269,29.16835,209.8439,1.0763998,7.8335986,25.266724,2025.9861,114.22266,8210.574,0.31842494,2.2348819,N-CMAPSS_DS02-006,2
N-CMAPSS_DS02-006 · Engine 2,55,552.9376,1301.9154,1620.4572,1088.2114,10.051088,7.6701207,10.204148,12.635602,191.84715,195.11586,7.329761,1996.5038,8146.222,2.062009,24132.36,0.6567718,68.32035,470.00757,20.0,3,0,-12.875732,558.47687,-31.616455,1317.826,-41.988403,1641.2146,-26.801147,1101.6144,-1.2127571,10.643316,-0.8863683,8.092768,-1.2312279,10.805397,-1.5545149,13.392988,-25.071487,204.95322,-25.507065,208.45142,-0.8930316,7.8249774,-38.816284,2018.0574,-105.36279,8199.906,-0.2923162,2.2146394,N-CMAPSS_DS02-006,2
N-CMAPSS_DS02-006 · Engine 2,56,560.6065,1326.5984,1662.8334,1108.2839,10.469985,7.8668284,10.629426,13.284715,205.80573,209.23175,7.577567,2049.0015,8227.186,2.2551425,23801.63,0.6711031,72.68156,472.9297,19.0,3,0,7.6688843,557.98016,24.682983,1317.7286,42.37622,1643.2555,20.07251,1100.5918,0.41889668,10.500978,0.19670773,7.96332,0.4252777,10.660892,0.6491127,13.239766,13.958572,203.16333,14.1158905,206.61313,0.24780607,7.6803217,52.49768,2024.1766,80.96338,8199.578,0.19313335,2.1995978,N-CMAPSS_DS02-006,2
N-CMAPSS_DS02-006 · Engine 2,57,558.55865,1310.1798,1624.5991,1108.096,11.316348,8.748498,11.488678,14.068218,211.34767,215.01987,8.60671,1968.5502,8172.856,2.25919,19312.785,0.5669434,62.78711,478.83893,18.0,3,0,-2.0478516,558.3014,-16.41858,1317.987,-38.234253,1643.603,-0.18798828,1102.6418,0.84636307,10.596043,0.8816695,8.044829,0.859252,10.757403,0.78350353,13.346534,5.5419464,204.62183,5.7881165,208.09665,1.0291433,7.786857,-80.451294,2020.7378,-54.32959,8200.011,0.004047632,2.2160528,N-CMAPSS_DS02-006,2
N-CMAPSS_DS02-006 · Engine 2,58,570.551,1336.1324,1658.8292,1135.8163,12.626732,9.7479925,12.819018,15.706952,236.38354,240.47379,9.677577,1985.3286,8255.376,2.5649455,16216.02,0.5501422,62.70985,489.02325,17.0,3,0,11.992371,558.9564,25.952637,1318.4181,34.230103,1643.5641,27.720337,1104.6753,1.3103838,10.738271,0.99949455,8.170331,1.3303404,10.901797,1.6387339,13.504776,25.035873,206.50082,25.453918,210.01495,1.0708666,7.9252305,16.778442,2016.135,82.52002,8201.1,0.30575538,2.2352796,N-CMAPSS_DS02-006,2
N-CMAPSS_DS02-006 · Engine 2,59,557.9477,1320.9696,1659.0646,1106.7415,10.255539,7.707123,10.4117155,13.0060005,201.58473,204.91844,7.4653497,2043.2458,8208.567,2.20857,24087.225,0.6611697,72.79509,470.6665,16.0,3,0,-12.6033325,558.7223,-15.162842,1317.9489,0.23535156,1643.9453,-29.07483,1104.967,-2.371193,10.709205,-2.0408697,8.145438,-2.4073029,10.87229,-2.7009516,13.472101,-34.798813,206.0845,-35.555344,209.5835,-2.2122273,7.90592,57.917236,2016.0933,-46.808594,8199.23,-0.35637546,2.232744,N-CMAPSS_DS02-006,2
N-CMAPSS_DS02-006 · Engine 2,60,561.04785,1326.0863,1663.476,1115.7587,10.819122,8.177,10.98388,13.668136,210.78664,214.29903,7.9837885,2035.7971,8224.251,2.3071952,22118.873,0.63029087,70.77431,474.78244,15.0,3,0,3.1001587,558.9764,5.116699,1318.6226,4.411377,1645.7874,9.017212,1106.3787,0.5635834,10.738801,0.46987724,8.166822,0.57216454,10.902336,0.6621351,13.510522,9.201904,206.70642,9.380585,210.21045,0.5184388,7.933822,-7.4487305,2017.0972,15.683594,8201.213,0.09862518,2.2410462,N-CMAPSS_DS02-006,2
N-CMAPSS_DS02-006 · Engine 2,61,562.5267,1331.8794,1676.0543,1119.0745,10.729342,8.053064,10.892734,13.618381,211.50053,214.98244,7.838125,2055.1208,8242.691,2.331635,22878.988,0.6520016,72.83123,474.3053,14.0,3,0,1.4788208,558.67053,5.793091,1318.7506,12.578369,1648.0498,3.315796,1106.6992,-0.089779854,10.660377,-0.1239357,8.09253,-0.09114647,10.822718,-0.049755096,13.42699,0.7138977,205.85318,0.68341064,209.32645,-0.14566326,7.865448,19.32373,2020.8613,18.44043,8201.329,0.024439812,2.2363112,N-CMAPSS_DS02-006,2
N-CMAPSS_DS02-006 · Engine 2,62,563.9533,1321.3717,1644.452,1116.346,11.566534,8.911665,11.742674,14.445245,216.7844,220.51491,8.619922,1991.5074,8208.081,2.3355515,19409.855,0.60297954,64.17245,482.2388,13.0,3,0,1.4266357,560.24927,-10.50769,1320.7577,-31.602295,1649.5856,-2.7285156,1110.0015,0.8371916,10.879102,0.8586006,8.277829,0.8499403,11.044773,0.82686424,13.684078,5.2838593,209.12515,5.5324707,212.66336,0.78179646,8.046799,-63.613403,2017.0428,-34.61035,8207.418,0.003916502,2.2714465,N-CMAPSS_DS02-006,2
N-CMAPSS_DS02-006 · Engine 2,63,573.96606,1341.8304,1668.3718,1142.6553,13.053055,10.106437,13.251833,16.21281,242.74678,246.9561,9.953984,1990.447,8276.315,2.6274493,15183.575,0.55018574,61.66385,492.67807,12.0,3,0,10.012756,562.7909,20.45874,1325.0496,23.9198,1654.0583,26.309326,1115.5996,1.4865208,11.215159,1.1947718,8.554522,1.5091591,11.385948,1.7675657,14.083617,25.962387,214.57059,26.441193,218.21352,1.3340626,8.327558,-1.0604248,2015.0823,68.234375,8221.313,0.29189777,2.3306012,N-CMAPSS_DS02-006,2
N-CMAPSS_DS02-006 · Engine 2,64,547.8123,1295.164,1626.1262,1093.4705,9.731838,7.3923798,9.880038,12.250639,188.07738,191.19301,7.242626,1999.5632,8122.031,2.0354953,24250.99,0.61292684,69.5216,464.74234,11.0,3,0,-26.153748,560.9908,-46.666504,1321.2128,-42.245605,1650.4264,-49.184814,1113.4454,-3.3212166,11.061958,-2.714057,8.43811,-3.3717947,11.230414,-3.9621716,13.889669,-54.669403,211.68646,-55.763092,215.27052,-2.711358,8.229541,9.116211,2011.5066,-154.28467,8208.357,-0.591954,2.2987185,N-CMAPSS_DS02-006,2
N-CMAPSS_DS02-006 · Engine 2,65,562.2143,1331.365,1680.8167,1123.2947,10.699305,8.022052,10.862237,13.586455,211.31017,214.75029,7.8505397,2055.021,8239.848,2.3387995,22733.46,0.64211315,73.08937,473.81903,10.0,3,0,14.401978,561.91846,36.20105,1324.1577,54.69043,1656.4623,29.824219,1116.9537,0.96746635,11.12678,0.62967205,8.473304,0.9821987,11.296224,1.3358164,13.9847555,23.232788,213.63275,23.557281,217.23396,0.6079135,8.281619,55.457764,2017.3583,117.816895,8217.721,0.3033042,2.3263974,N-CMAPSS_DS02-006,2
N-CMAPSS_DS02-006 · Engine 2,66,565.63043,1330.3225,1669.6256,1130.5189,11.567091,8.818757,11.743239,14.52845,221.19386,224.88197,8.683444,2014.0698,8233.785,2.4287105,19649.982,0.59731364,67.466866,480.96927,9.0,3,0,3.4161377,562.42084,-1.0424805,1324.5302,-11.19104,1657.1416,7.224243,1119.1772,0.8677864,11.23649,0.79670525,8.568497,0.8810024,11.407604,0.94199467,14.109129,9.8836975,215.17157,10.131683,218.79898,0.83290434,8.392206,-40.95117,2013.8651,-6.0625,8218.38,0.089910984,2.3437543,N-CMAPSS_DS02-006,2
N-CMAPSS_DS02-006 · Engine 2,67,551.5894,1302.7206,1640.8832,1099.1282,9.878111,7.4720945,10.028539,12.487312,191.70087,194.8453,7.228216,2015.762,8145.7417,2.0908098,24561.434,0.64484674,70.37977,466.93802,8.0,3,0,-14.041016,561.7239,-27.601929,1323.7842,-28.742432,1658.77,-31.390747,1118.2804,-1.6889801,11.092667,-1.3466625,8.440857,-1.7147007,11.261591,-2.0411377,13.951038,-29.492996,213.2069,-30.036667,216.78152,-1.4552279,8.254357,1.6921387,2018.5863,-88.04346,8215.669,-0.33790064,2.3269162,N-CMAPSS_DS02-006,2
N-CMAPSS_DS02-006 · Engine 2,68,568.8976,1328.542,1657.5072,1132.9518,12.389552,9.606041,12.578226,15.405201,229.07648,233.00587,9.354613,1981.5388,8228.574,2.4806674,17164.861,0.5774363,62.10246,487.99792,7.0,3,0,17.308167,561.5586,25.821411,1323.0251,16.624023,1658.6377,33.82361,1117.994,2.5114412,11.068949,2.1339464,8.4266615,2.5496874,11.237512,2.9178886,13.920863,37.37561,212.47618,38.16057,216.03473,2.1263971,8.222061,-34.223145,2018.2073,82.83252,8212.988,0.38985753,2.3184884,N-CMAPSS_DS02-006,2
N-CMAPSS_DS02-006 · Engine 2,69,566.07916,1325.815,1661.2466,1133.1748,11.896298,9.161305,12.077461,14.844286,222.77266,226.52438,9.01871,1987.809,8217.531,2.4290824,18256.654,0.5741217,64.029366,483.89536,6.0,3,0,-2.8184204,562.3717,-2.7270508,1323.5096,3.73938,1658.856,0.22302246,1120.6373,-0.4932537,11.233025,-0.44473553,8.57208,-0.50076485,11.404086,-0.560915,14.1046915,-6.3038177,214.59497,-6.481491,218.19533,-0.33590317,8.377397,6.2701416,2012.6636,-11.042969,8213.885,-0.05158496,2.3405395,N-CMAPSS_DS02-006,2
N-CMAPSS_DS02-006 · Engine 2,70,566.06274,1328.7594,1671.309,1129.7053,11.516461,8.795985,11.691838,14.477386,219.14867,222.79015,8.516505,2017.4789,8229.217,2.4007165,19854.232,0.6139398,66.88949,481.66284,5.0,3,0,-0.016418457,562.87317,2.944458,1323.777,10.062378,1659.6393,-3.4694824,1122.032,-0.37983704,11.302759,-0.3653202,8.633978,-0.38562298,11.474882,-0.3668995,14.1856165,-3.623993,215.43118,-3.7342377,219.04445,-0.5022049,8.430669,29.669922,2010.8318,11.685547,8214.382,-0.02836585,2.3498917,N-CMAPSS_DS02-006,2
N-CMAPSS_DS02-006 · Engine 2,71,572.5258,1355.6538,1727.1947,1153.789,11.553121,8.600872,11.729057,14.743854,230.45253,234.09709,8.474577,2087.6406,8313.675,2.608362,21090.207,0.6454407,75.16732,480.603,4.0,3,0,6.4630737,563.8731,26.89441,1326.1544,55.885742,1664.7533,24.083618,1125.5034,0.03665924,11.385137,-0.19511318,8.688759,0.037219048,11.558515,0.2664671,14.298164,11.303864,217.32639,11.306946,220.9559,-0.04192829,8.494314,70.16174,2014.0837,84.45801,8221.4795,0.20764542,2.3775644,N-CMAPSS_DS02-006,2
N-CMAPSS_DS02-006 · Engine 2,72,573.42896,1347.9071,1705.9482,1150.7562,12.120109,9.182126,12.30468,15.320355,233.92822,237.72513,8.94931,2046.0334,8286.256,2.6178486,19123.973,0.62540483,69.43283,485.7909,3.0,3,0,0.9031372,564.8207,-7.746704,1328.808,-21.24646,1670.903,-3.0327148,1128.9445,0.566988,11.440495,0.581254,8.715805,0.57562256,11.614715,0.57650185,14.385675,3.4756927,219.04076,3.6280365,222.67693,0.47473335,8.527252,-41.607178,2019.5364,-27.418945,8229.297,0.009486675,2.4057941,N-CMAPSS_DS02-006,2
N-CMAPSS_DS02-006 · Engine 2,73,553.51337,1299.6775,1641.7114,1104.5894,10.054253,7.6701207,10.207364,12.661222,190.90752,194.02216,7.3239436,1996.5027,8131.6104,2.0846422,24132.36,0.6567718,68.32035,470.00757,2.0,3,0,-19.915588,562.7754,-48.229614,1324.5927,-64.23682,1668.2368,-46.16687,1125.1378,-2.065856,11.140614,-1.5120053,8.472174,-2.0973158,11.310268,-2.659133,14.030516,-43.020706,213.85684,-43.702972,217.38353,-1.6253667,8.264249,-49.53076,2020.142,-154.64551,8214.827,-0.53320646,2.3515134,N-CMAPSS_DS02-006,2
N-CMAPSS_DS02-006 · Engine 2,74,559.29456,1311.8694,1658.0375,1120.3943,10.796604,8.257119,10.961019,13.567659,204.23047,207.57043,7.9597406,2000.8448,8170.148,2.2372158,21787.82,0.6277763,66.87431,475.83002,1.0,3,0,5.781189,563.92365,12.191895,1326.2632,16.32605,1671.428,15.804932,1127.8302,0.74235153,11.24709,0.58699846,8.558647,0.7536545,11.418366,0.9064369,14.162218,13.322952,215.47214,13.548279,219.02127,0.635797,8.33596,4.342163,2020.2701,38.537598,8219.639,0.15257359,2.3716855,N-CMAPSS_DS02-006,2
N-CMAPSS_DS02-006 · Engine 2,75,554.9248,1301.5403,1647.2032,1112.9707,10.487974,8.056986,10.64769,13.14335,196.34627,199.56538,7.7380495,1990.8151,8135.343,2.1369298,22808.172,0.6328104,66.61902,472.39435,0.0,3,0,-4.369751,563.1947,-10.329102,1323.2808,-10.8342285,1668.0667,-7.423584,1126.7979,-0.30863,11.225958,-0.20013332,8.56214,-0.31332874,11.396912,-0.42430973,14.117908,-7.884201,213.97575,-8.005051,217.50279,-0.22169113,8.324711,-10.029785,2013.8495,-34.805176,8209.188,-0.10028601,2.3514986,N-CMAPSS_DS02-006,2
N-CMAPSS_DS02-006 · Engine 20,1,561.0423,1326.2775,1645.4553,1101.6738,10.818547,8.195649,10.983298,13.637081,210.23819,213.86302,7.929094,2031.9188,8230.717,2.2682052,22230.934,0.64162177,69.93489,475.65466,65.0,3,1,0.0,561.0423,0.0,1326.2775,0.0,1645.4553,0.0,1101.6738,0.0,10.818547,0.0,8.195649,0.0,10.983298,0.0,13.637081,0.0,210.23819,0.0,213.86302,0.0,7.929094,0.0,2031.9188,0.0,8230.717,0.0,2.2682052,N-CMAPSS_DS02-006,20
N-CMAPSS_DS02-006 · Engine 20,2,574.2776,1344.0012,1650.9106,1129.5602,13.159851,10.210443,13.360254,16.304302,244.50862,248.90762,10.028135,1988.1991,8289.476,2.608728,14972.307,0.55205065,61.21065,493.70428,64.0,3,1,13.235291,567.6599,17.723755,1335.1394,5.4553223,1648.183,27.886353,1115.617,2.3413038,11.989199,2.0147934,9.203046,2.376956,12.171776,2.667221,14.970692,34.27043,227.37341,35.0446,231.38531,2.0990415,8.978615,-43.719727,2010.059,58.75879,8260.096,0.34052277,2.4384665,N-CMAPSS_DS02-006,20
N-CMAPSS_DS02-006 · Engine 20,3,556.4628,1315.1742,1630.1554,1091.9719,10.393689,7.891848,10.5519705,13.083723,201.0086,204.4803,7.6201673,2017.8821,8193.475,2.1587505,23321.963,0.6474522,69.63947,472.097,63.0,3,1,-17.814758,563.92755,-28.827026,1328.4843,-20.755249,1642.1738,-37.588257,1107.7354,-2.766162,11.457362,-2.3185945,8.76598,-2.8082838,11.631841,-3.2205791,14.341702,-43.500015,218.58514,-44.427322,222.41698,-2.407968,8.525799,29.682983,2012.6666,-96.00098,8237.889,-0.4499774,2.345228,N-CMAPSS_DS02-006,20
N-CMAPSS_DS02-006 · Engine 20,4,563.6716,1331.3197,1650.6422,1108.1014,11.184434,8.489066,11.354754,14.082678,216.78088,220.52588,8.250866,2031.0028,8246.003,2.345298,21194.326,0.6302065,69.37276,478.35318,62.0,3,1,7.20874,563.8636,16.145508,1329.1931,20.486816,1644.2909,16.129517,1107.8269,0.7907448,11.389131,0.59721804,8.696752,0.80278397,11.56257,0.9989548,14.276946,15.772278,218.13408,16.045578,221.94421,0.6306987,8.457066,13.120728,2017.2507,52.52832,8239.918,0.18654752,2.3452454,N-CMAPSS_DS02-006,20
N-CMAPSS_DS02-006 · Engine 20,5,558.2573,1311.2803,1613.314,1099.178,11.314809,8.748498,11.487114,14.051392,211.82698,215.59087,8.608753,1968.5496,8180.5073,2.2450724,19312.785,0.5669434,62.78711,478.83893,61.0,3,1,-5.4142456,562.7423,-20.039429,1325.6106,-37.328247,1638.0955,-8.923462,1106.097,0.13037491,11.374266,0.25943184,8.707101,0.1323595,11.547479,-0.03128624,14.231835,-4.953903,216.87265,-4.935013,220.67354,0.35788727,8.487403,-62.453247,2007.5105,-65.495605,8228.035,-0.10022569,2.3252108,N-CMAPSS_DS02-006,20
N-CMAPSS_DS02-006 · Engine 20,6,552.2982,1304.575,1615.1171,1083.1719,10.158186,7.75266,10.312881,12.74327,194.61258,198.00026,7.4751835,2003.9019,8160.129,2.0698664,23693.2,0.6375193,68.36278,469.5722,60.0,3,1,-5.9591064,561.00165,-6.7053223,1322.1046,1.8031006,1634.2657,-16.006104,1102.2762,-1.1566229,11.171586,-0.99583817,8.548027,-1.1742325,11.341712,-1.3081217,13.983741,-17.214401,213.16264,-17.590607,216.89465,-1.1335697,8.3187,35.352295,2006.909,-20.378418,8216.718,-0.17520595,2.2826533,N-CMAPSS_DS02-006,20
N-CMAPSS_DS02-006 · Engine 20,7,556.04517,1316.663,1635.626,1095.2844,10.44141,7.916734,10.600414,13.143353,202.72997,206.21555,7.7219806,2024.4335,8198.925,2.182648,23222.723,0.63562113,70.61746,471.114,59.0,3,1,3.7469482,560.2936,12.088013,1321.3273,20.508911,1634.4601,12.112549,1101.2773,0.2832241,11.067275,0.16407442,8.457843,0.2875328,11.235812,0.40008354,13.863686,8.117386,211.67226,8.215286,215.36906,0.24679708,8.233454,20.531616,2009.4125,38.7959,8214.176,0.112781525,2.2683668,N-CMAPSS_DS02-006,20
N-CMAPSS_DS02-006 · Engine 20,8,568.6952,1324.0623,1617.4767,1115.7572,12.810465,10.061037,13.005547,15.751978,231.60352,235.84663,9.834111,1940.3986,8222.628,2.4332063,15165.474,0.541089,57.390133,491.99634,58.0,3,1,12.650024,561.34375,7.399292,1321.6692,-18.149292,1632.3372,20.472778,1103.0874,2.3690548,11.285173,2.1443028,8.658242,2.4051323,11.457029,2.6086245,14.099722,28.87355,214.16367,29.631088,217.92877,2.1121306,8.433537,-84.03491,2000.7858,23.703125,8215.232,0.25055838,2.288972,N-CMAPSS_DS02-006,20
N-CMAPSS_DS02-006 · Engine 20,9,543.82043,1294.9698,1616.2938,1080.1022,9.366211,7.014779,9.508844,11.8691225,186.8973,190.00816,6.974361,2015.4088,8124.7246,2.0381758,26098.87,0.6250266,73.749405,458.86316,57.0,3,1,-24.874756,559.3967,-29.092407,1318.7025,-1.1828613,1630.5546,-35.65503,1100.5334,-3.444254,11.071956,-3.046258,8.475635,-3.4967022,11.240564,-3.8828554,13.851878,-44.706223,211.13406,-45.83847,214.82648,-2.8597503,8.271406,75.010254,2002.4105,-97.90332,8205.176,-0.3950305,2.2611055,N-CMAPSS_DS02-006,20
N-CMAPSS_DS02-006 · Engine 20,10,566.3792,1324.4795,1626.3674,1109.9127,12.117084,9.415172,12.301608,15.029866,223.95705,227.97621,9.120716,1971.8943,8222.354,2.378489,17788.076,0.5866414,61.684917,486.70444,56.0,3,1,22.558777,560.095,29.509644,1319.2803,10.073608,1630.1359,29.810547,1101.4714,2.7508726,11.176469,2.4003925,8.569589,2.7927637,11.346668,3.1607437,13.969677,37.059753,212.41637,37.96805,216.14145,2.1463552,8.356337,-43.514526,1999.3589,97.62891,8206.894,0.3403132,2.2728438,N-CMAPSS_DS02-006,20
N-CMAPSS_DS02-006 · Engine 20,11,550.5017,1299.6921,1607.727,1084.2094,10.114532,7.735576,10.268561,12.65754,193.18997,196.54665,7.561219,1985.2476,8141.827,2.0563924,23151.691,0.6110042,67.34388,468.9123,55.0,3,1,-15.877502,559.0409,-24.787354,1316.6217,-18.64038,1626.363,-25.70337,1099.725,-2.002551,11.106067,-1.6795955,8.5235815,-2.0330467,11.275195,-2.372326,13.871722,-30.767075,210.71155,-31.429565,214.40982,-1.5594969,8.31955,13.3532715,1994.6918,-80.52637,8198.005,-0.3220966,2.2516627,N-CMAPSS_DS02-006,20
N-CMAPSS_DS02-006 · Engine 20,12,547.34985,1296.8058,1609.7086,1080.6627,9.729587,7.3923798,9.877753,12.2283945,188.72664,191.95908,7.245704,1999.5645,8133.277,2.0175254,24250.99,0.61292684,69.5216,464.74234,54.0,3,1,-3.1518555,556.34814,-2.8863525,1311.9021,1.9815674,1622.2428,-3.5466309,1094.8352,-0.38494587,10.763041,-0.3431964,8.241775,-0.3908081,10.926945,-0.4291458,13.464131,-4.463333,205.13335,-4.58757,208.71497,-0.31551504,8.0413065,14.316895,1995.8284,-8.550293,8182.385,-0.038866997,2.1925426,N-CMAPSS_DS02-006,20
N-CMAPSS_DS02-006 · Engine 20,13,561.43964,1327.2913,1647.7228,1109.3455,11.160725,8.478511,11.330684,14.027369,216.3217,220.04347,8.362514,2023.2744,8231.838,2.3437808,20950.908,0.606728,69.21185,476.69293,53.0,3,1,14.089783,556.8458,30.485474,1313.1139,38.01416,1623.9995,28.68274,1096.5725,1.431138,10.839745,1.0861311,8.300442,1.4529305,11.004816,1.798974,13.558496,27.595062,206.66466,28.084396,210.27127,1.1168094,8.1155405,23.70996,1996.3676,98.561035,8186.221,0.32625532,2.2110455,N-CMAPSS_DS02-006,20
N-CMAPSS_DS02-006 · Engine 20,14,556.044,1316.6892,1635.8944,1095.5798,10.441404,7.916734,10.60041,13.143295,202.74814,206.2324,7.7224755,2024.4337,8198.955,2.1832728,23222.723,0.63562113,70.61746,471.114,52.0,3,1,-5.39563,556.08307,-10.602051,1311.6509,-11.828369,1622.5248,-13.765625,1095.3203,-0.7193203,10.765441,-0.56177664,8.243208,-0.73027325,10.929381,-0.88407326,13.464558,-13.573563,205.26138,-13.811066,208.84193,-0.640038,8.062702,1.1593018,1995.7107,-32.882812,8181.5166,-0.16050792,2.1948428,N-CMAPSS_DS02-006,20
N-CMAPSS_DS02-006 · Engine 20,15,557.75684,1320.3794,1639.9268,1101.1312,10.658151,8.07505,10.8204565,13.419128,207.62447,211.18045,7.9360285,2022.5964,8209.719,2.2459726,22297.7,0.6194811,70.09499,472.92984,51.0,3,1,1.7128296,556.033,3.6901855,1312.5608,4.0323486,1625.186,5.5513916,1095.5157,0.21674633,10.699776,0.15831614,8.175863,0.22004604,10.862716,0.27583313,13.401332,4.8763275,204.84113,4.948044,208.40088,0.21355295,7.9954295,-1.8372803,2001.1154,10.763672,8184.4375,0.062699795,2.194933,N-CMAPSS_DS02-006,20
N-CMAPSS_DS02-006 · Engine 20,16,576.4609,1354.0105,1672.9304,1138.1674,13.108746,10.058111,13.308371,16.375214,249.19107,253.56232,9.942923,2018.5546,8318.209,2.7102723,15777.771,0.5697653,65.07797,492.49313,50.0,3,1,18.70404,558.4493,33.631104,1317.5043,33.003662,1630.9674,37.036133,1101.0153,2.450595,10.994831,1.9830608,8.406408,2.487914,11.162265,2.9560852,13.764526,41.566605,210.29898,42.381866,213.95709,2.006894,8.242203,-4.04187,2002.5806,108.490234,8200.245,0.46429968,2.2589736,N-CMAPSS_DS02-006,20
N-CMAPSS_DS02-006 · Engine 20,17,573.5646,1343.3623,1653.127,1130.552,13.050725,10.106437,13.249468,16.187582,243.4663,247.81566,9.956996,1990.447,8286.549,2.6056933,15183.575,0.55018574,61.66385,492.67807,49.0,3,0,-2.8963013,560.20123,-10.648193,1320.1742,-19.803467,1632.7175,-7.6153564,1104.542,-0.05802059,11.255763,0.04832554,8.625379,-0.05890274,11.42717,-0.1876316,14.068949,-5.724777,214.37262,-5.7466583,218.1171,0.014073372,8.465705,-28.107544,1999.182,-31.660156,8209.008,-0.10457897,2.301278,N-CMAPSS_DS02-006,20
N-CMAPSS_DS02-006 · Engine 20,18,553.35345,1309.2294,1624.4022,1085.5278,10.021707,7.5880013,10.174321,12.641281,194.86916,198.21858,7.2985425,2018.7212,8174.9976,2.0890028,24249.836,0.65257764,70.04764,469.07297,48.0,3,0,-20.21112,558.66705,-34.132935,1318.6909,-28.724731,1633.41,-45.02417,1101.519,-3.0290184,10.976887,-2.5184355,8.378075,-3.0751467,11.144048,-3.546301,13.757879,-48.597137,210.69917,-49.597076,214.3543,-2.6584535,8.212148,28.27417,2007.0143,-111.55127,8204.245,-0.5166905,2.2668576,N-CMAPSS_DS02-006,20
N-CMAPSS_DS02-006 · Engine 20,19,568.31903,1330.6,1636.1268,1116.3156,12.38611,9.606041,12.574732,15.371778,230.17703,234.29488,9.36107,1981.5388,8243.511,2.4531612,17164.861,0.5774363,62.10246,487.99792,47.0,3,0,14.965576,561.11694,21.370605,1322.2539,11.724609,1635.3933,30.78772,1105.1404,2.3644037,11.278877,2.0180397,8.637201,2.4004107,11.450637,2.7304964,14.108145,35.307877,215.02715,36.076294,218.78297,2.0625272,8.450819,-37.182373,2003.6272,68.51318,8216.123,0.3641584,2.3083563,N-CMAPSS_DS02-006,20
N-CMAPSS_DS02-006 · Engine 20,20,562.1384,1330.5573,1654.0851,1107.7933,10.922876,8.251554,11.089214,13.785345,213.61308,217.26582,8.055966,2038.7233,8243.958,2.3205602,22029.674,0.6363781,71.04193,475.84012,46.0,3,0,-6.180603,560.6929,-0.04272461,1322.8617,17.958252,1638.1652,-8.522217,1104.9285,-1.463234,11.159456,-1.3544874,8.52084,-1.4855175,11.329397,-1.5864325,13.983692,-16.56395,213.99275,-17.029053,217.71193,-1.3051033,8.344344,57.18445,2010.3102,0.44726562,8218.284,-0.13260102,2.3025634,N-CMAPSS_DS02-006,20
N-CMAPSS_DS02-006 · Engine 20,21,558.9391,1315.1229,1624.1506,1100.5674,11.052492,8.489766,11.220804,13.797134,209.27213,212.93883,8.296233,1987.1177,8192.119,2.2341008,20496.781,0.59526324,65.308655,477.47678,45.0,3,0,-3.1993408,561.53656,-15.434326,1324.4048,-29.934448,1639.8075,-7.225952,1106.5642,0.12961578,11.253252,0.23821259,8.596258,0.13158989,11.424622,0.011789322,14.097652,-4.3409576,215.60097,-4.326996,219.35115,0.2402668,8.417845,-51.60559,2010.4972,-51.838867,8223.313,-0.0864594,2.3203342,N-CMAPSS_DS02-006,20
N-CMAPSS_DS02-006 · Engine 20,22,565.40063,1331.3291,1647.1104,1111.0007,11.512555,8.795985,11.687873,14.443536,220.35089,224.19392,8.523822,2017.4789,8246.076,2.3713026,19854.232,0.6139398,66.88949,481.66284,44.0,3,0,6.461548,563.3417,16.206177,1327.8572,22.959717,1643.5476,10.43335,1109.598,0.46006298,11.431549,0.3062191,8.736619,0.46706867,11.605634,0.6464014,14.319166,11.078766,218.7634,11.255096,222.57463,0.22758865,8.545657,30.361206,2012.2886,53.95703,8234.593,0.13720179,2.355712,N-CMAPSS_DS02-006,20
N-CMAPSS_DS02-006 · Engine 20,23,552.81805,1300.7001,1603.2986,1091.5851,10.654598,8.200473,10.816852,13.261905,201.24551,204.77661,8.095839,1960.2177,8144.7896,2.1365423,20779.842,0.56648624,63.35772,473.57843,43.0,3,0,-12.582581,562.4795,-30.629028,1325.198,-43.811768,1639.1052,-19.41565,1107.822,-0.8579569,11.380937,-0.5955124,8.708816,-0.8710213,11.55425,-1.1816311,14.2426195,-19.105377,217.25578,-19.417313,221.04794,-0.42798328,8.51899,-57.26123,2005.9829,-101.28662,8225.889,-0.23476028,2.334988,N-CMAPSS_DS02-006,20
N-CMAPSS_DS02-006 · Engine 20,24,552.7135,1302.8054,1612.8934,1082.4391,10.049926,7.6701207,10.20297,12.624703,192.19772,195.52307,7.332078,1996.5033,8151.7256,2.0540416,24132.36,0.6567718,68.32035,470.00757,42.0,3,0,-0.10455322,562.1464,2.1053467,1323.8096,9.594849,1636.8052,-9.145996,1106.5079,-0.60467243,11.341788,-0.5303521,8.684154,-0.61388206,11.514506,-0.6372013,14.190761,-9.047791,216.20073,-9.25354,219.97702,-0.76376057,8.47995,36.285645,2003.19,6.936035,8221.165,-0.082500696,2.3220649,N-CMAPSS_DS02-006,20
N-CMAPSS_DS02-006 · Engine 20,25,566.38336,1324.5266,1627.3557,1110.9005,12.117112,9.415172,12.301637,15.030119,224.00122,228.01414,9.1219635,1971.8966,8222.266,2.3807147,17788.076,0.5866414,61.684917,486.70444,41.0,3,0,13.669861,563.0091,21.721191,1324.2244,14.46228,1635.548,28.461426,1107.4849,2.0671864,11.487684,1.7450509,8.818166,2.0986671,11.662624,2.4054155,14.35186,31.803497,217.83841,32.491074,221.66039,1.7898855,8.598543,-24.60669,1998.1199,70.54004,8222.42,0.32667303,2.335539,N-CMAPSS_DS02-006,20
N-CMAPSS_DS02-006 · Engine 20,26,557.77356,1320.3997,1641.5509,1102.6421,10.658247,8.07505,10.820555,13.420022,207.65967,211.20567,7.9376125,2022.6008,8209.35,2.2490366,22297.7,0.6194811,70.09499,472.92984,40.0,3,0,-8.609802,561.1404,-4.126953,1320.8633,14.19519,1632.41,-8.258423,1103.9324,-1.4588652,11.242635,-1.3401213,8.61986,-1.481082,11.413842,-1.6100969,14.05634,-16.341553,213.68527,-16.808472,217.42471,-1.184351,8.398012,50.704224,1998.5245,-12.916016,8211.534,-0.1316781,2.2894156,N-CMAPSS_DS02-006,20
N-CMAPSS_DS02-006 · Engine 20,27,563.04034,1318.9923,1623.2057,1101.176,11.500517,8.897144,11.6756525,14.319034,214.30162,218.11925,8.519989,1983.0376,8205.796,2.2716715,19533.21,0.61104906,63.2109,482.6469,39.0,3,0,5.2667847,560.08795,-1.4073486,1318.4263,-18.345215,1629.418,-1.4660645,1100.9948,0.8422699,11.087614,0.82209396,8.498931,0.8550978,11.256461,0.8990116,13.869486,6.6419525,210.7688,6.913574,214.45508,0.5823765,8.254312,-39.563232,1997.7836,-3.553711,8203.459,0.022634983,2.2560134,N-CMAPSS_DS02-006,20
N-CMAPSS_DS02-006 · Engine 20,28,553.9387,1310.0651,1626.4149,1091.8901,10.216857,7.76423,10.372444,12.850229,197.69539,201.08792,7.551223,2010.8824,8175.9697,2.1224535,23288.229,0.6291096,69.39356,470.23523,38.0,3,0,-9.101624,560.1465,-8.927246,1318.5099,3.2092285,1629.6193,-9.285889,1101.631,-1.2836599,11.107129,-1.1329145,8.516554,-1.3032084,11.276274,-1.4688044,13.890381,-16.606232,211.05142,-17.031326,214.742,-0.9687662,8.279579,27.844849,1996.9998,-29.826172,8203.556,-0.14921808,2.2593584,N-CMAPSS_DS02-006,20
N-CMAPSS_DS02-006 · Engine 20,29,563.2879,1323.7274,1634.3484,1110.7361,11.63055,8.953148,11.807666,14.501581,219.66978,223.52841,8.765704,1989.9513,8220.246,2.350756,18830.564,0.58105356,64.1431,482.0462,37.0,3,0,9.349182,559.6434,13.6623535,1317.8226,7.9334717,1629.4414,18.845947,1101.073,1.4136934,11.031573,1.1889181,8.451264,1.4352217,11.199567,1.6513519,13.803361,21.974396,210.0007,22.44049,213.66536,1.2144814,8.220043,-20.931152,1997.841,44.276367,8201.2295,0.22830248,2.2491179,N-CMAPSS_DS02-006,20
N-CMAPSS_DS02-006 · Engine 20,30,552.8409,1300.6473,1604.6593,1092.7843,10.654712,8.200473,10.816967,13.263131,201.23909,204.76077,8.096454,1960.2167,8144.2075,2.1386867,20779.842,0.56648624,63.35772,473.57843,36.0,3,0,-10.4470215,558.7136,-23.080078,1314.8315,-29.689087,1624.4988,-17.951782,1099.5721,-0.97583866,11.004757,-0.75267506,8.4461565,-0.9906988,11.172342,-1.23845,13.75114,-18.430695,208.7633,-18.76764,212.41486,-0.6692505,8.224092,-29.73462,1989.9902,-76.038574,8191.2544,-0.21206927,2.2309306,N-CMAPSS_DS02-006,20
N-CMAPSS_DS02-006 · Engine 20,31,554.8852,1318.8977,1647.2543,1095.3446,9.916583,7.426301,10.067597,12.579274,196.86899,200.17662,7.2175646,2048.0796,8206.445,2.1372411,25023.477,0.66460556,73.78034,467.52,35.0,3,0,2.0443115,558.3082,18.250366,1315.2091,42.59497,1626.8092,2.5603027,1099.0498,-0.73812866,10.891166,-0.7741718,8.339809,-0.7493696,11.057021,-0.68385696,13.629354,-4.370102,207.523,-4.584152,211.13864,-0.8788891,8.116225,87.862915,1996.0864,62.237793,8192.6875,-0.0014455318,2.2212446,N-CMAPSS_DS02-006,20
N-CMAPSS_DS02-006 · Engine 20,32,561.7008,1333.2598,1664.7847,1111.2544,10.696521,8.022052,10.859412,13.560417,212.1793,215.74684,7.8572583,2055.0215,8251.874,2.3212614,22733.46,0.64211315,73.08937,473.81903,34.0,3,0,6.815613,557.93823,14.362061,1315.4021,17.530396,1628.5765,15.90979,1099.0752,0.77993774,10.809563,0.5957508,8.262416,0.7918148,10.974175,0.981143,13.541041,15.310318,206.70583,15.570221,210.29393,0.63969374,8.049568,6.9418945,1999.8407,45.42871,8193.267,0.18402028,2.2162404,N-CMAPSS_DS02-006,20
N-CMAPSS_DS02-006 · Engine 20,33,563.98065,1318.019,1618.104,1115.2727,12.279866,9.584148,12.466868,15.141981,225.33919,229.379,9.521055,1943.0707,8199.38,2.3907943,16355.336,0.530959,59.089634,486.5028,33.0,3,0,2.2798462,559.0545,-15.240723,1317.134,-46.680664,1630.0571,4.0183105,1101.444,1.5833454,10.972089,1.5620966,8.400784,1.6074562,11.139177,1.581564,13.72905,13.159882,209.1152,13.632156,212.75417,1.6637969,8.19209,-111.950806,1998.1261,-52.49414,8198.726,0.06953287,2.2416658,N-CMAPSS_DS02-006,20
N-CMAPSS_DS02-006 · Engine 20,34,556.0943,1316.6271,1639.3427,1098.69,10.441666,7.916734,10.600676,13.145897,202.76872,206.23077,7.7248526,2024.4352,8197.779,2.1890528,23222.723,0.63562113,70.61746,471.114,32.0,3,0,-7.8863525,559.3926,-1.3919678,1318.5162,21.238647,1632.702,-16.582764,1103.0691,-1.8382006,11.011263,-1.6674142,8.425446,-1.8661928,11.178947,-1.9960842,13.781169,-22.570465,210.1723,-23.148224,213.82494,-1.7962027,8.231368,81.3645,2000.9192,-1.6005859,8203.331,-0.20174146,2.2551668,N-CMAPSS_DS02-006,20
N-CMAPSS_DS02-006 · Engine 20,35,557.6111,1322.325,1649.9148,1100.2522,10.253777,7.707123,10.409925,12.989363,202.19763,205.6051,7.4716773,2043.246,8216.488,2.200435,24087.225,0.6611697,72.79509,470.6665,31.0,3,0,1.5167847,558.5153,5.697876,1318.296,10.572144,1634.958,1.5622559,1102.0043,-0.1878891,10.824929,-0.20961142,8.254641,-0.19075012,10.989777,-0.1565342,13.577093,-0.5710907,207.99194,-0.6256714,211.58403,-0.25317526,8.0663395,18.810791,2008.0542,18.708984,8202.754,0.011382103,2.2371387,N-CMAPSS_DS02-006,20
N-CMAPSS_DS02-006 · Engine 20,36,553.66125,1299.7025,1601.7999,1091.1592,10.778239,8.327804,10.942373,13.399327,201.80534,205.36037,8.127027,1956.4353,8141.1465,2.1385803,20777.26,0.5817969,62.411064,475.0348,30.0,3,0,-3.949829,558.1041,-22.622437,1316.2263,-48.11487,1630.9829,-9.093018,1100.856,0.5244627,10.836928,0.6206808,8.279916,0.5324478,11.001958,0.40996456,13.575024,-0.3922882,207.40651,-0.24473572,210.99951,0.65534925,8.08528,-86.81067,2001.4376,-75.3418,8195.934,-0.0618546,2.2260933,N-CMAPSS_DS02-006,20
N-CMAPSS_DS02-006 · Engine 20,37,576.5115,1354.0247,1677.3518,1142.2864,13.109044,10.058111,13.308675,16.378387,249.27188,253.60977,9.946989,2018.5547,8317.016,2.719903,15777.771,0.5697653,65.07797,492.49313,29.0,3,0,22.85022,559.45123,54.322144,1319.7295,75.55188,1636.3975,51.127197,1104.967,2.3308048,10.997782,1.7303076,8.396012,2.3663015,11.16526,2.9790602,13.780959,47.466537,210.90353,48.249405,214.54855,1.8199625,8.227981,62.119385,2004.9894,175.86914,8207.056,0.58132267,2.2709165,N-CMAPSS_DS02-006,20
N-CMAPSS_DS02-006 · Engine 20,38,560.9118,1329.908,1659.9203,1107.96,10.638436,8.001842,10.800442,13.469733,209.67693,213.21869,7.7685432,2050.238,8241.298,2.2852938,23128.086,0.65470695,72.43365,473.62936,28.0,3,0,-15.59967,560.14856,-24.1167,1321.7139,-17.431519,1639.748,-34.326416,1106.574,-2.4706078,11.03994,-2.0562696,8.419773,-2.508233,11.20806,-2.9086542,13.842909,-39.594955,212.10168,-40.391083,215.76163,-2.1784458,8.249712,31.68335,2008.9249,-75.71777,8213.588,-0.43460917,2.2872005,N-CMAPSS_DS02-006,20
N-CMAPSS_DS02-006 · Engine 20,39,566.3317,1342.0802,1676.3848,1120.3113,11.165723,8.38707,11.335759,14.151892,220.68997,224.4064,8.174983,2060.771,8279.986,2.4218357,21746.332,0.64669335,72.43974,478.0871,27.0,3,0,5.419922,560.45294,12.172241,1323.5491,16.464478,1643.9517,12.351318,1107.5315,0.5272865,10.993457,0.38522816,8.363166,0.5353174,11.16087,0.68215847,13.8079405,11.013046,212.2037,11.187714,215.84943,0.40643978,8.19064,10.532959,2016.0068,38.688477,8219.5625,0.13654184,2.2943084,N-CMAPSS_DS02-006,20
N-CMAPSS_DS02-006 · Engine 20,40,558.3334,1321.6749,1647.6838,1106.9841,10.599524,8.009714,10.760937,13.373399,207.46545,210.9686,7.8643456,2025.305,8211.803,2.2589047,22494.064,0.6263669,70.45949,472.9945,26.0,3,0,-7.998352,561.0022,-20.405273,1325.6519,-28.700928,1648.2542,-13.327148,1108.9514,-0.5661993,10.987938,-0.37735558,8.3440895,-0.5748224,11.155267,-0.7784929,13.818967,-13.224518,212.82634,-13.437805,216.47021,-0.31063747,8.16743,-35.465942,2022.5157,-68.18359,8226.321,-0.16293097,2.3063302,N-CMAPSS_DS02-006,20
N-CMAPSS_DS02-006 · Engine 20,41,560.3693,1327.7198,1658.2303,1105.6764,10.468683,7.8668284,10.628104,13.273119,206.36447,209.83427,7.5856204,2049.0015,8232.881,2.2536073,23801.63,0.6711031,72.68156,472.9297,25.0,3,0,2.0359497,561.5506,6.044922,1326.534,10.546509,1649.3517,-1.3077393,1109.9846,-0.1308403,11.043148,-0.14288568,8.388143,-0.13283253,11.211317,-0.10027981,13.888351,-1.1009827,213.7759,-1.1343231,217.43597,-0.27872515,8.204235,23.696411,2022.6079,21.078125,8228.965,-0.0052974224,2.317967,N-CMAPSS_DS02-006,20
N-CMAPSS_DS02-006 · Engine 20,42,550.38947,1298.5117,1611.2693,1082.3623,9.945342,7.5936675,10.096792,12.484851,190.41498,193.69688,7.266978,1995.4241,8138.7676,2.028328,24097.537,0.6428744,67.46837,468.54266,24.0,3,0,-9.979858,560.41943,-29.20813,1323.0593,-46.96106,1644.0001,-23.314087,1107.0955,-0.5233412,10.96803,-0.27316093,8.3453045,-0.531312,11.135056,-0.7882681,13.780795,-15.949493,211.59946,-16.13739,215.23099,-0.31864262,8.145207,-53.577393,2016.6482,-94.11328,8217.654,-0.22527933,2.2886734,N-CMAPSS_DS02-006,20
N-CMAPSS_DS02-006 · Engine 20,43,556.8309,1320.9221,1651.0076,1103.6127,10.265388,7.7284055,10.421713,12.988604,202.22531,205.62007,7.5252314,2039.6617,8210.904,2.198047,23632.914,0.6438731,71.98773,470.50748,23.0,3,0,6.4414062,559.70447,22.4104,1323.3496,39.73828,1647.2905,21.250366,1105.9294,0.32004547,10.7665825,0.13473797,8.15973,0.32492065,10.93054,0.5037527,13.565457,11.810333,209.28807,11.923187,212.85509,0.25825357,7.945625,44.23767,2026.3073,72.13672,8218.807,0.16971898,2.2693987,N-CMAPSS_DS02-006,20
N-CMAPSS_DS02-006 · Engine 20,44,558.2128,1302.9431,1599.4001,1106.102,11.750507,9.229079,11.92945,14.415579,212.41527,216.2433,9.168843,1919.2185,8149.4116,2.2263644,17350.018,0.5256085,57.41456,482.70557,22.0,3,0,1.381958,559.9163,-17.979004,1321.9812,-51.60742,1643.2963,2.48938,1106.6707,1.4851198,10.897467,1.5006738,8.290964,1.5077372,11.063417,1.4269753,13.692426,10.189957,210.25272,10.62323,213.85635,1.6436119,8.090024,-120.44324,2015.7856,-61.492676,8213.97,0.028317451,2.27313,N-CMAPSS_DS02-006,20
N-CMAPSS_DS02-006 · Engine 20,45,569.0945,1338.8726,1662.302,1127.5386,12.086368,9.255958,12.270424,15.128884,230.58736,234.57141,9.067791,2014.9875,8268.183,2.5022554,18336.396,0.5944886,66.01907,485.40607,21.0,3,0,10.881653,561.06464,35.929443,1323.636,62.901855,1644.535,21.436523,1109.3993,0.33586025,11.080726,0.026878357,8.4458475,0.34097385,11.249467,0.7133055,13.906378,18.172089,213.09169,18.32811,216.75298,-0.101052284,8.249635,95.76904,2012.9597,118.770996,8219.14,0.27589107,2.3033118,N-CMAPSS_DS02-006,20
N-CMAPSS_DS02-006 · Engine 20,46,558.34265,1311.3761,1622.1271,1107.481,11.315248,8.748498,11.487561,14.0562,212.01569,215.72214,8.61644,1968.5504,8178.421,2.2620327,19312.785,0.5669434,62.78711,478.83893,20.0,3,0,-10.751831,561.5328,-27.49646,1324.8033,-40.174927,1646.5677,-20.057617,1111.0315,-0.7711201,11.134426,-0.50745964,8.487917,-0.78286266,11.303986,-1.0726843,13.972065,-18.57167,214.11273,-18.849274,217.78915,-0.45135117,8.298576,-46.437134,2014.1713,-89.76172,8222.867,-0.24022269,2.3156571,N-CMAPSS_DS02-006,20
N-CMAPSS_DS02-006 · Engine 20,47,558.88477,1324.4628,1654.25,1112.1165,10.7161,8.101475,10.879289,13.510982,209.9893,213.52567,7.9808726,2031.0714,8222.124,2.2866542,22041.676,0.61535674,70.49496,473.46704,19.0,3,0,0.54211426,559.77014,13.08667,1321.8472,32.122925,1644.2576,4.635498,1108.0145,-0.5991478,10.895132,-0.6470232,8.2922535,-0.60827255,11.061047,-0.54521847,13.685324,-2.0263824,210.18448,-2.1964722,213.78075,-0.6355672,8.101965,62.520996,2015.423,43.703125,8213.378,0.024621487,2.2723322,N-CMAPSS_DS02-006,20
N-CMAPSS_DS02-006 · Engine 20,48,559.9952,1318.9363,1639.0544,1108.7662,11.040698,8.465511,11.208831,13.812664,209.9366,213.55537,8.215595,2001.6171,8203.024,2.256926,20997.188,0.6137672,66.5317,477.42477,18.0,3,0,1.1104126,559.67847,-5.5264893,1320.75,-15.195557,1642.1709,-3.3502197,1108.0951,0.3245983,10.935358,0.36403656,8.33862,0.32954216,11.101886,0.30168247,13.719617,-0.052703857,210.21043,0.029708862,213.8144,0.23472261,8.14667,-29.454346,2010.5608,-19.09961,8209.551,-0.029728174,2.2694955,N-CMAPSS_DS02-006,20
N-CMAPSS_DS02-006 · Engine 20,49,561.35876,1327.9835,1658.6766,1113.185,10.824405,8.19588,10.989243,13.647091,210.78566,214.35022,7.956997,2035.1906,8233.801,2.2925837,22360.725,0.6442041,70.38963,475.4983,17.0,3,0,1.3635864,559.18115,9.047241,1319.3403,19.622192,1640.4001,4.4188232,1107.3824,-0.21629333,10.901226,-0.2696314,8.319502,-0.21958828,11.067234,-0.16557312,13.669137,0.84906006,209.22,0.7948456,212.80879,-0.25859833,8.124871,33.573486,2008.0028,30.776367,8204.932,0.035657644,2.2565703,N-CMAPSS_DS02-006,20
N-CMAPSS_DS02-006 · Engine 20,50,564.59296,1336.037,1671.1304,1117.028,10.892595,8.205611,11.058474,13.791358,213.7726,217.36617,7.8796616,2052.9087,8260.129,2.337324,22668.117,0.66876185,71.68264,477.1033,16.0,3,0,3.234192,559.8071,8.053467,1320.7765,12.453735,1642.7448,3.8428955,1108.3868,0.068190575,10.930533,0.009731293,8.339091,0.06923103,11.096988,0.14426708,13.710933,2.9869385,209.85072,3.0159454,213.44855,-0.07733536,8.126403,17.71814,2010.7632,26.328125,8209.765,0.0447402,2.2644122,N-CMAPSS_DS02-006,20
N-CMAPSS_DS02-006 · Engine 20,51,568.4097,1330.8488,1647.0946,1126.7935,12.386637,9.606041,12.575266,15.377255,230.49088,234.53342,9.372087,1981.5391,8241.332,2.47657,17164.861,0.5774363,62.10246,487.99792,15.0,3,0,3.8167725,560.61115,-5.1882324,1321.0894,-24.035767,1641.6312,9.765503,1110.4985,1.4940414,11.122329,1.4004297,8.513013,1.5167923,11.291704,1.5858974,13.921347,16.718277,212.26337,17.167252,215.91846,1.492425,8.30505,-71.36963,2004.0168,-18.796875,8210.609,0.13924599,2.2867086,N-CMAPSS_DS02-006,20
N-CMAPSS_DS02-006 · Engine 20,52,562.1254,1332.4552,1670.0913,1117.9342,10.708087,8.055424,10.871155,13.559648,211.19398,214.70901,7.829601,2049.9363,8246.907,2.320098,23030.514,0.6588993,72.53731,474.56277,14.0,3,0,-6.2843018,561.7848,1.6064453,1324.4838,22.996704,1647.5134,-8.859253,1114.0558,-1.6785498,11.198603,-1.5506172,8.559188,-1.7041111,11.369141,-1.8176079,14.028827,-19.29689,214.34126,-19.824402,218.01968,-1.5424857,8.361312,68.39722,2009.4681,5.5751953,8221.424,-0.15647197,2.3158855,N-CMAPSS_DS02-006,20
N-CMAPSS_DS02-006 · Engine 20,53,562.16754,1332.3319,1671.7599,1119.2999,10.708311,8.055424,10.871383,13.561868,211.14703,214.6498,7.8297386,2049.9363,8245.946,2.32239,23030.514,0.6588993,72.53731,474.56277,13.0,3,0,0.042114258,562.3184,-0.123291016,1325.6248,1.6685791,1649.5886,1.3657227,1115.6245,0.00022411346,11.242895,0.0,8.59189,0.00022792816,11.414107,0.0022201538,14.086153,-0.046951294,215.23343,-0.05921936,218.92265,0.00013780594,8.391763,0.0,2010.4956,-0.9609375,8224.928,0.0022921562,2.3283198,N-CMAPSS_DS02-006,20
N-CMAPSS_DS02-006 · Engine 20,54,561.1105,1326.9028,1659.9244,1116.0322,10.818915,8.195649,10.983669,13.640743,210.81221,214.35345,7.948124,2031.9186,8229.275,2.2985141,22230.934,0.64162177,69.93489,475.65466,12.0,3,0,-1.0570679,562.6082,-5.429077,1328.0208,-11.835449,1655.6411,-3.2677002,1116.6176,0.110604286,11.149736,0.14022541,8.488547,0.11228657,11.31953,0.07887554,14.008669,-0.3348236,215.07314,-0.29634094,218.73367,0.118385315,8.2696905,-18.0177,2021.7656,-16.670898,8232.914,-0.023875952,2.3355348,N-CMAPSS_DS02-006,20
N-CMAPSS_DS02-006 · Engine 20,55,550.52203,1299.2373,1620.3768,1098.2944,10.181365,7.8036757,10.336411,12.731738,194.30034,197.59372,7.632281,1982.1351,8136.382,2.0892906,22963.516,0.6098898,66.708786,469.37228,11.0,3,0,-10.58844,560.751,-27.665527,1324.0571,-39.547607,1651.4486,-17.737793,1113.6931,-0.63755035,10.959236,-0.3919735,8.343319,-0.6472578,11.126128,-0.90900517,13.768954,-16.511871,211.44443,-16.759735,215.03589,-0.3158431,8.12614,-49.783447,2018.4803,-92.893555,8219.734,-0.20922351,2.2942383,N-CMAPSS_DS02-006,20
N-CMAPSS_DS02-006 · Engine 20,56,564.5206,1336.4283,1676.357,1126.8173,11.085135,8.3721,11.253944,14.004391,217.47057,221.09291,8.145033,2046.2682,8259.643,2.3880417,21680.062,0.6414327,70.920044,477.75006,10.0,3,0,13.998596,561.3688,37.19104,1326.5624,55.980225,1656.8716,28.522827,1115.6267,0.90377045,10.936225,0.5684242,8.305679,0.9175329,11.102766,1.2726526,13.763774,23.170227,211.98991,23.499191,215.57297,0.51275206,8.078999,64.13306,2026.2521,123.26074,8227.856,0.29875112,2.3068392,N-CMAPSS_DS02-006,20
N-CMAPSS_DS02-006 · Engine 20,57,560.37756,1328.5715,1670.597,1118.3918,10.468735,7.8668284,10.628157,13.273613,207.00531,210.41061,7.605778,2049.0027,8232.899,2.2809036,23801.63,0.6711031,72.68156,472.9297,9.0,3,0,-4.1430664,561.518,-7.8568115,1326.9733,-5.76001,1658.5062,-8.425415,1116.2543,-0.6164007,10.911489,-0.50527143,8.282214,-0.62578773,11.077653,-0.73077774,13.740037,-10.465256,211.69151,-10.682297,215.26147,-0.53925467,8.04149,2.734497,2028.0453,-26.743164,8228.934,-0.10713816,2.3062642,N-CMAPSS_DS02-006,20
N-CMAPSS_DS02-006 · Engine 20,58,560.36273,1328.751,1671.8481,1119.8143,10.468656,7.8668284,10.628076,13.272848,207.12117,210.52126,7.6088243,2049.0015,8233.27,2.2842329,23801.63,0.6711031,72.68156,472.9297,8.0,3,0,-0.014831543,561.5548,0.17944336,1327.9547,1.2510986,1661.7856,1.4224854,1117.3591,-7.915497e-05,10.854284,0.0,8.222346,-8.106232e-05,11.019578,-0.0007648468,13.686055,0.115859985,211.40997,0.11064148,214.95805,0.0030460358,7.9808125,-0.0012207031,2032.7837,0.3701172,8231.958,0.003329277,2.3089948,N-CMAPSS_DS02-006,20
N-CMAPSS_DS02-006 · Engine 20,59,562.13574,1333.0619,1679.0459,1127.1116,10.708148,8.055424,10.871216,13.560238,211.65144,215.11877,7.844077,2049.9368,8246.825,2.3401163,23030.514,0.6588993,72.53731,474.56277,7.0,3,0,1.7730103,561.6325,4.310913,1328.4625,7.197754,1663.8225,7.297241,1118.7517,0.23949242,10.842658,0.1885953,8.208301,0.24314022,11.007775,0.28738976,13.67737,4.5302734,211.49655,4.597519,215.03491,0.23525286,7.9695206,0.93530273,2034.2583,13.555664,8233.261,0.055883408,2.3137481,N-CMAPSS_DS02-006,20
N-CMAPSS_DS02-006 · Engine 20,60,553.318,1316.3207,1661.317,1112.2327,9.862253,7.4032655,10.012441,12.495214,195.93575,199.12442,7.2281075,2043.6685,8193.475,2.1541927,25312.256,0.6649011,73.91265,466.32227,6.0,3,0,-8.817749,560.505,-16.74121,1326.491,-17.728882,1662.8412,-14.878906,1118.2722,-0.8458948,10.739624,-0.65215826,8.128066,-0.85877514,10.903172,-1.0650234,13.547755,-15.715698,209.71286,-15.994354,213.21074,-0.61596966,7.904365,-6.2683105,2033.3342,-53.350586,8226.596,-0.18592358,2.295435,N-CMAPSS_DS02-006,20
N-CMAPSS_DS02-006 · Engine 20,61,565.23804,1319.6404,1635.0056,1132.6581,12.308536,9.635293,12.4959755,15.168712,224.95457,228.88591,9.487338,1940.5342,8199.849,2.4096477,16484.062,0.54654413,58.582603,487.921,5.0,3,0,11.920044,560.1878,3.3197021,1325.3701,-26.311401,1661.6323,20.425415,1118.8586,2.4462824,10.731814,2.2320275,8.130991,2.4835348,10.895243,2.6734972,13.526901,29.01883,209.15924,29.76149,212.64598,2.2592306,7.91589,-103.13428,2029.2338,6.3740234,8222.447,0.25545502,2.2887428,N-CMAPSS_DS02-006,20
N-CMAPSS_DS02-006 · Engine 20,62,557.80084,1324.5311,1672.823,1120.7162,10.221746,7.6777587,10.377408,12.956997,202.689,205.98149,7.420037,2049.1257,8220.162,2.2396228,24689.842,0.6796586,73.34649,470.39532,4.0,3,0,-7.437195,559.7554,4.890747,1324.5776,37.817383,1661.9055,-11.941895,1119.1368,-2.0867891,10.68318,-1.9575343,8.093225,-2.1185675,10.845868,-2.2117147,13.466637,-22.26558,208.30875,-22.904419,211.77324,-2.0673013,7.8749337,108.59155,2029.1527,20.313477,8219.772,-0.17002487,2.2806952,N-CMAPSS_DS02-006,20
N-CMAPSS_DS02-006 · Engine 20,63,571.24493,1336.3678,1662.2269,1149.0659,12.923246,10.076681,13.120048,15.9679,238.96622,243.10457,9.921501,1969.732,8256.634,2.5821054,15384.882,0.55084145,59.847126,492.10138,3.0,3,0,13.444092,560.6631,11.83667,1324.9813,-10.596069,1660.9521,28.349731,1122.1134,2.7015,10.904674,2.3989224,8.29535,2.7426395,11.070734,3.0109034,13.707239,36.27722,211.09065,37.123077,214.61871,2.5014644,8.08411,-79.39368,2021.1323,36.47168,8220.842,0.34248257,2.3066669,N-CMAPSS_DS02-006,20
N-CMAPSS_DS02-006 · Engine 20,64,565.57306,1336.5935,1682.7368,1138.2106,11.262481,8.556489,11.433989,14.177965,218.97377,222.5905,8.272969,2035.3206,8258.066,2.4113712,21327.24,0.6480868,69.26406,479.9373,2.0,3,0,-5.671875,561.1094,0.22570801,1325.9503,20.509888,1663.2334,-10.855347,1124.3313,-1.6607656,10.94903,-1.5201921,8.331434,-1.686059,11.115767,-1.7899351,13.760962,-19.992447,211.90681,-20.514069,215.44241,-1.6485319,8.116594,65.5885,2021.4725,1.4326172,8223.721,-0.17073417,2.3179524,N-CMAPSS_DS02-006,20
N-CMAPSS_DS02-006 · Engine 20,65,564.361,1338.1136,1692.0239,1145.6654,11.157122,8.404258,11.327027,14.106582,221.40988,224.9732,8.284355,2042.3984,8260.412,2.4790764,21459.924,0.63300943,71.10988,477.66653,1.0,3,0,-1.2120361,562.4933,1.5201416,1329.838,9.287109,1670.3982,7.454834,1129.0684,-0.10535908,11.046606,-0.15223122,8.391493,-0.10696125,11.2148285,-0.071383476,13.898446,2.4361115,214.61777,2.3827057,218.18036,0.011385918,8.181802,7.077881,2027.4989,2.3457031,8236.123,0.067705154,2.356931,N-CMAPSS_DS02-006,20
N-CMAPSS_DS02-006 · Engine 20,66,552.9037,1308.61,1649.1542,1124.0516,10.34884,7.8891115,10.506437,12.984304,201.38573,204.66312,7.785013,1993.939,8163.3193,2.2145262,22519.785,0.6070644,67.75818,470.68384,0.0,3,0,-11.457336,561.33154,-29.503662,1327.0562,-42.86975,1667.6779,-21.61377,1128.7919,-0.8082819,10.972977,-0.51514626,8.343194,-0.82059,11.140078,-1.1222773,13.796437,-20.024155,213.00928,-20.31009,216.53738,-0.49934196,8.1458,-48.459473,2022.2659,-97.09277,8226.491,-0.2645502,2.3395796,N-CMAPSS_DS02-006,20
N-CMAPSS_DS03-012 · Engine 1,1,578.57947,1346.3877,1646.3094,1147.8528,14.498665,11.388736,14.719458,17.757872,262.31192,267.0827,11.558966,1937.6476,8290.823,2.8096614,10951.066,0.47261637,56.05434,501.33408,71.0,1,1,0.0,578.57947,0.0,1346.3877,0.0,1646.3094,0.0,1147.8528,0.0,14.498665,0.0,11.388736,0.0,14.719458,0.0,17.757872,0.0,262.31192,0.0,267.0827,0.0,11.558966,0.0,1937.6476,0.0,8290.823,0.0,2.8096614,N-CMAPSS_DS03-012,1
N-CMAPSS_DS03-012 · Engine 1,2,580.1959,1337.3059,1618.8646,1149.5697,15.510228,12.446764,15.746426,18.703497,266.55518,271.58807,12.633536,1868.7965,8255.758,2.8022475,8028.579,0.43471643,48.920635,508.6205,70.0,1,1,1.6164551,579.3877,-9.081787,1341.8468,-27.444824,1632.587,1.716919,1148.7112,1.0115633,15.004446,1.0580282,11.917749,1.026968,15.232942,0.9456253,18.230684,4.2432556,264.43353,4.505371,269.3354,1.0745707,12.096251,-68.851074,1903.222,-35.06543,8273.291,-0.007413864,2.8059545,N-CMAPSS_DS03-012,1
N-CMAPSS_DS03-012 · Engine 1,3,584.2944,1351.0924,1644.3359,1150.4573,15.286658,12.125239,15.519451,18.653496,269.87134,274.8739,12.045406,1923.3525,8303.804,2.8765755,9819.769,0.5016447,53.892605,508.29147,69.0,1,1,4.0984497,581.02325,13.786499,1344.9287,25.471313,1636.5033,0.88757324,1149.2932,-0.22356987,15.098517,-0.32152462,11.986913,-0.22697449,15.3284445,-0.050001144,18.371622,3.316162,266.24615,3.2858276,271.18155,-0.58813,12.079303,54.55603,1909.9323,48.0459,8283.462,0.074327946,2.8294947,N-CMAPSS_DS03-012,1
N-CMAPSS_DS03-012 · Engine 1,4,585.15204,1350.9055,1641.8086,1153.2235,15.565984,12.364951,15.803029,18.961334,273.95236,279.03436,12.358121,1910.9993,8303.389,2.9280412,9034.825,0.4876599,53.027596,509.85233,68.0,1,1,0.857666,582.0554,-0.18688965,1346.4229,-2.5273438,1637.8296,2.7662354,1150.2759,0.2793255,15.215384,0.23971176,12.081423,0.28357792,15.447091,0.30783844,18.51905,4.081024,268.1727,4.1604614,273.14478,0.31271458,12.149008,-12.3532715,1910.199,-0.41503906,8288.443,0.05146575,2.8541315,N-CMAPSS_DS03-012,1
N-CMAPSS_DS03-012 · Engine 1,5,578.5691,1346.4413,1646.0796,1147.7104,14.498608,11.388736,14.719399,17.757156,262.34683,267.12054,11.559363,1937.6476,8291.105,2.8095517,10951.066,0.47261637,56.05434,501.33408,67.0,1,1,-6.582947,581.35815,-4.4642334,1346.4265,4.270996,1639.4796,-5.5130615,1149.7627,-1.0673761,15.072028,-0.97621536,11.942885,-1.0836296,15.301553,-1.2041779,18.36667,-11.60553,267.00754,-11.913818,271.9399,-0.79875755,12.031078,26.648315,1915.6887,-12.283203,8288.976,-0.118489504,2.8452156,N-CMAPSS_DS03-012,1
N-CMAPSS_DS03-012 · Engine 1,6,581.0709,1341.9873,1629.5914,1150.2191,15.255417,12.143695,15.487732,18.522879,267.14697,272.10684,12.316462,1891.2487,8271.249,2.8451605,9010.299,0.45440573,51.88142,507.0913,66.0,1,1,2.501831,581.3103,-4.4539795,1345.6866,-16.48816,1637.8315,2.508667,1149.8389,0.75680923,15.102593,0.7549591,11.976354,0.7683325,15.332582,0.7657223,18.392706,4.8001404,267.03076,4.9862976,271.96774,0.7570982,12.078642,-46.398926,1911.6154,-19.856445,8286.021,0.03560877,2.8452063,N-CMAPSS_DS03-012,1
N-CMAPSS_DS03-012 · Engine 1,7,585.5811,1355.4319,1650.064,1157.1259,15.6273985,12.381785,15.865379,19.041002,276.84134,281.9732,12.452545,1923.8016,8320.413,2.9524696,8757.58,0.47375408,53.426548,509.61856,65.0,1,1,4.510193,581.9204,13.44458,1347.0789,20.472534,1639.5791,6.9067383,1150.8798,0.37198162,15.177566,0.23809052,12.034272,0.3776474,15.408696,0.5181236,18.48532,9.694366,268.43228,9.866364,273.3971,0.1360836,12.132057,32.55298,1913.3562,49.164062,8290.935,0.1073091,2.8605297,N-CMAPSS_DS03-012,1
N-CMAPSS_DS03-012 · Engine 1,8,583.2158,1343.9388,1627.8778,1156.1285,15.883289,12.711878,16.125168,19.183767,274.59732,279.75656,12.96233,1874.673,8278.417,2.907518,7366.344,0.42994505,49.41956,510.7968,64.0,1,1,-2.3652954,582.08234,-11.493042,1346.6864,-22.186157,1638.1165,-0.99731445,1151.5359,0.25589085,15.265781,0.33009243,12.118973,0.2597885,15.498255,0.14276505,18.572626,-2.2440186,269.2029,-2.2166443,274.19202,0.5097847,12.235841,-49.128662,1908.5209,-41.996094,8289.37,-0.044951677,2.866403,N-CMAPSS_DS03-012,1
N-CMAPSS_DS03-012 · Engine 1,9,575.00397,1330.981,1614.8241,1149.7411,15.026976,11.986675,15.255813,18.09873,261.90347,266.8019,12.559814,1862.0999,8238.807,2.7526789,8069.0356,0.36492738,48.783405,503.40094,63.0,1,1,-8.211853,581.29584,-12.957886,1344.9413,-13.053711,1635.5284,-6.387451,1151.3364,-0.8563137,15.239247,-0.72520256,12.104273,-0.8693552,15.471317,-1.0850372,18.51997,-12.693848,268.39185,-12.954651,273.3709,-0.4025154,12.271838,-12.57312,1903.3629,-39.61035,8283.752,-0.15483904,2.8537672,N-CMAPSS_DS03-012,1
N-CMAPSS_DS03-012 · Engine 1,10,580.56494,1340.8318,1628.9075,1143.8702,14.997085,11.945001,15.225466,18.230856,262.16855,267.06616,11.907149,1903.1324,8271.633,2.7677035,9888.501,0.48435667,52.16701,506.38358,62.0,1,1,5.560974,581.2228,9.85083,1344.5304,14.083374,1634.8663,-5.8708496,1150.5898,-0.029891014,15.215031,-0.041674614,12.0883465,-0.03034687,15.446732,0.13212585,18.491058,0.26507568,267.76953,0.2642517,272.74042,-0.65266514,12.23537,41.032593,1903.3398,32.82617,8282.54,0.015024662,2.8451607,N-CMAPSS_DS03-012,1
N-CMAPSS_DS03-012 · Engine 1,11,585.1747,1350.8276,1642.7911,1154.0242,15.566116,12.364951,15.803164,18.962978,273.90613,278.97784,12.358004,1910.9994,8302.7705,2.9297173,9034.825,0.4876599,53.027596,509.85233,61.0,1,1,4.609741,581.88226,9.99585,1344.9744,13.883667,1634.5144,10.153931,1151.207,0.5690317,15.321775,0.4199505,12.185967,0.57769775,15.555102,0.7321224,18.61157,11.737579,268.92896,11.911682,273.92993,0.4508543,12.315273,7.8669434,1900.675,31.137695,8283.734,0.16201377,2.8571663,N-CMAPSS_DS03-012,1
N-CMAPSS_DS03-012 · Engine 1,12,583.2363,1343.8488,1628.5496,1156.626,15.8834,12.711878,16.12528,19.185278,274.53284,279.6842,12.961781,1874.6729,8277.828,2.908315,7366.344,0.42994505,49.41956,510.7968,60.0,1,1,-1.9383545,582.18634,-6.978882,1345.6287,-14.241577,1635.4829,2.6018066,1151.9126,0.31728363,15.359093,0.3469267,12.212479,0.32211685,15.592988,0.22229958,18.659748,0.626709,269.7267,0.70635986,274.73956,0.60377693,12.348098,-36.326538,1901.2627,-24.942383,8285.941,-0.021402359,2.867773,N-CMAPSS_DS03-012,1
N-CMAPSS_DS03-012 · Engine 1,13,583.1066,1343.6367,1629.1512,1153.3185,15.696992,12.551113,15.936031,18.996553,271.9686,277.0621,12.691922,1882.2843,8278.33,2.8841121,8074.4424,0.45158243,50.40673,510.08594,59.0,1,1,-0.1296997,582.06757,-0.21203613,1344.883,0.6016846,1633.9645,-3.307495,1152.1987,-0.18640804,15.400126,-0.1607647,12.255066,-0.18924904,15.634646,-0.18872452,18.694054,-2.5642395,269.93643,-2.6221008,274.95837,-0.26985836,12.412749,7.61145,1897.1559,0.5019531,8283.395,-0.024202824,2.8685267,N-CMAPSS_DS03-012,1
N-CMAPSS_DS03-012 · Engine 1,14,585.61523,1355.2787,1651.2555,1158.0359,15.6276,12.381785,15.865584,19.043476,276.74927,281.86758,12.451877,1923.8016,8319.468,2.9541297,8757.58,0.47375408,53.426548,509.61856,58.0,1,1,2.508606,582.1139,11.641968,1345.3204,22.104248,1634.9092,4.717407,1152.6799,-0.069392204,15.406288,-0.16932774,12.25675,-0.07044697,15.640902,0.046922684,18.702267,4.78067,270.21613,4.805481,275.2417,-0.24004555,12.422125,41.517334,1898.4362,41.137695,8285.002,0.070017576,2.8711357,N-CMAPSS_DS03-012,1
N-CMAPSS_DS03-012 · Engine 1,15,585.60443,1355.3395,1651.0369,1157.9109,15.627538,12.381785,15.865519,19.042688,276.7905,281.91193,12.4523535,1923.8016,8319.77,2.9540844,8757.58,0.47375408,53.426548,509.61856,57.0,1,1,-0.010803223,582.8174,0.060791016,1346.2102,-0.21862793,1635.4049,-0.125,1153.7001,-6.198883e-05,15.519181,0.0,12.356054,-6.580353e-05,15.755513,-0.000787735,18.83082,0.041229248,271.6605,0.04434204,276.72083,0.00047683716,12.511424,0.0,1897.0515,0.3017578,8287.868,-4.529953e-05,2.885589,N-CMAPSS_DS03-012,1
N-CMAPSS_DS03-012 · Engine 1,16,578.83264,1337.3121,1625.083,1141.1998,14.73645,11.73383,14.960863,17.917429,257.56595,262.36353,11.729293,1899.6903,8258.096,2.7229435,10441.2295,0.4837612,52.665703,504.55188,56.0,1,1,-6.7717896,582.59357,-18.027344,1345.7427,-25.953857,1634.9541,-16.71106,1152.7981,-0.89108753,15.467284,-0.64795494,12.315068,-0.90465546,15.7028265,-1.1252594,18.770275,-19.224548,270.7024,-19.5484,275.7465,-0.7230606,12.452707,-24.111328,1897.8958,-61.67383,8286.553,-0.23114085,2.8733673,N-CMAPSS_DS03-012,1
N-CMAPSS_DS03-012 · Engine 1,17,583.22986,1343.8773,1628.3431,1156.4745,15.883365,12.711878,16.125244,19.1848,274.55356,279.7073,12.961966,1874.6729,8278.013,2.908082,7366.344,0.42994505,49.41956,510.7968,55.0,1,1,4.397217,582.35846,6.5651855,1344.5873,3.2601318,1632.782,15.274658,1152.7329,1.1469145,15.492881,0.9780474,12.348078,1.164381,15.728813,1.2673702,18.784657,16.98761,270.47363,17.34378,275.5199,1.2326727,12.503649,-25.017456,1892.9828,19.916992,8282.313,0.18513846,2.8689284,N-CMAPSS_DS03-012,1
N-CMAPSS_DS03-012 · Engine 1,18,578.8393,1337.3173,1625.724,1141.7953,14.736488,11.73383,14.960901,17.917889,257.57736,262.3697,11.729801,1899.6903,8257.92,2.7243903,10441.2295,0.4837612,52.665703,504.55188,54.0,1,1,-4.390564,581.9208,-6.5600586,1343.925,-2.6191406,1632.5667,-14.679199,1151.2997,-1.1468763,15.378201,-0.9780474,12.250273,-1.1643429,15.612387,-1.2669106,18.658068,-16.976196,268.7716,-17.337616,273.78122,-1.2321644,12.380396,25.017456,1895.4846,-20.092773,8280.264,-0.18369174,2.8506157,N-CMAPSS_DS03-012,1
N-CMAPSS_DS03-012 · Engine 1,19,580.9717,1344.6781,1636.6217,1155.3604,15.353841,12.183006,15.587657,18.649357,271.41357,276.41122,12.493198,1897.0912,8281.586,2.9040868,8643.986,0.43523422,52.26939,506.52716,53.0,1,1,2.1323853,582.5176,7.36084,1345.2948,10.897705,1634.7463,13.565063,1151.8616,0.6173525,15.410888,0.44917583,12.269906,0.6267557,15.645571,0.7314682,18.71313,13.836212,269.72263,14.041534,274.74216,0.7633972,12.373734,-2.599121,1898.9836,23.666016,8284.541,0.17969656,2.8657565,N-CMAPSS_DS03-012,1
N-CMAPSS_DS03-012 · Engine 1,20,584.70685,1353.3801,1648.238,1160.8298,15.740951,12.495978,15.9806595,19.134861,277.8823,283.02454,12.700022,1913.1,8310.986,2.9648254,8090.279,0.4481552,52.24231,509.622,52.0,1,1,3.7351685,582.93176,8.702026,1346.5496,11.616333,1636.6794,5.4694824,1153.5575,0.38710976,15.485274,0.31297207,12.325004,0.3930025,15.72109,0.48550415,18.803532,6.4687195,271.294,6.613312,276.33798,0.20682335,12.453022,16.00879,1899.9805,29.40039,8288.477,0.060738564,2.8854687,N-CMAPSS_DS03-012,1
N-CMAPSS_DS03-012 · Engine 1,21,581.2213,1342.5803,1629.6144,1156.1357,15.607244,12.469662,15.844917,18.842775,270.8803,275.96466,12.806313,1881.3877,8276.444,2.8522532,7578.456,0.4074807,49.44916,508.57312,51.0,1,1,-3.4855347,582.53644,-10.799805,1345.7249,-18.623657,1635.3617,-4.694092,1153.7687,-0.13370705,15.489387,-0.026316643,12.335475,-0.13574219,15.7252655,-0.29208565,18.791512,-7.0019836,270.99142,-7.0598755,276.03668,0.10629082,12.497852,-31.71228,1897.0193,-34.541992,8285.844,-0.11257219,2.8777223,N-CMAPSS_DS03-012,1
N-CMAPSS_DS03-012 · Engine 1,22,580.9839,1344.6095,1636.8169,1155.4495,15.353906,12.183006,15.587721,18.65023,271.3631,276.3577,12.4925785,1897.0912,8281.242,2.903973,8643.986,0.43523422,52.26939,506.52716,50.0,1,1,-0.23742676,582.31116,2.0291748,1345.801,7.2025146,1636.1885,-0.6862793,1153.651,-0.25333786,15.436438,-0.28665543,12.282587,-0.25719643,15.67151,-0.19254494,18.738007,0.4827881,270.67444,0.3930359,275.70404,-0.31373405,12.4509325,15.703491,1899.2611,4.7978516,8286.186,0.051719904,2.877288,N-CMAPSS_DS03-012,1
N-CMAPSS_DS03-012 · Engine 1,23,578.5988,1346.3702,1647.8136,1149.2228,14.498771,11.388736,14.7195635,17.759192,262.3238,267.08182,11.55998,1937.6473,8290.314,2.8129523,10951.066,0.47261637,56.05434,501.33408,49.0,1,1,-2.3850708,581.8604,1.7607422,1346.0743,10.996704,1638.0547,-6.2266846,1153.2415,-0.85513496,15.316615,-0.7942705,12.166349,-0.8681574,15.549863,-0.8910389,18.61427,-9.039307,269.70996,-9.275879,274.706,-0.9325981,12.337738,40.556152,1904.7974,9.072266,8287.384,-0.09102082,2.870172,N-CMAPSS_DS03-012,1
N-CMAPSS_DS03-012 · Engine 1,24,577.8955,1336.8949,1626.526,1142.01,14.658673,11.654325,14.881904,17.831024,257.461,262.23547,11.69705,1902.3387,8256.098,2.7261884,10552.7295,0.4789385,52.801556,503.51273,48.0,1,1,-0.7033081,581.08844,-9.475342,1344.236,-21.287598,1635.5818,-7.2127686,1151.6389,0.15990257,15.219723,0.26558876,12.093604,0.16234016,15.451495,0.07183266,18.493025,-4.862793,267.78113,-4.846344,272.7428,0.1370697,12.262256,-35.308594,1902.6511,-34.216797,8281.047,-0.08676386,2.847378,N-CMAPSS_DS03-012,1
N-CMAPSS_DS03-012 · Engine 1,25,583.12756,1343.564,1630.1381,1154.1351,15.697112,12.551113,15.936151,18.998074,271.92773,277.01102,12.691887,1882.2843,8277.737,2.8858502,8074.4424,0.45158243,50.40673,510.08594,47.0,1,1,5.2320557,580.84076,6.6690674,1343.0583,3.6120605,1633.492,12.125122,1151.2612,1.0384388,15.22668,0.8967886,12.110537,1.0542469,15.458558,1.1670494,18.488564,14.466736,267.29486,14.775543,272.2527,0.9948368,12.286209,-20.054443,1898.4994,21.639648,8276.844,0.15966177,2.8405545,N-CMAPSS_DS03-012,1
N-CMAPSS_DS03-012 · Engine 1,26,583.1298,1343.5319,1629.9388,1153.9105,15.697125,12.551113,15.936166,18.998241,271.90067,276.985,12.691395,1882.2843,8277.669,2.885127,8074.4424,0.45158243,50.40673,510.08594,46.0,1,1,0.0022583008,581.27045,-0.032104492,1343.6804,-0.19921875,1633.9774,-0.22460938,1152.5323,1.335144e-05,15.322747,0.0,12.192265,1.5258789e-05,15.556088,0.00016784668,18.596643,-0.027069092,268.72833,-0.026031494,273.71484,-0.00049209595,12.382419,0.0,1896.7588,-0.068359375,8278.801,-0.00072312355,2.856773,N-CMAPSS_DS03-012,1
N-CMAPSS_DS03-012 · Engine 1,27,575.02875,1330.9116,1616.1254,1150.8407,15.027086,11.986675,15.255924,18.100452,261.8619,266.74768,12.559888,1862.0996,8238.077,2.754985,8069.0356,0.36492738,48.783405,503.40094,45.0,1,1,-8.101074,580.4503,-12.620239,1342.3838,-13.813477,1632.7557,-3.0698242,1151.969,-0.6700392,15.23712,-0.56443787,12.119744,-0.6802416,15.469156,-0.897789,18.488209,-10.038757,267.45917,-10.237305,272.41888,-0.13150692,12.342211,-20.184692,1895.5015,-39.591797,8274.808,-0.13014197,2.841463,N-CMAPSS_DS03-012,1
N-CMAPSS_DS03-012 · Engine 1,28,585.62085,1355.3047,1652.1105,1158.8617,15.627633,12.381785,15.865619,19.043875,276.78354,281.89487,12.452848,1923.8016,8319.325,2.9563844,8757.58,0.47375408,53.426548,509.61856,44.0,1,1,10.592102,581.1285,24.393066,1344.1825,35.985107,1635.3943,8.020996,1153.6757,0.60054684,15.326234,0.39511013,12.18454,0.6096945,15.5596285,0.9434223,18.600807,14.921631,269.3798,15.147186,274.3714,-0.10703945,12.414516,61.702026,1897.9126,81.24805,8280.948,0.20139933,2.8646626,N-CMAPSS_DS03-012,1
N-CMAPSS_DS03-012 · Engine 1,29,584.71814,1353.3374,1648.6154,1161.1129,15.7410145,12.495978,15.980726,19.135685,277.85,282.98785,12.699772,1913.1,8310.67,2.9653225,8090.279,0.4481552,52.24231,509.622,43.0,1,1,-0.90270996,581.5032,-1.9672852,1345.0485,-3.4951172,1636.5938,2.2512207,1154.2509,0.113381386,15.364951,0.11419296,12.2158375,0.11510754,15.598935,0.09181023,18.64944,1.0664673,270.02344,1.0929871,275.02905,0.24692345,12.435173,-10.70166,1899.5134,-8.655273,8283.856,0.008938074,2.8707862,N-CMAPSS_DS03-012,1
N-CMAPSS_DS03-012 · Engine 1,30,583.1301,1343.5586,1630.3103,1154.287,15.697127,12.551113,15.936168,18.998264,271.92627,277.0079,12.691965,1882.2844,8277.663,2.8862164,8074.4424,0.45158243,50.40673,510.08594,42.0,1,1,-1.5880127,581.34546,-9.778809,1344.0663,-18.305054,1634.8009,-6.8259277,1153.5966,-0.04388714,15.360569,0.055134773,12.221351,-0.044558525,15.594486,-0.13742065,18.63578,-5.9237366,269.42783,-5.97995,274.4274,-0.007806778,12.434368,-30.815552,1896.4319,-33.006836,8280.524,-0.07910609,2.8629253,N-CMAPSS_DS03-012,1
N-CMAPSS_DS03-012 · Engine 1,31,585.19025,1350.8038,1643.8352,1154.9534,15.566208,12.364951,15.803256,18.964102,273.90182,278.96396,12.358539,1910.9994,8302.355,2.9319725,9034.825,0.4876599,53.027596,509.85233,41.0,1,1,2.0601196,581.7424,7.2452393,1344.8887,13.524902,1636.223,0.66638184,1153.4784,-0.13091946,15.356465,-0.186162,12.210879,-0.13291168,15.59032,-0.03416252,18.647915,1.9755554,269.72998,1.9560547,274.72733,-0.33342648,12.38959,28.714966,1899.3931,24.692383,8283.115,0.0457561,2.8708973,N-CMAPSS_DS03-012,1
N-CMAPSS_DS03-012 · Engine 1,32,580.9849,1344.6462,1637.3798,1156.0154,15.353912,12.183006,15.587728,18.650305,271.3989,276.38928,12.493413,1897.0912,8281.219,2.9055939,8643.986,0.43523422,52.26939,506.52716,40.0,1,1,-4.2053223,581.7425,-6.157593,1344.8923,-6.4554443,1636.2793,1.0620117,1153.5349,-0.21229553,15.356466,-0.18194485,12.210879,-0.21552849,15.590321,-0.313797,18.64792,-2.5029297,269.73355,-2.5746765,274.73047,0.13487434,12.389673,-13.908203,1899.3931,-21.136719,8283.113,-0.026378632,2.8710592,N-CMAPSS_DS03-012,1
N-CMAPSS_DS03-012 · Engine 1,33,575.04315,1330.8691,1616.8514,1151.448,15.027152,11.986675,15.25599,18.101454,261.83542,266.71405,12.55989,1862.0999,8237.65,2.756239,8069.0356,0.36492738,48.783405,503.40094,39.0,1,1,-5.9417725,581.3869,-13.7771,1343.3423,-20.52832,1633.1831,-4.567383,1153.7574,-0.3267603,15.409305,-0.19633102,12.270674,-0.33173752,15.643963,-0.548851,18.682148,-9.563477,269.68472,-9.675232,274.6937,0.06647682,12.489665,-34.991333,1891.8384,-43.56836,8277.847,-0.14935493,2.865388,N-CMAPSS_DS03-012,1
N-CMAPSS_DS03-012 · Engine 1,34,578.6014,1346.3512,1647.7877,1149.1732,14.498785,11.388736,14.719579,17.759363,262.30975,267.06757,11.559759,1937.6473,8290.243,2.8127491,10951.066,0.47261637,56.05434,501.33408,38.0,1,1,3.5582275,581.4575,15.482056,1344.2878,30.93628,1635.3092,-2.2747803,1154.4738,-0.52836704,15.393315,-0.5979395,12.244115,-0.5364113,15.62773,-0.3420906,18.674982,0.47433472,270.16962,0.35351562,275.1769,-1.0001307,12.475936,75.547485,1895.3691,52.592773,8281.261,0.05651021,2.874044,N-CMAPSS_DS03-012,1
N-CMAPSS_DS03-012 · Engine 1,35,581.11523,1341.8578,1631.7178,1151.9918,15.25566,12.143695,15.487978,18.526028,267.0693,272.00803,12.316501,1891.2487,8270.03,2.848908,9010.299,0.45440573,51.88142,507.0913,37.0,1,1,2.513855,581.2563,-4.493408,1344.1172,-16.069946,1635.4673,2.8186035,1154.2595,0.75687504,15.349171,0.7549591,12.203373,0.76839924,15.582913,0.7666645,18.627777,4.759552,269.68375,4.94046,274.6766,0.7567415,12.438396,-46.39868,1896.2656,-20.21289,8280.49,0.0361588,2.87035,N-CMAPSS_DS03-012,1
N-CMAPSS_DS03-012 · Engine 1,36,575.9556,1324.2238,1603.1711,1136.8287,14.755287,11.844383,14.979986,17.836071,253.13972,257.88013,11.877378,1855.7706,8211.381,2.671023,9890.086,0.46799394,49.575123,504.789,36.0,1,1,-5.159607,580.5388,-17.634033,1342.1864,-28.54663,1632.7904,-15.163086,1152.5513,-0.5003729,15.254987,-0.29931164,12.1327,-0.5079918,15.487295,-0.68995667,18.51156,-13.929581,267.80768,-14.127899,272.76614,-0.4391222,12.356996,-35.478027,1893.6143,-58.649414,8273.861,-0.17788506,2.8489394,N-CMAPSS_DS03-012,1
N-CMAPSS_DS03-012 · Engine 1,37,584.7207,1353.3602,1649.1086,1161.595,15.741029,12.495978,15.9807415,19.135868,277.8734,283.00742,12.700369,1913.1,8310.606,2.9666686,8090.279,0.4481552,52.24231,509.622,35.0,1,0,8.765076,581.50806,29.136475,1344.4313,45.9375,1636.0887,24.766235,1153.6267,0.9857416,15.326381,0.6515951,12.18363,1.0007553,15.559777,1.299797,18.6151,24.733688,269.4088,25.127289,274.3921,0.8229904,12.371043,57.329346,1898.7144,99.225586,8281.114,0.2956457,2.8701077,N-CMAPSS_DS03-012,1
N-CMAPSS_DS03-012 · Engine 1,38,575.966,1324.1776,1603.5164,1137.0851,14.755343,11.844383,14.980043,17.8368,253.10956,257.8462,11.877114,1855.7706,8211.086,2.6714087,9890.086,0.46799394,49.575123,504.789,34.0,1,0,-8.7547,580.54254,-29.182617,1341.3186,-45.592285,1631.2294,-24.509888,1151.4491,-0.98568535,15.239152,-0.6515951,12.12989,-1.0006981,15.47122,-1.2990685,18.494394,-24.763855,267.0414,-25.161224,271.98724,-0.8232546,12.31347,-57.329346,1891.9113,-99.52051,8270.29,-0.29525995,2.8416102,N-CMAPSS_DS03-012,1
N-CMAPSS_DS03-012 · Engine 1,39,583.27496,1343.761,1630.7902,1158.56,15.883611,12.711878,16.125494,19.188105,274.4854,279.61478,12.962311,1874.673,8276.736,2.9127667,7366.344,0.42994505,49.41956,510.7968,33.0,1,0,7.30896,580.39825,19.583374,1340.361,27.273804,1629.4469,21.474976,1151.1937,1.1282673,15.253411,0.8674946,12.15148,1.1454506,15.485697,1.351305,18.499636,21.375854,266.70496,21.768585,271.64993,1.0851965,12.339724,18.902344,1888.0685,65.65039,8266.897,0.24135804,2.8363545,N-CMAPSS_DS03-012,1
N-CMAPSS_DS03-012 · Engine 1,40,575.9683,1324.1765,1603.705,1137.2567,14.755357,11.844383,14.980056,17.836956,253.11096,257.84595,11.877236,1855.7706,8211.021,2.6718128,9890.086,0.46799394,49.575123,504.789,32.0,1,0,-7.3066406,579.68207,-19.584473,1338.4227,-27.085205,1626.7864,-21.303345,1149.4907,-1.1282539,15.159234,-0.8674946,12.080807,-1.1454382,15.390085,-1.3511486,18.383505,-21.37445,264.82343,-21.76883,269.73373,-1.0850744,12.258251,-18.902344,1885.4171,-65.71484,8260.232,-0.24095392,2.8149142,N-CMAPSS_DS03-012,1
N-CMAPSS_DS03-012 · Engine 1,41,578.62085,1346.3145,1649.0353,1150.2783,14.498889,11.388736,14.719685,17.760695,262.30276,267.0496,11.56035,1937.6476,8289.727,2.8152995,10951.066,0.47261637,56.05434,501.33408,31.0,1,0,2.6525269,579.02515,22.13794,1337.9738,45.330322,1627.3063,13.021606,1149.0232,-0.25646782,15.052503,-0.45564747,11.983186,-0.2603712,15.281728,-0.07626152,18.263165,9.191803,263.6635,9.203644,268.5423,-0.31688595,12.178432,81.87695,1888.0819,78.70508,8258.97,0.14348674,2.803247,N-CMAPSS_DS03-012,1
N-CMAPSS_DS03-012 · Engine 1,42,581.24866,1342.5271,1631.256,1157.5609,15.607384,12.469662,15.84506,18.844732,270.85065,275.91934,12.80673,1881.3877,8275.665,2.8555007,7578.456,0.4074807,49.44916,508.57312,30.0,1,0,2.6278076,579.0515,-3.7873535,1337.7618,-17.779297,1626.694,7.282593,1149.1777,1.1084948,15.077849,1.080926,12.011851,1.1253757,15.307461,1.0840378,18.282608,8.547882,263.6087,8.869751,268.4953,1.2463799,12.209764,-56.259888,1886.5116,-14.061523,8258.415,0.040201187,2.7982376,N-CMAPSS_DS03-012,1
N-CMAPSS_DS03-012 · Engine 1,43,584.3469,1350.9578,1647.1091,1152.8215,15.28697,12.125239,15.519766,18.657217,269.80414,274.7798,12.045973,1923.3525,8302.39,2.881856,9819.769,0.5016447,53.892605,508.29147,29.0,1,0,3.0982666,579.9819,8.430664,1339.7708,15.853149,1629.7197,-4.73938,1149.3152,-0.3204136,15.103831,-0.34442234,12.025707,-0.3252945,15.333838,-0.18751526,18.338184,-1.0465088,264.40558,-1.1395569,269.30188,-0.76075745,12.158372,41.964844,1892.6368,26.72461,8264.889,0.026355267,2.8107994,N-CMAPSS_DS03-012,1
N-CMAPSS_DS03-012 · Engine 1,44,585.66907,1355.0842,1653.6793,1160.0302,15.62792,12.381785,15.865908,19.047369,276.64523,281.73825,12.451724,1923.8016,8317.992,2.9583838,8757.58,0.47375408,53.426548,509.61856,28.0,1,0,1.3221436,580.68866,4.126465,1340.644,6.5701904,1630.3088,7.208618,1150.4009,0.34095,15.216745,0.25654602,12.125012,0.34614182,15.448472,0.39015198,18.466984,6.841095,265.8391,6.9584656,270.76895,0.40575123,12.247569,0.44909668,1891.2523,15.602539,8267.663,0.076527834,2.8253627,N-CMAPSS_DS03-012,1
N-CMAPSS_DS03-012 · Engine 1,45,580.2723,1337.0779,1622.5103,1152.5836,15.510637,12.446764,15.74684,18.70895,266.40247,271.39835,12.6332855,1868.7965,8253.566,2.8084588,8028.579,0.43471643,48.920635,508.6205,27.0,1,0,-5.3967896,580.6044,-18.006348,1340.166,-31.169067,1629.3882,-7.446533,1150.46,-0.11728287,15.242243,0.0649786,12.155319,-0.119068146,15.474358,-0.33841896,18.485275,-10.242767,265.77243,-10.339905,270.70798,0.18156147,12.279247,-55.005127,1889.0071,-64.42578,8266.018,-0.149925,2.821318,N-CMAPSS_DS03-012,1
N-CMAPSS_DS03-012 · Engine 1,46,578.90247,1337.0756,1628.154,1143.705,14.736843,11.73383,14.961263,17.922218,257.4303,262.19748,11.728962,1899.6903,8256.176,2.7278717,10441.2295,0.4837612,52.665703,504.55188,26.0,1,0,-1.369812,580.89905,-0.002319336,1341.4512,5.643799,1631.8865,-8.878662,1151.1476,-0.7737942,15.240398,-0.71293354,12.144264,-0.7855768,15.472486,-0.7867317,18.49389,-8.972168,266.20148,-9.200867,271.1397,-0.9043236,12.264405,30.893799,1893.399,2.609375,8270.496,-0.08058715,2.8270028,N-CMAPSS_DS03-012,1
N-CMAPSS_DS03-012 · Engine 1,47,583.18066,1343.3544,1632.2925,1155.8506,15.697411,12.551113,15.936458,19.001936,271.7978,276.8577,12.691219,1882.2845,8276.235,2.8892057,8074.4424,0.45158243,50.40673,510.08594,25.0,1,0,4.2781982,580.745,6.2788086,1340.4507,4.1384277,1630.2048,12.14563,1150.5732,0.9605675,15.236036,0.8172827,12.149777,0.97519493,15.468058,1.0797176,18.480497,14.367493,265.59393,14.660217,270.52475,0.9622574,12.263491,-17.405762,1890.3175,20.05957,8267.06,0.16133404,2.8192563,N-CMAPSS_DS03-012,1
N-CMAPSS_DS03-012 · Engine 1,48,581.1593,1341.729,1633.8245,1153.746,15.255901,12.143695,15.488225,18.52916,266.99115,271.90897,12.316528,1891.2488,8268.816,2.8526084,9010.299,0.45440573,51.88142,507.0913,24.0,1,0,-2.0213623,581.26434,-1.6253662,1342.2058,1.5319824,1633.2356,-2.1046143,1152.2393,-0.44150925,15.286093,-0.40741825,12.1797085,-0.44823265,15.518875,-0.4727764,18.549734,-4.8066406,266.9821,-4.9487305,271.93103,-0.374691,12.307432,8.964233,1893.8654,-7.4189453,8272.832,-0.036597252,2.8373764,N-CMAPSS_DS03-012,1
N-CMAPSS_DS03-012 · Engine 1,49,584.7955,1353.0822,1651.5529,1163.4152,15.741463,12.495978,15.981179,19.141317,277.65494,282.7608,12.698581,1913.1001,8308.539,2.9697602,8090.279,0.4481552,52.24231,509.622,23.0,1,0,3.6361694,581.4164,11.353149,1343.138,17.728394,1635.3119,9.669189,1152.7249,0.48556137,15.271877,0.35228348,12.158118,0.49295425,15.504444,0.6121578,18.545055,10.663788,267.29904,10.851837,272.2456,0.38205242,12.281059,21.851318,1897.708,39.722656,8276.013,0.11715174,2.8430758,N-CMAPSS_DS03-012,1
N-CMAPSS_DS03-012 · Engine 1,50,581.2068,1341.4795,1634.7289,1154.2396,15.256161,12.143695,15.488488,18.532528,266.8086,271.71335,12.314384,1891.2488,8267.488,2.8526087,9010.299,0.45440573,51.88142,507.0913,22.0,1,0,-3.588684,581.94025,-11.602661,1344.8682,-16.823975,1638.4143,-9.175537,1154.4231,-0.48530197,15.321958,-0.35228348,12.188049,-0.49269104,15.555287,-0.60878944,18.614613,-10.846344,268.6688,-11.047455,273.63235,-0.38419628,12.324774,-21.851318,1901.2559,-41.05078,8281.659,-0.1171515,2.8611553,N-CMAPSS_DS03-012,1
N-CMAPSS_DS03-012 · Engine 1,51,578.7143,1345.8672,1651.3632,1151.8267,14.4994,11.388736,14.720203,17.767069,262.01166,266.73044,11.557315,1937.6476,8287.194,2.8170893,10951.066,0.47261637,56.05434,501.33408,21.0,1,0,-2.4924927,581.9496,4.3876953,1344.8235,16.634277,1638.6471,-2.4129639,1154.5779,-0.7567606,15.322009,-0.7549591,12.188049,-0.7682848,15.555339,-0.76545906,18.61525,-4.796936,268.63968,-4.98291,273.60043,-0.7570696,12.3244705,46.398804,1901.2559,19.706055,8281.406,-0.03551936,2.8613343,N-CMAPSS_DS03-012,1
N-CMAPSS_DS03-012 · Engine 1,52,578.9473,1336.8811,1629.586,1144.76,14.737097,11.73383,14.961518,17.925291,257.3049,262.05624,11.727899,1899.6903,8254.934,2.7295103,10441.2295,0.4837612,52.665703,504.55188,20.0,1,0,0.23303223,581.7195,-8.986084,1344.2589,-21.7771,1638.4801,-7.0666504,1153.2979,0.23769665,15.234981,0.34509468,12.114467,0.24131489,15.466985,0.1582222,18.523306,-4.7067566,267.28513,-4.6741943,272.21414,0.17058372,12.216587,-37.957275,1903.086,-32.260742,8279.333,-0.08757901,2.8487353,N-CMAPSS_DS03-012,1
N-CMAPSS_DS03-012 · Engine 1,53,585.74677,1354.7482,1656.1895,1161.894,15.628378,12.381785,15.866373,19.052982,276.42255,281.48636,12.44988,1923.8016,8315.851,2.961558,8757.58,0.47375408,53.426548,509.61856,19.0,1,0,6.7994385,581.85944,17.867065,1344.638,26.603394,1639.3881,17.134033,1154.2051,0.8912811,15.269121,0.64795494,12.140121,0.9048548,15.501645,1.1276913,18.562881,19.117645,267.94696,19.430115,272.8848,0.72198105,12.256978,24.111328,1903.131,60.916992,8280.68,0.2320478,2.8567054,N-CMAPSS_DS03-012,1
N-CMAPSS_DS03-012 · Engine 1,54,580.6904,1340.4127,1633.7451,1147.6703,14.997817,11.945001,15.226209,18.239605,261.87366,266.7209,11.9054365,1903.1324,8268.166,2.77474,9888.501,0.48435667,52.16701,506.38358,18.0,1,0,-5.0563354,581.3616,-14.335449,1343.1708,-22.444336,1637.3947,-14.223755,1152.9691,-0.6305609,15.206111,-0.43678474,12.096443,-0.6401644,15.437675,-0.8133774,18.482105,-14.548889,266.4698,-14.765472,271.38306,-0.54444313,12.202349,-20.66919,1901.0641,-47.68457,8275.696,-0.18681812,2.8383412,N-CMAPSS_DS03-012,1
N-CMAPSS_DS03-012 · Engine 1,55,575.17676,1330.3046,1621.2013,1154.6534,15.027746,11.986675,15.256596,18.110727,261.4212,266.25043,12.556487,1862.0999,8233.69,2.7610571,8069.0356,0.36492738,48.783405,503.40094,17.0,1,0,-5.513672,580.85205,-10.108154,1342.4934,-12.543823,1637.2638,6.9831543,1153.176,0.029929161,15.157822,0.041674614,12.050434,0.030386925,15.388651,-0.12887764,18.422283,-0.4524536,265.97168,-0.47045898,270.86826,0.65105057,12.194669,-41.032593,1900.3944,-34.475586,8273.709,-0.013682842,2.833601,N-CMAPSS_DS03-012,1
N-CMAPSS_DS03-012 · Engine 1,56,580.3706,1336.6558,1625.6036,1154.8273,15.511161,12.446764,15.747371,18.715963,266.08896,271.04852,12.630585,1868.7968,8250.713,2.8117902,8028.579,0.43471643,48.920635,508.6205,16.0,1,0,5.1938477,580.99884,6.3511963,1342.4514,4.4023438,1637.0088,0.17382812,1154.2883,0.48341465,15.235253,0.46008873,12.121727,0.4907751,15.467262,0.60523605,18.501657,4.667755,266.83752,4.7980957,271.75336,0.07409763,12.284831,6.6968994,1897.305,17.02246,8273.163,0.05073309,2.8419929,N-CMAPSS_DS03-012,1
N-CMAPSS_DS03-012 · Engine 1,57,584.35834,1351.2653,1652.6642,1162.235,15.594763,12.387691,15.832251,18.970165,273.98514,279.00833,12.517592,1915.4647,8301.417,2.9282515,8602.582,0.46106967,52.60351,508.9583,15.0,1,0,3.987732,581.1166,14.609497,1343.2426,27.060547,1639.0459,7.407715,1154.9268,0.08360195,15.224989,-0.05907345,12.105385,0.084879875,15.456841,0.2542019,18.498482,7.896179,267.05627,7.9598083,271.96844,-0.11299229,12.267468,46.66797,1900.623,50.7041,8275.681,0.11646128,2.8458974,N-CMAPSS_DS03-012,1
N-CMAPSS_DS03-012 · Engine 1,58,583.459,1342.9454,1636.0973,1162.2886,15.884614,12.711878,16.12651,19.201569,273.86017,278.92398,12.956505,1874.673,8271.469,2.9178963,7366.344,0.42994505,49.41956,510.7968,14.0,1,0,-0.899353,581.34656,-8.319824,1343.3641,-16.566895,1639.2732,0.053588867,1155.781,0.2898512,15.28786,0.32418728,12.162203,0.29426003,15.52067,0.23140335,18.565722,-0.12496948,267.74316,-0.084350586,272.66992,0.4389124,12.331467,-40.791748,1898.9656,-29.948242,8275.946,-0.010355234,2.852426,N-CMAPSS_DS03-012,1
N-CMAPSS_DS03-012 · Engine 1,59,581.3438,1340.8716,1638.6584,1157.0118,15.256908,12.143695,15.489248,18.542213,266.3759,271.234,12.310299,1891.2488,8263.689,2.8564515,9010.299,0.45440573,51.88142,507.0913,13.0,1,0,-2.1151733,581.0014,-2.0738525,1342.1431,2.5611572,1637.9838,-5.2767334,1155.1406,-0.6277056,15.239405,-0.56818295,12.126975,-0.63726234,15.471477,-0.65935516,18.505812,-7.4842834,266.61526,-7.689972,271.51724,-0.6462059,12.292638,16.575806,1896.7804,-7.779297,8271.461,-0.06144476,2.8410952,N-CMAPSS_DS03-012,1
N-CMAPSS_DS03-012 · Engine 1,60,583.4984,1342.7803,1637.2485,1163.1027,15.884826,12.711878,16.126726,19.20445,273.72784,278.77774,12.955282,1874.6731,8270.355,2.919034,7366.344,0.42994505,49.41956,510.7968,12.0,1,0,2.154602,581.2306,1.9086914,1342.2732,-1.4099121,1638.2357,6.0908203,1156.027,0.6279173,15.302271,0.56818295,12.183793,0.6374779,15.5353,0.66223717,18.573004,7.351959,267.3072,7.5437317,272.2237,0.6449833,12.356728,-16.575684,1895.1228,6.6660156,8271.748,0.06258249,2.8477378,N-CMAPSS_DS03-012,1
N-CMAPSS_DS03-012 · Engine 1,61,581.2845,1343.3046,1646.143,1162.2708,15.355474,12.183006,15.5893135,18.671688,270.45792,275.34415,12.48481,1897.0912,8272.892,2.914742,8643.986,0.43523422,52.26939,506.52716,11.0,1,0,-2.2139282,581.4876,0.524292,1342.017,8.894409,1637.7137,-0.8319092,1157.0714,-0.52935123,15.387878,-0.52887154,12.26322,-0.53741264,15.622211,-0.5327625,18.663465,-3.269928,268.15182,-3.4335938,273.08505,-0.47047234,12.449477,22.41809,1891.0671,2.5361328,8270.317,-0.0042920113,2.8575032,N-CMAPSS_DS03-012,1
N-CMAPSS_DS03-012 · Engine 1,62,585.60034,1355.9302,1665.2491,1172.2062,15.800328,12.490299,16.040943,19.24046,280.23288,285.29562,12.81988,1920.0,8316.882,3.0197067,7837.6934,0.42610982,52.856384,509.31158,10.0,1,0,4.315857,582.1529,12.62561,1343.9219,19.106201,1641.28,9.935425,1159.816,0.44485378,15.494202,0.30729294,12.338867,0.45162964,15.730154,0.56877136,18.794983,9.774963,270.4446,9.951477,275.409,0.33506966,12.558676,22.908813,1893.0981,43.990234,8276.513,0.10496473,2.8865228,N-CMAPSS_DS03-012,1
N-CMAPSS_DS03-012 · Engine 1,63,581.36176,1342.9484,1648.0745,1163.5457,15.355876,12.183006,15.589723,18.677195,270.1915,275.05347,12.482077,1897.0912,8270.753,2.9161127,8643.986,0.43523422,52.26939,506.52716,9.0,1,0,-4.2385864,581.7144,-12.981812,1342.7418,-17.174683,1640.4685,-8.660522,1159.9812,-0.4444523,15.466951,-0.30729294,12.318989,-0.4512205,15.702489,-0.56326485,18.757404,-10.041382,269.8215,-10.242157,274.76572,-0.3378029,12.561895,-22.908813,1890.4271,-46.128906,8272.003,-0.103594065,2.8819783,N-CMAPSS_DS03-012,1
N-CMAPSS_DS03-012 · Engine 1,64,585.5949,1349.1921,1654.7461,1162.4508,15.568581,12.364951,15.805665,18.99311,272.59573,277.52567,12.345442,1910.9995,8291.425,2.941998,9034.825,0.4876599,53.027596,509.85233,8.0,1,0,4.2331543,582.20483,6.2437744,1343.6199,6.671631,1642.5686,-1.0948486,1161.4592,0.21270466,15.524028,0.18194485,12.360985,0.21594238,15.760435,0.31591606,18.832754,2.4042358,270.89374,2.4721985,275.8462,-0.13663483,12.605896,13.908325,1891.2139,20.671875,8274.328,0.025885344,2.898704,N-CMAPSS_DS03-012,1
N-CMAPSS_DS03-012 · Engine 1,65,581.4146,1342.7041,1649.2523,1164.2706,15.35615,12.183006,15.59,18.680952,269.9996,274.8461,12.479989,1897.0912,8269.293,2.9166262,8643.986,0.43523422,52.26939,506.52716,7.0,1,0,-4.180298,582.8286,-6.488037,1344.8597,-5.4937744,1645.3737,1.8198242,1162.4209,-0.21243095,15.556868,-0.18194485,12.380617,-0.21566486,15.793776,-0.31215858,18.889776,-2.5961304,271.75156,-2.6795654,276.70575,0.13454723,12.598246,-13.908325,1894.7129,-22.131836,8277.889,-0.02537179,2.9142609,N-CMAPSS_DS03-012,1
N-CMAPSS_DS03-012 · Engine 1,66,581.47534,1342.4287,1650.6036,1165.1019,15.356464,12.183006,15.59032,18.68526,269.77942,274.60834,12.477583,1897.0912,8267.627,2.917199,8643.986,0.43523422,52.26939,506.52716,6.0,1,0,0.06072998,582.9391,-0.27539062,1345.437,1.3513184,1647.8737,0.8312988,1163.4484,0.00031471252,15.541398,0.0,12.354241,0.0003194809,15.77807,0.0043087006,18.886707,-0.22018433,272.1206,-0.23776245,277.06174,-0.0024061203,12.582946,0.0,1897.5424,-1.6660156,8279.58,0.0005726814,2.9248018,N-CMAPSS_DS03-012,1
N-CMAPSS_DS03-012 · Engine 1,67,584.8738,1348.6108,1660.9707,1162.0494,15.290215,12.125239,15.523059,18.692638,268.02408,272.82974,12.02733,1923.3523,8287.813,2.892633,9819.769,0.5016447,53.892605,508.29147,5.0,1,0,3.3984375,582.99066,6.182129,1345.1716,10.367065,1648.7043,-3.0524902,1163.4298,-0.06624985,15.510943,-0.057766914,12.327996,-0.06726074,15.74715,0.0073776245,18.858953,-1.7553406,271.5245,-1.778595,276.44388,-0.45025253,12.533919,26.261108,1898.3312,20.186523,8278.22,-0.024565935,2.9212399,N-CMAPSS_DS03-012,1
N-CMAPSS_DS03-012 · Engine 1,68,585.80927,1348.3098,1660.3147,1166.0891,15.569913,12.364951,15.807017,19.007229,271.8237,276.6846,12.337127,1910.9995,8285.425,2.9459038,9034.825,0.4876599,53.027596,509.85233,4.0,1,0,0.93548584,583.22565,-0.3010254,1345.708,-0.65600586,1651.1261,4.039673,1163.8099,0.27969837,15.479473,0.23971176,12.2933035,0.28395844,15.715201,0.31459045,18.83952,3.7996216,271.32086,3.8548584,276.21994,0.30979633,12.471982,-12.352783,1901.9637,-2.3886719,8279.615,0.053270817,2.9240408,N-CMAPSS_DS03-012,1
N-CMAPSS_DS03-012 · Engine 1,69,584.8398,1349.2589,1664.955,1170.3344,15.597647,12.387691,15.835174,19.004,272.31192,277.18225,12.50034,1915.4647,8288.097,2.937134,8602.582,0.46106967,52.60351,508.9583,3.0,1,0,-0.9694824,583.57526,0.9490967,1346.5468,4.640259,1653.7557,4.2452393,1165.1421,0.027733803,15.513547,0.02273941,12.317703,0.02815628,15.749794,-0.0032291412,18.885698,0.4882202,271.91446,0.49765015,276.81476,0.16321373,12.490986,4.46521,1904.3854,2.671875,8282.057,-0.008769751,2.9321089,N-CMAPSS_DS03-012,1
N-CMAPSS_DS03-012 · Engine 1,70,586.03613,1354.177,1676.1671,1179.3157,15.802799,12.490299,16.043451,19.270916,278.66116,283.5857,12.803418,1920.0,8304.767,3.0270832,7837.6934,0.42610982,52.856384,509.31158,2.0,1,0,1.1963501,583.82904,4.918091,1347.6865,11.212158,1657.6476,8.981323,1166.7634,0.20515251,15.505344,0.10260868,12.295546,0.2082777,15.7414665,0.26691628,18.892345,6.349243,272.40778,6.4034424,277.29556,0.3030777,12.4758,4.5352783,1908.9181,16.669922,8285.497,0.08994913,2.9429138,N-CMAPSS_DS03-012,1
N-CMAPSS_DS03-012 · Engine 1,71,585.16016,1347.3336,1667.8588,1166.301,15.29203,12.125239,15.524905,18.710821,266.9616,271.6805,12.015427,1923.3525,8279.792,2.8959463,9819.769,0.5016447,53.892605,508.29147,1.0,1,0,-0.87597656,584.2166,-6.843384,1348.0894,-8.30835,1659.8192,-13.014648,1167.1665,-0.5107689,15.499001,-0.36505985,12.289769,-0.5185461,15.735025,-0.56009483,18.896257,-11.699554,272.05817,-11.905182,276.9292,-0.7879915,12.428862,3.352539,1911.5442,-24.97461,8286.1875,-0.1311369,2.9410343,N-CMAPSS_DS03-012,1
N-CMAPSS_DS03-012 · Engine 1,72,581.49133,1337.0455,1654.0012,1160.6987,15.002676,11.945001,15.231143,18.291986,259.0652,263.6664,11.875465,1903.1324,8245.596,2.7870479,9888.501,0.48435667,52.16701,506.38358,0.0,1,0,-3.6688232,583.8057,-10.288086,1346.2009,-13.857544,1658.6943,-5.602295,1166.0157,-0.28935432,15.419235,-0.18023872,12.235239,-0.2937622,15.654046,-0.4188347,18.80141,-7.8964233,269.9414,-8.014099,274.76627,-0.13996124,12.33442,-20.220093,1909.8574,-34.19629,8279.059,-0.1088984,2.9177685,N-CMAPSS_DS03-012,1
N-CMAPSS_DS03-012 · Engine 5,1,583.0847,1343.7415,1628.4738,1152.8268,15.696869,12.551113,15.9359045,18.994963,272.0375,277.13928,12.6925125,1882.2843,8278.958,2.8833432,8074.4424,0.45158243,50.40673,510.08594,92.0,1,1,0.0,583.0847,0.0,1343.7415,0.0,1628.4738,0.0,1152.8268,0.0,15.696869,0.0,12.551113,0.0,15.9359045,0.0,18.994963,0.0,272.0375,0.0,277.13928,0.0,12.6925125,0.0,1882.2843,0.0,8278.958,0.0,2.8833432,N-CMAPSS_DS03-012,5
N-CMAPSS_DS03-012 · Engine 5,2,585.1546,1350.8779,1641.6666,1153.0549,15.565999,12.364951,15.803044,18.961529,273.928,279.01083,12.357655,1910.9994,8303.321,2.9274542,9034.825,0.4876599,53.027596,509.85233,91.0,1,1,2.0698853,584.1196,7.1364746,1347.3097,13.192871,1635.0702,0.22814941,1152.9409,-0.13086987,15.6314335,-0.186162,12.458033,-0.13286018,15.869474,-0.033433914,18.978245,1.8905029,272.98276,1.8715515,278.07507,-0.33485794,12.525084,28.715088,1896.6418,24.363281,8291.14,0.044111013,2.9053988,N-CMAPSS_DS03-012,5
N-CMAPSS_DS03-012 · Engine 5,3,575.00366,1330.9819,1614.8077,1149.7277,15.026974,11.986675,15.255812,18.098715,261.90335,266.8021,12.559787,1862.0999,8238.822,2.752634,8069.0356,0.36492738,48.783405,503.40094,90.0,1,1,-10.15094,581.081,-19.895996,1341.8671,-26.858887,1628.316,-3.3272705,1151.8698,-0.5390253,15.429947,-0.37827587,12.300913,-0.5472326,15.66492,-0.86281395,18.685068,-12.024658,269.2896,-12.20874,274.3174,0.20213223,12.536652,-48.899536,1885.1278,-64.49902,8273.7,-0.17482018,2.8544772,N-CMAPSS_DS03-012,5
N-CMAPSS_DS03-012 · Engine 5,4,585.5939,1355.3739,1650.4985,1157.4556,15.627475,12.381785,15.865456,19.04193,276.80557,281.93262,12.452254,1923.8016,8320.064,2.953044,8757.58,0.47375408,53.426548,509.61856,89.0,1,1,10.59021,582.2092,24.391968,1345.2438,35.690796,1633.8617,7.7279053,1153.2662,0.60050106,15.479329,0.39511013,12.321131,0.60964394,15.715054,0.9432144,18.774284,14.902222,271.1686,15.130524,276.2212,-0.1075325,12.5155525,61.701782,1894.7963,81.24219,8285.291,0.20040989,2.879119,N-CMAPSS_DS03-012,5
N-CMAPSS_DS03-012 · Engine 5,5,583.08905,1343.7059,1628.4172,1152.7296,15.696894,12.551113,15.93593,18.995275,272.00974,277.11127,12.692084,1882.2843,8278.834,2.8829243,8074.4424,0.45158243,50.40673,510.08594,88.0,1,1,-2.5048218,582.3852,-11.667969,1344.9363,-22.081299,1632.7728,-4.725952,1153.1589,0.06941891,15.522842,0.16932774,12.367127,0.070474625,15.75923,-0.046653748,18.818481,-4.7958374,271.33682,-4.82135,276.39923,0.23983002,12.5508585,-41.517334,1892.294,-41.23047,8284.0,-0.07011962,2.87988,N-CMAPSS_DS03-012,5
N-CMAPSS_DS03-012 · Engine 5,6,583.0902,1343.7146,1628.636,1152.9423,15.696898,12.551113,15.935938,18.995361,272.01947,277.11926,12.692345,1882.2843,8278.801,2.8835084,8074.4424,0.45158243,50.40673,510.08594,87.0,1,1,0.001159668,582.5027,0.008666992,1344.7327,0.21875,1632.0833,0.21264648,1153.1228,4.7683716e-06,15.551851,0.0,12.397792,7.6293945e-06,15.788681,8.583069e-05,18.847961,0.009735107,271.45062,0.0079956055,276.51923,0.0002603531,12.57444,0.0,1890.6256,-0.033203125,8283.134,0.0005841255,2.8804846,N-CMAPSS_DS03-012,5
N-CMAPSS_DS03-012 · Engine 5,7,580.5418,1340.9435,1628.4114,1143.5758,14.99695,11.945001,15.22533,18.229239,262.25134,267.15573,11.90807,1903.1324,8272.287,2.767527,9888.501,0.48435667,52.16701,506.38358,86.0,1,1,-2.5484009,582.22253,-2.7711182,1344.1913,-0.22460938,1631.5587,-9.366455,1151.7589,-0.6999483,15.47258,-0.6061125,12.333107,-0.7106075,15.708202,-0.7661228,18.759573,-9.768127,270.1364,-9.9635315,275.18158,-0.78427505,12.479244,20.848145,1892.4124,-6.513672,8281.584,-0.11598134,2.864348,N-CMAPSS_DS03-012,5
N-CMAPSS_DS03-012 · Engine 5,8,581.07874,1341.9987,1630.3729,1150.9485,15.255459,12.143695,15.487774,18.523438,267.16266,272.1161,12.317083,1891.2488,8271.051,2.8469894,9010.299,0.45440573,51.88142,507.0913,85.0,1,1,0.53692627,582.0796,1.0551758,1343.9172,1.9615479,1631.4105,7.3726807,1151.6576,0.25850868,15.445439,0.19869423,12.309431,0.26244354,15.680649,0.294199,18.730057,4.911316,269.7647,4.9603577,274.7984,0.40901375,12.458974,-11.883667,1892.2668,-1.2363281,8280.268,0.07946229,2.862178,N-CMAPSS_DS03-012,5
N-CMAPSS_DS03-012 · Engine 5,9,583.22766,1343.905,1628.49,1156.6454,15.883353,12.711878,16.125233,19.184645,274.57632,279.72952,12.96233,1874.6729,8278.088,2.9086297,7366.344,0.42994505,49.41956,510.7968,84.0,1,1,2.1489258,582.20715,1.9063721,1343.9159,-1.8829346,1631.086,5.6968994,1152.2118,0.6278944,15.494097,0.56818295,12.354147,0.6374588,15.730047,0.6612072,18.780565,7.413666,270.29932,7.613434,275.3463,0.6452465,12.514902,-16.575928,1890.312,7.0371094,8280.025,0.061640263,2.8673394,N-CMAPSS_DS03-012,5
N-CMAPSS_DS03-012 · Engine 5,10,581.0979,1341.8906,1630.6515,1151.06,15.255565,12.143695,15.487881,18.5248,267.08276,272.0316,12.316076,1891.2487,8270.514,2.8467371,9010.299,0.45440573,51.88142,507.0913,83.0,1,1,-2.1297607,582.0962,-2.0144043,1343.7134,2.161499,1631.0426,-5.585327,1152.0967,-0.62778854,15.470243,-0.56818295,12.333102,-0.637352,15.705831,-0.65984535,18.75499,-7.493561,269.97766,-7.697937,275.01483,-0.6462536,12.49502,16.575806,1890.4056,-7.5742188,8279.074,-0.06189251,2.8652792,N-CMAPSS_DS03-012,5
N-CMAPSS_DS03-012 · Engine 5,11,584.2938,1351.1012,1644.3969,1150.5253,15.286655,12.125239,15.519447,18.653456,269.8786,274.88086,12.045539,1923.3523,8303.823,2.8767807,9819.769,0.5016447,53.892605,508.29147,82.0,1,1,3.1959229,582.21716,9.210571,1344.4493,13.745361,1632.6349,-0.53479004,1151.8665,0.031090736,15.429222,-0.018455505,12.290515,0.03156662,15.664185,0.12865639,18.720839,2.7958374,269.76178,2.8492737,274.789,-0.27053738,12.430323,32.103638,1894.5125,33.30957,8281.561,0.030043602,2.8646228,N-CMAPSS_DS03-012,5
N-CMAPSS_DS03-012 · Engine 5,12,580.9636,1344.7103,1636.3204,1155.1255,15.353799,12.183006,15.587614,18.648785,271.43375,276.4348,12.493299,1897.0912,8281.816,2.9036274,8643.986,0.43523422,52.26939,506.52716,81.0,1,1,-3.3302002,581.79803,-6.390869,1343.8325,-8.076416,1632.1002,4.6002197,1152.0736,0.06714344,15.408002,0.057766914,12.27232,0.06816673,15.642641,-0.004671097,18.689564,1.5551453,269.51236,1.5539551,274.53137,0.44775963,12.443887,-26.261108,1893.1216,-22.006836,8279.41,0.026846647,2.8622403,N-CMAPSS_DS03-012,5
N-CMAPSS_DS03-012 · Engine 5,13,580.95044,1344.7761,1635.9983,1154.9154,15.353729,12.183006,15.587543,18.647835,271.4802,276.4854,12.4937935,1897.0912,8282.187,2.9034216,8643.986,0.43523422,52.26939,506.52716,80.0,1,1,-0.013183594,582.3927,0.0657959,1345.212,-0.32214355,1634.2194,-0.21008301,1152.5923,-6.9618225e-05,15.440678,0.0,12.291953,-7.1525574e-05,15.675815,-0.0009498596,18.744476,0.046447754,270.47003,0.050598145,275.49973,0.00049495697,12.437287,0.0,1896.6207,0.3701172,8283.746,-0.00020575523,2.8773189,N-CMAPSS_DS03-012,5
N-CMAPSS_DS03-012 · Engine 5,14,583.2309,1343.8594,1628.1978,1156.3169,15.88337,12.711878,16.12525,19.184881,274.53662,279.69147,12.96163,1874.6729,8277.987,2.9075663,7366.344,0.42994505,49.41956,510.7968,79.0,1,1,2.2804565,582.15643,-0.91674805,1344.0605,-7.800537,1631.9893,1.4014893,1152.4785,0.52964115,15.466268,0.52887154,12.324963,0.5377073,15.701794,0.53704643,18.758772,3.056427,270.24313,3.2060547,275.2756,0.46783638,12.488225,-22.418335,1891.7079,-4.1992188,8279.539,0.0041446686,2.8727713,N-CMAPSS_DS03-012,5
N-CMAPSS_DS03-012 · Engine 5,15,581.085,1341.9795,1630.6626,1151.188,15.255494,12.143695,15.487809,18.523884,267.15088,272.10144,12.317069,1891.2488,8270.879,2.8474858,9010.299,0.45440573,51.88142,507.0913,78.0,1,1,-2.145874,581.956,-1.8798828,1343.888,2.4648438,1632.2137,-5.1289062,1152.3243,-0.6278763,15.422128,-0.56818295,12.284221,-0.6374407,15.656981,-0.6609974,18.711632,-7.385742,269.75726,-7.590027,274.77463,-0.6445608,12.450724,16.575928,1892.6044,-7.1083984,8278.743,-0.06008053,2.8692274,N-CMAPSS_DS03-012,5
N-CMAPSS_DS03-012 · Engine 5,16,580.192,1337.3778,1619.4076,1150.161,15.510207,12.446764,15.746404,18.703218,266.616,271.64575,12.634624,1868.7965,8255.889,2.8040426,8028.579,0.43471643,48.920635,508.6205,77.0,1,1,-0.8930054,581.6662,-4.6016846,1343.2542,-11.255005,1631.2909,-1.0269775,1152.0461,0.25471306,15.403459,0.3030691,12.273786,0.2585945,15.638028,0.17933464,18.682419,-0.5348816,269.21692,-0.45568848,274.22726,0.31755447,12.444951,-22.45227,1891.2556,-14.990234,8276.452,-0.043443203,2.8612807,N-CMAPSS_DS03-012,5
N-CMAPSS_DS03-012 · Engine 5,17,578.5758,1346.477,1647.1643,1148.7635,14.498645,11.388736,14.719437,17.75762,262.39,267.15555,11.560593,1937.6473,8290.942,2.8122861,10951.066,0.47261637,56.05434,501.33408,76.0,1,1,-1.6162109,581.4696,9.099243,1343.8076,27.756714,1633.1663,-1.3974609,1152.565,-1.0115623,15.353628,-1.0580282,12.218159,-1.026967,15.587439,-0.9455986,18.635256,-4.2259827,269.23077,-4.490204,274.22723,-1.0740309,12.410204,68.85083,1894.707,35.05371,8278.317,0.008243561,2.8657568,N-CMAPSS_DS03-012,5
N-CMAPSS_DS03-012 · Engine 5,18,580.96985,1344.6833,1636.5203,1155.2737,15.353831,12.183006,15.587647,18.649227,271.4156,276.4144,12.493151,1897.0912,8281.644,2.903873,8643.986,0.43523422,52.26939,506.52716,75.0,1,1,2.394043,581.4587,-1.7937012,1344.076,-10.644043,1633.781,6.510132,1152.9974,0.85518646,15.363465,0.7942705,12.222091,0.8682108,15.597426,0.8916073,18.647835,9.025574,269.65607,9.25885,274.65707,0.93255806,12.427811,-40.556152,1895.2913,-9.298828,8279.377,0.09158683,2.871445,N-CMAPSS_DS03-012,5
N-CMAPSS_DS03-012 · Engine 5,19,585.2534,1357.4294,1655.338,1165.2092,15.798418,12.490299,16.039001,19.215227,281.356,286.5403,12.830365,1919.9998,8326.526,3.0094893,7837.6934,0.42610982,52.856384,509.31158,74.0,1,1,4.2835693,581.66125,12.746094,1345.4285,18.817749,1636.4658,9.935547,1153.8539,0.44458675,15.354971,0.30729294,12.199932,0.45135403,15.588803,0.566,18.650894,9.940399,270.33405,10.125916,275.33817,0.33721447,12.414614,22.90857,1899.824,44.882812,8284.221,0.10561633,2.881531,N-CMAPSS_DS03-012,5
N-CMAPSS_DS03-012 · Engine 5,20,584.316,1351.0438,1645.5575,1151.5135,15.286788,12.125239,15.51958,18.655027,269.84952,274.84055,12.0457535,1923.3525,8303.2295,2.8789768,9819.769,0.5016447,53.892605,508.29147,73.0,1,1,-0.93743896,581.9831,-6.38562,1346.3438,-9.780518,1637.9563,-13.695679,1153.8992,-0.51163006,15.358093,-0.36505985,12.198087,-0.5194216,15.591973,-0.56019974,18.663916,-11.50647,270.61072,-11.699768,275.61905,-0.7846117,12.387582,3.3527832,1903.0344,-23.296875,8287.492,-0.13051248,2.884755,N-CMAPSS_DS03-012,5
N-CMAPSS_DS03-012 · Engine 5,21,578.82855,1337.3633,1625.3663,1141.5277,14.736427,11.73383,14.96084,17.917147,257.60638,262.40274,11.730015,1899.6903,8258.222,2.723947,10441.2295,0.4837612,52.665703,504.55188,72.0,1,1,-5.4874268,581.4366,-13.680542,1344.97,-20.191162,1636.0533,-9.98584,1152.9995,-0.5503607,15.303071,-0.39140892,12.158946,-0.55873966,15.536113,-0.7378807,18.590284,-12.243134,269.38348,-12.437805,274.37125,-0.31573868,12.3560295,-23.662231,1900.6682,-45.007812,8282.932,-0.15502977,2.8694715,N-CMAPSS_DS03-012,5
N-CMAPSS_DS03-012 · Engine 5,22,575.92664,1324.3141,1601.7202,1135.616,14.755125,11.844383,14.979821,17.834059,253.1886,257.9431,11.877278,1855.7706,8212.21,2.6685278,9890.086,0.46799394,49.575123,504.789,71.0,1,1,-2.9019165,580.93286,-13.049194,1342.9304,-23.646118,1632.5933,-5.911743,1151.0485,0.018697739,15.243203,0.11055279,12.125084,0.01898098,15.475333,-0.08308792,18.508812,-4.4177856,267.559,-4.4596252,272.52206,0.14726353,12.294427,-43.919678,1896.5361,-46.01172,8275.972,-0.055419207,2.8459616,N-CMAPSS_DS03-012,5
N-CMAPSS_DS03-012 · Engine 5,23,581.20404,1342.6664,1629.2333,1155.9064,15.607155,12.469662,15.844827,18.841537,270.94714,276.03687,12.807014,1881.3877,8276.956,2.8521209,7578.456,0.4074807,49.44916,508.57312,70.0,1,1,5.277405,580.95825,18.352295,1342.7194,27.513062,1631.9167,20.290405,1151.1476,0.8520298,15.268546,0.6252785,12.153749,0.8650055,15.501061,1.0074787,18.528183,17.758545,267.50568,18.09375,272.47723,0.92973614,12.325749,25.617065,1894.9658,64.74609,8275.448,0.18359303,2.8408315,N-CMAPSS_DS03-012,5
N-CMAPSS_DS03-012 · Engine 5,24,585.62054,1355.2982,1651.9996,1158.7507,15.627631,12.381785,15.865616,19.04386,276.77625,281.8885,12.452671,1923.8016,8319.335,2.9560556,8757.58,0.47375408,53.426548,509.61856,69.0,1,1,4.416504,581.1972,12.631836,1343.8633,22.766357,1634.297,2.8443604,1151.391,0.020476341,15.242972,-0.08787632,12.12074,0.020789146,15.475099,0.202322,18.51408,5.8291016,267.72964,5.8516235,272.69693,-0.3543434,12.274854,42.41394,1899.8787,42.378906,8279.583,0.103934765,2.8456805,N-CMAPSS_DS03-012,5
N-CMAPSS_DS03-012 · Engine 5,25,580.2257,1337.2344,1620.4943,1150.9594,15.5103855,12.446764,15.746586,18.705618,266.511,271.52814,12.633729,1868.7965,8254.916,2.805267,8028.579,0.43471643,48.920635,508.6205,68.0,1,1,-5.3948364,581.11127,-18.063843,1343.3888,-31.505371,1633.2802,-7.791382,1151.3682,-0.117245674,15.268461,0.0649786,12.151047,-0.11903,15.500976,-0.33824158,18.532253,-10.265259,267.66565,-10.360352,272.6396,0.18105793,12.3065195,-55.005127,1897.6334,-64.418945,8277.987,-0.15078855,2.8414586,N-CMAPSS_DS03-012,5
N-CMAPSS_DS03-012 · Engine 5,26,580.2088,1337.3192,1620.1096,1150.7223,15.510297,12.446764,15.746495,18.704416,266.57544,271.59772,12.634431,1868.7965,8255.403,2.8051264,8028.579,0.43471643,48.920635,508.6205,67.0,1,1,-0.016906738,581.1129,0.08483887,1343.3829,-0.38464355,1633.3503,-0.23706055,1151.4242,-8.869171e-05,15.268471,0.0,12.151047,-9.059906e-05,15.500985,-0.0012016296,18.532373,0.064453125,267.6616,0.06958008,272.6348,0.0007019043,12.3065,0.0,1897.6334,0.4873047,8277.938,-0.00014066696,2.841567,N-CMAPSS_DS03-012,5
N-CMAPSS_DS03-012 · Engine 5,27,578.57965,1346.4817,1647.5691,1149.1447,14.498665,11.388736,14.719458,17.757881,262.39987,267.16214,11.560965,1937.6473,8290.844,2.8132427,10951.066,0.47261637,56.05434,501.33408,66.0,1,1,-1.6291504,581.11334,9.162476,1343.3834,27.459473,1633.3909,-1.5776367,1151.4624,-1.011632,15.268473,-1.0580282,12.151047,-1.0270376,15.500987,-0.9465351,18.5324,-4.1755676,267.66257,-4.4355774,272.63544,-1.0734663,12.306538,68.85083,1897.6334,35.44043,8277.929,0.008116245,2.8416626,N-CMAPSS_DS03-012,5
N-CMAPSS_DS03-012 · Engine 5,28,584.71027,1353.371,1648.3984,1160.9634,15.740969,12.495978,15.980679,19.13511,277.8758,283.01645,12.700009,1913.1,8310.895,2.9651096,8090.279,0.4481552,52.24231,509.622,65.0,1,1,6.130615,581.48737,6.889282,1344.2522,0.8293457,1634.5786,11.818726,1152.0314,1.2423038,15.307186,1.1072426,12.182344,1.2612209,15.54029,1.3772297,18.580988,15.475922,268.3086,15.854309,273.29565,1.1390448,12.327223,-24.547363,1899.2343,20.050781,8280.854,0.15186691,2.8477864,N-CMAPSS_DS03-012,5
N-CMAPSS_DS03-012 · Engine 5,29,584.6961,1353.4352,1648.0615,1160.7468,15.740887,12.495978,15.980597,19.134083,277.9263,283.07135,12.700542,1913.1,8311.289,2.9648983,8090.279,0.4481552,52.24231,509.622,64.0,1,1,-0.014160156,581.43164,0.064208984,1343.8528,-0.33691406,1633.851,-0.21655273,1151.5851,-8.201599e-05,15.301433,0.0,12.182912,-8.201599e-05,15.53445,-0.0010280609,18.572874,0.05050659,267.96564,0.054901123,272.94876,0.00053310394,12.31424,0.0,1898.5443,0.39453125,8279.33,-0.00021123886,2.8433273,N-CMAPSS_DS03-012,5
N-CMAPSS_DS03-012 · Engine 5,30,575.951,1324.2174,1602.6741,1136.3647,14.755261,11.844383,14.9799595,17.83576,253.12852,257.87314,11.876909,1855.7706,8211.519,2.6698534,9890.086,0.46799394,49.575123,504.789,63.0,1,1,-8.745117,580.59515,-29.217773,1341.17,-45.38745,1629.5626,-24.38208,1150.0702,-0.98562527,15.248281,-0.6515951,12.154826,-1.000637,15.480488,-1.2983227,18.490948,-24.797775,266.29352,-25.198212,271.252,-0.8236332,12.297357,-57.329346,1891.7861,-99.77051,8270.159,-0.2950449,2.8224149,N-CMAPSS_DS03-012,5
N-CMAPSS_DS03-012 · Engine 5,31,580.9847,1344.661,1637.5267,1156.1692,15.35391,12.183006,15.587726,18.65029,271.41074,276.40027,12.4936285,1897.0912,8281.238,2.906021,8643.986,0.43523422,52.26939,506.52716,62.0,1,1,5.0336914,580.8107,20.443604,1341.8999,34.85266,1630.7787,19.804443,1151.5343,0.598649,15.310028,0.33862305,12.199744,0.60776615,15.543177,0.8145294,18.564262,18.282211,267.67395,18.52713,272.65176,0.61671925,12.373718,41.320557,1891.5262,69.71973,8272.461,0.23616767,2.8406224,N-CMAPSS_DS03-012,5
N-CMAPSS_DS03-012 · Engine 5,32,575.93134,1324.3252,1602.2743,1136.1376,14.755151,11.844383,14.979848,17.834383,253.20287,257.9529,11.877784,1855.7706,8212.079,2.6698244,9890.086,0.46799394,49.575123,504.789,61.0,1,1,-5.0533447,580.8112,-20.335815,1341.901,-35.25244,1630.8341,-20.031616,1151.5865,-0.59875965,15.310031,-0.33862305,12.199744,-0.60787773,15.543179,-0.8159065,18.564293,-18.20787,267.67538,-18.447357,272.65274,-0.6158447,12.373768,-41.320557,1891.5262,-69.15918,8272.447,-0.23619676,2.840752,N-CMAPSS_DS03-012,5
N-CMAPSS_DS03-012 · Engine 5,33,575.924,1324.3707,1602.1982,1136.1271,14.755112,11.844383,14.979807,17.83388,253.23518,257.98682,11.878206,1855.7706,8212.289,2.6700091,9890.086,0.46799394,49.575123,504.789,60.0,1,1,-0.0073242188,580.2832,0.045532227,1340.0714,-0.076049805,1628.1306,-0.010498047,1149.6086,-3.9100647e-05,15.224827,0.0,12.137217,-4.1007996e-05,15.4566765,-0.00050354004,18.463528,0.032318115,265.9042,0.03390503,270.84775,0.00042247772,12.280888,0.0,1888.9645,0.20996094,8265.98,0.0001847744,2.8225408,N-CMAPSS_DS03-012,5
N-CMAPSS_DS03-012 · Engine 5,34,580.99567,1344.623,1638.0027,1156.5573,15.353969,12.183006,15.587785,18.651073,271.38776,276.37234,12.4935665,1897.0912,8280.934,2.906821,8643.986,0.43523422,52.26939,506.52716,59.0,1,1,5.0716553,579.82074,20.25232,1339.0039,35.804443,1626.731,20.430176,1149.3893,0.5988569,15.19746,0.33862305,12.117338,0.60797787,15.428894,0.817194,18.42425,18.152573,265.36536,18.385529,270.29614,0.61536026,12.284977,41.320557,1886.2935,68.64453,8262.141,0.23681188,2.8176174,N-CMAPSS_DS03-012,5
N-CMAPSS_DS03-012 · Engine 5,35,583.1296,1343.5526,1630.1696,1154.1494,15.697124,12.551113,15.936164,18.998224,271.9188,277.00168,12.691754,1882.2843,8277.686,2.885812,8074.4424,0.45158243,50.40673,510.08594,58.0,1,1,2.1339111,580.1111,-1.0704346,1339.6357,-7.83313,1627.6985,-2.407837,1149.7083,0.3431549,15.216134,0.36810684,12.127773,0.34837914,15.447851,0.3471508,18.45351,0.5310364,265.90613,0.6293335,270.84348,0.19818783,12.290779,-14.806885,1887.6422,-3.2480469,8264.418,-0.021008968,2.825672,N-CMAPSS_DS03-012,5
N-CMAPSS_DS03-012 · Engine 5,36,583.13,1343.5985,1630.7911,1154.781,15.697127,12.551113,15.936166,18.998255,271.96234,277.0407,12.692704,1882.2844,8277.684,2.8876336,8074.4424,0.45158243,50.40673,510.08594,57.0,1,1,0.0004272461,580.4032,0.045898438,1340.2637,0.62158203,1628.7666,0.6315918,1150.1141,3.8146973e-06,15.2348175,0.0,12.138208,1.9073486e-06,15.466819,3.0517578e-05,18.482895,0.043548584,266.44482,0.039031982,271.3878,0.0009498596,12.296607,0.00012207031,1888.991,-0.001953125,8266.6455,0.001821518,2.8339226,N-CMAPSS_DS03-012,5
N-CMAPSS_DS03-012 · Engine 5,37,581.2292,1342.6124,1630.7046,1157.1779,15.607285,12.469662,15.844958,18.843336,270.9172,275.9927,12.80735,1881.3877,8276.236,2.8549998,7578.456,0.4074807,49.44916,508.57312,56.0,1,1,-1.9008179,580.6682,-0.986084,1339.8767,-0.08654785,1627.0801,2.3968506,1150.9175,-0.0898428,15.345679,-0.081451416,12.246301,-0.091207504,15.579369,-0.15491867,18.59144,-1.0451355,267.29654,-1.0480042,272.27084,0.11464596,12.421246,-0.8967285,1883.3651,-1.4472656,8265.185,-0.03263378,2.8380983,N-CMAPSS_DS03-012,5
N-CMAPSS_DS03-012 · Engine 5,38,581.1195,1341.8549,1632.032,1152.2747,15.255681,12.143695,15.488002,18.526339,267.06937,272.0054,12.316645,1891.2487,8269.922,2.8495686,9010.299,0.45440573,51.88142,507.0913,55.0,1,0,-0.109680176,580.3091,-0.75756836,1338.7251,1.3273926,1625.4435,-4.9031982,1150.0486,-0.3516035,15.297151,-0.32596684,12.211072,-0.35695648,15.530101,-0.31699753,18.530561,-3.8478394,266.2159,-3.9873047,271.16974,-0.4907055,12.382909,9.860962,1881.1799,-6.314453,8261.088,-0.005431175,2.826544,N-CMAPSS_DS03-012,5
N-CMAPSS_DS03-012 · Engine 5,39,581.2381,1342.5399,1630.5308,1156.918,15.607329,12.469662,15.845005,18.843977,270.85522,275.93066,12.806423,1881.3877,8275.969,2.8539734,7578.456,0.4074807,49.44916,508.57312,54.0,1,0,0.11859131,579.9633,0.6850586,1337.6356,-1.5012207,1623.6904,4.6433105,1149.6656,0.35164833,15.283794,0.32596684,12.208441,0.3570032,15.516542,0.3176384,18.501553,3.7858582,265.5088,3.9252625,270.45566,0.48977852,12.393497,-9.860962,1878.0087,6.046875,8257.556,0.0044047832,2.8154516,N-CMAPSS_DS03-012,5
N-CMAPSS_DS03-012 · Engine 5,40,584.14575,1352.1598,1646.6221,1157.9911,15.593508,12.387691,15.830973,18.954853,274.66342,279.7598,12.523991,1915.4645,8307.306,2.922207,8602.582,0.46106967,52.60351,508.9583,53.0,1,0,2.9076538,580.7828,9.619873,1340.4298,16.091309,1628.0852,1.0731201,1151.8284,-0.013821602,15.3676195,-0.08197117,12.262772,-0.014032364,15.601644,0.11087608,18.61346,3.808197,267.6623,3.829132,272.64432,-0.28243256,12.458205,34.076782,1883.978,31.336914,8267.134,0.06823373,2.840687,N-CMAPSS_DS03-012,5
N-CMAPSS_DS03-012 · Engine 5,41,584.2941,1351.192,1645.5895,1151.745,15.286658,12.125239,15.519451,18.653477,269.96365,274.9575,12.047472,1923.3525,8303.833,2.880263,9819.769,0.5016447,53.892605,508.29147,52.0,1,0,0.14837646,581.1137,-0.96777344,1341.0829,-1.0325928,1628.8915,-6.2460938,1151.3859,-0.30684948,15.360894,-0.26245117,12.256994,-0.31152153,15.594816,-0.30137634,18.61378,-4.699768,267.51758,-4.802307,272.50006,-0.47651863,12.4135895,7.8880615,1886.6042,-3.4726562,8269.394,-0.041944027,2.8381112,N-CMAPSS_DS03-012,5
N-CMAPSS_DS03-012 · Engine 5,42,585.61224,1355.3722,1652.1963,1159.0275,15.627583,12.381785,15.865567,19.04326,276.83472,281.9467,12.453622,1923.8016,8319.567,2.9571142,8757.58,0.47375408,53.426548,509.61856,51.0,1,0,1.3181152,582.0818,4.180176,1344.1876,6.6068115,1633.8837,7.2824707,1153.6749,0.34092426,15.448137,0.25654602,12.310735,0.34611607,15.683388,0.38978386,18.734667,6.871063,269.88077,6.989197,274.8994,0.40614986,12.471173,0.44909668,1893.4073,15.734375,8280.143,0.07685113,2.8668401,N-CMAPSS_DS03-012,5
N-CMAPSS_DS03-012 · Engine 5,43,585.61456,1355.3314,1651.8729,1158.6755,15.627597,12.381785,15.865581,19.043425,276.79877,281.91278,12.452928,1923.8016,8319.5,2.956017,8757.58,0.47375408,53.426548,509.61856,50.0,1,0,0.002319336,583.0509,-0.040771484,1347.2837,-0.32336426,1638.8512,-0.3519287,1155.9297,1.4305115e-05,15.535386,0.0,12.364475,1.335144e-05,15.771965,0.00016403198,18.855621,-0.035949707,272.23712,-0.03390503,277.29202,-0.0006942749,12.5286455,0.0,1900.2104,-0.06738281,8290.863,-0.0010972023,2.895441,N-CMAPSS_DS03-012,5
N-CMAPSS_DS03-012 · Engine 5,44,585.63336,1355.2635,1652.7316,1159.3844,15.6277075,12.381785,15.865692,19.044786,276.76315,281.8682,12.45289,1923.8016,8318.983,2.9575367,8757.58,0.47375408,53.426548,509.61856,49.0,1,0,0.018798828,583.51465,-0.067871094,1348.3478,0.8586426,1640.324,0.7088623,1156.2124,0.00011062622,15.562759,0.0,12.384353,0.000111579895,15.799756,0.0013618469,18.894993,-0.035614014,272.77466,-0.04458618,277.8416,-3.71933e-05,12.524578,0.0,1902.8815,-0.51660156,8294.669,0.00151968,2.9005125,N-CMAPSS_DS03-012,5
N-CMAPSS_DS03-012 · Engine 5,45,584.7059,1353.447,1649.0061,1161.6254,15.740944,12.495978,15.980654,19.13479,277.94495,283.08185,12.701321,1913.1,8311.027,2.967199,8090.279,0.4481552,52.24231,509.622,48.0,1,0,-0.92749023,583.67224,-1.8165283,1349.3372,-3.7254639,1642.2076,2.2409668,1156.9601,0.11323643,15.567142,0.11419296,12.3788395,0.114961624,15.804205,0.09000397,18.90865,1.1817932,273.3773,1.2136536,278.44962,0.24843025,12.525535,-10.70166,1905.963,-7.9560547,8298.003,0.00966239,2.9086514,N-CMAPSS_DS03-012,5
N-CMAPSS_DS03-012 · Engine 5,46,575.94495,1324.3136,1603.3239,1137.0837,14.755227,11.844383,14.979925,17.83533,253.20564,257.94666,11.878376,1855.7706,8211.7,2.6720169,9890.086,0.46799394,49.575123,504.789,47.0,1,0,-8.760925,582.95374,-29.133423,1347.4087,-45.68225,1639.4609,-24.541626,1155.1903,-0.9857168,15.472952,-0.6515951,12.3081665,-1.0007286,15.708581,-1.2994614,18.792356,-24.739304,271.50162,-25.135193,276.54022,-0.82294464,12.444101,-57.329346,1903.3116,-99.32715,8291.404,-0.29518223,2.8870895,N-CMAPSS_DS03-012,5
N-CMAPSS_DS03-012 · Engine 5,47,580.22235,1337.3575,1621.7089,1152.23,15.510369,12.446764,15.74657,18.70538,266.61795,271.62698,12.635812,1868.7968,8255.033,2.8090022,8028.579,0.43471643,48.920635,508.6205,46.0,1,0,4.277405,582.8531,13.043945,1346.8832,18.38501,1638.5614,15.14624,1154.6956,0.7551422,15.463261,0.60238075,12.305877,0.7666445,15.698742,0.87005043,18.77856,13.412308,271.0717,13.680328,276.10364,0.7574358,12.426948,13.026123,1902.0526,43.333008,8289.284,0.1369853,2.88249,N-CMAPSS_DS03-012,5
N-CMAPSS_DS03-012 · Engine 5,48,583.11365,1343.6934,1630.5161,1154.6488,15.697034,12.551113,15.936072,18.997066,272.03085,277.11356,12.6935425,1882.2844,8278.146,2.8877628,8074.4424,0.45158243,50.40673,510.08594,45.0,1,0,2.8912964,583.0525,6.3358154,1347.067,8.807251,1638.4098,2.4188232,1154.933,0.18666458,15.507396,0.10434914,12.346619,0.18950272,15.743549,0.291687,18.825634,5.412903,271.56784,5.4865723,276.61447,0.057730675,12.464638,13.487671,1901.1561,23.113281,8290.106,0.078760624,2.8863091,N-CMAPSS_DS03-012,5
N-CMAPSS_DS03-012 · Engine 5,49,578.8629,1337.2732,1627.2186,1143.1091,14.736621,11.73383,14.961037,17.919508,257.56326,262.34225,11.7303915,1899.6903,8257.277,2.7273343,10441.2295,0.4837612,52.665703,504.55188,44.0,1,0,-4.2507324,582.815,-6.420166,1346.5404,-3.2974854,1638.0786,-11.539673,1153.552,-0.960413,15.420324,-0.8172827,12.273035,-0.97503567,15.655152,-1.0775585,18.733187,-14.46759,270.23865,-14.771301,275.2556,-0.963151,12.357035,17.405884,1902.9865,-20.86914,8288.237,-0.16042852,2.8736453,N-CMAPSS_DS03-012,5
N-CMAPSS_DS03-012 · Engine 5,50,581.21765,1342.696,1630.7992,1157.3811,15.607224,12.469662,15.844896,18.842506,270.9881,276.06454,12.808369,1881.3877,8276.575,2.8559537,7578.456,0.4074807,49.44916,508.57312,43.0,1,0,2.3547363,582.52216,5.4228516,1345.594,3.5805664,1636.4963,14.271973,1153.4911,0.87060356,15.421697,0.73583126,12.281233,0.88385963,15.656545,0.9229984,18.721952,13.424835,269.8711,13.72229,274.8861,1.0779772,12.385472,-18.302612,1899.5787,19.297852,8285.164,0.12861943,2.86702,N-CMAPSS_DS03-012,5
N-CMAPSS_DS03-012 · Engine 5,51,577.9014,1336.9823,1628.0983,1143.5653,14.658707,11.654325,14.881935,17.83143,257.54117,262.3043,11.699029,1902.3387,8255.962,2.7302806,10552.7295,0.4789385,52.801556,503.51273,42.0,1,0,-3.3162231,581.8829,-5.713745,1344.173,-2.7009277,1634.7472,-13.815796,1152.6731,-0.9485178,15.358901,-0.8153372,12.234141,-0.9629612,15.5927925,-1.011076,18.639748,-13.44693,268.62885,-13.760254,273.6208,-1.1093397,12.350628,20.95105,1897.4773,-20.613281,8280.377,-0.12567306,2.8520217,N-CMAPSS_DS03-012,5
N-CMAPSS_DS03-012 · Engine 5,52,575.05164,1330.9059,1618.0658,1152.6095,15.027188,11.986675,15.256029,18.102041,261.87653,266.74557,12.561025,1862.0999,8237.416,2.7592278,8069.0356,0.36492738,48.783405,503.40094,41.0,1,0,-2.8497925,580.82684,-6.076416,1341.7264,-10.032471,1631.3341,9.044189,1152.0312,0.36848164,15.2988615,0.33235073,12.19463,0.374094,15.531839,0.2706108,18.545626,4.3353577,267.13303,4.441284,272.10068,0.8619957,12.361368,-40.23889,1891.3071,-18.545898,8272.162,0.028947115,2.8322332,N-CMAPSS_DS03-012,5
N-CMAPSS_DS03-012 · Engine 5,53,581.0164,1344.5996,1639.512,1157.9132,15.354076,12.183006,15.587895,18.652554,271.3888,276.35968,12.494431,1897.0912,8280.364,2.910149,8643.986,0.43523422,52.26939,506.52716,40.0,1,0,5.9647827,580.367,13.693726,1340.6532,21.446167,1630.098,5.303711,1151.9551,0.32688808,15.27151,0.19633102,12.174752,0.33186626,15.50407,0.5505123,18.506538,9.512268,266.59204,9.614105,271.54535,-0.066594124,12.365519,34.991333,1888.6361,42.948242,8268.248,0.15092134,2.8276463,N-CMAPSS_DS03-012,5
N-CMAPSS_DS03-012 · Engine 5,54,581.15094,1341.7635,1633.5416,1153.5334,15.255855,12.143695,15.488177,18.52856,267.01483,271.93576,12.316715,1891.2488,8269.051,2.8522527,9010.299,0.45440573,51.88142,507.0913,39.0,1,0,0.13452148,579.91876,-2.8360596,1339.3032,-5.970337,1628.1791,-4.3797607,1151.37,-0.09822178,15.234324,-0.03931141,12.150943,-0.099718094,15.466319,-0.12399292,18.454916,-4.3739624,265.61722,-4.4239197,270.55212,-0.1777153,12.351901,-5.842407,1885.3809,-11.313477,8263.255,-0.057896376,2.817118,N-CMAPSS_DS03-012,5
N-CMAPSS_DS03-012 · Engine 5,55,585.3089,1357.2833,1658.4044,1167.8466,15.798721,12.490299,16.039312,19.21926,281.28735,286.44116,12.831088,1919.9998,8324.989,3.015644,7837.6934,0.42610982,52.856384,509.31158,38.0,1,0,4.157959,579.97906,15.519775,1339.6869,24.862793,1629.1189,14.31311,1151.9921,0.5428667,15.240103,0.34660435,12.150375,0.55113506,15.472185,0.6906986,18.463364,14.272522,265.95145,14.505402,270.88806,0.5143728,12.364878,28.750977,1886.0708,55.938477,8264.651,0.16339135,2.8219624,N-CMAPSS_DS03-012,5
N-CMAPSS_DS03-012 · Engine 5,56,578.63666,1346.3196,1650.4979,1151.6376,14.498978,11.388736,14.719772,17.761772,262.32867,267.06357,11.561546,1937.6476,8289.316,2.818652,10951.066,0.47261637,56.05434,501.33408,37.0,1,0,-6.672241,580.2482,-10.963745,1341.8875,-7.906494,1633.8363,-16.208984,1153.4475,-1.2997437,15.214478,-1.1015635,12.104811,-1.31954,15.44617,-1.4574871,18.456007,-18.95868,266.86374,-19.377594,271.79974,-1.2695417,12.333195,17.647827,1894.2585,-35.67285,8272.413,-0.19699216,2.8366258,N-CMAPSS_DS03-012,5
N-CMAPSS_DS03-012 · Engine 5,57,575.98773,1324.1796,1605.4485,1138.8568,14.7554655,11.844383,14.980167,17.8383,253.13185,257.85223,11.878463,1855.7706,8210.481,2.6756308,9890.086,0.46799394,49.575123,504.789,36.0,1,0,-2.6489258,579.82477,-22.140015,1340.5696,-45.04944,1632.2102,-12.780762,1152.1101,0.25648785,15.138987,0.45564747,12.044573,0.26039505,15.36953,0.07652855,18.3693,-9.196823,265.51514,-9.211334,270.42227,0.31691647,12.25746,-81.87695,1892.9559,-78.83496,8267.958,-0.1430211,2.8232887,N-CMAPSS_DS03-012,5
N-CMAPSS_DS03-012 · Engine 5,58,585.2303,1350.7598,1646.6877,1157.5132,15.566442,12.364951,15.803494,18.966984,273.90326,278.93927,12.360222,1910.9995,8301.283,2.9382946,9034.825,0.4876599,53.027596,509.85233,35.0,1,0,9.242554,580.03644,26.5802,1341.2762,41.239258,1633.8274,18.656372,1152.3966,0.810976,15.125928,0.5205679,12.025956,0.82332706,15.356272,1.1286831,18.366291,20.771408,265.7024,21.087036,270.60483,0.48175907,12.224128,55.22888,1895.8274,90.80176,8270.271,0.26266384,2.828342,N-CMAPSS_DS03-012,5
N-CMAPSS_DS03-012 · Engine 5,59,577.9663,1336.7261,1630.2646,1145.1898,14.659067,11.654325,14.8823,17.835869,257.3679,262.1076,11.697664,1902.3387,8254.169,2.732925,10552.7295,0.4789385,52.801556,503.51273,34.0,1,0,-7.263977,579.9468,-14.033691,1341.2216,-16.423096,1634.132,-12.323364,1152.6046,-0.9073744,15.118173,-0.7106266,12.018005,-0.9211941,15.348398,-1.131115,18.357927,-16.53537,265.68283,-16.831665,270.58136,-0.6625576,12.220855,-8.660767,1896.0923,-47.114258,8269.961,-0.20536971,2.828901,N-CMAPSS_DS03-012,5
N-CMAPSS_DS03-012 · Engine 5,60,583.28345,1343.8486,1632.5934,1160.3231,15.883658,12.711878,16.125544,19.188717,274.57306,279.68802,12.964503,1874.673,8276.511,2.9177,7366.344,0.42994505,49.41956,510.7968,33.0,1,0,5.3171387,580.1534,7.1225586,1341.3368,2.3287354,1634.3114,15.133301,1152.8988,1.2245913,15.145816,1.0575533,12.042227,1.2432432,15.376463,1.352848,18.39255,17.20517,266.04135,17.580414,270.94373,1.266839,12.236468,-27.665771,1895.4208,22.341797,8269.954,0.18477511,2.8350756,N-CMAPSS_DS03-012,5
N-CMAPSS_DS03-012 · Engine 5,61,585.2498,1350.7007,1647.5825,1158.2526,15.566556,12.364951,15.80361,18.968397,273.86707,278.89395,12.360211,1910.9995,8300.753,2.939889,9034.825,0.4876599,53.027596,509.85233,32.0,1,0,1.9663696,580.8882,6.852051,1342.7086,14.989136,1636.2599,-2.0705566,1154.3676,-0.31710243,15.236601,-0.3469267,12.11329,-0.32193375,15.46863,-0.22031975,18.506245,-0.70599365,267.67392,-0.7940674,272.6027,-0.6042919,12.302587,36.326538,1896.2869,24.242188,8274.434,0.022188902,2.8560364,N-CMAPSS_DS03-012,5
N-CMAPSS_DS03-012 · Engine 5,62,581.0538,1344.4823,1641.2643,1159.3678,15.354273,12.183006,15.588094,18.655218,271.32013,276.27313,12.494447,1897.0912,8279.325,2.913276,8643.986,0.43523422,52.26939,506.52716,31.0,1,0,-4.196045,581.4884,-6.218384,1344.0663,-6.3182373,1638.5797,1.1152344,1155.0435,-0.21228313,15.269309,-0.18194485,12.132923,-0.21551609,15.501837,-0.31317902,18.561563,-2.546936,268.6183,-2.620819,273.55545,0.13423538,12.295929,-13.908325,1899.786,-21.427734,8278.624,-0.026612997,2.8714414,N-CMAPSS_DS03-012,5
N-CMAPSS_DS03-012 · Engine 5,63,581.18414,1341.7416,1636.0586,1155.8048,15.256038,12.143695,15.488363,18.530914,267.023,271.9216,12.318245,1891.2488,8268.144,2.8577719,9010.299,0.45440573,51.88142,507.0913,30.0,1,0,0.1303711,581.5052,-2.7407227,1343.7805,-5.2056885,1638.2344,-3.5629883,1154.8325,-0.09823513,15.259505,-0.03931141,12.128992,-0.09973049,15.491883,-0.12430382,18.549398,-4.297119,268.1817,-4.351532,273.11163,-0.17620182,12.278311,-5.842407,1899.2018,-11.181641,8277.402,-0.055504084,2.8662035,N-CMAPSS_DS03-012,5
N-CMAPSS_DS03-012 · Engine 5,64,578.9032,1337.2334,1630.2285,1145.8214,14.736847,11.73383,14.961266,17.922262,257.5714,262.32428,11.732164,1899.6903,8256.177,2.7336702,10441.2295,0.4837612,52.665703,504.55188,29.0,1,0,-2.2809448,581.2804,-4.5081787,1343.3275,-5.830078,1637.9031,-9.983398,1154.0614,-0.5191908,15.207604,-0.40986443,12.088005,-0.5270977,15.439192,-0.6086521,18.48877,-9.451599,267.23737,-9.597321,272.15048,-0.58608055,12.219855,8.441528,1900.0459,-11.966797,8276.115,-0.12410164,2.8543453,N-CMAPSS_DS03-012,5
N-CMAPSS_DS03-012 · Engine 5,65,585.6982,1355.1343,1656.9828,1163.1499,15.62809,12.381785,15.866081,19.049463,276.73737,281.80228,12.454917,1923.8016,8317.217,2.9666724,8757.58,0.47375408,53.426548,509.61856,28.0,1,0,6.794983,581.31934,17.900879,1343.1125,26.754272,1637.7609,17.328491,1153.5917,0.891243,15.190541,0.64795494,12.077154,0.9048157,15.421869,1.1272011,18.47179,19.165955,266.78238,19.477997,271.68658,0.7227526,12.182239,24.111328,1900.426,61.04004,8275.338,0.23300219,2.8494482,N-CMAPSS_DS03-012,5
N-CMAPSS_DS03-012 · Engine 5,66,580.65155,1340.7462,1634.922,1149.2318,14.997589,11.945001,15.225979,18.23689,262.15533,266.99963,11.910132,1903.1324,8269.273,2.7801924,9888.501,0.48435667,52.16701,506.38358,27.0,1,0,-5.046631,581.5209,-14.388062,1342.5553,-22.060791,1636.2032,-13.918091,1153.3511,-0.6305008,15.240402,-0.43678474,12.13278,-0.6401024,15.47249,-0.8125725,18.519302,-14.582031,266.76505,-14.802643,271.6802,-0.54478455,12.217097,-20.66919,1896.9746,-47.94336,8273.333,-0.18648005,2.8456023,N-CMAPSS_DS03-012,5
N-CMAPSS_DS03-012 · Engine 5,67,585.2809,1350.6334,1649.3185,1159.7493,15.566738,12.364951,15.803795,18.970638,273.83276,278.84286,12.360723,1910.9996,8299.913,2.943369,9034.825,0.4876599,53.027596,509.85233,26.0,1,0,4.6293335,582.45013,9.887207,1345.2007,14.396484,1640.5903,10.517456,1155.4404,0.569149,15.321529,0.4199505,12.184837,0.577816,15.5548525,0.7337475,18.632536,11.677429,268.83514,11.843231,273.77927,0.45059013,12.265323,7.8671875,1902.4974,30.639648,8282.276,0.16317654,2.872376,N-CMAPSS_DS03-012,5
N-CMAPSS_DS03-012 · Engine 5,68,585.3871,1357.1013,1662.7577,1171.5955,15.799151,12.490299,16.039747,19.224949,281.1937,286.30444,12.832179,1920.0,8322.835,3.0244281,7837.6934,0.42610982,52.856384,509.31158,25.0,1,0,0.10620117,582.4658,6.4678955,1345.8348,13.439209,1642.1973,11.846191,1156.8486,0.23241329,15.344801,0.12534809,12.197372,0.23595238,15.578478,0.2543106,18.658333,7.3609314,269.56418,7.4615784,274.51578,0.47145653,12.312519,9.000366,1903.3975,22.921875,8284.432,0.08105922,2.8809893,N-CMAPSS_DS03-012,5
N-CMAPSS_DS03-012 · Engine 5,69,581.22974,1341.6343,1638.5415,1157.9302,15.256287,12.143695,15.488616,18.534142,266.96417,271.83893,12.318786,1891.2488,8266.894,2.8625054,9010.299,0.45440573,51.88142,507.0913,24.0,1,0,-4.1573486,582.7922,-15.467041,1346.3256,-24.216187,1643.025,-13.665283,1158.1227,-0.5428648,15.404523,-0.34660435,12.246309,-0.55113125,15.63911,-0.69080734,18.728159,-14.229523,270.5238,-14.465515,275.48892,-0.5133934,12.374631,-28.75122,1902.2886,-55.941406,8285.704,-0.1619227,2.8939474,N-CMAPSS_DS03-012,5
N-CMAPSS_DS03-012 · Engine 5,70,578.7115,1346.1411,1654.6848,1155.2601,14.499385,11.388736,14.720187,17.766878,262.25925,266.95575,11.562881,1937.6476,8287.32,2.8267386,10951.066,0.47261637,56.05434,501.33408,23.0,1,0,-2.5182495,582.33496,4.506836,1346.5548,16.14331,1645.2341,-2.670044,1157.6163,-0.75690174,15.266095,-0.7549591,12.113995,-0.7684288,15.498573,-0.7672634,18.585976,-4.7049255,269.29242,-4.8831787,274.2157,-0.7559042,12.234468,46.398804,1908.5859,20.426758,8286.785,-0.03576684,2.8848512,N-CMAPSS_DS03-012,5
N-CMAPSS_DS03-012 · Engine 5,71,585.3211,1350.5582,1651.4498,1161.5687,15.566975,12.364951,15.804033,18.97354,273.78064,278.77017,12.361192,1910.9996,8298.844,2.9475243,9034.825,0.4876599,53.027596,509.85233,22.0,1,0,6.609619,582.3421,4.4171143,1346.5406,-3.2349854,1645.6208,6.3085938,1157.948,1.0675898,15.266137,0.97621536,12.113995,1.0838461,15.498616,1.2066612,18.586489,11.521393,269.28378,11.814423,274.2033,0.7983103,12.234567,-26.64795,1908.5859,11.5234375,8286.594,0.12078571,2.8856149,N-CMAPSS_DS03-012,5
N-CMAPSS_DS03-012 · Engine 5,72,585.43384,1356.9631,1664.8016,1173.2644,15.79941,12.490299,16.04001,19.228346,281.0957,286.1851,12.831912,1920.0,8321.556,3.0279648,7837.6934,0.42610982,52.856384,509.31158,21.0,1,0,0.11273193,582.78015,6.404907,1347.7887,13.351807,1647.9746,11.695679,1159.3376,0.23243523,15.310651,0.12534809,12.144724,0.23597717,15.543808,0.25480652,18.643803,7.3150635,270.26132,7.414917,275.19452,0.4707203,12.268313,9.000366,1910.8768,22.711914,8290.817,0.08044052,2.8970838,N-CMAPSS_DS03-012,5
N-CMAPSS_DS03-012 · Engine 5,73,585.7729,1354.9375,1660.538,1166.1146,15.628531,12.381785,15.866529,19.054853,276.6099,281.63895,12.455055,1923.8016,8315.203,2.973171,8757.58,0.47375408,53.426548,509.61856,20.0,1,0,0.3390503,583.239,-2.0256348,1349.1083,-4.263672,1650.4225,-7.1497803,1160.3687,-0.17087841,15.3479,-0.10851383,12.168533,-0.17348099,15.581624,-0.17349243,18.696196,-4.4858093,271.22003,-4.5461426,276.16623,-0.3768568,12.281994,3.8016357,1914.1322,-6.352539,8295.523,-0.054793835,2.9086237,N-CMAPSS_DS03-012,5
N-CMAPSS_DS03-012 · Engine 5,74,579.0292,1336.8373,1636.0594,1150.6333,14.737557,11.73383,14.9619875,17.930866,257.34274,262.03897,11.7319975,1899.6906,8252.714,2.743346,10441.2295,0.4837612,52.665703,504.55188,19.0,1,0,-6.7437134,583.2516,-18.10022,1349.0687,-24.478516,1651.0056,-15.481323,1160.8497,-0.89097404,15.347971,-0.64795494,12.168533,-0.90454197,15.5816965,-1.1239872,18.697056,-19.26715,271.19714,-19.599976,276.1377,-0.72305775,12.281978,-24.111084,1914.1322,-62.489258,8295.177,-0.22982502,2.9095912,N-CMAPSS_DS03-012,5
N-CMAPSS_DS03-012 · Engine 5,75,584.5047,1350.6234,1655.7908,1160.2766,15.287912,12.125239,15.520721,18.668304,269.62607,274.51898,12.0482235,1923.3528,8298.171,2.8986924,9819.769,0.5016447,53.892605,508.29147,18.0,1,0,5.475525,583.13226,13.786133,1348.6176,19.731323,1650.8865,9.643311,1160.5625,0.55035496,15.313953,0.39140892,12.142879,0.55873394,15.547161,0.7374382,18.658941,12.283325,270.48602,12.480011,275.40936,0.316226,12.241308,23.662231,1914.0873,45.45703,8293.272,0.1553464,2.9027932,N-CMAPSS_DS03-012,5
N-CMAPSS_DS03-012 · Engine 5,76,584.51776,1350.5966,1656.4851,1160.8687,15.287991,12.125239,15.5208025,18.669205,269.6092,274.49554,12.048358,1923.3528,8297.824,2.9000068,9819.769,0.5016447,53.892605,508.29147,17.0,1,0,0.013061523,583.51886,-0.026855469,1349.6027,0.69433594,1653.0427,0.592041,1161.7261,7.8201294e-05,15.342994,0.0,12.160903,8.106232e-05,15.576643,0.00090026855,18.702171,-0.01687622,271.2314,-0.0234375,276.15897,0.00013446808,12.255131,0.0,1916.1094,-0.3466797,8296.127,0.0013144016,2.9147747,N-CMAPSS_DS03-012,5
N-CMAPSS_DS03-012 · Engine 5,77,584.3818,1351.6105,1658.6722,1168.1757,15.594905,12.387691,15.832392,18.971851,274.30438,279.28174,12.525394,1915.4647,8300.875,2.944822,8602.582,0.46106967,52.60351,508.9583,16.0,1,0,-0.13598633,583.42896,1.013916,1349.7003,2.1871338,1653.9781,7.307007,1162.5687,0.30691433,15.34581,0.26245117,12.163177,0.31158924,15.579503,0.30264664,18.702293,4.6951904,271.27856,4.786194,276.20285,0.47703648,12.271598,-7.8880615,1916.5559,3.0507812,8296.224,0.044815302,2.9149199,N-CMAPSS_DS03-012,5
N-CMAPSS_DS03-012 · Engine 5,78,580.79364,1340.4231,1641.7281,1154.894,14.998418,11.945001,15.226821,18.246777,261.91687,266.6954,11.910257,1903.1328,8265.406,2.7919335,9888.501,0.48435667,52.16701,506.38358,15.0,1,0,-3.5881348,582.9696,-11.187378,1348.0325,-16.944092,1651.8751,-13.281616,1160.8987,-0.59648705,15.265738,-0.4426899,12.108646,-0.6055708,15.49821,-0.72507477,18.604477,-12.387512,269.3509,-12.586334,274.24194,-0.6151371,12.179405,-12.331909,1914.8691,-35.46875,8290.48,-0.15288854,2.8916705,N-CMAPSS_DS03-012,5
N-CMAPSS_DS03-012 · Engine 5,79,584.57904,1350.4354,1659.3805,1163.2667,15.288363,12.125239,15.52118,18.673416,269.49936,274.35715,12.048355,1923.3528,8296.175,2.9050775,9819.769,0.5016447,53.892605,508.29147,14.0,1,0,3.7854004,583.30457,10.012329,1348.9126,17.652344,1653.959,8.372681,1161.4323,0.2899456,15.268945,0.18023872,12.106801,0.2943592,15.501467,0.42663956,18.618404,7.582489,269.6044,7.661743,274.49377,0.13809776,12.152363,20.21997,1918.0796,30.768555,8293.409,0.11314392,2.8959277,N-CMAPSS_DS03-012,5
N-CMAPSS_DS03-012 · Engine 5,80,585.89,1354.6969,1666.0544,1170.7053,15.629228,12.381785,15.867234,19.06329,276.40854,281.38272,12.4551525,1923.8021,8312.095,2.98317,8757.58,0.47375408,53.426548,509.61856,13.0,1,0,1.3109741,584.0224,4.2614746,1349.7682,6.67395,1655.096,7.4385986,1162.9768,0.34086418,15.381929,0.25654602,12.206106,0.34605408,15.616171,0.3898735,18.748045,6.9091797,271.01935,7.0255737,275.93646,0.4067974,12.24159,0.44934082,1916.695,15.919922,8295.887,0.078092575,2.9115708,N-CMAPSS_DS03-012,5
N-CMAPSS_DS03-012 · Engine 5,81,583.4015,1342.9025,1644.6128,1166.4237,15.698659,12.551113,15.937724,19.017914,271.5121,276.45267,12.694004,1882.2848,8270.118,2.9133036,8074.4424,0.45158243,50.40673,510.08594,12.0,1,0,-2.4885254,583.83044,-11.794434,1349.0027,-21.44165,1654.4124,-4.281616,1163.4623,0.069431305,15.395098,0.16932774,12.224722,0.07048988,15.62954,-0.045375824,18.752481,-4.896454,270.79248,-4.9300537,275.7047,0.23885155,12.274871,-41.517334,1913.8235,-41.976562,8293.014,-0.06986642,2.9081488,N-CMAPSS_DS03-012,5
N-CMAPSS_DS03-012 · Engine 5,82,585.9344,1354.5977,1667.9808,1172.277,15.629488,12.381785,15.8675,19.066477,276.32028,281.275,12.454921,1923.8019,8310.92,2.9864616,8757.58,0.47375408,53.426548,509.61856,11.0,1,0,2.532898,583.8805,11.69519,1348.7661,23.368042,1654.7302,5.8532715,1163.3635,-0.06917095,15.378105,-0.16932774,12.213871,-0.07022381,15.612289,0.048563004,18.736296,4.808197,270.31494,4.8223267,275.2137,-0.23908329,12.237172,41.51709,1914.2037,40.801758,8291.95,0.073158026,2.9039984,N-CMAPSS_DS03-012,5
N-CMAPSS_DS03-012 · Engine 5,83,581.2991,1343.8457,1653.9875,1170.1664,15.355555,12.183006,15.5893955,18.672705,270.9536,275.7826,12.496375,1897.0913,8272.601,2.9373448,8643.986,0.43523422,52.26939,506.52716,10.0,1,0,-4.635315,583.4331,-10.751953,1347.6569,-13.993286,1654.0752,-2.1105957,1163.7688,-0.2739334,15.350807,-0.1987791,12.193993,-0.27810478,15.584576,-0.39377213,18.69808,-5.3666687,269.74933,-5.492401,274.62808,0.041454315,12.241303,-26.710571,1911.5327,-38.319336,8287.689,-0.04911685,2.900416,N-CMAPSS_DS03-012,5
N-CMAPSS_DS03-012 · Engine 5,84,585.97284,1354.5583,1670.2197,1174.2217,15.629714,12.381785,15.867731,19.069252,276.28506,281.21887,12.455635,1923.8021,8309.912,2.9910147,8757.58,0.47375408,53.426548,509.61856,9.0,1,0,4.673767,584.12744,10.7126465,1349.429,16.232178,1657.4912,4.055298,1166.1276,0.27415943,15.440023,0.1987791,12.258788,0.27833557,15.67515,0.39654732,18.811918,5.3314514,271.64355,5.4362793,276.54608,-0.040740013,12.313667,26.710815,1913.9438,37.311523,8293.41,0.05366993,2.9251828,N-CMAPSS_DS03-012,5
N-CMAPSS_DS03-012 · Engine 5,85,580.9587,1340.0499,1649.231,1161.0554,14.999381,11.945001,15.227797,18.258207,261.60803,266.3141,11.909701,1903.1328,8260.958,2.8043551,9888.501,0.48435667,52.16701,506.38358,8.0,1,0,-5.01416,583.7729,-14.508423,1348.3717,-20.98877,1656.8352,-13.16626,1166.2054,-0.63033295,15.41117,-0.43678474,12.240765,-0.63993454,15.645858,-0.8110447,18.770908,-14.677032,270.84174,-14.904785,275.7256,-0.5459337,12.299815,-20.669312,1911.9219,-48.9541,8289.688,-0.18665957,2.915749,N-CMAPSS_DS03-012,5
N-CMAPSS_DS03-012 · Engine 5,86,581.6077,1341.8203,1649.9542,1173.3473,15.609235,12.469662,15.846939,18.87035,270.25735,275.1428,12.808044,1881.3881,8265.53,2.8897278,7578.456,0.4074807,49.44916,508.57312,7.0,1,0,0.64904785,583.4819,1.7703857,1347.494,0.7232666,1656.1821,12.29187,1167.4534,0.60985374,15.443295,0.52466106,12.275207,0.61914253,15.678472,0.61214256,18.791023,8.6493225,270.90656,8.828705,275.7903,0.8983431,12.375784,-21.744751,1907.7253,4.5722656,8286.459,0.08537269,2.914721,N-CMAPSS_DS03-012,5
N-CMAPSS_DS03-012 · Engine 5,87,583.5603,1342.5275,1652.0212,1172.5432,15.699553,12.551113,15.938628,19.029377,271.20062,276.0671,12.693619,1882.2852,8265.766,2.926223,8074.4424,0.45158243,50.40673,510.08594,6.0,1,0,1.9525757,583.3997,0.7071533,1346.5857,2.0670166,1655.5171,-0.80407715,1167.8901,0.090317726,15.453759,0.081451416,12.291549,0.09168911,15.689095,0.1590271,18.796776,0.9432678,270.5962,0.9243164,275.46884,-0.11442566,12.392607,0.8970947,1904.4073,0.23535156,8282.948,0.03649521,2.912861,N-CMAPSS_DS03-012,5
N-CMAPSS_DS03-012 · Engine 5,88,578.34766,1335.82,1649.8833,1161.7356,14.661205,11.654325,14.884473,17.861456,256.79773,261.355,11.699855,1902.3394,8243.737,2.767357,10552.7295,0.4789385,52.801556,503.51273,5.0,1,0,-5.2126465,583.15515,-6.7075195,1346.1254,-2.1379395,1656.3325,-10.807617,1168.5742,-1.0383472,15.420038,-0.8967886,12.262482,-1.0541553,15.6548605,-1.1679211,18.758244,-14.402893,270.08426,-14.712097,274.9348,-0.9937639,12.371566,20.0542,1904.328,-22.02832,8280.781,-0.15886593,2.9104035,N-CMAPSS_DS03-012,5
N-CMAPSS_DS03-012 · Engine 5,89,579.1166,1345.0669,1672.8828,1170.2858,14.5015745,11.388736,14.72241,17.794395,261.56967,266.09344,11.562628,1937.6481,8276.687,2.8574488,10951.066,0.47261637,56.05434,501.33408,4.0,1,0,0.7689209,582.6089,9.246948,1345.5886,22.999512,1657.6827,8.550171,1169.2761,-0.15963078,15.341359,-0.26558876,12.188831,-0.16206264,15.574984,-0.06706047,18.670341,4.771942,269.2913,4.738434,274.10843,-0.13722706,12.322993,35.308716,1905.7576,32.94922,8278.832,0.090091705,2.9056406,N-CMAPSS_DS03-012,5
N-CMAPSS_DS03-012 · Engine 5,90,585.71216,1349.7266,1670.1498,1177.1118,15.569312,12.364951,15.806408,19.00084,273.08127,277.88647,12.36159,1911.0005,8288.346,2.981246,9034.825,0.4876599,53.027596,509.85233,3.0,1,0,6.595581,582.59106,4.659668,1345.0916,-2.7330322,1658.0923,6.82605,1169.9167,1.0677376,15.335367,0.97621536,12.187148,1.0839977,15.568901,1.2064438,18.664097,11.511597,268.95856,11.79303,273.7588,0.7989626,12.313637,-26.647583,1904.4774,11.65918,8276.457,0.12379718,2.9054482,N-CMAPSS_DS03-012,5
N-CMAPSS_DS03-012 · Engine 5,91,585.86414,1355.9755,1684.9957,1190.0157,15.801794,12.490299,16.04243,19.259249,280.2869,285.17255,12.831368,1920.0004,8309.882,3.0643988,7837.6934,0.42610982,52.856384,509.31158,2.0,1,0,0.15197754,582.83734,6.2489014,1346.3988,14.845947,1662.1306,12.903931,1172.276,0.23248196,15.345681,0.12534809,12.1810665,0.23602295,15.579371,0.2584095,18.68823,7.2056274,269.83606,7.286072,274.6308,0.46977806,12.3273735,8.999878,1908.249,21.536133,8280.434,0.08315277,2.9205577,N-CMAPSS_DS03-012,5
N-CMAPSS_DS03-012 · Engine 5,92,585.8197,1349.4352,1674.8002,1180.8397,15.569981,12.364951,15.807086,19.007914,272.8275,277.58542,12.360426,1911.0005,8285.374,2.9886906,9034.825,0.4876599,53.027596,509.85233,1.0,1,0,-0.044433594,582.82587,-6.540283,1345.8826,-10.195557,1662.8125,-9.176025,1173.1323,-0.23181343,15.33973,-0.12534809,12.179383,-0.23534489,15.57333,-0.25133514,18.682375,-7.459381,269.4868,-7.5871277,274.26184,-0.4709425,12.3179245,-8.999878,1906.9689,-24.507812,8277.879,-0.07570815,2.9207807,N-CMAPSS_DS03-012,5
N-CMAPSS_DS03-012 · Engine 5,93,586.28516,1353.8741,1684.3744,1185.8265,15.631593,12.381785,15.86964,19.091042,275.66483,280.45764,12.454279,1923.8026,8301.536,3.0154064,8757.58,0.47375408,53.426548,509.61856,0.0,1,0,0.4654541,583.32446,4.438965,1346.8854,9.574219,1665.8512,4.9868164,1174.6982,0.06161213,15.367334,0.016834259,12.199261,0.06255436,15.601355,0.083127975,18.724209,2.8373108,269.9579,2.872223,274.72934,0.093853,12.313715,12.802124,1909.6399,16.16211,8280.772,0.026715755,2.928587,N-CMAPSS_DS03-012,5
N-CMAPSS_DS03-012 · Engine 9,1,583.1921,1344.121,1628.0798,1156.5533,15.883161,12.711878,16.125036,19.182028,274.7441,279.90564,12.964449,1874.6729,8279.12,2.9095032,7366.344,0.42994505,49.41956,510.7968,83.0,1,1,0.0,583.1921,0.0,1344.121,0.0,1628.0798,0.0,1156.5533,0.0,15.883161,0.0,12.711878,0.0,16.125036,0.0,19.182028,0.0,274.7441,0.0,279.90564,0.0,12.964449,0.0,1874.6729,0.0,8279.12,0.0,2.9095032,N-CMAPSS_DS03-012,9
N-CMAPSS_DS03-012 · Engine 9,2,584.0953,1352.3901,1645.3301,1157.1287,15.593208,12.387691,15.830668,18.951208,274.83563,279.9484,12.525751,1915.4645,8308.712,2.9211924,8602.582,0.46106967,52.60351,508.9583,82.0,1,1,0.90319824,583.6437,8.269165,1348.2556,17.250244,1636.705,0.5753174,1156.8411,-0.28995228,15.738184,-0.32418728,12.549784,-0.2943678,15.977852,-0.2308197,19.066618,0.09152222,274.78986,0.042755127,279.927,-0.43869781,12.7451,40.791626,1895.0686,29.591797,8293.916,0.011689186,2.9153478,N-CMAPSS_DS03-012,9
N-CMAPSS_DS03-012 · Engine 9,3,574.9837,1331.1617,1615.3668,1150.4818,15.026885,11.986675,15.25572,18.09732,262.05255,266.95023,12.562059,1862.0999,8239.432,2.7553809,8069.0356,0.36492738,48.783405,503.40094,81.0,1,1,-9.111572,580.757,-21.228394,1342.5576,-29.963257,1629.5923,-6.6468506,1154.7213,-0.5663233,15.501084,-0.40101528,12.362082,-0.5749483,15.737142,-0.85388756,18.743519,-12.783081,270.5441,-12.998169,275.6014,0.03630829,12.684087,-53.364624,1884.0791,-69.28027,8275.755,-0.16581154,2.8620255,N-CMAPSS_DS03-012,9
N-CMAPSS_DS03-012 · Engine 9,4,584.11383,1352.2877,1645.5846,1157.22,15.593318,12.387691,15.83078,18.952545,274.75604,279.86435,12.524757,1915.4647,8308.191,2.9209113,8602.582,0.46106967,52.60351,508.9583,80.0,1,1,9.130127,581.5962,21.125977,1344.9901,30.217773,1633.5903,6.738159,1155.346,0.56643295,15.524143,0.40101528,12.368484,0.5750599,15.760551,0.8552246,18.795776,12.703491,271.59708,12.914124,276.66714,-0.037302017,12.644255,53.36487,1891.9255,68.759766,8283.863,0.16553044,2.876747,N-CMAPSS_DS03-012,9
N-CMAPSS_DS03-012 · Engine 9,5,585.14886,1351.0077,1642.8544,1154.3226,15.565967,12.364951,15.803011,18.961111,274.0455,279.12054,12.360092,1910.9993,8303.493,2.9313345,9034.825,0.4876599,53.027596,509.85233,79.0,1,1,1.0350342,582.30676,-1.2800293,1346.1936,-2.7302246,1635.4431,-2.8973389,1155.1412,-0.02735138,15.532508,-0.02273941,12.367777,-0.027769089,15.769043,0.008565903,18.828842,-0.7105408,272.08676,-0.74380493,277.15784,-0.16466522,12.587421,-4.465454,1895.7402,-4.698242,8287.79,0.010423183,2.8876646,N-CMAPSS_DS03-012,9
N-CMAPSS_DS03-012 · Engine 9,6,580.5298,1341.0571,1628.8911,1144.1765,14.996879,11.945001,15.225258,18.228397,262.34695,267.24957,11.909711,1903.1324,8272.63,2.769545,9888.501,0.48435667,52.16701,506.38358,78.0,1,1,-4.6190796,582.0106,-9.950562,1345.3375,-13.963257,1634.3511,-10.146118,1153.3138,-0.569088,15.443236,-0.4199505,12.297315,-0.57775307,15.678412,-0.7327137,18.728767,-11.698547,270.46347,-11.870972,275.50647,-0.45038128,12.47447,-7.8668213,1896.9723,-30.863281,8285.263,-0.16178942,2.8679779,N-CMAPSS_DS03-012,9
N-CMAPSS_DS03-012 · Engine 9,7,585.24115,1357.5488,1655.7832,1165.7771,15.798349,12.490299,16.038933,19.214323,281.45645,286.6393,12.832036,1919.9998,8326.885,3.0115576,7837.6934,0.42610982,52.856384,509.31158,77.0,1,1,4.7113647,582.4721,16.4917,1347.082,26.89209,1637.4128,21.600586,1155.0942,0.80147076,15.493967,0.5452986,12.324883,0.8136749,15.729916,0.9859257,18.798134,19.109497,272.0339,19.38974,277.09686,0.92232513,12.525551,16.86731,1900.262,54.254883,8291.209,0.2420125,2.8884892,N-CMAPSS_DS03-012,9
N-CMAPSS_DS03-012 · Engine 9,8,584.26605,1351.3317,1644.9728,1151.3679,15.28649,12.125239,15.5192795,18.651482,270.06256,275.0645,12.048598,1923.3525,8304.598,2.879984,9819.769,0.5016447,53.892605,508.29147,76.0,1,1,-0.97509766,582.69635,-6.217163,1347.6133,-10.810425,1638.3579,-14.40918,1154.6285,-0.51185894,15.468032,-0.36505985,12.299928,-0.5196533,15.703586,-0.5628414,18.779802,-11.39389,271.78748,-11.574799,276.84283,-0.7834377,12.465932,3.3527832,1903.1482,-22.28711,8292.883,-0.13157368,2.8874261,N-CMAPSS_DS03-012,9
N-CMAPSS_DS03-012 · Engine 9,9,584.2837,1351.2657,1645.6375,1151.889,15.286595,12.125239,15.519387,18.652735,270.02057,275.01547,12.048345,1923.3525,8304.122,2.880973,9819.769,0.5016447,53.892605,508.29147,75.0,1,1,0.01763916,582.87274,-0.06591797,1348.019,0.66467285,1639.1667,0.52111816,1154.3241,0.000104904175,15.447872,0.0,12.280519,0.0001077652,15.683119,0.001253128,18.765684,-0.041992188,271.59116,-0.049041748,276.63977,-0.00025367737,12.419533,0.0,1905.3932,-0.47558594,8294.132,0.0009891987,2.8867092,N-CMAPSS_DS03-012,9
N-CMAPSS_DS03-012 · Engine 9,10,577.8493,1337.1803,1626.2438,1142.1427,14.658417,11.654325,14.881642,17.827864,257.6722,262.45502,11.699947,1902.3387,8257.4,2.7278295,10552.7295,0.4789385,52.801556,503.51273,74.0,1,1,-6.434387,582.37036,-14.085449,1346.9352,-19.393677,1637.8744,-9.746338,1153.106,-0.6281786,15.368927,-0.47091484,12.217899,-0.6377449,15.602972,-0.82487106,18.671902,-12.348358,270.19925,-12.560455,275.2213,-0.34839725,12.347574,-21.013794,1905.0878,-46.72168,8290.458,-0.15314364,2.8708212,N-CMAPSS_DS03-012,9
N-CMAPSS_DS03-012 · Engine 9,11,585.57086,1355.597,1651.2521,1158.437,15.627337,12.381785,15.865318,19.040258,276.98364,282.10852,12.455257,1923.8016,8320.722,2.9566035,8757.58,0.47375408,53.426548,509.61856,73.0,1,1,7.7215576,582.6083,18.416748,1348.0828,25.0083,1640.1917,16.294312,1153.2943,0.9689207,15.343345,0.72746086,12.18489,0.98367596,15.577,1.2123947,18.657724,19.311432,270.42322,19.653503,275.4416,0.75531006,12.296656,21.46289,1910.0006,63.32129,8294.618,0.22877407,2.8755312,N-CMAPSS_DS03-012,9
N-CMAPSS_DS03-012 · Engine 9,12,578.80133,1337.5553,1625.443,1141.854,14.736277,11.73383,14.960686,17.91528,257.74802,262.5475,11.732136,1899.6903,8258.985,2.725603,10441.2295,0.4837612,52.665703,504.55188,72.0,1,1,-6.7695312,582.07886,-18.041748,1346.5994,-25.809082,1638.2029,-16.583008,1151.7668,-0.8910608,15.257651,-0.64795494,12.119504,-0.90463257,15.490002,-1.124979,18.55413,-19.235626,268.71445,-19.561035,273.7015,-0.72312164,12.217294,-24.111328,1908.4232,-61.73633,8289.6455,-0.23100042,2.8559723,N-CMAPSS_DS03-012,9
N-CMAPSS_DS03-012 · Engine 9,13,583.0705,1343.9065,1629.2866,1153.7875,15.696787,12.551113,15.935823,18.993923,272.1749,277.2729,12.694914,1882.2844,8279.378,2.8865862,8074.4424,0.45158243,50.40673,510.08594,71.0,1,1,4.269165,582.8875,6.3511963,1347.8738,3.843628,1639.5948,11.933472,1152.0974,0.96051025,15.324641,0.8172827,12.175947,0.9751377,15.558012,1.0786438,18.643791,14.42688,269.72668,14.725403,274.73376,0.9627781,12.230579,-17.405884,1910.4417,20.392578,8293.641,0.16098309,2.8690927,N-CMAPSS_DS03-012,9
N-CMAPSS_DS03-012 · Engine 9,14,584.12976,1352.2532,1646.4739,1157.9854,15.593411,12.387691,15.830874,18.9537,274.73712,279.83682,12.524958,1915.4645,8307.757,2.9226613,8602.582,0.46106967,52.60351,508.9583,70.0,1,1,1.0592651,582.88916,8.34668,1347.8704,17.187256,1639.6838,4.197876,1152.174,-0.103375435,15.324651,-0.16342258,12.175947,-0.104949,15.558022,-0.040224075,18.643908,2.5622253,269.7248,2.5639343,274.73102,-0.1699562,12.230599,33.180054,1910.4417,28.378906,8293.597,0.036075115,2.8692677,N-CMAPSS_DS03-012,9
N-CMAPSS_DS03-012 · Engine 9,15,574.9895,1331.1902,1616.2441,1151.325,15.02691,11.986675,15.255748,18.097713,262.08466,266.9754,12.562915,1862.0999,8239.2705,2.7575686,8069.0356,0.36492738,48.783405,503.40094,69.0,1,1,-9.140259,581.87317,-21.062988,1345.8885,-30.229736,1637.0228,-6.6604004,1151.8743,-0.5665016,15.270745,-0.40101528,12.13812,-0.57512665,15.503295,-0.85598564,18.557568,-12.652466,268.52872,-12.86142,273.5165,0.03795719,12.250881,-53.364624,1905.5516,-68.48633,8287.175,-0.1650927,2.8518913,N-CMAPSS_DS03-012,9
N-CMAPSS_DS03-012 · Engine 9,16,580.9598,1344.808,1637.2185,1156.0787,15.35378,12.183006,15.587594,18.648504,271.52014,276.51538,12.495039,1897.0913,8281.938,2.9065194,8643.986,0.43523422,52.26939,506.52716,68.0,1,1,5.970276,581.9162,13.617798,1346.2637,20.974365,1637.8556,4.753784,1153.0645,0.32686996,15.306436,0.19633102,12.161921,0.33184624,15.539529,0.5507908,18.599579,9.435486,269.446,9.539978,274.44308,-0.06787586,12.309415,34.991455,1904.9475,42.66797,8288.105,0.14895082,2.8655887,N-CMAPSS_DS03-012,9
N-CMAPSS_DS03-012 · Engine 9,17,583.0914,1343.8225,1630.1257,1154.4537,15.696906,12.551113,15.9359455,18.995445,272.12308,277.2119,12.694629,1882.2844,8278.786,2.8878758,8074.4424,0.45158243,50.40673,510.08594,67.0,1,1,2.1315918,581.70123,-0.98547363,1344.891,-7.0927734,1635.2898,-1.625,1151.9321,0.3431263,15.296291,0.36810684,12.168002,0.34835148,15.52923,0.346941,18.57769,0.6029358,268.5127,0.6965332,273.50034,0.19958973,12.295673,-14.806885,1901.176,-3.1523438,8283.296,-0.018643618,2.8532205,N-CMAPSS_DS03-012,9
N-CMAPSS_DS03-012 · Engine 9,18,584.678,1353.5818,1648.4387,1161.299,15.740783,12.495978,15.980491,19.132755,278.05243,283.19733,12.702534,1913.1,8311.812,2.967081,8090.279,0.4481552,52.24231,509.622,66.0,1,1,1.5866089,581.74243,9.759277,1345.1161,18.312988,1635.6364,6.845215,1152.9252,0.043876648,15.341721,-0.055134773,12.205075,0.044545174,15.575351,0.13731003,18.625818,5.929352,269.31168,5.9854126,274.31363,0.007905006,12.361067,30.815552,1900.1508,33.02539,8284.018,0.079205275,2.8619301,N-CMAPSS_DS03-012,9
N-CMAPSS_DS03-012 · Engine 9,19,583.20953,1344.0792,1629.0947,1157.4288,15.883255,12.711878,16.125134,19.183306,274.72266,279.87418,12.964695,1874.6729,8278.622,2.9115255,7366.344,0.42994505,49.41956,510.7968,65.0,1,1,-1.4684448,581.635,-9.502563,1344.3975,-19.343994,1633.9822,-3.8701172,1153.4791,0.14247227,15.401386,0.21589947,12.26374,0.14464283,15.635925,0.05055046,18.678875,-3.329773,269.7819,-3.3231506,274.7995,0.26216125,12.4527025,-38.427124,1895.2828,-33.189453,8281.467,-0.055555582,2.8649855,N-CMAPSS_DS03-012,9
N-CMAPSS_DS03-012 · Engine 9,20,583.2174,1344.0404,1629.2953,1157.5619,15.883298,12.711878,16.125175,19.183886,274.6937,279.84256,12.964393,1874.6729,8278.397,2.9116588,7366.344,0.42994505,49.41956,510.7968,64.0,1,1,0.007873535,582.1718,-0.03881836,1345.0834,0.20056152,1634.2872,0.13305664,1155.0211,4.2915344e-05,15.523874,0.0,12.369494,4.196167e-05,15.760279,0.000579834,18.814476,-0.028961182,271.48404,-0.03161621,276.53824,-0.00030231476,12.579147,0.0,1892.5162,-0.22460938,8283.566,0.00013327599,2.8833683,N-CMAPSS_DS03-012,9
N-CMAPSS_DS03-012 · Engine 9,21,577.87585,1337.0714,1627.0851,1142.7621,14.658565,11.654325,14.881794,17.82968,257.59842,262.3719,11.699319,1902.3387,8256.668,2.7287881,10552.7295,0.4789385,52.801556,503.51273,63.0,1,1,-5.3415527,581.4023,-6.968994,1343.2308,-2.210205,1631.8706,-14.799805,1153.4536,-1.2247334,15.426997,-1.0575533,12.296749,-1.2433815,15.661926,-1.3542061,18.693419,-17.095276,269.5455,-17.470673,274.56458,-1.2650738,12.503553,27.665894,1890.3699,-21.729492,8277.161,-0.18287063,2.860587,N-CMAPSS_DS03-012,9
N-CMAPSS_DS03-012 · Engine 9,22,583.10516,1343.7502,1630.4609,1154.6702,15.696985,12.551113,15.936024,18.996447,272.073,277.15738,12.694103,1882.2844,8278.392,2.8880844,8074.4424,0.45158243,50.40673,510.08594,62.0,1,1,5.229309,581.8327,6.678833,1343.8503,3.3758545,1632.3723,11.908081,1154.7352,1.0384207,15.523067,0.8967886,12.378477,1.0542297,15.75946,1.1667671,18.801537,14.474579,270.978,14.785492,276.02557,0.99478436,12.59975,-20.054321,1888.6294,21.723633,8279.102,0.15929627,2.8768349,N-CMAPSS_DS03-012,9
N-CMAPSS_DS03-012 · Engine 9,23,584.29395,1351.2195,1645.9249,1152.0905,15.286656,12.125239,15.519447,18.653463,269.98907,274.9805,12.048042,1923.3525,8303.842,2.8812604,9819.769,0.5016447,53.892605,508.29147,61.0,1,1,1.1887817,581.955,7.4692383,1344.5817,15.463989,1634.0361,-2.579712,1154.5656,-0.41032887,15.482055,-0.42587376,12.33589,-0.4165764,15.717823,-0.34298325,18.76749,-2.0839233,270.75943,-2.17688,275.79633,-0.64606094,12.535063,41.068115,1892.7361,25.450195,8281.549,-0.0068240166,2.8763022,N-CMAPSS_DS03-012,9
N-CMAPSS_DS03-012 · Engine 9,24,578.80133,1337.5984,1625.9855,1142.4095,14.736275,11.73383,14.960686,17.915272,257.78625,262.5821,11.732984,1899.6903,8258.995,2.72713,10441.2295,0.4837612,52.665703,504.55188,60.0,1,1,-5.4926147,581.4222,-13.621094,1343.1162,-19.939453,1631.9873,-9.680908,1153.0079,-0.55038166,15.396341,-0.39140892,12.270504,-0.5587616,15.630804,-0.7381916,18.663647,-12.20282,269.06433,-12.398407,274.07086,-0.3150587,12.455865,-23.662231,1891.1587,-44.84668,8276.672,-0.15413046,2.8567493,N-CMAPSS_DS03-012,9
N-CMAPSS_DS03-012 · Engine 9,25,580.97894,1344.7571,1638.2438,1156.9545,15.35388,12.183006,15.587697,18.649874,271.49393,276.47916,12.49523,1897.0912,8281.41,2.9084876,8643.986,0.43523422,52.26939,506.52716,59.0,1,1,2.1776123,582.0211,7.1586914,1344.4729,12.258301,1634.1873,14.544922,1153.5709,0.6176052,15.429038,0.44917583,12.290136,0.6270113,15.663999,0.734602,18.718863,13.707672,270.00528,13.897064,275.02124,0.76224613,12.449097,-2.599121,1894.6578,22.41504,8280.887,0.18135762,2.8718412,N-CMAPSS_DS03-012,9
N-CMAPSS_DS03-012 · Engine 9,26,575.9052,1324.5265,1602.4598,1136.5669,14.755006,11.844383,14.979702,17.832563,253.35104,258.1035,11.880017,1855.7706,8212.836,2.6717775,9890.086,0.46799394,49.575123,504.789,58.0,1,1,-5.0737305,581.5157,-20.23059,1342.4447,-35.783936,1630.7114,-20.387573,1151.6198,-0.5988741,15.369161,-0.33862305,12.256274,-0.60799503,15.6032095,-0.81731033,18.637268,-18.142883,268.18835,-18.375671,273.18005,-0.61521244,12.387594,-41.320557,1890.5258,-68.57422,8273.976,-0.23671007,2.848367,N-CMAPSS_DS03-012,9
N-CMAPSS_DS03-012 · Engine 9,27,585.6017,1355.4845,1652.6757,1159.6147,15.627521,12.381785,15.865502,19.042492,276.9262,282.0363,12.455224,1923.8016,8319.873,2.9591453,8757.58,0.47375408,53.426548,509.61856,57.0,1,1,9.696472,581.7667,30.958008,1343.6108,50.21582,1632.9664,23.047852,1152.1357,0.8725147,15.362223,0.53740215,12.239342,0.88580036,15.596165,1.2099285,18.641973,23.575165,268.66867,23.9328,273.66248,0.57520676,12.363654,68.031006,1894.6775,107.03711,8278.085,0.28736782,2.8554938,N-CMAPSS_DS03-012,9
N-CMAPSS_DS03-012 · Engine 9,28,583.1065,1343.7579,1630.6888,1154.8906,15.696992,12.551113,15.936033,18.996548,272.08218,277.16473,12.69436,1882.2844,8278.355,2.8886833,8074.4424,0.45158243,50.40673,510.08594,56.0,1,1,-2.4951782,581.60956,-11.7265625,1342.6285,-21.986816,1631.1914,-4.724121,1151.495,0.06947136,15.357843,0.16932774,12.244855,0.07053089,15.59172,-0.045944214,18.628353,-4.8440247,268.07166,-4.8715515,273.05923,0.23913574,12.362837,-41.517212,1891.596,-41.51758,8274.739,-0.07046199,2.847654,N-CMAPSS_DS03-012,9
N-CMAPSS_DS03-012 · Engine 9,29,575.011,1331.1002,1616.9882,1151.8853,15.027007,11.986675,15.255843,18.099215,262.02054,266.90298,12.562417,1862.0999,8238.632,2.7584636,8069.0356,0.36492738,48.783405,503.40094,55.0,1,1,-8.09552,580.7897,-12.657715,1341.3306,-13.700684,1629.9808,-3.005371,1150.9407,-0.6699848,15.272219,-0.56443787,12.172335,-0.6801901,15.50479,-0.89733315,18.519943,-10.0616455,266.80142,-10.261749,271.76212,-0.13194275,12.322609,-20.18457,1890.3386,-39.723633,8270.74,-0.1302197,2.8323479,N-CMAPSS_DS03-012,9
N-CMAPSS_DS03-012 · Engine 9,30,585.26935,1357.4562,1657.1099,1166.8805,15.798504,12.490299,16.03909,19.216377,281.40387,286.57297,12.832021,1919.9998,8326.101,3.013977,7837.6934,0.42610982,52.856384,509.31158,54.0,1,1,10.258362,580.9949,26.355957,1342.6722,40.121704,1632.7622,14.995239,1151.8724,0.7714968,15.263739,0.50362396,12.150177,0.78324604,15.4961815,1.1171627,18.523193,19.383331,267.47244,19.669983,272.43515,0.26960373,12.309372,57.899902,1894.8713,87.46875,8275.511,0.25551343,2.8425798,N-CMAPSS_DS03-012,9
N-CMAPSS_DS03-012 · Engine 9,31,578.5876,1346.5038,1648.5769,1150.107,14.498709,11.388736,14.719502,17.758423,262.43222,267.18665,11.562013,1937.6476,8290.639,2.8157108,10951.066,0.47261637,56.05434,501.33408,53.0,1,1,-6.6817627,581.06604,-10.952393,1343.6155,-8.532959,1634.9114,-16.773438,1152.6069,-1.2997952,15.247753,-1.1015635,12.123618,-1.3195868,15.479953,-1.4579544,18.516068,-18.97165,267.95584,-19.386322,272.91663,-1.2700081,12.295641,17.647827,1898.4022,-35.461914,8278.907,-0.19826627,2.851272,N-CMAPSS_DS03-012,9
N-CMAPSS_DS03-012 · Engine 9,32,578.5673,1346.6096,1648.1633,1149.8647,14.498599,11.388736,14.71939,17.757038,262.50198,267.2618,11.562823,1937.6476,8291.19,2.8155844,10951.066,0.47261637,56.05434,501.33408,52.0,1,1,-0.020263672,580.6123,0.10583496,1343.9014,-0.41357422,1636.6816,-0.24230957,1152.1265,-0.00010967255,15.127914,0.0,12.0073805,-0.00011253357,15.35829,-0.0013847351,18.392126,0.06976318,266.99872,0.075164795,271.92706,0.00081062317,12.182513,0.0,1903.9386,0.5517578,8280.1875,-0.00012636185,2.844022,N-CMAPSS_DS03-012,9
N-CMAPSS_DS03-012 · Engine 9,33,585.1738,1350.9666,1644.5201,1155.8032,15.566112,12.364951,15.803159,18.962912,274.03802,279.09753,12.360949,1910.9995,8302.821,2.9349363,9034.825,0.4876599,53.027596,509.85233,51.0,1,1,6.6065063,580.70026,4.3569336,1343.8761,-3.6431885,1636.5413,5.9384766,1152.4977,1.0675125,15.15586,0.97621536,12.031351,1.0837688,15.386661,1.2058735,18.42307,11.536041,267.40363,11.835724,272.33878,0.79812527,12.213803,-26.648071,1902.7032,11.630859,8280.085,0.119351864,2.8493896,N-CMAPSS_DS03-012,9
N-CMAPSS_DS03-012 · Engine 9,34,580.2096,1337.4292,1621.5067,1152.1418,15.510302,12.446764,15.746501,18.704466,266.6733,271.68564,12.63647,1868.7968,8255.408,2.8091524,8028.579,0.43471643,48.920635,508.6205,50.0,1,1,-4.9642334,580.8411,-13.5373535,1343.8591,-23.013428,1636.0933,-3.661377,1153.471,-0.055809975,15.233263,0.08181286,12.102645,-0.05665779,15.465242,-0.25844574,18.501991,-7.3647156,268.29233,-7.4118958,273.2491,0.27552128,12.3041525,-42.20276,1899.6139,-47.413086,8279.727,-0.12578392,2.8575919,N-CMAPSS_DS03-012,9
N-CMAPSS_DS03-012 · Engine 9,35,580.974,1344.8008,1638.3658,1157.1243,15.353854,12.183006,15.58767,18.649519,271.5292,276.51428,12.495808,1897.0912,8281.553,2.9091334,8643.986,0.43523422,52.26939,506.52716,49.0,1,1,0.7644043,580.8406,7.371582,1343.8635,16.85913,1636.1055,4.982422,1153.4879,-0.15644741,15.23326,-0.2637577,12.102645,-0.15883064,15.46524,-0.0549469,18.501955,4.855896,268.29587,4.828644,273.25262,-0.1406622,12.30421,28.294434,1899.6139,26.144531,8279.741,0.09998107,2.8576565,N-CMAPSS_DS03-012,9
N-CMAPSS_DS03-012 · Engine 9,36,575.0258,1331.0638,1617.8313,1152.6086,15.027073,11.986675,15.255912,18.100243,262.0002,266.8747,12.562555,1862.0999,8238.195,2.7600293,8069.0356,0.36492738,48.783405,503.40094,48.0,1,1,-5.948181,580.7527,-13.736938,1344.5172,-20.534546,1637.6427,-4.515625,1155.092,-0.32678127,15.260468,-0.19633102,12.116874,-0.3317585,15.49286,-0.54927635,18.528723,-9.528992,269.16077,-9.639587,274.12976,0.066747665,12.372464,-34.991333,1900.2468,-43.35742,8282.276,-0.14910412,2.8664815,N-CMAPSS_DS03-012,9
N-CMAPSS_DS03-012 · Engine 9,37,584.1755,1352.0931,1648.2328,1159.3693,15.593684,12.387691,15.83115,18.956997,274.62518,279.70572,12.524313,1915.4647,8306.493,2.9253366,8602.582,0.46106967,52.60351,508.9583,47.0,1,0,9.149658,580.61005,21.029297,1344.1781,30.40149,1637.1984,6.76062,1155.0675,0.5666113,15.257084,0.40101528,12.117465,0.5752382,15.489425,0.8567543,18.520174,12.6249695,268.93066,12.831024,273.8967,-0.03824234,12.379373,53.36487,1899.4131,68.29785,8280.938,0.16530728,2.8631008,N-CMAPSS_DS03-012,9
N-CMAPSS_DS03-012 · Engine 9,38,585.29224,1357.3696,1658.0396,1167.6243,15.798632,12.490299,16.039219,19.218052,281.3496,286.50858,12.831762,1919.9998,8325.461,3.0154853,7837.6934,0.42610982,52.856384,509.31158,46.0,1,0,1.1167603,580.8286,5.2764893,1345.5393,9.806763,1639.9335,8.255005,1156.341,0.20494747,15.267247,0.10260868,12.111383,0.20806885,15.499743,0.261055,18.542324,6.7244263,269.85742,6.8028564,274.8311,0.30744934,12.393113,4.535034,1903.1847,18.967773,8285.649,0.09014869,2.8757808,N-CMAPSS_DS03-012,9
N-CMAPSS_DS03-012 · Engine 9,39,581.22723,1342.6776,1631.3718,1157.8779,15.607273,12.469662,15.844946,18.843193,270.97754,276.04852,12.808509,1881.3877,8276.304,2.8570836,7578.456,0.4074807,49.44916,508.57312,45.0,1,0,-4.0650024,581.45026,-14.692017,1346.697,-26.667725,1641.3718,-9.746338,1156.9402,-0.19135857,15.325274,-0.020637512,12.159682,-0.194273,15.558654,-0.37485886,18.616722,-10.37207,270.7531,-10.4600525,275.74564,-0.02325344,12.417723,-38.61206,1905.1134,-49.157227,8289.416,-0.15840173,2.885643,N-CMAPSS_DS03-012,9
N-CMAPSS_DS03-012 · Engine 9,40,580.56866,1340.9613,1630.9047,1145.8811,14.997107,11.945001,15.22549,18.231112,262.2919,267.17526,11.909976,1903.1324,8271.561,2.7731948,9888.501,0.48435667,52.16701,506.38358,44.0,1,0,-0.65856934,580.98016,-1.7163086,1345.0476,-0.4671631,1638.7513,-11.996826,1154.8402,-0.61016655,15.245134,-0.52466106,12.105152,-0.6194563,15.477294,-0.6120815,18.518196,-8.685638,268.84192,-8.8732605,273.80588,-0.89853287,12.325518,21.744751,1903.4268,-4.743164,8283.963,-0.08388877,2.8615646,N-CMAPSS_DS03-012,9
N-CMAPSS_DS03-012 · Engine 9,41,585.63696,1355.3242,1653.8541,1160.502,15.627728,12.381785,15.865715,19.045042,276.82758,281.924,12.454447,1923.8016,8318.9,2.9607043,8757.58,0.47375408,53.426548,509.61856,43.0,1,0,5.0682983,581.6851,14.362915,1345.9296,22.949463,1639.279,14.62085,1155.8798,0.6306219,15.358036,0.43678474,12.204457,0.6402254,15.591915,0.8139305,18.646858,14.535675,270.28146,14.748749,275.2796,0.5444708,12.414762,20.66919,1902.0421,47.339844,8286.789,0.18750954,2.876064,N-CMAPSS_DS03-012,9
N-CMAPSS_DS03-012 · Engine 9,42,575.0384,1331.0071,1618.2085,1152.8774,15.027129,11.986675,15.255968,18.10112,261.95874,266.82874,12.562189,1862.0999,8237.818,2.7603915,8069.0356,0.36492738,48.783405,503.40094,42.0,1,0,-10.598572,581.3322,-24.317139,1344.3694,-35.64563,1636.2836,-7.6245117,1156.181,-0.6005993,15.41089,-0.39511013,12.264251,-0.60974693,15.645573,-0.94392204,18.681265,-14.868835,270.22714,-15.095276,275.2363,0.10774231,12.514698,-61.701782,1894.4873,-81.08203,8281.451,-0.20031285,2.8705447,N-CMAPSS_DS03-012,9
N-CMAPSS_DS03-012 · Engine 9,43,575.9505,1324.3613,1604.3936,1138.125,14.755258,11.844383,14.979957,17.835709,253.25165,257.98462,11.879598,1855.7708,8211.556,2.674707,9890.086,0.46799394,49.575123,504.789,41.0,1,0,0.9121094,580.4099,-6.645752,1341.7089,-13.814941,1632.2709,-14.752441,1154.4132,-0.27187157,15.329803,-0.14229202,12.212194,-0.27601147,15.563252,-0.26541138,18.568544,-8.707092,268.1485,-8.844116,273.125,-0.68259144,12.466562,-6.3291016,1888.9645,-26.262695,8272.325,-0.08568454,2.8445218,N-CMAPSS_DS03-012,9
N-CMAPSS_DS03-012 · Engine 9,44,580.2363,1337.3202,1622.4282,1152.8347,15.510445,12.446764,15.746646,18.706377,266.59387,271.59573,12.635848,1868.7968,8254.633,2.8102937,8028.579,0.43471643,48.920635,508.6205,40.0,1,0,4.2858276,580.41254,12.958862,1341.6979,18.034668,1632.363,14.709717,1154.4824,0.75518703,15.329819,0.60238075,12.212194,0.7666893,15.563267,0.8706684,18.568737,13.342224,268.14056,13.6111145,273.11603,0.7562504,12.4665,13.026001,1888.9645,43.07715,8272.247,0.13558674,2.844636,N-CMAPSS_DS03-012,9
N-CMAPSS_DS03-012 · Engine 9,45,581.23816,1342.6565,1632.0239,1158.443,15.607331,12.469662,15.845005,18.843977,270.96503,276.02975,12.808663,1881.3877,8275.989,2.8583663,7578.456,0.4074807,49.44916,508.57312,39.0,1,0,1.001831,580.43896,5.3363037,1341.4835,9.595703,1631.7289,5.6082764,1154.6144,0.096886635,15.3551655,0.02289772,12.24086,0.09835911,15.589001,0.13759995,18.588182,4.371155,268.08414,4.434021,273.06757,0.17281532,12.497786,12.590942,1887.3942,21.356445,8271.691,0.048072577,2.8395593,N-CMAPSS_DS03-012,9
N-CMAPSS_DS03-012 · Engine 9,46,580.24146,1337.3223,1622.8843,1153.2526,15.510473,12.446764,15.746674,18.706745,266.59888,271.59674,12.636146,1868.7968,8254.489,2.8113241,8028.579,0.43471643,48.920635,508.6205,38.0,1,0,-0.9967041,580.9606,-5.3342285,1342.1094,-9.139648,1632.2341,-5.1904297,1154.6787,-0.096858025,15.403506,-0.02289772,12.286869,-0.09833145,15.638077,-0.13723183,18.648832,-4.36615,268.544,-4.433014,273.53976,-0.17251778,12.505145,-12.590942,1888.0638,-21.5,8273.32,-0.04704213,2.8446887,N-CMAPSS_DS03-012,9
N-CMAPSS_DS03-012 · Engine 9,47,583.1413,1343.6635,1632.6588,1156.5853,15.69719,12.551113,15.9362335,18.999075,272.03833,277.10144,12.694823,1882.2844,8277.376,2.8925524,8074.4424,0.45158243,50.40673,510.08594,37.0,1,0,2.8998413,580.8571,6.3411865,1341.2664,9.774536,1630.6768,3.3327637,1154.4004,0.18671703,15.4138565,0.10434914,12.303211,0.18955994,15.648585,0.2923298,18.65304,5.439453,268.2853,5.5046997,273.27933,0.058677673,12.522196,13.487671,1884.7457,22.886719,8270.408,0.081228256,2.8414102,N-CMAPSS_DS03-012,9
N-CMAPSS_DS03-012 · Engine 9,48,580.592,1340.9003,1632.0411,1146.831,14.99724,11.945001,15.225627,18.232735,262.2541,267.12643,11.910027,1903.1324,8270.92,2.775182,9888.501,0.48435667,52.16701,506.38358,36.0,1,0,-2.5493164,580.3871,-2.7631836,1339.6194,-0.6176758,1628.0769,-9.754272,1152.321,-0.6999502,15.333717,-0.6061125,12.248681,-0.7106066,15.567226,-0.76634026,18.554508,-9.784241,266.37576,-9.975006,271.34113,-0.7847967,12.430022,20.848022,1883.0591,-6.4560547,8264.955,-0.11737037,2.81738,N-CMAPSS_DS03-012,9
N-CMAPSS_DS03-012 · Engine 9,49,581.0236,1344.6082,1640.2455,1158.5983,15.354115,12.183006,15.5879345,18.653069,271.4044,276.36902,12.495066,1897.0912,8280.17,2.9119272,8643.986,0.43523422,52.26939,506.52716,35.0,1,0,0.43164062,580.36676,3.7078857,1339.8125,8.204346,1628.9642,11.767212,1152.3931,0.35687447,15.308401,0.23800564,12.220016,0.36230755,15.541525,0.42033386,18.535496,9.150299,266.41846,9.242584,271.37317,0.58503914,12.398678,-6.04126,1884.6294,9.25,8265.341,0.13674521,2.8228643,N-CMAPSS_DS03-012,9
N-CMAPSS_DS03-012 · Engine 9,50,581.1493,1341.8633,1634.623,1154.6545,15.255846,12.143695,15.488168,18.52844,267.10156,272.0153,12.318546,1891.2488,8269.12,2.8554945,9010.299,0.45440573,51.88142,507.0913,34.0,1,0,0.12567139,580.4248,-2.744873,1339.9027,-5.6224365,1629.336,-3.9437256,1153.2704,-0.09826851,15.334275,-0.03931141,12.239885,-0.09976673,15.567793,-0.12462807,18.56523,-4.302826,266.8994,-4.3537292,271.85718,-0.1765194,12.439535,-5.842407,1883.441,-11.049805,8265.098,-0.056432724,2.8310943,N-CMAPSS_DS03-012,9
N-CMAPSS_DS03-012 · Engine 9,51,585.2292,1350.7837,1646.8988,1157.7397,15.566435,12.364951,15.803487,18.966908,273.92422,278.95898,12.360634,1910.9995,8301.323,2.9389727,9034.825,0.4876599,53.027596,509.85233,33.0,1,0,4.079895,580.38403,8.92041,1339.4486,12.275757,1628.6406,3.085205,1152.9941,0.31058884,15.328146,0.22125626,12.238201,0.31531906,15.56157,0.43846703,18.557415,6.8226624,266.60907,6.943695,271.56067,0.042087555,12.430154,19.750732,1882.1608,32.203125,8263.34,0.08347821,2.828921,N-CMAPSS_DS03-012,9
N-CMAPSS_DS03-012 · Engine 9,52,583.2965,1343.8031,1633.1241,1160.7458,15.883729,12.711878,16.125614,19.189686,274.53934,279.64874,12.964281,1874.673,8276.148,2.918496,7366.344,0.42994505,49.41956,510.7968,32.0,1,0,-1.9326782,581.20984,-6.980591,1340.7283,-13.774658,1630.1321,3.0061035,1153.781,0.31729412,15.413806,0.3469267,12.310721,0.32212734,15.648535,0.22277832,18.666271,0.6151123,267.86713,0.6897583,272.84268,0.60364723,12.470364,-36.326538,1883.4181,-25.174805,8267.173,-0.020476818,2.8447316,N-CMAPSS_DS03-012,9
N-CMAPSS_DS03-012 · Engine 9,53,575.99603,1324.203,1606.4454,1139.7991,14.755511,11.844383,14.980213,17.838877,253.15834,257.87097,11.879333,1855.7708,8210.265,2.6779428,9890.086,0.46799394,49.575123,504.789,31.0,1,0,-7.300476,581.21436,-19.600098,1340.7124,-26.67871,1630.3373,-20.946777,1153.9484,-1.1282177,15.413832,-0.8674946,12.310721,-1.145401,15.648561,-1.3508091,18.666588,-21.380997,267.85782,-21.777771,272.8313,-1.0849485,12.470337,-18.902222,1883.4181,-65.88379,8267.043,-0.24055314,2.845055,N-CMAPSS_DS03-012,9
N-CMAPSS_DS03-012 · Engine 9,54,585.67816,1355.2073,1656.1117,1162.4408,15.627972,12.381785,15.865961,19.048016,276.77786,281.85217,12.454995,1923.8016,8317.776,2.9651666,8757.58,0.47375408,53.426548,509.61856,30.0,1,0,9.682129,581.75854,31.004272,1342.5011,49.66626,1633.7057,22.641724,1154.909,0.87246037,15.425584,0.53740215,12.304224,0.8857479,15.660492,1.2091389,18.700752,23.619522,268.8762,23.981201,273.85696,0.5756626,12.452251,68.03088,1888.9186,107.51172,8273.357,0.28722382,2.8605425,N-CMAPSS_DS03-012,9
N-CMAPSS_DS03-012 · Engine 9,55,578.6633,1346.2874,1652.4126,1153.3629,14.499121,11.388736,14.719921,17.763596,262.33307,267.0515,11.562669,1937.6476,8288.618,2.822723,10951.066,0.47261637,56.05434,501.33408,29.0,1,0,-7.0148315,581.5011,-8.919922,1342.8641,-3.6990967,1635.7445,-9.077881,1154.401,-1.1288509,15.314763,-0.9930496,12.196131,-1.14604,15.547983,-1.28442,18.592714,-14.444794,268.013,-14.800659,272.95914,-0.89232635,12.327652,13.845947,1894.5446,-29.158203,8274.621,-0.14244366,2.8569782,N-CMAPSS_DS03-012,9
N-CMAPSS_DS03-012 · Engine 9,56,581.1924,1341.7461,1636.7754,1156.4648,15.256082,12.143695,15.488408,18.531504,267.03165,271.92432,12.318704,1891.2488,8267.94,2.8593717,9010.299,0.45440573,51.88142,507.0913,28.0,1,0,2.5290527,581.5962,-4.54126,1343.3065,-15.637207,1637.1337,3.1019287,1154.7223,0.75696087,15.289324,0.7549591,12.165824,0.768487,15.522157,0.7679081,18.57519,4.698578,268.05627,4.8728027,272.99188,0.75603485,12.295908,-46.398804,1896.7898,-20.677734,8275.966,0.03664875,2.8617828,N-CMAPSS_DS03-012,9
N-CMAPSS_DS03-012 · Engine 9,57,581.1896,1341.7751,1636.8887,1156.6068,15.256066,12.143695,15.488394,18.5313,267.05484,271.94714,12.319101,1891.2488,8268.024,2.859863,9010.299,0.45440573,51.88142,507.0913,27.0,1,0,-0.0028076172,581.401,0.029052734,1343.1177,0.11328125,1637.5566,0.14196777,1154.7244,-1.5258789e-05,15.245212,0.0,12.125082,-1.4305115e-05,15.477373,-0.0002040863,18.528412,0.02319336,267.55792,0.022827148,272.47647,0.0003976822,12.258335,0.0,1897.6863,0.083984375,8275.03,0.0004913807,2.8585138,N-CMAPSS_DS03-012,9
N-CMAPSS_DS03-012 · Engine 9,58,581.1983,1341.754,1637.361,1157.0099,15.256115,12.143695,15.4884405,18.531921,267.04294,271.93073,12.319183,1891.2488,8267.785,2.8607497,9010.299,0.45440573,51.88142,507.0913,26.0,1,0,0.008728027,581.4617,-0.021118164,1343.2031,0.47229004,1638.0886,0.40307617,1155.7423,4.863739e-05,15.271099,0.0,12.144952,4.673004e-05,15.5036545,0.00062179565,18.55833,-0.0119018555,268.03683,-0.016418457,272.95688,8.201599e-05,12.299252,0.0,1896.4979,-0.23925781,8274.717,0.0008866787,2.8670707,N-CMAPSS_DS03-012,9
N-CMAPSS_DS03-012 · Engine 9,59,581.08765,1344.45,1643.719,1161.575,15.354448,12.183006,15.588273,18.657646,271.31964,276.25092,12.495735,1897.0912,8278.427,2.9186149,8643.986,0.43523422,52.26939,506.52716,25.0,1,0,-0.11065674,581.468,2.6959229,1343.1873,6.358032,1638.436,4.5650635,1156.0399,0.09833336,15.271132,0.03931141,12.144952,0.099832535,15.503688,0.12572479,18.558788,4.276703,268.02835,4.3201904,272.94507,0.17655182,12.299318,5.842407,1896.4979,10.641602,8274.543,0.057865143,2.8677394,N-CMAPSS_DS03-012,9
N-CMAPSS_DS03-012 · Engine 9,60,585.3919,1357.1024,1663.1543,1171.9595,15.799179,12.490299,16.039774,19.225306,281.19608,286.30368,12.832389,1920.0,8322.724,3.025324,7837.6934,0.42610982,52.856384,509.31158,24.0,1,0,4.3042603,581.89233,12.652466,1344.7112,19.435303,1641.2891,10.3845215,1157.7704,0.44473076,15.325466,0.30729294,12.179612,0.4515009,15.558848,0.5676594,18.628475,9.876434,269.4378,10.052765,274.3739,0.3366537,12.350702,22.908813,1899.373,44.296875,8279.903,0.10670924,2.8847225,N-CMAPSS_DS03-012,9
N-CMAPSS_DS03-012 · Engine 9,61,580.3276,1337.094,1627.2842,1156.9463,15.510933,12.446764,15.74714,18.712889,266.44702,271.40143,12.636277,1868.7968,8252.032,2.8191485,8028.579,0.43471643,48.920635,508.6205,23.0,1,0,-5.064331,581.40216,-20.008423,1343.3423,-35.870117,1639.3276,-15.013184,1157.691,-0.28824615,15.319916,-0.043535233,12.187794,-0.292634,15.553214,-0.51241684,18.603073,-14.749054,268.69006,-14.902252,273.61816,-0.19611168,12.378266,-51.203247,1895.1527,-70.69141,8274.974,-0.20617557,2.87274,N-CMAPSS_DS03-012,9
N-CMAPSS_DS03-012 · Engine 9,62,584.8718,1353.0471,1656.9504,1168.2474,15.741902,12.495978,15.981627,19.146873,277.64844,282.7052,12.701358,1913.1003,8306.506,2.9816575,8090.279,0.4481552,52.24231,509.622,22.0,1,0,4.5442505,581.5597,15.953125,1344.2666,29.66626,1641.7102,11.301147,1158.4413,0.23096943,15.305733,0.049214363,12.1662035,0.23448753,15.5388155,0.43398476,18.598793,11.201416,269.00098,11.303772,273.9238,0.06508064,12.3519745,44.30359,1898.9955,54.473633,8278.01,0.16250896,2.8790562,N-CMAPSS_DS03-012,9
N-CMAPSS_DS03-012 · Engine 9,63,584.4797,1350.6672,1654.3301,1159.0127,15.287762,12.125239,15.520572,18.66657,269.6482,274.5553,12.047652,1923.3523,8298.863,2.8957434,9819.769,0.5016447,53.892605,508.29147,21.0,1,0,-0.39215088,582.408,-2.3798828,1346.9131,-2.6203613,1646.4988,-9.234741,1160.3625,-0.45414066,15.358958,-0.37073898,12.194289,-0.46105576,15.592851,-0.4803028,18.681562,-8.000244,270.64996,-8.149902,275.59222,-0.6537056,12.368807,10.251953,1905.7537,-7.642578,8286.869,-0.085914135,2.9008362,N-CMAPSS_DS03-012,9
N-CMAPSS_DS03-012 · Engine 9,64,585.3432,1350.5049,1652.3456,1162.2906,15.5671015,12.364951,15.804163,18.975138,273.73148,278.7123,12.360861,1910.9996,8298.293,2.9489048,9034.825,0.4876599,53.027596,509.85233,20.0,1,0,0.8635254,582.3745,-0.16235352,1346.4429,-1.9844971,1646.1221,3.277954,1160.3477,0.2793398,15.352871,0.23971176,12.192606,0.28359127,15.586671,0.30856705,18.674274,4.0832825,270.34534,4.157013,275.27826,0.31320858,12.359393,-12.352661,1904.4734,-0.5703125,8284.921,0.053161383,2.89921,N-CMAPSS_DS03-012,9
N-CMAPSS_DS03-012 · Engine 9,65,584.47943,1350.7126,1654.8552,1159.5536,15.28776,12.125239,15.520568,18.66655,269.6877,274.5912,12.04853,1923.3525,8298.881,2.897297,9819.769,0.5016447,53.892605,508.29147,19.0,1,0,-0.86376953,582.9562,0.20776367,1346.8854,2.5096436,1646.3663,-2.7370605,1160.9667,-0.2793417,15.431735,-0.23971176,12.266256,-0.2835951,15.666736,-0.30858803,18.76457,-4.043762,271.0808,-4.1211243,276.03223,-0.3123312,12.407979,12.352905,1903.044,0.5878906,8285.947,-0.051607847,2.9066675,N-CMAPSS_DS03-012,9
N-CMAPSS_DS03-012 · Engine 9,66,581.38513,1342.3231,1639.4526,1164.6759,15.608089,12.469662,15.845775,18.8545,270.7032,275.69427,12.808797,1881.3877,8271.819,2.8716955,7578.456,0.4074807,49.44916,508.57312,18.0,1,0,-3.0942993,582.9754,-8.389526,1346.9431,-15.402588,1646.6342,5.1223145,1161.7877,0.32032967,15.466936,0.34442234,12.298853,0.32520676,15.702473,0.18795013,18.79687,1.0154724,271.44794,1.1030884,276.4092,0.76026726,12.456988,-41.964844,1902.0579,-27.061523,8286.336,-0.025601387,2.9078999,N-CMAPSS_DS03-012,9
N-CMAPSS_DS03-012 · Engine 9,67,580.74884,1340.5503,1639.9832,1153.5217,14.9981575,11.945001,15.226556,18.243671,262.01852,266.8156,11.9107275,1903.1326,8266.653,2.7893145,9888.501,0.48435667,52.16701,506.38358,17.0,1,0,-0.6362915,582.93134,-1.7728271,1346.8206,0.5305176,1646.9436,-11.154175,1161.4792,-0.60993195,15.441145,-0.52466106,12.278983,-0.6192188,15.676289,-0.6108284,18.768106,-8.684662,270.94434,-8.878662,275.89606,-0.8980694,12.416151,21.744873,1903.2462,-5.1660156,8286.198,-0.08238101,2.900845,N-CMAPSS_DS03-012,9
N-CMAPSS_DS03-012 · Engine 9,68,583.4598,1343.386,1641.3599,1167.6644,15.884618,12.711878,16.126514,19.201628,274.24625,279.2731,12.964549,1874.6732,8271.588,2.9336019,7366.344,0.42994505,49.41956,510.7968,16.0,1,0,2.7109375,583.1575,2.8356934,1346.9838,1.376709,1647.3435,14.1427,1162.5447,0.8864603,15.503995,0.7668772,12.335802,0.8999586,15.740096,0.9579563,18.835077,12.227722,271.66464,12.457489,276.6303,1.0538216,12.480687,-28.45935,1901.5886,4.9345703,8286.578,0.14428735,2.9081302,N-CMAPSS_DS03-012,9
N-CMAPSS_DS03-012 · Engine 9,69,583.4708,1343.372,1642.0692,1168.2878,15.884677,12.711878,16.126575,19.202433,274.23773,279.258,12.9648075,1874.6732,8271.285,2.935083,7366.344,0.42994505,49.41956,510.7968,15.0,1,0,0.011047363,583.3958,-0.014038086,1346.876,0.7093506,1647.1785,0.6234131,1163.2161,5.9127808e-05,15.557018,0.0,12.388689,6.1035156e-05,15.793926,0.0008049011,18.889555,-0.008514404,271.95645,-0.015106201,276.931,0.00025844574,12.527595,0.0,1899.3468,-0.30273438,8285.864,0.0014810562,2.909777,N-CMAPSS_DS03-012,9
N-CMAPSS_DS03-012 · Engine 9,70,580.4656,1336.6803,1633.7216,1162.2393,15.511663,12.446764,15.747882,18.722723,266.1575,271.0471,12.635525,1868.797,8248.107,2.8298597,8028.579,0.43471643,48.920635,508.6205,14.0,1,0,-3.005249,582.9032,-6.6916504,1344.8337,-8.347656,1644.2352,-6.048584,1162.244,-0.3730135,15.528266,-0.26511383,12.3843355,-0.37869358,15.764737,-0.47970963,18.839298,-8.080231,270.4526,-8.210907,275.40533,-0.32928276,12.507908,-5.8762207,1894.2266,-23.177734,8278.402,-0.10522318,2.8902307,N-CMAPSS_DS03-012,9
N-CMAPSS_DS03-012 · Engine 9,71,579.07404,1336.787,1639.1311,1153.3688,14.737813,11.73383,14.962246,17.933912,257.32953,261.99988,11.733298,1899.6906,8251.554,2.7495012,10441.2295,0.4837612,52.665703,504.55188,13.0,1,0,-1.3915405,582.77783,0.10668945,1344.8031,5.409546,1645.4199,-8.870483,1161.8862,-0.77385044,15.450954,-0.71293354,12.313042,-0.78563595,15.686248,-0.78881073,18.7614,-8.827972,269.54086,-9.047211,274.4652,-0.90222645,12.41761,30.893555,1897.3159,3.446289,8278.355,-0.080358505,2.8832657,N-CMAPSS_DS03-012,9
N-CMAPSS_DS03-012 · Engine 9,72,584.56885,1350.5739,1660.1917,1164.1987,15.2883005,12.125239,15.521117,18.672739,269.60965,274.46426,12.050289,1923.3528,8296.525,2.907937,9819.769,0.5016447,53.892605,508.29147,12.0,1,0,5.494812,582.74756,13.786865,1344.5557,21.060547,1645.744,10.829956,1161.4813,0.5504875,15.405594,0.39140892,12.275969,0.55887127,15.640197,0.73882675,18.713985,12.280121,268.73697,12.464386,273.6411,0.31699085,12.352504,23.662231,1898.3412,44.97168,8277.357,0.15843582,2.8758938,N-CMAPSS_DS03-012,9
N-CMAPSS_DS03-012 · Engine 9,73,580.4948,1336.6698,1635.9697,1164.2645,15.511819,12.446764,15.748038,18.7248,266.16022,271.03012,12.636678,1868.797,8247.303,2.8346958,8028.579,0.43471643,48.920635,508.6205,11.0,1,0,-4.0740356,582.34906,-13.904053,1343.156,-24.221924,1643.908,0.0657959,1162.0066,0.22351837,15.4279995,0.32152462,12.308121,0.22692108,15.662944,0.05206108,18.719809,-3.4494324,268.38818,-3.434143,273.28857,0.5863886,12.4114065,-54.555786,1892.8856,-49.222656,8272.201,-0.073241234,2.8697891,N-CMAPSS_DS03-012,9
N-CMAPSS_DS03-012 · Engine 9,74,585.03375,1352.7754,1665.663,1175.6957,15.742836,12.495978,15.9825735,19.158636,277.4288,282.402,12.702861,1913.1006,8302.184,2.998611,8090.279,0.4481552,52.24231,509.622,10.0,1,0,4.5389404,582.3181,16.10559,1343.383,29.693237,1645.2397,11.431152,1163.347,0.23101711,15.445574,0.049214363,12.321223,0.23453522,15.680784,0.43383598,18.73816,11.268585,268.7579,11.371887,273.65756,0.06618309,12.445606,44.30359,1893.0957,54.88086,8272.59,0.16391516,2.8747597,N-CMAPSS_DS03-012,9
N-CMAPSS_DS03-012 · Engine 9,75,581.4361,1341.165,1649.5156,1167.2844,15.257417,12.143695,15.489763,18.548702,266.66885,271.44058,12.320403,1891.2491,8261.362,2.8829384,9010.299,0.45440573,51.88142,507.0913,9.0,1,0,-3.5976562,582.0138,-11.610352,1342.4282,-16.147339,1644.7058,-8.411255,1164.1201,-0.48541927,15.442539,-0.35228348,12.323069,-0.49281025,15.677704,-0.60993385,18.726374,-10.759949,268.45602,-10.961426,273.3425,-0.38245773,12.472794,-21.85144,1889.8854,-40.82129,8268.838,-0.11567259,2.873324,N-CMAPSS_DS03-012,9
N-CMAPSS_DS03-012 · Engine 9,76,575.3708,1330.2102,1635.6287,1167.5931,15.028611,11.986675,15.257471,18.124186,261.39566,266.09967,12.562998,1862.1,8228.22,2.7911167,8069.0356,0.36492738,48.783405,503.40094,8.0,1,0,-6.0653076,581.41235,-10.954834,1341.217,-13.886963,1644.3234,0.30871582,1164.4119,-0.22880554,15.384591,-0.15701962,12.274771,-0.23229218,15.618874,-0.42451668,18.653343,-5.2731934,267.52527,-5.340912,272.38303,0.24259472,12.448214,-29.14917,1887.9565,-33.14258,8264.479,-0.09182167,2.8652658,N-CMAPSS_DS03-012,9
N-CMAPSS_DS03-012 · Engine 9,77,576.31165,1323.3188,1622.6353,1153.4265,14.75726,11.844383,14.981991,17.860744,252.64642,257.2078,11.880392,1855.7712,8201.501,2.7058277,9890.086,0.46799394,49.575123,504.789,7.0,1,0,0.94085693,580.9686,-6.8913574,1339.4939,-12.993408,1642.5886,-14.166626,1164.4023,-0.27135086,15.360501,-0.14229202,12.2647085,-0.27548027,15.594418,-0.2634411,18.615051,-8.749237,266.58807,-8.891876,271.42224,-0.68260574,12.44518,-6.3287354,1883.2205,-26.71875,8257.963,-0.085289,2.8569171,N-CMAPSS_DS03-012,9
N-CMAPSS_DS03-012 · Engine 9,78,584.6015,1351.1481,1669.5728,1177.3253,15.596207,12.387691,15.8337145,18.987497,273.93494,278.80728,12.525753,1915.465,8295.009,2.964621,8602.582,0.46106967,52.60351,508.9583,6.0,1,0,8.289856,581.08276,27.829224,1340.27,46.9375,1645.4099,23.898804,1165.3684,0.83894634,15.33166,0.5433073,12.23229,0.8517237,15.565137,1.1267529,18.593637,21.288513,266.55695,21.599487,271.37567,0.64536095,12.4013,59.693726,1887.2997,93.50781,8260.305,0.25879335,2.8600192,N-CMAPSS_DS03-012,9
N-CMAPSS_DS03-012 · Engine 9,79,581.44836,1343.4653,1660.9069,1175.9044,15.356322,12.183006,15.590176,18.683365,270.66577,275.4285,12.4956665,1897.0912,8268.665,2.949125,8643.986,0.43523422,52.26939,506.52716,5.0,1,0,-3.1531372,580.88055,-7.6827393,1340.2794,-8.665894,1647.2936,-1.4208984,1166.1301,-0.23988438,15.278825,-0.20468426,12.179402,-0.24353886,15.5114975,-0.30413246,18.54173,-3.269165,266.19974,-3.3787842,270.9927,-0.030086517,12.354386,-18.37378,1889.5415,-26.34375,8260.043,-0.015496016,2.8614235,N-CMAPSS_DS03-012,9
N-CMAPSS_DS03-012 · Engine 9,80,584.807,1349.8949,1671.0908,1173.0942,15.289789,12.125239,15.522629,18.688398,269.1111,273.85834,12.048867,1923.3528,8290.013,2.9260495,9819.769,0.5016447,53.892605,508.29147,4.0,1,0,3.3586426,581.3147,6.4295654,1341.6008,10.18396,1651.0305,-2.8101807,1167.2156,-0.06653309,15.256638,-0.057766914,12.14725,-0.067546844,15.488972,0.005033493,18.538298,-1.554657,266.4951,-1.5701599,271.27383,-0.44679928,12.295721,26.261597,1894.9971,21.347656,8264.233,-0.02307558,2.8710423,N-CMAPSS_DS03-012,9
N-CMAPSS_DS03-012 · Engine 9,81,579.1171,1345.2025,1674.5359,1171.9861,14.501573,11.388736,14.722409,17.79447,261.6754,266.1901,11.564858,1937.6478,8276.793,2.8619282,10951.066,0.47261637,56.05434,501.33408,3.0,1,0,-5.6898804,581.319,-4.692383,1342.4424,3.4450684,1654.571,-1.1081543,1169.0773,-0.7882166,15.233013,-0.7365036,12.1127405,-0.80021954,15.464989,-0.8939285,18.524353,-7.4356995,266.9297,-7.6682434,271.69287,-0.4840088,12.278876,14.295044,1898.7927,-13.219727,8266.758,-0.06412125,2.882285,N-CMAPSS_DS03-012,9
N-CMAPSS_DS03-012 · Engine 9,82,579.3687,1336.0725,1653.9786,1165.7838,14.739527,11.73383,14.963989,17.953121,256.8281,261.36136,11.733685,1899.6908,8243.497,2.774761,10441.2295,0.4837612,52.665703,504.55188,2.0,1,0,0.2515869,580.79895,-9.130005,1340.9923,-20.557251,1653.9497,-6.2022705,1169.2358,0.23795414,15.178136,0.34509468,12.0736,0.24158001,15.409275,0.15865135,18.452393,-4.8473206,265.65152,-4.8287354,270.38257,0.1688261,12.247216,-37.95703,1896.4265,-33.2959,8261.455,-0.08716726,2.8689675,N-CMAPSS_DS03-012,9
N-CMAPSS_DS03-012 · Engine 9,83,579.4056,1336.0074,1656.0496,1167.5494,14.739745,11.73383,14.964212,17.955452,256.7767,261.29156,11.733996,1899.691,8242.488,2.778465,10441.2295,0.4837612,52.665703,504.55188,1.0,1,0,0.036865234,580.69006,-0.06506348,1340.926,2.0709229,1655.9578,1.765625,1169.5643,0.00021839142,15.100928,0.0,12.002306,0.00022315979,15.330893,0.00233078,18.375458,-0.0513916,264.71317,-0.0697937,269.40872,0.0003118515,12.156948,0.00024414062,1899.516,-1.0087891,8260.973,0.003704071,2.8633444,N-CMAPSS_DS03-012,9
N-CMAPSS_DS03-012 · Engine 9,84,581.8402,1341.4343,1662.8484,1184.3441,15.610456,12.469662,15.848181,18.886564,269.89243,274.65793,12.809148,1881.3881,8259.076,2.9135141,7578.456,0.4074807,49.44916,508.57312,0.0,1,0,2.4346313,580.3707,5.42688,1339.7919,6.798828,1655.6763,16.794678,1170.4292,0.8707113,15.08769,0.73583126,11.999675,0.88396835,15.317453,0.9311123,18.34825,13.115723,263.95953,13.366364,268.6343,1.0751514,12.167577,-18.302979,1896.3447,16.58789,8256.662,0.1350491,2.8548346,N-CMAPSS_DS03-012,9
N-CMAPSS_DS04 · Engine 1,1,558.9198,1299.0092,1580.286,1107.1814,12.432466,9.827104,12.621719,15.139976,221.52444,225.584,10.033762,1873.163,8133.0083,2.330645,15039.068,0.4664781,54.099754,486.0672,86.0,2,1,0.0,558.9198,0.0,1299.0092,0.0,1580.286,0.0,1107.1814,0.0,12.432466,0.0,9.827104,0.0,12.621719,0.0,15.139976,0.0,221.52444,0.0,225.584,0.0,10.033762,0.0,1873.163,0.0,8133.0083,0.0,2.330645,N-CMAPSS_DS04,1
N-CMAPSS_DS04 · Engine 1,2,575.787,1349.5721,1661.3596,1136.7114,13.308698,10.2885065,13.511302,16.511202,248.74947,253.17023,10.267415,1994.6154,8303.535,2.6898687,15227.912,0.5532802,63.366405,493.3957,85.0,2,1,16.867188,567.3534,50.56299,1324.2906,81.07361,1620.8228,29.53003,1121.9464,0.87623215,12.870582,0.4614029,10.057805,0.88958263,13.066511,1.3712263,15.825588,27.225021,235.13696,27.586227,239.3771,0.23365307,10.150589,121.45239,1933.8892,170.52686,8218.271,0.3592236,2.5102568,N-CMAPSS_DS04,1
N-CMAPSS_DS04 · Engine 1,3,579.9558,1348.9374,1648.0739,1145.5355,14.488119,11.378103,14.708827,17.77929,262.25943,267.035,11.406115,1945.2948,8298.557,2.8152993,11526.607,0.5040874,57.11589,502.00485,84.0,2,1,4.1688232,571.5542,-0.6347656,1332.5062,-13.285767,1629.9065,8.824097,1129.8094,1.1794214,13.40976,1.0895967,10.497905,1.197525,13.61395,1.2680874,16.476822,13.509964,244.17778,13.864777,248.5964,1.1386995,10.5690975,-49.320557,1937.691,-4.9785156,8245.033,0.12543058,2.6119378,N-CMAPSS_DS04,1
N-CMAPSS_DS04 · Engine 1,4,573.49524,1332.1649,1621.9917,1128.2173,13.791848,10.899607,14.001793,16.85212,246.04951,250.6093,10.826367,1925.3807,8247.717,2.5859208,12668.636,0.5042492,54.898357,497.98358,83.0,2,1,-6.4605713,572.0394,-16.77246,1332.4209,-26.082153,1627.9277,-17.318237,1129.4114,-0.69627094,13.505282,-0.47849655,10.59833,-0.7070341,13.710911,-0.9271698,16.570646,-16.209915,244.64572,-16.425705,249.09964,-0.5797472,10.633415,-19.914062,1934.6135,-50.839844,8245.704,-0.22937846,2.6054335,N-CMAPSS_DS04,1
N-CMAPSS_DS04 · Engine 1,5,569.9785,1336.6189,1644.6151,1125.3826,12.716799,9.841761,12.910517,15.770549,237.41808,241.63391,9.823708,1981.8763,8260.191,2.5582972,16445.031,0.5544522,63.185886,488.66473,82.0,2,1,-3.5167236,571.62726,4.4539795,1333.2605,22.623413,1631.2653,-2.8347168,1128.6056,-1.0750494,13.347586,-1.0578461,10.447016,-1.0912762,13.550832,-1.0815706,16.410627,-8.631439,243.20018,-8.975388,247.60649,-1.0026598,10.471474,56.495605,1944.066,12.474609,8248.602,-0.027623653,2.5960062,N-CMAPSS_DS04,1
N-CMAPSS_DS04 · Engine 1,6,564.9407,1331.0138,1644.4148,1116.1823,11.838669,9.077312,12.019028,14.775323,225.55888,229.49773,9.031412,2001.4092,8242.819,2.4388506,18826.605,0.5776019,66.36396,481.9466,81.0,2,1,-5.037842,570.5128,-5.6051025,1332.886,-0.20031738,1633.4568,-9.200317,1126.535,-0.87812996,13.0961,-0.76444817,10.218732,-0.891489,13.295531,-0.9952259,16.138077,-11.859192,240.25996,-12.136185,244.58836,-0.79229546,10.231463,19.532837,1953.6233,-17.37207,8247.638,-0.119446516,2.5698137,N-CMAPSS_DS04,1
N-CMAPSS_DS04 · Engine 1,7,574.04956,1337.9657,1636.9146,1130.7256,13.576029,10.640532,13.782753,16.69838,246.49771,250.97667,10.581676,1952.4141,8262.808,2.632713,14075.817,0.5338868,58.798737,495.59106,80.0,2,1,9.108887,571.01807,6.9519043,1333.6117,-7.500244,1633.9508,14.543335,1127.1337,1.73736,13.164661,1.5632191,10.278989,1.7637253,13.365134,1.9230566,16.21812,20.938828,241.15108,21.478943,245.50098,1.5502634,10.281493,-48.995117,1953.4504,19.988281,8249.805,0.19386244,2.5787992,N-CMAPSS_DS04,1
N-CMAPSS_DS04 · Engine 1,8,567.753,1331.1549,1637.2045,1122.8962,12.639008,9.806872,12.831317,15.619949,234.52094,238.7009,9.87468,1969.7716,8242.6455,2.520014,16620.867,0.5425978,62.81188,487.12714,79.0,2,1,-6.29657,570.6099,-6.810791,1333.3046,0.289917,1634.3575,-7.8293457,1126.604,-0.93702126,13.098954,-0.8336592,10.2199745,-0.95143604,13.298407,-1.0784302,16.143349,-11.976776,240.32231,-12.275772,244.65097,-0.70699596,10.230641,17.357544,1955.4906,-20.16211,8248.91,-0.11269903,2.5714512,N-CMAPSS_DS04,1
N-CMAPSS_DS04 · Engine 1,9,574.1756,1347.5801,1661.1115,1134.502,13.082967,10.080232,13.2823,16.276842,246.65532,251.00594,10.054274,1999.2462,8295.523,2.6806357,15873.339,0.5609278,64.264465,491.36957,78.0,2,1,6.4226074,571.0061,16.42517,1334.8907,23.906982,1637.3302,11.605713,1127.4816,0.44395924,13.0971775,0.2733593,10.204448,0.45098305,13.2966175,0.6568928,16.15818,12.134384,241.02597,12.305038,245.35707,0.17959404,10.211045,29.47461,1960.3524,52.87793,8254.09,0.16062164,2.5835826,N-CMAPSS_DS04,1
N-CMAPSS_DS04 · Engine 1,10,573.7528,1334.0824,1626.6307,1131.173,13.755868,10.848058,13.965337,16.813036,245.92049,250.46307,10.873691,1928.5278,8251.939,2.5936904,12879.4795,0.49666947,55.832188,497.29602,77.0,2,1,-0.42279053,571.2808,-13.497681,1334.8099,-34.480713,1636.2603,-3.3289795,1127.8507,0.67290115,13.163047,0.7678261,10.268808,0.6830368,13.363489,0.53619385,16.223667,-0.73483276,241.51543,-0.54286194,245.86768,0.819417,10.277309,-70.71838,1957.1699,-43.583984,8253.874,-0.086945295,2.5845935,N-CMAPSS_DS04,1
N-CMAPSS_DS04 · Engine 1,11,583.55005,1355.3094,1653.6205,1155.1344,15.200503,11.974523,15.431928,18.590492,273.22443,278.23615,12.105795,1938.3751,8319.916,2.9290423,9700.517,0.4767063,55.431225,506.26532,76.0,2,1,9.797241,573.74384,21.22705,1340.44,26.989746,1643.5936,23.961426,1132.646,1.4446354,13.439851,1.1264648,10.483551,1.4665909,13.64451,1.7774563,16.568718,27.30394,246.68542,27.773071,251.13289,1.2321043,10.484513,9.84729,1963.6912,67.97656,8272.565,0.33535194,2.6444333,N-CMAPSS_DS04,1
N-CMAPSS_DS04 · Engine 1,12,574.8056,1340.4529,1640.42,1131.6205,13.597412,10.642518,13.804488,16.736473,247.68806,252.1948,10.56686,1958.9376,8274.134,2.640098,13891.782,0.5322321,58.9888,496.04202,75.0,2,1,-8.744446,573.6457,-14.856567,1339.5281,-13.200439,1641.4998,-23.513916,1132.137,-1.6030912,13.468722,-1.3320045,10.518951,-1.6274395,13.673829,-1.8540192,16.591246,-25.536362,246.57928,-26.041351,251.03534,-1.5389347,10.514458,20.5625,1960.1233,-45.782227,8269.625,-0.28894424,2.6394563,N-CMAPSS_DS04,1
N-CMAPSS_DS04 · Engine 1,13,577.71936,1350.477,1658.7935,1145.5668,13.919954,10.821743,14.131981,17.1763,257.33383,261.92935,10.986166,1969.4838,8302.439,2.7915123,13363.695,0.5127415,60.936016,496.87323,74.0,2,1,2.9137573,573.42206,10.02417,1339.682,18.373413,1642.5717,13.946289,1132.14,0.3225422,13.411905,0.17922497,10.463316,0.3274927,13.616144,0.43982697,16.530947,9.645767,246.08673,9.734558,250.52478,0.4193058,10.472463,10.546143,1962.5422,28.305664,8270.014,0.15141416,2.6370773,N-CMAPSS_DS04,1
N-CMAPSS_DS04 · Engine 1,14,579.0564,1339.5067,1626.8407,1143.0012,14.844931,11.796673,15.071145,18.062626,261.44836,266.31354,11.859112,1902.2509,8265.439,2.773784,10133.512,0.47663715,52.7306,504.67123,73.0,2,1,1.3370361,573.97815,-10.970337,1340.4161,-31.952759,1643.0566,-2.5655518,1133.6184,0.92497635,13.517214,0.9749298,10.553022,0.93916416,13.72308,0.88632584,16.651997,4.1145325,247.62662,4.384186,252.0952,0.8729458,10.575737,-67.23291,1960.2292,-37.0,8271.785,-0.017728329,2.6558638,N-CMAPSS_DS04,1
N-CMAPSS_DS04 · Engine 1,15,571.24835,1337.1581,1643.6393,1123.5988,12.723091,9.853889,12.916709,15.798799,236.89699,241.10999,9.719809,1982.1439,8260.894,2.5548592,16638.547,0.57398754,63.068886,489.9106,72.0,2,1,-7.8080444,574.10516,-2.3486328,1340.4701,16.798584,1642.959,-19.402466,1133.4401,-2.1218395,13.517843,-1.9427834,10.554235,-2.154436,13.723699,-2.2638273,16.654821,-24.551376,247.5745,-25.203552,252.04282,-2.1393032,10.565348,79.89307,1960.256,-4.5458984,8271.855,-0.21892476,2.65552,N-CMAPSS_DS04,1
N-CMAPSS_DS04 · Engine 1,16,573.3925,1336.5027,1635.0063,1126.9874,13.382826,10.479109,13.58679,16.48675,243.59726,248.02246,10.338141,1956.4102,8259.572,2.595467,14519.73,0.54496986,59.0033,494.85648,71.0,2,1,2.144165,574.9503,-0.6553955,1341.019,-8.632935,1642.0182,3.3886719,1134.5206,0.6597347,13.672258,0.62521935,10.694415,0.67008114,13.880475,0.6879511,16.825964,6.7002716,249.37834,6.9124756,253.89528,0.61833286,10.69602,-25.733765,1955.7561,-1.3212891,8273.531,0.04060793,2.6711817,N-CMAPSS_DS04,1
N-CMAPSS_DS04 · Engine 1,17,572.2032,1344.9414,1659.7412,1130.6849,12.732709,9.783728,12.926688,15.873044,241.41719,245.65729,9.753233,2005.1068,8287.481,2.622445,16650.793,0.5656963,65.2123,488.9225,70.0,2,1,-1.189331,574.7657,8.438721,1341.7166,24.734863,1644.3008,3.6975098,1134.5165,-0.6501169,13.587927,-0.69538116,10.608734,-0.6601019,13.794868,-0.61370564,16.743431,-2.180069,248.87029,-2.3651733,253.36334,-0.5849085,10.613176,48.696655,1961.0254,27.90918,8275.998,0.026978016,2.6701548,N-CMAPSS_DS04,1
N-CMAPSS_DS04 · Engine 1,18,574.2776,1338.4442,1633.6218,1147.0365,14.404337,11.344592,14.623718,17.524477,259.48856,264.24188,11.82407,1913.7491,8266.545,2.758061,10238.965,0.40822384,54.060238,498.78864,69.0,2,1,2.0744019,575.41815,-6.4971924,1342.4456,-26.119385,1643.9425,16.351562,1136.9305,1.671628,13.76446,1.5608644,10.7625065,1.6970301,13.974109,1.651433,16.933884,18.071365,251.36705,18.584595,255.91745,2.070837,10.808115,-91.357666,1955.4231,-20.936523,8278.389,0.13561583,2.6939595,N-CMAPSS_DS04,1
N-CMAPSS_DS04 · Engine 1,19,580.53986,1345.8232,1638.1561,1143.5823,14.757685,11.669099,14.982447,18.025625,262.94617,267.80856,11.658633,1927.3784,8290.715,2.7931643,10663.142,0.49240252,54.6088,504.40604,68.0,2,1,6.262268,576.05457,7.3790283,1342.2698,4.5343018,1641.647,-3.4542236,1137.8386,0.35334778,13.9319315,0.32450676,10.921393,0.3587284,14.144123,0.5011482,17.108763,3.457611,252.99614,3.566681,257.59772,-0.16543674,10.968551,13.629272,1948.2363,24.169922,8277.907,0.03510332,2.7052124,N-CMAPSS_DS04,1
N-CMAPSS_DS04 · Engine 1,20,572.76807,1338.095,1640.4716,1133.1492,13.397529,10.452901,13.601449,16.495277,245.77966,250.20386,10.549806,1954.8384,8263.815,2.6377542,14235.232,0.5141021,59.797264,493.53223,67.0,2,1,-7.7717896,575.9561,-7.7282715,1342.671,2.3154297,1643.0311,-10.433105,1138.0361,-1.360156,13.896097,-1.216198,10.881878,-1.3809977,14.107735,-1.5303478,17.076986,-17.166504,252.98206,-17.604706,257.57178,-1.1088276,10.936163,27.45996,1950.8674,-26.899414,8279.095,-0.15541005,2.7096188,N-CMAPSS_DS04,1
N-CMAPSS_DS04 · Engine 1,21,567.9413,1325.1542,1621.1205,1124.2716,12.993728,10.175433,13.191593,15.955266,236.66241,240.93709,10.287054,1930.4645,8220.274,2.5258563,14602.986,0.50205266,58.273155,490.72424,66.0,2,1,-4.826782,574.3952,-12.940796,1339.6555,-19.351074,1639.7811,-8.877563,1134.95,-0.40380096,13.67542,-0.27746773,10.701968,-0.40985584,13.883701,-0.5400114,16.813463,-9.117249,249.32585,-9.266769,253.84189,-0.26275158,10.754289,-24.373901,1950.0764,-43.541016,8269.131,-0.111897945,2.6693,N-CMAPSS_DS04,1
N-CMAPSS_DS04 · Engine 1,22,571.40234,1334.3608,1634.6592,1127.3033,13.153743,10.275216,13.353994,16.205746,240.5612,244.90787,10.258892,1954.724,8251.937,2.5679328,14822.974,0.5307563,59.674324,492.5276,65.0,2,0,3.4610596,574.0549,9.206665,1339.0464,13.538696,1639.2051,3.0317383,1134.5182,0.1600151,13.631053,0.099782944,10.665238,0.1624012,13.838652,0.2504797,16.760391,3.8987885,248.61316,3.9707794,253.11319,-0.028162003,10.723492,24.259521,1949.655,31.66211,8266.911,0.042076588,2.6620836,N-CMAPSS_DS04,1
N-CMAPSS_DS04 · Engine 1,23,572.64575,1331.8486,1625.0438,1127.7065,13.552042,10.675844,13.758384,16.605371,243.07202,247.54022,10.641186,1931.9362,8242.674,2.5750597,13643.143,0.51702696,56.875496,495.79425,64.0,2,0,1.2434082,573.54755,-2.512207,1337.1835,-9.615356,1635.8301,0.40319824,1132.7322,0.39829922,13.594262,0.4006281,10.650648,0.40438938,13.801291,0.39962578,16.703299,2.5108185,247.18698,2.6323547,251.67427,0.3822937,10.688993,-22.787842,1945.9003,-9.262695,8260.935,0.007126808,2.6404383,N-CMAPSS_DS04,1
N-CMAPSS_DS04 · Engine 1,24,571.5787,1335.0109,1635.4924,1130.5859,13.28336,10.3569565,13.485712,16.367067,244.12936,248.52531,10.420967,1950.258,8254.261,2.6142461,14144.742,0.5090334,58.957146,493.08554,63.0,2,0,-1.0670776,572.79974,3.1622314,1336.7339,10.448608,1636.6952,2.8793945,1131.4906,-0.26868248,13.438105,-0.3188877,10.506677,-0.2726717,13.642749,-0.23830414,16.533743,1.0573425,245.45508,0.98509216,249.89545,-0.22021866,10.545179,18.3219,1950.7009,11.586914,8259.816,0.039186478,2.6244845,N-CMAPSS_DS04,1
N-CMAPSS_DS04 · Engine 1,25,573.3051,1341.4844,1647.6483,1130.5706,13.165483,10.229,13.366012,16.289762,243.54596,247.91386,10.181448,1977.5208,8276.086,2.615609,15240.86,0.5467507,61.734936,492.5386,62.0,2,0,1.7264404,573.00543,6.4735107,1337.1665,12.155884,1637.0962,-0.015380859,1132.1879,-0.11787605,13.482344,-0.12795639,10.544188,-0.11970043,13.687678,-0.07730484,16.582838,-0.58340454,246.11998,-0.6114502,250.57584,-0.23951912,10.591343,27.262695,1950.2386,21.825195,8261.336,0.0013628006,2.6305594,N-CMAPSS_DS04,1
N-CMAPSS_DS04 · Engine 1,26,569.6261,1327.9347,1625.0872,1123.2802,13.011727,10.177256,13.20992,16.0284,237.53056,241.80508,10.171577,1940.1035,8228.26,2.5504403,15198.939,0.5344808,59.524887,491.43573,61.0,2,0,-3.679016,572.6288,-13.549683,1336.3097,-22.561157,1636.1042,-7.2904053,1131.8171,-0.15375614,13.445234,-0.05174446,10.514003,-0.15609169,13.649992,-0.26136208,16.537004,-6.015396,245.5133,-6.10878,249.9541,-0.009870529,10.574687,-37.417236,1948.6079,-47.82617,8258.205,-0.06516862,2.626057,N-CMAPSS_DS04,1
N-CMAPSS_DS04 · Engine 1,27,583.5568,1355.3949,1653.7379,1155.198,15.200691,11.974565,15.432177,18.590336,273.25497,278.26947,12.106179,1938.3577,8319.968,2.929593,9700.517,0.4767063,55.431225,506.26532,60.0,2,0,13.930725,573.76416,27.460205,1337.3551,28.650757,1635.5039,31.917847,1134.2684,2.188964,13.692033,1.7973089,10.733087,2.2222567,13.90054,2.5619354,16.808733,35.72441,248.69708,36.464386,253.21532,1.9346018,10.809981,-1.7458496,1941.9331,91.70801,8261.453,0.37915277,2.6567717,N-CMAPSS_DS04,1
N-CMAPSS_DS04 · Engine 1,28,577.75525,1338.5784,1627.0919,1136.5375,14.436532,11.453449,14.656344,17.59573,254.97188,259.73114,11.391284,1917.6465,8266.352,2.6845572,11257.178,0.4963276,53.743977,502.64673,59.0,2,0,-5.8015747,574.11194,-16.816528,1337.3685,-26.645996,1634.8508,-18.660522,1133.2185,-0.7641592,13.695251,-0.5211153,10.743972,-0.7758322,13.903803,-0.994606,16.815859,-18.283096,248.24542,-18.53833,252.76425,-0.71489525,10.766703,-20.711182,1942.3228,-53.61621,8261.434,-0.24503589,2.6494212,N-CMAPSS_DS04,1
N-CMAPSS_DS04 · Engine 1,29,565.5096,1324.9808,1627.9509,1108.9386,12.019669,9.328691,12.202595,14.899897,222.41295,226.40349,9.123796,1977.535,8224.326,2.3656693,18456.303,0.5897307,63.124763,484.8677,58.0,2,0,-12.2456665,572.6089,-13.597534,1335.2843,0.8590088,1633.8303,-27.598877,1129.7542,-2.4168634,13.421451,-2.1247587,10.509932,-2.4537497,13.625818,-2.6958332,16.503284,-32.55893,244.1921,-33.327652,248.62373,-2.2674875,10.513219,59.88855,1947.3385,-42.02539,8254.795,-0.31888795,2.6066718,N-CMAPSS_DS04,1
N-CMAPSS_DS04 · Engine 1,30,567.93555,1325.0612,1620.9174,1124.1473,12.992485,10.175326,13.1902895,15.954437,236.59508,240.87035,10.286166,1930.4921,8219.914,2.5247884,14602.986,0.50205266,58.273155,490.72424,57.0,2,0,2.4259644,572.1257,0.080322266,1333.9808,-7.0335693,1631.875,15.20874,1128.854,0.97281647,13.380946,0.8466358,10.482174,0.98769474,13.584702,1.0545406,16.449202,14.182129,243.27364,14.466858,247.69038,1.1623697,10.486855,-47.04297,1944.9038,-4.4121094,8250.405,0.15911913,2.5953753,N-CMAPSS_DS04,1
N-CMAPSS_DS04 · Engine 1,31,570.4938,1325.9646,1616.0132,1119.4883,13.214902,10.421079,13.416179,16.203407,236.92894,241.29306,10.250635,1929.4098,8226.362,2.496402,14290.396,0.532322,56.540623,494.39618,56.0,2,0,2.5582275,572.3809,0.9034424,1334.0619,-4.904175,1631.3643,-4.6590576,1128.3756,0.22241688,13.403064,0.24575233,10.506739,0.2258892,13.607161,0.24897003,16.474016,0.3338623,243.3003,0.42271423,247.72598,-0.035531044,10.483213,-1.0822754,1944.7983,6.448242,8251.014,-0.028386354,2.5924299,N-CMAPSS_DS04,1
N-CMAPSS_DS04 · Engine 1,32,570.4366,1334.5531,1639.1836,1124.4526,12.784192,9.921049,12.978876,15.837824,237.16446,241.38882,9.860562,1969.5332,8251.142,2.5567,16256.186,0.5584079,62.131863,489.9055,55.0,2,0,-0.05718994,572.2843,8.588501,1334.0812,23.17041,1631.8167,4.9643555,1128.0906,-0.43070984,13.366108,-0.50002956,10.471321,-0.4373026,13.569649,-0.36558342,16.437223,0.23551941,242.96062,0.09576416,247.37408,-0.39007282,10.44338,40.123413,1946.2793,24.779297,8250.935,0.060297966,2.5913064,N-CMAPSS_DS04,1
N-CMAPSS_DS04 · Engine 1,33,578.1956,1350.824,1660.7223,1137.7776,13.50926,10.455612,13.714822,16.78488,251.77548,256.23877,10.346482,1987.3628,8303.587,2.7480986,15279.939,0.5767224,63.376892,495.6688,54.0,2,0,7.759033,572.8393,16.270874,1335.9786,21.538696,1635.3845,13.324951,1129.0977,0.7250681,13.36183,0.53456306,10.449298,0.7359457,13.565292,0.9470558,16.455173,14.611023,243.83096,14.849945,248.24394,0.48591995,10.41391,17.82959,1951.8219,52.445312,8257.025,0.19139862,2.6086104,N-CMAPSS_DS04,1
N-CMAPSS_DS04 · Engine 1,34,566.88385,1333.612,1646.0132,1117.0795,11.993457,9.2197485,12.17608,14.957868,226.76785,230.75749,9.107283,2002.137,8251.206,2.4455462,18696.414,0.5899392,66.178795,483.7546,53.0,2,0,-11.311768,572.3698,-17.211914,1335.8389,-14.709106,1636.4365,-20.69812,1127.7471,-1.5158033,13.23284,-1.2358637,10.335577,-1.5387421,13.434329,-1.8270121,16.314255,-25.00763,242.09482,-25.481277,246.46715,-1.2391996,10.282541,14.77417,1957.0098,-52.38086,8256.721,-0.30255246,2.5917404,N-CMAPSS_DS04,1
N-CMAPSS_DS04 · Engine 1,35,566.8997,1333.7926,1646.4053,1117.3372,11.994386,9.219684,12.176956,14.957978,226.8668,230.85756,9.108826,2002.1433,8251.842,2.4473243,18696.414,0.5899392,66.178795,483.7546,52.0,2,0,0.01586914,571.7293,0.18054199,1335.0696,0.39208984,1636.3123,0.25769043,1126.4237,0.0009288788,13.11573,-6.484985e-05,10.234646,0.0008764267,13.315424,0.00011062622,16.181076,0.09895325,240.4269,0.10006714,244.76152,0.001543045,10.17528,0.0063476562,1959.472,0.6357422,8254.296,0.0017781258,2.5749118,N-CMAPSS_DS04,1
N-CMAPSS_DS04 · Engine 1,36,569.6961,1329.6184,1627.1982,1126.8716,13.181501,10.318995,13.382259,16.187962,240.1348,244.48396,10.424456,1939.2174,8236.404,2.5600615,14438.901,0.5054609,58.441864,491.92334,51.0,2,0,2.7963867,571.73627,-4.1741943,1335.238,-19.207031,1636.5234,9.534424,1126.7828,1.1871157,13.132708,1.0993118,10.248819,1.2053032,13.332658,1.2299833,16.197031,13.26799,240.68732,13.626404,245.02942,1.31563,10.200567,-62.925903,1959.3834,-15.4375,8255.11,0.11273718,2.575874,N-CMAPSS_DS04,1
N-CMAPSS_DS04 · Engine 1,37,569.89465,1328.073,1622.5122,1125.6932,13.260257,10.424848,13.461995,16.255133,239.42569,243.79012,10.476383,1932.142,8230.968,2.5405486,13981.661,0.5035257,57.540943,493.02878,50.0,2,0,0.19854736,570.37006,-1.5454102,1332.5059,-4.686035,1633.4009,-1.1783447,1123.8323,0.07875538,12.938664,0.10585213,10.093848,0.079735756,13.135639,0.0671711,15.963511,-0.70910645,237.3044,-0.69384766,241.58148,0.051927567,10.037587,-7.0754395,1958.762,-5.4365234,8246.21,-0.019512892,2.5369697,N-CMAPSS_DS04,1
N-CMAPSS_DS04 · Engine 1,38,559.44006,1279.9661,1532.6757,1084.0121,12.7357235,10.39407,12.92962,15.27495,209.68208,213.79626,10.004949,1811.6063,8071.9727,2.1054137,14508.652,0.5256374,46.610596,493.17014,49.0,2,0,-10.45459,568.5386,-48.106934,1326.6445,-89.83655,1623.9592,-41.681152,1118.5798,-0.5245333,12.768583,-0.030777931,9.98791,-0.53237534,12.962967,-0.98018265,15.731434,-29.743607,232.77542,-29.99385,236.98799,-0.4714346,9.898953,-120.535645,1948.1578,-158.99512,8226.772,-0.4351349,2.4790552,N-CMAPSS_DS04,1
N-CMAPSS_DS04 · Engine 1,39,570.3365,1333.7493,1636.0734,1124.1184,12.863946,10.012461,13.059936,15.892832,237.19684,241.46446,9.966642,1965.0276,8252.08,2.5342257,15585.395,0.5397253,60.92251,490.66147,48.0,2,0,10.896423,569.02124,53.783203,1327.5215,103.397705,1624.7715,40.106323,1120.0978,0.12822247,12.853011,-0.38160896,10.056287,0.13031578,13.048701,0.6178818,15.830727,27.514755,234.2538,27.668198,238.49408,-0.038306236,9.983238,153.42126,1946.9071,180.10742,8229.548,0.42881203,2.495911,N-CMAPSS_DS04,1
N-CMAPSS_DS04 · Engine 1,40,580.6933,1342.3772,1629.8978,1145.2882,15.018265,11.946682,15.246889,18.27,263.82397,268.73672,11.992164,1903.4993,8274.998,2.8011162,9822.48,0.47866884,52.950558,506.05994,47.0,2,0,10.356812,570.297,8.62793,1329.253,-6.175537,1625.6694,21.1698,1122.2119,2.1543188,13.055589,1.9342213,10.233423,2.1869535,13.254361,2.3771687,16.062283,26.627136,236.97668,27.272263,241.28073,2.0255213,10.153838,-61.52832,1944.2079,22.917969,8235.057,0.26689053,2.5235436,N-CMAPSS_DS04,1
N-CMAPSS_DS04 · Engine 1,41,583.32434,1350.7853,1642.1041,1152.1396,15.378609,12.210899,15.613096,18.712782,271.46124,276.5234,12.2933035,1918.9343,8305.357,2.875871,9084.533,0.46844003,52.917145,507.9712,46.0,2,0,2.6310425,571.5801,8.408081,1331.7351,12.206299,1628.2786,6.8514404,1125.477,0.36034393,13.271959,0.26421738,10.412405,0.36620712,13.474052,0.44278145,16.313221,7.637268,240.42992,7.786682,244.80376,0.30113983,10.358105,15.435059,1943.1603,30.359375,8242.956,0.074754715,2.5614905,N-CMAPSS_DS04,1
N-CMAPSS_DS04 · Engine 1,42,571.2354,1337.1361,1643.6228,1123.6387,12.717515,9.853796,12.911218,15.792166,236.79585,241.00633,9.718417,1982.1287,8260.932,2.5537229,16638.547,0.57398754,63.068886,489.9106,45.0,2,0,-12.088928,571.66,-13.64917,1331.9934,1.5186768,1628.7225,-28.500977,1125.3956,-2.6610937,13.265292,-2.3571033,10.40568,-2.7018785,13.467287,-2.9206161,16.308655,-34.66539,240.39307,-35.517075,244.7655,-2.5748863,10.34389,63.194336,1944.4199,-44.42578,8243.935,-0.32214808,2.5611928,N-CMAPSS_DS04,1
N-CMAPSS_DS04 · Engine 1,43,572.76605,1338.1687,1640.5691,1133.2689,13.393047,10.452972,13.5970745,16.489567,245.72684,250.14876,10.549135,1954.8458,8263.896,2.637414,14235.232,0.5141021,59.797264,493.53223,44.0,2,0,1.5306396,571.117,1.0325928,1330.7279,-3.053711,1626.7072,9.630249,1124.9447,0.67553234,13.253671,0.5991764,10.405416,0.6858568,13.455512,0.69740105,16.279123,8.9309845,239.7882,9.142426,244.15651,0.83071804,10.364156,-27.282837,1941.1682,2.9648438,8239.966,0.08369112,2.5501244,N-CMAPSS_DS04,1
N-CMAPSS_DS04 · Engine 1,44,569.6168,1327.7728,1624.8049,1123.144,13.00517,10.1770115,13.203191,16.021051,237.33502,241.6056,10.168684,1940.1051,8227.71,2.547792,15198.939,0.5344808,59.524887,491.43573,43.0,2,0,-3.149231,571.3903,-10.395874,1330.1439,-15.76416,1624.5863,-10.124878,1125.5511,-0.38787746,13.354842,-0.27596092,10.501142,-0.3938837,13.558224,-0.4685154,16.385443,-8.391815,240.84491,-8.543152,245.24132,-0.3804512,10.470296,-14.740723,1934.965,-36.186523,8237.616,-0.08962202,2.560349,N-CMAPSS_DS04,1
N-CMAPSS_DS04 · Engine 1,45,567.6676,1324.9564,1621.9558,1117.23,12.691531,9.92812,12.884772,15.636792,231.60674,235.79504,9.853419,1947.2295,8221.652,2.465106,15976.356,0.5437652,59.74028,489.44373,42.0,2,0,-1.9492188,571.4671,-2.8164062,1329.2604,-2.849121,1622.1414,-5.9140625,1125.5405,-0.3136387,13.424557,-0.24889183,10.571985,-0.3184185,13.629005,-0.38425922,16.453323,-5.7282867,241.31891,-5.810562,245.73506,-0.3152647,10.544755,7.1243896,1929.4736,-6.057617,8234.597,-0.08268595,2.562127,N-CMAPSS_DS04,1
N-CMAPSS_DS04 · Engine 1,46,571.9824,1327.7736,1617.2493,1127.5205,13.68436,10.819164,13.8926,16.727772,244.04617,248.5312,10.809262,1913.4805,8227.069,2.5893729,13169.154,0.5093236,55.373646,496.5164,41.0,2,0,4.3148193,571.69574,2.8171387,1329.0758,-4.706543,1621.1465,10.290527,1125.6053,0.99282837,13.474842,0.8910446,10.622003,1.0078278,13.680039,1.0909796,16.507305,12.439438,241.71005,12.73616,246.13979,0.955843,10.583236,-33.749023,1926.8999,5.416992,8233.664,0.12426686,2.5650582,N-CMAPSS_DS04,1
N-CMAPSS_DS04 · Engine 1,47,567.0258,1328.741,1632.7788,1119.8737,12.477792,9.691072,12.667882,15.432589,231.26059,235.3906,9.699849,1966.866,8234.388,2.4773498,16691.188,0.54212546,62.15499,486.89276,40.0,2,0,-4.956604,571.4088,0.9674072,1329.1426,15.529541,1622.1732,-7.6468506,1125.0234,-1.2065678,13.396596,-1.1280918,10.548625,-1.2247181,13.600628,-1.2951832,16.42505,-12.7855835,240.89354,-13.14061,245.29984,-1.1094131,10.505583,53.385498,1930.3723,7.3183594,8234.006,-0.112023115,2.5587385,N-CMAPSS_DS04,1
N-CMAPSS_DS04 · Engine 1,48,575.771,1327.7347,1605.3651,1133.46,14.614395,11.715447,14.836888,17.671007,251.90509,256.68405,11.734152,1874.0902,8228.9375,2.6233037,10102.466,0.46192172,49.92651,503.94748,39.0,2,0,8.745178,573.04193,-1.0062256,1333.9196,-27.413696,1629.4421,13.586304,1129.9683,2.1366034,13.584463,2.024375,10.680762,2.1690063,13.791355,2.2384186,16.664656,20.6445,245.11583,21.293457,249.58862,2.0343027,10.678503,-92.77576,1936.6207,-5.4501953,8249.702,0.1459539,2.6105275,N-CMAPSS_DS04,1
N-CMAPSS_DS04 · Engine 1,49,565.35315,1320.149,1616.9485,1113.9963,12.444941,9.740406,12.634579,15.318883,226.73572,230.82693,9.716622,1941.7308,8204.795,2.41497,16749.684,0.54519325,60.439983,487.0329,38.0,2,0,-10.417847,572.5436,-7.5856934,1332.5594,11.583374,1627.5297,-19.463623,1128.956,-2.1694546,13.5425625,-1.9750414,10.653557,-2.2023096,13.748819,-2.3521242,16.607262,-25.169373,244.06972,-25.857117,248.52487,-2.0175295,10.653501,67.640625,1934.291,-24.142578,8244.974,-0.20833373,2.5986018,N-CMAPSS_DS04,1
N-CMAPSS_DS04 · Engine 1,50,573.5,1334.2555,1630.5791,1131.0847,13.61175,10.681056,13.819058,16.740906,247.24583,251.71703,10.668638,1936.242,8247.988,2.6569932,13789.272,0.5266087,58.171696,495.77966,37.0,2,0,8.146851,571.8243,14.106445,1331.7473,13.630615,1627.5978,17.088379,1127.5356,1.1668091,13.401911,0.94065,10.526995,1.1844797,13.606036,1.4220228,16.454351,20.510117,242.41191,20.89009,246.82289,0.9520159,10.521149,-5.4888916,1937.5653,43.19336,8242.272,0.24202323,2.5841894,N-CMAPSS_DS04,1
N-CMAPSS_DS04 · Engine 1,51,570.8958,1332.5901,1631.0693,1123.1122,13.046555,10.212707,13.245169,16.064571,237.95483,242.28246,10.113708,1956.522,8248.87,2.524526,15069.622,0.53757167,59.24402,492.41196,36.0,2,0,-2.604187,570.5814,-1.6654053,1329.9277,0.49023438,1626.4943,-7.972534,1124.6329,-0.5651951,13.168705,-0.46834946,10.327175,-0.57388973,13.369244,-0.6763344,16.18953,-9.291,239.06126,-9.43457,243.3988,-0.5549307,10.303188,20.28003,1941.3241,0.88183594,8236.624,-0.13246727,2.549055,N-CMAPSS_DS04,1
N-CMAPSS_DS04 · Engine 1,52,569.70575,1329.6957,1627.365,1127.1305,13.173466,10.318967,13.373959,16.177357,240.0292,244.3742,10.422966,1939.2318,8236.801,2.5592792,14438.901,0.5054609,58.441864,491.92334,35.0,2,0,-1.1900635,570.42847,-2.8944092,1329.1837,-3.7043457,1624.8685,4.0183105,1124.982,0.12691116,13.2143,0.1062603,10.3736925,0.1287899,13.415517,0.11278534,16.22805,2.0743713,239.3846,2.091751,243.7356,0.30925846,10.373644,-17.290161,1937.0344,-12.069336,8234.211,0.034753323,2.5496106,N-CMAPSS_DS04,1
N-CMAPSS_DS04 · Engine 1,53,575.41254,1344.2527,1648.0463,1138.1559,13.693505,10.694175,13.901899,16.873787,251.6842,256.22174,10.725323,1963.8516,8285.372,2.7014189,13363.284,0.51453483,59.59393,496.1265,34.0,2,0,5.706787,570.6931,14.557007,1329.7921,20.681274,1625.6162,11.025391,1125.4708,0.52003956,13.244347,0.3752079,10.397813,0.52794075,13.446,0.6964302,16.266472,11.654999,239.98035,11.847534,244.34288,0.30235672,10.391262,24.619751,1937.9349,48.57129,8236.358,0.14213967,2.5560112,N-CMAPSS_DS04,1
N-CMAPSS_DS04 · Engine 1,54,572.11346,1336.4211,1638.4226,1124.2798,13.024071,10.166337,13.2225895,16.093788,239.10596,243.42574,9.998251,1969.4995,8259.274,2.5546424,15694.056,0.56281126,60.788155,492.3428,33.0,2,0,-3.2990723,570.94275,-7.831543,1330.657,-9.623657,1626.978,-13.876099,1125.5844,-0.66943455,13.246237,-0.52783775,10.396745,-0.67930984,13.44794,-0.7799988,16.273745,-12.578247,240.15744,-12.796005,244.5249,-0.72707176,10.374219,5.647949,1940.8744,-26.097656,8239.515,-0.14677644,2.5566962,N-CMAPSS_DS04,1
N-CMAPSS_DS04 · Engine 1,55,572.12244,1330.815,1625.0869,1127.7251,13.46451,10.608264,13.669612,16.5075,242.27058,246.68431,10.580915,1930.3248,8238.515,2.5814953,13969.499,0.523883,57.74254,494.96915,32.0,2,0,0.008972168,571.38824,-5.606201,1331.2428,-13.335693,1627.2911,3.4453125,1126.6339,0.44043922,13.323534,0.44192696,10.46476,0.44702244,13.526423,0.41371155,16.360815,3.164627,241.22382,3.2585754,245.61383,0.5826645,10.446969,-39.174683,1939.184,-20.759766,8241.201,0.026852846,2.568335,N-CMAPSS_DS04,1
N-CMAPSS_DS04 · Engine 1,56,570.90405,1332.7587,1631.4202,1123.3832,13.042507,10.212843,13.241237,16.058321,237.96506,242.2908,10.113703,1956.506,8249.488,2.525258,15069.622,0.53757167,59.24402,492.41196,31.0,2,0,-1.2183838,571.2804,1.9437256,1331.7413,6.333252,1628.7081,-4.341919,1126.2201,-0.4220028,13.259349,-0.39542103,10.404127,-0.42837524,13.4612875,-0.4491787,16.29387,-4.3055267,240.6157,-4.393509,244.98979,-0.46721268,10.377413,26.181152,1943.4865,10.973633,8243.443,-0.05623722,2.5619235,N-CMAPSS_DS04,1
N-CMAPSS_DS04 · Engine 1,57,575.784,1349.7323,1661.6707,1137.1276,13.290545,10.288629,13.492863,16.487595,248.47794,252.89778,10.263504,1994.6196,8304.034,2.6875522,15227.912,0.5532802,63.366405,493.3957,30.0,2,0,4.879944,572.15625,16.973633,1333.8405,30.250488,1631.5974,13.744385,1127.9456,0.24803829,13.340625,0.07578564,10.463883,0.251626,13.543785,0.4292736,16.399372,10.512878,242.33745,10.606979,246.74051,0.14980125,10.433778,38.113647,1946.2618,54.5459,8250.407,0.16229415,2.582944,N-CMAPSS_DS04,1
N-CMAPSS_DS04 · Engine 1,58,581.10706,1355.2899,1661.0094,1145.5718,14.254206,11.139233,14.471308,17.58374,261.2999,266.02664,11.060828,1975.3508,8321.035,2.8125072,12654.418,0.53331786,59.63439,500.88086,29.0,2,0,5.323059,572.6898,5.557617,1336.596,-0.6612549,1637.1617,8.444214,1129.1567,0.96366024,13.3046055,0.85060406,10.406261,0.97844505,13.507227,1.0961456,16.390644,12.82196,243.27692,13.12886,247.67476,0.7973242,10.366446,-19.268799,1956.388,17.000977,8259.617,0.12495494,2.6018643,N-CMAPSS_DS04,1
N-CMAPSS_DS04 · Engine 1,59,570.50543,1326.1741,1616.4985,1120.0172,13.197135,10.420978,13.398131,16.179996,236.71591,241.07181,10.247919,1929.4054,8227.139,2.4950113,14290.396,0.532322,56.540623,494.39618,28.0,2,0,-10.601624,573.2051,-29.115845,1337.1985,-44.510864,1637.1168,-25.554565,1129.7588,-1.0570707,13.379825,-0.71825504,10.4743185,-1.0731764,13.583583,-1.4037437,16.476757,-24.583984,244.27495,-24.954834,248.69925,-0.8129091,10.419576,-45.945435,1955.1554,-93.896484,8261.852,-0.31749582,2.6098683,N-CMAPSS_DS04,1
N-CMAPSS_DS04 · Engine 1,60,580.7204,1342.7164,1630.6544,1145.9617,15.0019045,11.946684,15.2303095,18.247374,263.71918,268.6257,11.990724,1903.5106,8276.212,2.8014944,9822.48,0.47866884,52.950558,506.05994,27.0,2,0,10.214966,573.9271,16.542358,1338.0446,14.155884,1637.1243,25.944458,1131.2465,1.8047695,13.518841,1.5257063,10.600882,1.8321781,13.724708,2.067377,16.627403,27.003265,245.92227,27.553894,250.39012,1.7428045,10.5517845,-25.894775,1951.8822,49.073242,8264.674,0.30648303,2.6243186,N-CMAPSS_DS04,1
N-CMAPSS_DS04 · Engine 1,61,575.61975,1355.8556,1678.486,1136.4084,12.746239,9.733299,12.940284,15.972566,245.10806,249.36647,9.641962,2031.951,8324.117,2.6846285,17372.918,0.5956125,67.79759,489.6629,26.0,2,0,-5.100647,574.3995,13.13916,1340.3711,47.831543,1641.866,-9.553223,1132.5762,-2.2556658,13.488809,-2.2133846,10.55294,-2.2900257,13.69422,-2.274808,16.618202,-18.611115,246.6376,-19.259232,251.09853,-2.3487616,10.504609,128.44043,1959.4252,47.905273,8272.199,-0.11686587,2.6403286,N-CMAPSS_DS04,1
N-CMAPSS_DS04 · Engine 1,62,573.44934,1338.1909,1637.918,1137.4626,13.707979,10.756047,13.916819,16.816994,249.72073,254.23894,10.922808,1941.923,8263.478,2.673002,13012.074,0.48910174,57.879543,495.5336,25.0,2,0,-2.1704102,574.77386,-17.664673,1341.2207,-40.567993,1642.9213,1.0541992,1133.6094,0.9617405,13.54226,1.022748,10.596649,0.97653484,13.748505,0.84442806,16.682165,4.612671,247.60675,4.872467,252.08499,1.2808456,10.554594,-90.028076,1959.6942,-60.63965,8274.866,-0.011626482,2.651701,N-CMAPSS_DS04,1
N-CMAPSS_DS04 · Engine 1,63,573.12897,1345.6946,1659.0757,1131.931,12.849644,9.919688,13.045402,15.984508,242.19476,246.4674,9.869433,1999.2571,8289.945,2.6263275,16406.443,0.56670016,64.43656,490.2456,24.0,2,0,-0.32037354,574.5455,7.503662,1341.3649,21.157715,1644.0242,-5.531616,1132.9868,-0.8583355,13.457874,-0.836359,10.5192,-0.87141705,13.662855,-0.83248615,16.593239,-7.5259705,246.6578,-7.77153,251.10956,-1.0533743,10.469005,57.334106,1963.2347,26.467773,8275.324,-0.04667449,2.644192,N-CMAPSS_DS04,1
N-CMAPSS_DS04 · Engine 1,64,567.26117,1322.1299,1616.3754,1115.2273,12.695118,9.98172,12.888401,15.608997,230.15698,234.33763,9.8532095,1936.871,8211.858,2.44505,16063.1875,0.551352,58.91823,489.8008,23.0,2,0,-5.867798,574.06024,-23.564697,1339.9358,-42.700317,1641.8195,-16.703735,1132.0815,-0.15452576,13.424978,0.062031746,10.500738,-0.15700054,13.6294365,-0.37551022,16.54476,-12.037781,245.76291,-12.129776,250.20074,-0.016223907,10.4545,-62.38611,1959.9719,-78.086914,8270.582,-0.18127751,2.6332326,N-CMAPSS_DS04,1
N-CMAPSS_DS04 · Engine 1,65,572.4116,1335.5887,1635.0017,1127.5465,13.2656145,10.401512,13.467722,16.336054,242.21738,246.6075,10.307778,1954.8395,8256.821,2.5841277,14679.2705,0.5398152,59.075474,493.8543,22.0,2,0,5.1504517,574.0892,13.458862,1340.4131,18.626343,1642.811,12.319214,1132.0637,0.57049656,13.405089,0.41979218,10.480063,0.5793209,13.609247,0.7270565,16.527615,12.060394,245.75758,12.269867,250.19307,0.45456886,10.427187,17.968506,1962.4233,44.96289,8272.413,0.13907766,2.6334958,N-CMAPSS_DS04,1
N-CMAPSS_DS04 · Engine 1,66,575.82806,1328.6437,1607.2743,1134.8397,14.59369,11.715282,14.816037,17.639795,252.02763,256.8017,11.735342,1874.0764,8232.234,2.6280508,10102.466,0.46192172,49.92651,503.94748,21.0,2,0,3.4164429,574.5816,-6.9450684,1340.0016,-27.727417,1640.3964,7.293213,1133.2094,1.3280754,13.560207,1.3137703,10.630307,1.3483152,13.766727,1.3037415,16.685762,9.810257,247.16385,10.194199,251.64417,1.4275637,10.589351,-80.76306,1954.1804,-24.586914,8270.6875,0.04392314,2.6437752,N-CMAPSS_DS04,1
N-CMAPSS_DS04 · Engine 1,67,570.3622,1335.8762,1641.4001,1124.2606,12.703297,9.886541,12.896852,15.730428,236.0778,240.29333,9.768789,1975.1512,8258.905,2.5339599,16219.618,0.5594281,61.929127,489.91864,20.0,2,0,-5.4658813,574.0394,7.232544,1338.616,34.125854,1638.3694,-10.579102,1131.9227,-1.8903933,13.501483,-1.8287411,10.590098,-1.9191856,13.707127,-1.9093676,16.610044,-15.949829,245.92383,-16.508362,250.38371,-1.9665527,10.539879,101.07483,1952.2336,26.670898,8266.175,-0.09409094,2.6284158,N-CMAPSS_DS04,1
N-CMAPSS_DS04 · Engine 1,68,576.6325,1348.2128,1655.0431,1141.0859,13.749007,10.750386,13.958491,16.951164,253.20262,257.748,10.7608385,1970.2815,8296.821,2.7300458,13710.262,0.52924293,60.45674,496.42297,19.0,2,0,6.2703247,573.5919,12.336548,1337.9083,13.642944,1637.7727,16.825317,1131.4741,1.0457106,13.450963,0.8638449,10.551214,1.0616398,13.655845,1.2207365,16.546787,17.124817,245.1141,17.45465,249.55585,0.9920492,10.50988,-4.869751,1951.7267,37.916016,8263.753,0.19608593,2.6201699,N-CMAPSS_DS04,1
N-CMAPSS_DS04 · Engine 1,69,574.9766,1338.9159,1636.2823,1133.6919,13.741559,10.84478,13.950786,16.850561,247.83684,252.36458,10.766764,1943.1438,8266.451,2.63875,13418.868,0.5272407,57.58607,497.29706,18.0,2,0,-1.6558838,574.03906,-9.296875,1339.1825,-18.760742,1639.7511,-7.394043,1132.8416,-0.0074481964,13.505405,0.09439373,10.593594,-0.0077056885,13.71111,-0.1006031,16.613844,-5.3657837,246.2262,-5.3834076,250.68512,0.0059251785,10.561765,-27.137695,1953.1005,-30.370117,8267.685,-0.09129572,2.6345437,N-CMAPSS_DS04,1
N-CMAPSS_DS04 · Engine 1,70,571.76843,1335.2037,1636.1013,1127.631,13.10599,10.273388,13.305538,16.148773,240.19218,244.51903,10.18992,1954.9045,8254.748,2.5722911,15036.028,0.5428714,59.650852,492.89868,17.0,2,0,-3.208191,573.14386,-3.7121582,1338.4312,-0.18103027,1640.2958,-6.060913,1131.0085,-0.6355686,13.315814,-0.57139206,10.426265,-0.64524746,13.518633,-0.70178795,16.403984,-7.6446533,243.8735,-7.8455505,248.27446,-0.57684326,10.381684,11.760742,1958.2399,-11.703125,8265.538,-0.06645894,2.6116233,N-CMAPSS_DS04,1
N-CMAPSS_DS04 · Engine 1,71,570.77844,1335.4924,1639.4706,1130.9996,13.076009,10.232726,13.27549,16.118622,241.28654,245.59167,10.254124,1956.3596,8253.929,2.5991528,15015.889,0.5309409,60.38167,491.57748,16.0,2,0,-0.98999023,572.6597,0.2886963,1336.3949,3.3692627,1636.3943,3.3686523,1130.4677,-0.029981613,13.348791,-0.04066181,10.476207,-0.03004837,13.552154,-0.030151367,16.41859,1.0943604,243.49135,1.0726471,247.89697,0.06420326,10.442901,1.4550781,1950.6808,-0.81933594,8258.52,0.026861668,2.6030757,N-CMAPSS_DS04,1
N-CMAPSS_DS04 · Engine 1,72,575.8915,1351.6798,1665.8367,1140.0693,13.260526,10.288502,13.462348,16.4371,248.85648,253.26039,10.268698,1994.6442,8310.822,2.699158,15227.912,0.5532802,63.366405,493.3957,15.0,2,0,5.113037,572.90393,16.187378,1337.7438,26.366089,1639.1862,9.069702,1130.7283,0.1845169,13.304046,0.055775642,10.429453,0.18685818,13.506706,0.31847763,16.3806,7.569931,243.40492,7.6687164,247.79912,0.014574051,10.37749,38.284546,1955.9529,56.893555,8263.254,0.10000515,2.6056914,N-CMAPSS_DS04,1
N-CMAPSS_DS04 · Engine 1,73,573.58325,1339.1743,1641.0901,1134.1443,13.382854,10.514964,13.586571,16.460754,244.67627,249.0838,10.486071,1950.785,8266.082,2.627445,14267.166,0.53196794,59.1717,494.79147,14.0,2,0,-2.3082275,572.9494,-12.505493,1337.0918,-24.746582,1637.3876,-5.925049,1130.9496,0.12232876,13.357367,0.22646236,10.48898,0.124222755,13.560823,0.023654938,16.428225,-4.1802063,243.65308,-4.17659,248.06076,0.2173729,10.439154,-43.85913,1951.1057,-44.740234,8260.867,-0.07171297,2.605803,N-CMAPSS_DS04,1
N-CMAPSS_DS04 · Engine 1,74,578.2542,1345.8473,1643.2235,1142.8176,14.259084,11.291854,14.476087,17.423042,256.4248,261.13324,11.2619505,1937.3453,8291.411,2.7259803,11796.148,0.50344384,55.844193,501.28677,13.0,2,0,4.6709595,574.0487,6.6729736,1339.4635,2.1334229,1640.0724,8.67334,1133.7086,0.8762293,13.513763,0.7768898,10.619993,0.8895159,13.719592,0.9622879,16.609629,11.748535,246.27986,12.049438,250.74033,0.77587986,10.580028,-13.439697,1951.1531,25.329102,8268.822,0.0985353,2.633896,N-CMAPSS_DS04,1
N-CMAPSS_DS04 · Engine 1,75,559.11285,1302.0677,1586.7118,1111.703,12.386667,9.826996,12.57515,15.065472,222.06827,226.10963,10.040109,1873.1711,8143.7915,2.3469808,15039.068,0.4664781,54.099754,486.0672,12.0,2,0,-19.141357,572.7188,-43.77954,1336.1113,-56.51172,1635.2434,-31.114624,1132.1243,-1.8724165,13.425868,-1.464858,10.562542,-1.9009371,13.630335,-2.3575706,16.48257,-34.356537,244.26494,-35.023605,248.69054,-1.2218418,10.553261,-64.174194,1942.9863,-147.61963,8257.52,-0.37899947,2.6101813,N-CMAPSS_DS04,1
N-CMAPSS_DS04 · Engine 1,76,575.90686,1343.8328,1645.0887,1139.4795,13.75367,10.840876,13.963256,16.86641,250.53525,255.07553,10.817032,1946.1823,8284.195,2.6811905,13161.821,0.5176882,57.682983,497.7264,11.0,2,0,16.794006,572.7267,41.765015,1337.6302,58.376953,1639.0248,27.77649,1132.5883,1.3670025,13.3418665,1.0138798,10.475101,1.3881063,13.545056,1.8009377,16.405233,28.46698,244.1157,28.965897,248.51791,0.7769232,10.46143,73.01111,1950.1969,140.40381,8262.716,0.33420968,2.6154954,N-CMAPSS_DS04,1
N-CMAPSS_DS04 · Engine 1,77,577.95483,1354.5986,1667.4492,1151.744,13.855144,10.821734,14.066063,17.06765,258.1637,262.73218,10.9969225,1969.4955,8316.631,2.8168788,13363.695,0.5127415,60.936016,496.87323,10.0,2,0,2.0479736,573.48596,10.765869,1339.5026,22.360474,1641.6298,12.264526,1135.3367,0.10147381,13.457051,-0.019141197,10.568621,0.102807045,13.661978,0.20124054,16.538956,7.6284485,246.3243,7.6566467,250.76181,0.17989063,10.584243,23.313232,1949.6313,32.435547,8268.488,0.1356883,2.6437874,N-CMAPSS_DS04,1
N-CMAPSS_DS04 · Engine 1,78,572.3424,1340.8063,1647.5789,1130.6744,12.965186,10.166329,13.162884,15.993433,240.08904,244.38097,10.01149,1969.5187,8274.354,2.5812414,15694.056,0.56281126,60.788155,492.3428,9.0,2,0,-5.6124268,573.05695,-13.792358,1338.7618,-19.870361,1640.8833,-21.06958,1134.2954,-0.8899574,13.378669,-0.65540504,10.510215,-0.90317917,13.5824175,-1.0742168,16.443182,-18.074661,245.01294,-18.351212,249.42511,-0.9854326,10.509308,0.02319336,1949.555,-42.277344,8266.241,-0.23563743,2.628907,N-CMAPSS_DS04,1
N-CMAPSS_DS04 · Engine 1,79,570.8617,1334.4788,1635.8966,1135.0061,13.275045,10.4771,13.477152,16.249388,242.69794,247.05214,10.559783,1931.5208,8251.408,2.6105025,14182.435,0.5117353,58.147568,493.20667,8.0,2,0,-1.4807129,572.64545,-6.3275146,1338.3181,-11.682251,1640.8447,4.331665,1134.4269,0.30985928,13.332018,0.310771,10.473447,0.3142681,13.535053,0.25595474,16.383064,2.608902,244.49905,2.671173,248.89386,0.5482931,10.48861,-37.997925,1948.3927,-22.945312,8264.737,0.029261112,2.6260822,N-CMAPSS_DS04,1
N-CMAPSS_DS04 · Engine 1,80,579.336,1347.7526,1643.4349,1154.4143,14.801224,11.800773,15.026814,17.951914,264.61533,269.48306,12.002818,1907.3977,8296.83,2.8192084,9741.953,0.45101127,52.661198,504.25644,7.0,2,0,8.474304,573.4022,13.273804,1339.573,7.53833,1641.5781,19.408203,1137.1052,1.5261784,13.501541,1.3236723,10.626185,1.5496626,13.707181,1.7025261,16.563377,21.917389,246.94136,22.430923,251.39026,1.4430351,10.6699,-24.123047,1943.642,45.421875,8268.945,0.2087059,2.6507738,N-CMAPSS_DS04,1
N-CMAPSS_DS04 · Engine 1,81,570.42926,1334.0133,1635.1582,1138.9225,13.368437,10.558061,13.572177,16.317808,244.70462,249.0831,10.792929,1918.6992,8249.618,2.6379762,13567.173,0.4825522,56.820026,493.4253,6.0,2,0,-8.906738,573.3673,-13.739258,1339.4252,-8.276733,1641.1469,-15.491821,1137.8975,-1.432787,13.530784,-1.242712,10.658719,-1.4546375,13.73685,-1.6341057,16.583298,-19.910706,247.28317,-20.399963,251.73941,-1.2098894,10.72378,11.301514,1939.876,-47.211914,8268.515,-0.18123221,2.6546562,N-CMAPSS_DS04,1
N-CMAPSS_DS04 · Engine 1,82,570.6886,1348.3478,1671.2284,1134.7562,12.214838,9.454716,12.40082,15.196863,234.5501,238.60182,9.347148,2007.1287,8299.364,2.5695307,18138.215,0.5957119,66.29885,486.55243,5.0,2,0,0.25933838,572.847,14.334473,1339.0919,36.07019,1641.686,-4.16626,1137.3662,-1.1535988,13.426215,-1.1033449,10.57534,-1.1713572,13.630697,-1.120945,16.459274,-10.154526,245.85252,-10.481277,250.27354,-1.4457808,10.631625,88.42944,1941.1244,49.746094,8267.368,-0.068445444,2.6416934,N-CMAPSS_DS04,1
N-CMAPSS_DS04 · Engine 1,83,574.92883,1350.0074,1662.0518,1144.9333,13.409479,10.543838,13.613634,16.479225,250.04187,254.4747,10.535137,1964.8401,8304.595,2.7129066,14318.288,0.5360029,59.88747,494.93607,4.0,2,0,4.2402344,572.98157,1.659668,1340.1753,-9.176636,1643.7822,10.177124,1138.4451,1.1946411,13.428877,1.0891218,10.578228,1.2128143,13.633404,1.282362,16.46112,15.4917755,246.38908,15.872879,250.81264,1.1879892,10.636532,-42.288574,1942.5299,5.2304688,8271.22,0.14337587,2.6502397,N-CMAPSS_DS04,1
N-CMAPSS_DS04 · Engine 1,84,572.7008,1340.7318,1645.784,1141.6923,13.377447,10.60835,13.581062,16.338352,245.33015,249.70827,10.621255,1930.3257,8271.6875,2.651409,13969.499,0.523883,57.74254,494.96915,3.0,2,0,-2.2280273,572.4262,-9.275635,1339.6637,-16.2677,1644.0382,-3.2410889,1138.3325,-0.032032013,13.3407135,0.06451225,10.509877,-0.032571793,13.543901,-0.14087296,16.352652,-4.7117157,245.27963,-4.7664337,249.67014,0.086117744,10.572462,-34.514404,1941.828,-32.907227,8269.247,-0.06149769,2.6427824,N-CMAPSS_DS04,1
N-CMAPSS_DS04 · Engine 1,85,571.3501,1345.1652,1659.7585,1144.4803,13.009241,10.232573,13.207339,15.974578,244.56476,248.8415,10.298924,1956.3416,8287.059,2.6709852,15015.889,0.5309409,60.38167,491.57748,2.0,2,0,-1.350708,573.64996,4.4333496,1343.9734,13.974487,1651.3429,2.788086,1141.6104,-0.36820602,13.402971,-0.37577724,10.550435,-0.37372303,13.6071205,-0.3637743,16.443562,-0.7653961,247.52927,-0.86676025,251.94333,-0.32233047,10.598344,26.01587,1950.145,15.371094,8283.574,0.019576311,2.6751828,N-CMAPSS_DS04,1
N-CMAPSS_DS04 · Engine 1,86,560.1352,1291.507,1556.3069,1099.5295,12.635735,10.394099,12.828221,15.09373,213.21056,217.28908,10.044602,1811.6102,8111.4556,2.178489,14508.652,0.5256374,46.610596,493.17014,1.0,2,0,-11.214905,572.07275,-53.658203,1338.7408,-103.45166,1642.4647,-44.950806,1137.6154,-0.37350655,13.291178,0.16152668,10.505757,-0.37911797,13.493617,-0.88084793,16.266294,-31.354202,243.7968,-31.55243,248.16469,-0.25432205,10.521101,-144.73132,1936.6877,-175.60303,8266.3,-0.49249625,2.6249127,N-CMAPSS_DS04,1
N-CMAPSS_DS04 · Engine 1,87,567.773,1344.2362,1666.5247,1142.3162,12.251752,9.57139,12.438323,15.087997,235.10725,239.13957,9.678271,1967.7599,8285.3545,2.5859685,17022.621,0.546265,62.8096,486.2321,0.0,2,0,7.6378174,571.05457,52.729248,1337.7046,110.21777,1642.3723,42.78662,1136.6725,-0.38398266,13.130838,-0.8227091,10.380723,-0.3898983,13.330843,-0.0057325363,16.068329,21.896698,241.49117,21.850494,245.80542,-0.3663311,10.3892355,156.14966,1936.5143,173.89893,8263.173,0.40747952,2.6018217,N-CMAPSS_DS04,1
N-CMAPSS_DS04 · Engine 6,1,566.56854,1324.7393,1623.254,1120.9823,12.698004,9.904425,12.891304,15.635891,233.1389,237.33311,9.988607,1943.5741,8220.1875,2.4860914,15452.168,0.5122162,59.368008,488.53452,82.0,3,1,0.0,566.56854,0.0,1324.7393,0.0,1623.254,0.0,1120.9823,0.0,12.698004,0.0,9.904425,0.0,12.891304,0.0,15.635891,0.0,233.1389,0.0,237.33311,0.0,9.988607,0.0,1943.5741,0.0,8220.1875,0.0,2.4860914,N-CMAPSS_DS04,6
N-CMAPSS_DS04 · Engine 6,2,557.9896,1309.7811,1610.078,1093.3007,11.281647,8.745663,11.453609,13.996778,209.4324,213.18684,8.51525,1972.7045,8176.033,2.2129948,20372.994,0.59828424,63.533615,478.19852,81.0,3,1,-8.578918,562.27905,-14.95813,1317.2603,-13.176025,1616.666,-27.68164,1107.1415,-1.416357,11.989825,-1.158762,9.325044,-1.4376945,12.172457,-1.6391134,14.816334,-23.706497,221.28564,-24.14627,225.25998,-1.4733572,9.251928,29.130371,1958.1393,-44.154297,8198.11,-0.27309656,2.349543,N-CMAPSS_DS04,6
N-CMAPSS_DS04 · Engine 6,3,566.567,1324.6722,1623.1139,1120.8943,12.697891,9.904411,12.891104,15.636195,233.11024,237.30438,9.988244,1943.5997,8220.0625,2.4855425,15452.168,0.5122162,59.368008,488.53452,80.0,3,1,8.577393,563.7084,14.891113,1319.7308,13.035889,1618.8153,27.593628,1111.7257,1.4162445,12.225847,1.1587486,9.518167,1.4374943,12.412005,1.6394176,15.089622,23.677841,225.22719,24.117538,229.27478,1.4729939,9.497367,-29.104736,1953.2927,44.029297,8205.428,0.27254772,2.3948762,N-CMAPSS_DS04,6
N-CMAPSS_DS04 · Engine 6,4,569.66,1338.213,1649.2079,1126.8136,12.584053,9.699988,12.775903,15.629433,236.64143,240.82573,9.738114,1989.0997,8266.192,2.5524607,16680.365,0.5478099,64.004395,487.55142,79.0,3,1,3.0929565,565.1963,13.5407715,1324.3514,26.093994,1626.4135,5.9193115,1115.4977,-0.113838196,12.315399,-0.20442295,9.5636215,-0.115201,12.50298,-0.0067625046,15.224574,3.531189,228.08075,3.521347,232.16252,-0.2501297,9.557554,45.5,1962.2445,46.129883,8220.619,0.066918135,2.4342723,N-CMAPSS_DS04,6
N-CMAPSS_DS04 · Engine 6,5,569.4971,1332.9963,1635.8622,1129.3802,13.070247,10.191389,13.269304,16.074457,239.85184,244.16968,10.387465,1955.198,8248.158,2.5626101,14917.777,0.5015746,60.4282,490.16812,78.0,3,1,-0.16290283,566.05646,-5.216675,1326.0804,-13.345703,1628.3032,2.5666504,1118.2742,0.48619366,12.466369,0.49140072,9.689176,0.49340153,12.656245,0.4450245,15.39455,3.2104034,230.43497,3.3439484,234.56395,0.64935017,9.7235365,-33.901733,1960.8352,-18.03418,8226.127,0.010149479,2.45994,N-CMAPSS_DS04,6
N-CMAPSS_DS04 · Engine 6,6,569.2797,1321.1204,1606.141,1120.1068,13.344945,10.56794,13.548116,16.273346,236.61588,241.01593,10.538054,1906.3748,8211.13,2.4726162,13271.488,0.49177647,54.151455,494.95407,77.0,3,1,-0.21734619,566.5936,-11.875977,1325.2537,-29.721191,1624.6095,-9.2734375,1118.5796,0.27469826,12.612798,0.37655067,9.835636,0.27881145,12.80489,0.19888878,15.541017,-3.235962,231.46512,-3.1537476,235.63928,0.15058994,9.859289,-48.823242,1951.7584,-37.02832,8223.627,-0.08999395,2.4620526,N-CMAPSS_DS04,6
N-CMAPSS_DS04 · Engine 6,7,568.8564,1325.618,1618.1228,1126.8442,13.350972,10.499729,13.554062,16.322803,240.83603,245.24301,10.673479,1920.9092,8224.472,2.5468285,13351.06,0.4746277,55.999107,492.96655,76.0,3,1,-0.42333984,566.91693,4.4976807,1325.3058,11.981812,1623.6829,6.7374268,1119.7603,0.0060272217,12.718251,-0.0682106,9.930507,0.0059461594,12.911915,0.04945755,15.6527,4.220154,232.80382,4.2270813,237.01125,0.13542461,9.975602,14.534424,1947.3514,13.341797,8223.748,0.07421231,2.4741635,N-CMAPSS_DS04,6
N-CMAPSS_DS04 · Engine 6,8,558.08307,1307.8738,1606.4407,1093.3916,11.250533,8.747227,11.421938,13.927752,207.14766,210.8629,8.5452175,1960.5739,8167.172,2.1933594,20574.201,0.60366166,63.609184,478.38263,75.0,3,1,-10.773315,565.8127,-17.744263,1323.1267,-11.682129,1621.5276,-33.452637,1116.4642,-2.100439,12.534786,-1.7525024,9.782597,-2.132124,12.725668,-2.395052,15.437082,-33.68837,229.5968,-34.38011,233.7427,-2.1282616,9.796804,39.664673,1949.0043,-57.299805,8216.676,-0.35346913,2.439063,N-CMAPSS_DS04,6
N-CMAPSS_DS04 · Engine 6,9,554.02924,1303.8921,1606.5634,1093.5887,10.98485,8.498675,11.152217,13.62254,205.2195,208.84865,8.454638,1965.1511,8154.5464,2.183442,20689.836,0.5702349,64.87081,474.1454,74.0,3,1,-4.053833,564.5034,-3.9816895,1320.9896,0.122680664,1619.8649,0.19714355,1113.9225,-0.26568317,12.362572,-0.24855137,9.639938,-0.26972103,12.550839,-0.30521107,15.235466,-1.9281616,226.88821,-2.0142517,230.9767,-0.09057999,9.647675,4.5772705,1950.7983,-12.625488,8209.772,-0.009917259,2.4106607,N-CMAPSS_DS04,6
N-CMAPSS_DS04 · Engine 6,10,556.9013,1312.3977,1619.5809,1098.5568,11.114744,8.558057,11.284017,13.830507,209.63249,213.32344,8.484696,1983.9415,8183.6636,2.2372324,20606.572,0.5805949,65.97227,475.5537,73.0,3,1,2.8720703,563.74316,8.505615,1320.1304,13.017578,1619.8364,4.9680176,1112.386,0.12989426,12.237788,0.059381485,9.531751,0.1317997,12.424157,0.2079668,15.094971,4.4129944,225.16264,4.4747925,229.21136,0.03005886,9.531377,18.790405,1954.1127,29.117188,8207.162,0.05379033,2.3933177,N-CMAPSS_DS04,6
N-CMAPSS_DS04 · Engine 6,11,557.98517,1309.7418,1610.0061,1093.2618,11.28109,8.745633,11.452958,13.996309,209.40556,213.15837,8.514857,1972.71,8175.8823,2.2125845,20372.994,0.59828424,63.533615,478.19852,72.0,3,1,1.0838623,562.8849,-2.6558838,1318.6306,-9.574829,1618.5117,-5.294922,1109.6139,0.1663456,12.096097,0.1875763,9.415872,0.1689415,12.280323,0.165802,14.931012,-0.22692871,222.7893,-0.16506958,226.7939,0.030160904,9.384002,-11.231567,1957.0262,-7.78125,8202.731,-0.024647951,2.365967,N-CMAPSS_DS04,6
N-CMAPSS_DS04 · Engine 6,12,560.2499,1314.3997,1615.8617,1095.9412,11.373923,8.811665,11.547056,14.125122,211.14388,214.92839,8.5472975,1978.623,8190.871,2.234545,20317.996,0.6096593,63.973244,479.7367,71.0,3,1,2.2647095,563.1109,4.657837,1319.0925,5.855591,1619.0901,2.6793213,1109.8779,0.09283352,12.105325,0.066031456,9.422471,0.09409809,12.289667,0.12881279,14.943847,1.7383118,222.96045,1.7700195,226.96805,0.032440186,9.387206,5.913086,1957.618,14.98877,8204.215,0.021960497,2.368122,N-CMAPSS_DS04,6
N-CMAPSS_DS04 · Engine 6,13,573.03033,1338.3739,1639.7122,1132.0354,13.435402,10.499008,13.640056,16.52823,245.38254,249.83308,10.562441,1957.479,8266.493,2.6173344,14141.333,0.5153805,59.42369,493.97858,70.0,3,1,12.780457,563.7572,23.974243,1320.4626,23.850464,1620.7499,36.09424,1110.9921,2.0614786,12.179076,1.6873436,9.481931,2.0929995,12.364563,2.4031086,15.033051,34.238663,224.18768,34.904694,228.22092,2.0151434,9.444626,-21.144043,1959.006,75.62207,8208.858,0.38278937,2.3813014,N-CMAPSS_DS04,6
N-CMAPSS_DS04 · Engine 6,14,568.9182,1330.6879,1632.7775,1121.9036,12.786664,9.961171,12.981602,15.783052,235.16573,239.39645,9.939682,1962.7117,8240.6045,2.5137606,16108.31,0.5456554,61.27119,489.27505,69.0,3,1,-4.1121216,563.68304,-7.686035,1319.7102,-6.9346924,1619.1068,-10.131836,1110.501,-0.6487379,12.199337,-0.537837,9.508049,-0.65845394,12.385133,-0.7451782,15.048412,-10.216812,224.04012,-10.43663,228.07799,-0.62275887,9.464783,5.232666,1956.3672,-25.888672,8206.299,-0.1035738,2.3774314,N-CMAPSS_DS04,6
N-CMAPSS_DS04 · Engine 6,15,567.4241,1335.0402,1647.6046,1118.7919,12.121773,9.310249,12.306382,15.110746,229.61606,233.66078,9.240813,2003.3912,8256.964,2.4747558,18321.545,0.5797971,65.67931,484.39465,68.0,3,1,-1.4941406,563.4757,4.352295,1319.9146,14.827148,1620.2811,-3.1116943,1109.4421,-0.66489124,12.104489,-0.6509218,9.419935,-0.67521954,12.28884,-0.67230606,14.952041,-5.5496674,223.01653,-5.735672,227.0271,-0.69886875,9.350118,40.679565,1961.1865,16.359375,8207.18,-0.039004803,2.368646,N-CMAPSS_DS04,6
N-CMAPSS_DS04 · Engine 6,16,556.898,1312.3809,1619.5497,1098.5433,11.114247,8.558006,11.28353,13.830084,209.61903,213.31271,8.484508,1983.9352,8183.5576,2.2370484,20606.572,0.5805949,65.97227,475.5537,67.0,3,1,-10.526062,562.23755,-22.659302,1319.0405,-28.054932,1621.622,-20.248535,1107.2859,-1.0075254,11.88142,-0.75224304,9.218942,-1.022852,12.062382,-1.2806625,14.707715,-19.997025,220.31685,-20.348068,224.25677,-0.7563057,9.144763,-19.456055,1968.9426,-73.40625,8204.423,-0.23770738,2.3450892,N-CMAPSS_DS04,6
N-CMAPSS_DS04 · Engine 6,17,562.7037,1326.5616,1639.6729,1111.1587,11.620163,8.909538,11.797015,14.502892,221.1719,225.03746,8.853745,2001.61,8228.705,2.387227,19690.49,0.5876583,66.9986,479.63788,66.0,3,0,5.805664,561.6223,14.180786,1319.135,20.123169,1623.777,12.615356,1105.7173,0.50591564,11.708339,0.35153198,9.059923,0.51348495,11.886677,0.6728077,14.525723,11.552872,218.35043,11.724747,222.23622,0.3692379,8.96279,17.674805,1977.0127,45.14746,8204.846,0.15017867,2.329129,N-CMAPSS_DS04,6
N-CMAPSS_DS04 · Engine 6,18,569.66315,1338.229,1649.215,1126.8286,12.584248,9.699975,12.7759075,15.629461,236.64253,240.82495,9.738168,1989.0942,8266.146,2.5524538,16680.365,0.5478099,64.004395,487.55142,65.0,3,0,6.9594727,562.7803,11.667358,1322.1704,9.542114,1628.0544,15.669922,1109.061,0.9640846,11.84171,0.79043674,9.155198,0.9788923,12.022074,1.1265697,14.695894,15.470627,221.29993,15.787491,225.23242,0.8844223,9.082085,-12.515747,1979.8647,37.441406,8214.743,0.1652267,2.3650384,N-CMAPSS_DS04,6
N-CMAPSS_DS04 · Engine 6,19,558.0849,1307.8989,1606.4854,1093.4117,11.251011,8.747156,11.422308,13.928262,207.16887,210.88058,8.545439,1960.56,8167.2983,2.193642,20574.201,0.60366166,63.609184,478.38263,64.0,3,0,-11.578247,563.18585,-30.330078,1322.5712,-42.729614,1628.0466,-33.41687,1109.0433,-1.3332367,11.868326,-0.9528189,9.180046,-1.3535995,12.049083,-1.7011995,14.726467,-29.473663,221.49486,-29.944366,225.43562,-1.192729,9.091165,-28.53418,1979.4056,-98.848145,8216.019,-0.35881186,2.3660583,N-CMAPSS_DS04,6
N-CMAPSS_DS04 · Engine 6,20,566.87836,1323.5126,1619.048,1116.0221,12.677711,9.915271,12.870903,15.602868,231.34547,235.54446,9.856334,1944.8257,8219.189,2.4485383,15603.865,0.5287166,58.788105,489.3649,63.0,3,0,8.793457,564.1836,15.613647,1323.6826,12.562622,1627.9933,22.610352,1110.7898,1.4266996,12.024623,1.1681147,9.315767,1.448595,12.207771,1.6746063,14.903703,24.176605,223.66615,24.66388,227.65773,1.310895,9.228329,-15.734375,1975.494,51.891113,8219.571,0.2548964,2.387189,N-CMAPSS_DS04,6
N-CMAPSS_DS04 · Engine 6,21,557.79724,1306.9171,1602.3958,1101.2415,11.608124,9.037589,11.784744,14.31922,213.95818,217.79993,9.026553,1938.1992,8164.0967,2.2634163,18199.115,0.5344615,60.321663,480.29877,62.0,3,0,-9.081116,564.1648,-16.595459,1323.4001,-16.652222,1627.2323,-14.78064,1111.5878,-1.0695868,12.057326,-0.87768173,9.344963,-1.0861588,12.240951,-1.2836485,14.935994,-17.387299,224.12141,-17.744537,228.12189,-0.8297806,9.279498,-6.626465,1972.043,-55.092773,8218.393,-0.18512201,2.3922722,N-CMAPSS_DS04,6
N-CMAPSS_DS04 · Engine 6,22,560.9981,1318.6537,1624.589,1101.3495,11.366655,8.767476,11.5397,14.145036,213.00612,216.78627,8.586177,1986.7097,8203.817,2.270254,20262.646,0.60292596,65.359344,479.3457,61.0,3,0,3.2008667,564.2396,11.736572,1323.8256,22.193237,1628.105,0.10803223,1112.1287,-0.24146843,12.0566,-0.270113,9.340544,-0.24504471,12.240214,-0.17418385,14.937985,-0.9520569,224.30765,-1.0136566,228.30766,-0.44037628,9.283386,48.510498,1972.8516,39.720703,8219.6875,0.0068376064,2.395843,N-CMAPSS_DS04,6
N-CMAPSS_DS04 · Engine 6,23,564.2097,1332.3483,1650.8898,1111.8818,11.453554,8.722497,11.628004,14.371904,220.59145,224.41188,8.601062,2024.1908,8248.263,2.394369,20710.695,0.6171141,69.502815,478.97324,60.0,3,0,3.211609,563.35754,13.69458,1323.223,26.300781,1629.2228,10.532349,1110.1133,0.0868988,11.858415,-0.044979095,9.162893,0.08830452,12.039009,0.22686863,14.722353,7.585327,221.82854,7.6256104,225.76555,0.014884949,9.087248,37.48108,1979.5228,44.445312,8217.864,0.12411499,2.3735466,N-CMAPSS_DS04,6
N-CMAPSS_DS04 · Engine 6,24,563.4796,1324.058,1630.9525,1110.3638,11.880593,9.180089,12.061694,14.75163,222.24814,226.19167,9.10519,1983.5354,8220.755,2.3781216,18765.9,0.575184,64.54788,482.12244,59.0,3,0,-0.73010254,562.81366,-8.290283,1322.56,-19.937256,1629.0403,-1.5180664,1108.9592,0.42703915,11.767808,0.457592,9.0847845,0.43369007,11.947019,0.37972546,14.61921,1.6566925,220.53677,1.7797852,224.44507,0.50412846,9.0037985,-40.655396,1981.6051,-27.507812,8215.879,-0.016247272,2.3599825,N-CMAPSS_DS04,6
N-CMAPSS_DS04 · Engine 6,25,563.47784,1324.0565,1630.9689,1110.369,11.880279,9.179953,12.061118,14.751042,222.24252,226.18823,9.105096,1983.529,8220.798,2.3780532,18765.9,0.575184,64.54788,482.12244,58.0,3,0,-0.0017700195,562.41907,-0.0014648438,1321.4617,0.016357422,1627.3767,0.0052490234,1108.117,-0.00031471252,11.743658,-0.00013637543,9.071755,-0.0005760193,11.922492,-0.0005874634,14.58324,-0.0056152344,219.79942,-0.0034332275,223.69781,-9.441376e-05,8.990227,-0.0063476562,1979.6189,0.04296875,8212.263,-6.842613e-05,2.3503122,N-CMAPSS_DS04,6
N-CMAPSS_DS04 · Engine 6,26,564.8171,1327.1238,1634.5963,1113.9581,11.924744,9.194081,12.106351,14.820494,224.05687,228.0224,9.141541,1983.0079,8230.828,2.4007828,18262.977,0.56611323,64.124985,483.35434,57.0,3,0,1.3392334,563.21094,3.0672607,1322.9359,3.6274414,1628.8813,3.5891113,1109.6584,0.044465065,11.824708,0.014128685,9.135363,0.045232773,12.004774,0.06945133,14.682281,1.8143463,221.24321,1.8341675,225.16878,0.036444664,9.05593,-0.52111816,1979.5262,10.030273,8216.989,0.022729635,2.3666859,N-CMAPSS_DS04,6
N-CMAPSS_DS04 · Engine 6,27,564.64716,1330.9336,1645.3827,1110.0286,11.562894,8.8482895,11.739014,14.464725,220.35925,224.22292,8.67362,2015.3779,8245.049,2.3719513,20258.412,0.6151181,67.751434,480.5304,56.0,3,0,-0.16992188,563.40533,3.8098145,1323.3732,10.786377,1629.4523,-3.9295654,1109.5454,-0.36184978,11.818981,-0.34579182,9.129238,-0.36733723,11.998974,-0.35576916,14.678464,-3.6976166,221.16194,-3.7994843,225.08733,-0.4679203,9.037918,32.369995,1980.903,14.220703,8218.624,-0.028831482,2.365158,N-CMAPSS_DS04,6
N-CMAPSS_DS04 · Engine 6,28,568.3141,1337.0793,1651.0074,1114.4474,11.913005,9.1311655,12.094387,14.89927,226.11072,230.09546,8.885586,2017.9601,8265.304,2.432979,19464.496,0.6197881,67.00241,484.14386,55.0,3,0,3.6669312,563.2704,6.145752,1323.2582,5.624756,1629.6316,4.4188232,1108.3074,0.350111,11.751857,0.282876,9.072357,0.35537338,11.930822,0.43454552,14.605445,5.751465,220.10876,5.8725433,224.01437,0.21196556,8.95266,2.5821533,1983.7896,20.254883,8218.54,0.061027765,2.3532107,N-CMAPSS_DS04,6
N-CMAPSS_DS04 · Engine 6,29,569.0583,1329.9128,1629.3502,1122.0353,12.91307,10.089819,13.109801,15.905985,236.2228,240.4998,10.065128,1956.2589,8239.237,2.5113506,15352.771,0.5303532,59.820133,490.4628,54.0,3,0,0.74420166,564.36774,-7.166504,1325.4596,-21.657227,1631.9181,7.5878906,1111.1697,1.0000648,11.918063,0.95865345,9.206623,1.0154142,12.099571,1.0067148,14.803217,10.112076,223.01414,10.404343,226.9763,1.1795425,9.104629,-61.70117,1983.3595,-26.066406,8225.733,0.078371525,2.3849816,N-CMAPSS_DS04,6
N-CMAPSS_DS04 · Engine 6,30,575.45465,1342.0503,1641.348,1137.0416,13.855781,10.857808,14.066745,17.007938,251.98108,256.5781,10.920092,1951.6112,8280.228,2.679452,12692.82,0.49682394,57.686768,497.41025,53.0,3,0,6.3963623,565.2254,12.137451,1327.3134,11.997803,1634.1481,15.006348,1113.2716,0.9427109,12.03587,0.76798916,9.300877,0.9569435,12.219156,1.1019535,14.943725,15.7582855,225.07771,16.078293,229.07967,0.8549633,9.211004,-4.647705,1984.0381,40.990234,8231.838,0.16810131,2.408073,N-CMAPSS_DS04,6
N-CMAPSS_DS04 · Engine 6,31,554.1645,1305.302,1610.6586,1090.0605,10.715672,8.252337,10.878803,13.352599,201.89917,205.44633,8.1028,1979.8658,8159.1235,2.1559079,22049.18,0.6089894,66.65791,472.8457,52.0,3,0,-21.290161,564.8621,-36.74829,1327.1519,-30.689453,1634.9744,-46.98108,1112.1536,-3.140109,11.946625,-2.6054707,9.222351,-3.1879416,12.128562,-3.6553392,14.847062,-50.08191,223.87181,-51.13176,227.8443,-2.8172913,9.118629,28.254639,1988.2047,-121.104004,8231.34,-0.5235441,2.3973222,N-CMAPSS_DS04,6
N-CMAPSS_DS04 · Engine 6,32,570.7302,1327.6085,1617.8729,1122.071,13.382835,10.56335,13.586699,16.38296,239.73271,244.16855,10.446025,1931.1053,8233.95,2.5136843,13641.48,0.5134973,55.858997,494.95206,51.0,3,0,16.565735,565.8353,22.306519,1328.0474,7.2143555,1634.3027,32.010498,1114.2257,2.6671638,12.148243,2.3110123,9.401939,2.7078953,12.3332615,3.0303602,15.070854,37.83354,226.54446,38.722214,230.58253,2.3432245,9.304614,-48.760498,1982.6443,74.82666,8234.354,0.3577764,2.4216652,N-CMAPSS_DS04,6
N-CMAPSS_DS04 · Engine 6,33,569.0371,1331.7083,1634.1025,1124.4305,12.8040905,9.961505,12.999061,15.803843,236.27138,240.5134,10.016402,1961.0668,8244.642,2.5248344,15596.17,0.524854,60.76438,489.49707,50.0,3,0,-1.6931152,566.31805,4.0997314,1327.9833,16.229614,1632.624,2.359497,1115.4806,-0.5787449,12.283297,-0.6018448,9.52584,-0.5876379,12.470367,-0.5791168,15.214048,-3.4613342,228.11246,-3.6551514,232.19269,-0.42962265,9.446148,29.961426,1976.3318,10.691406,8233.991,0.011150122,2.4347117,N-CMAPSS_DS04,6
N-CMAPSS_DS04 · Engine 6,34,560.2885,1322.6534,1638.0006,1099.0305,10.891319,8.305018,11.057164,13.667351,208.62735,212.25479,8.065243,2019.84,8218.183,2.2480938,22563.836,0.64863414,69.95429,475.34094,49.0,3,0,-8.748596,565.99896,-9.05481,1327.8429,3.8980713,1633.3289,-25.400024,1114.3473,-1.9127712,12.184369,-1.6564865,9.438333,-1.9418964,12.369914,-2.1364918,15.10562,-27.644028,226.75038,-28.258606,230.799,-1.9511595,9.342154,58.773193,1979.9623,-26.458984,8233.734,-0.27674055,2.421709,N-CMAPSS_DS04,6
N-CMAPSS_DS04 · Engine 6,35,558.2388,1317.8132,1630.1809,1099.8855,10.979163,8.405573,11.146365,13.722741,209.32967,212.98662,8.284482,2003.6771,8201.875,2.2450962,21530.018,0.6085498,68.12978,474.9804,48.0,3,0,-2.0497437,565.47504,-4.84021,1327.2185,-7.819702,1633.25,0.85498047,1113.299,0.087843895,12.094257,0.100554466,9.360895,0.08920097,12.278439,0.055390358,15.00279,0.7023163,225.4591,0.7318268,229.47884,0.21923923,9.260092,-16.162842,1981.977,-16.307617,8231.842,-0.0029976368,2.4084132,N-CMAPSS_DS04,6
N-CMAPSS_DS04 · Engine 6,36,561.0562,1310.9618,1602.0372,1114.1144,12.5223465,9.832591,12.7129345,15.323841,227.32465,231.45763,10.018503,1912.8033,8176.909,2.398452,15015.017,0.46814993,56.55177,485.88116,47.0,3,0,2.8174438,565.09894,-6.8514404,1325.6023,-28.143677,1629.9941,14.228882,1113.3146,1.5431833,12.154017,1.4270182,9.424746,1.5665693,12.339097,1.6011,15.053125,17.99498,225.78587,18.471008,229.82236,1.7340212,9.347788,-90.87378,1974.9567,-24.96582,8226.45,0.15335584,2.4081802,N-CMAPSS_DS04,6
N-CMAPSS_DS04 · Engine 6,37,562.4921,1321.5823,1626.3503,1115.0496,12.071676,9.369706,12.255522,14.895088,223.87895,227.87581,9.522852,1964.9609,8212.548,2.3847966,17620.371,0.52509975,62.915916,482.3383,46.0,3,0,1.4359131,564.8834,10.620483,1324.6672,24.31311,1628.0908,0.93518066,1113.8167,-0.45067024,12.204896,-0.4628849,9.476888,-0.45741272,12.390748,-0.4287529,15.096162,-3.445694,226.13785,-3.5818176,230.18765,-0.49565125,9.432712,52.157593,1969.9149,35.63867,8223.2,-0.013655424,2.4094646,N-CMAPSS_DS04,6
N-CMAPSS_DS04 · Engine 6,38,565.20416,1335.3776,1654.7872,1117.1696,11.614836,8.845008,11.791665,14.558727,224.08264,227.96352,8.810655,2022.9719,8258.445,2.4320679,19844.889,0.5942713,68.885155,480.1057,45.0,3,0,2.7120361,564.57245,13.795288,1324.4971,28.43689,1628.4689,2.119995,1114.0889,-0.45684052,12.175079,-0.52469826,9.448272,-0.4638567,12.360476,-0.33636093,15.062107,0.20368958,225.93504,0.08770752,229.97446,-0.7121973,9.425219,58.010986,1970.4161,45.89746,8222.514,0.04727125,2.4093735,N-CMAPSS_DS04,6
N-CMAPSS_DS04 · Engine 6,39,559.9507,1323.6617,1640.3248,1105.1412,11.037926,8.414783,11.206023,13.842245,212.46979,216.14702,8.329685,2016.4708,8219.929,2.296181,21427.637,0.6097,69.558495,475.38754,44.0,3,0,-5.253479,563.6617,-11.71582,1323.872,-14.462402,1629.5663,-12.02832,1112.3994,-0.57691,11.987564,-0.43022537,9.280767,-0.58564186,12.170098,-0.71648216,14.855733,-11.612854,223.55974,-11.816498,227.53917,-0.48096943,9.251674,-6.5010986,1976.4374,-38.5166,8220.583,-0.13588691,2.3878565,N-CMAPSS_DS04,6
N-CMAPSS_DS04 · Engine 6,40,555.6796,1303.5052,1601.1687,1088.7913,10.919468,8.477705,11.085752,13.538596,202.04099,205.66,8.271269,1960.878,8154.223,2.1292133,20935.357,0.5974381,63.494358,476.291,43.0,3,0,-4.271057,561.6842,-20.156494,1320.0175,-39.156128,1625.5483,-16.349976,1107.5745,-0.118457794,11.6939335,0.06292248,9.042758,-0.12027168,11.871999,-0.30364895,14.508799,-10.4288025,218.56573,-10.487015,222.44737,-0.058416367,8.986792,-55.592773,1977.364,-65.70557,8207.982,-0.16696763,2.3328328,N-CMAPSS_DS04,6
N-CMAPSS_DS04 · Engine 6,41,564.7217,1327.5952,1635.486,1118.041,12.144969,9.379186,12.330006,15.073402,228.39429,232.43306,9.431447,1980.0748,8232.146,2.4521518,17368.379,0.5397089,63.672436,483.73483,42.0,3,0,9.042053,562.7399,24.089966,1322.2467,34.31726,1628.0311,29.249756,1110.3724,1.2255011,11.836863,0.9014807,9.155442,1.2442541,12.017119,1.5348063,14.68088,26.353302,221.21524,26.773056,225.14604,1.1601782,9.119657,19.196777,1977.3849,77.92334,8215.285,0.32293844,2.362457,N-CMAPSS_DS04,6
N-CMAPSS_DS04 · Engine 6,42,561.0788,1319.687,1627.3953,1098.7737,11.191757,8.618888,11.362108,13.954068,210.24544,213.97011,8.375113,1997.4298,8207.934,2.2395415,21238.17,0.6264231,66.473274,478.4311,41.0,3,0,-3.6428833,561.7748,-7.908203,1321.4546,-8.090698,1628.9834,-19.267334,1108.0427,-0.9532118,11.617755,-0.7602978,8.960997,-0.9678974,11.79466,-1.1193342,14.43799,-18.14885,218.26651,-18.462952,222.12619,-1.0563345,8.912565,17.35498,1984.0173,-24.21289,8212.684,-0.21261024,2.335043,N-CMAPSS_DS04,6
N-CMAPSS_DS04 · Engine 6,43,569.5002,1337.8009,1648.457,1127.5228,12.622357,9.73907,12.814627,15.666856,237.38501,241.58214,9.827914,1987.3438,8264.93,2.5612168,16501.049,0.53883666,63.780296,487.52457,40.0,3,0,8.421387,561.82104,18.113892,1322.0638,21.061768,1630.4188,28.749146,1108.3519,1.4306002,11.599582,1.120182,8.938753,1.4525185,11.7762165,1.7127876,14.424292,27.139572,218.37787,27.61203,222.23306,1.4528017,8.893716,-10.08606,1986.645,56.996094,8214.712,0.3216753,2.3386812,N-CMAPSS_DS04,6
N-CMAPSS_DS04 · Engine 6,44,560.01483,1314.667,1616.927,1105.5225,11.694079,9.073922,11.872152,14.484383,217.61053,221.47871,9.056457,1963.8738,8188.6514,2.3221745,18711.248,0.55530816,63.183292,480.2758,39.0,3,0,-9.485352,561.7937,-23.133911,1321.2651,-31.53003,1628.3114,-22.000366,1109.0011,-0.92827797,11.679858,-0.6651478,9.015643,-0.94247437,11.857716,-1.1824732,14.505995,-19.774475,219.2762,-20.103424,223.15546,-0.7714577,8.992838,-23.46997,1981.0485,-76.27832,8211.759,-0.23904228,2.3460891,N-CMAPSS_DS04,6
N-CMAPSS_DS04 · Engine 6,45,564.7082,1327.3721,1635.0404,1117.8434,12.138973,9.379055,12.323765,15.067167,228.18933,232.22379,9.428512,1980.0717,8231.345,2.4492507,17368.379,0.5397089,63.672436,483.73483,38.0,3,0,4.6933594,562.4407,12.705078,1322.2211,18.113403,1628.7974,12.320923,1110.7969,0.44489384,11.795839,0.30513287,9.112991,0.45161247,11.975455,0.58278465,14.640437,10.578796,221.16216,10.745071,225.07918,0.37205505,9.107241,16.197876,1978.6879,42.69336,8214.706,0.12707615,2.3665047,N-CMAPSS_DS04,6
N-CMAPSS_DS04 · Engine 6,46,566.47455,1332.031,1643.3645,1115.6823,12.02496,9.279576,12.208078,14.961461,225.68195,229.68184,9.180637,1999.9965,8246.865,2.4239018,18895.516,0.59187275,66.08306,483.48874,37.0,3,0,1.7663574,562.9825,4.6589355,1324.328,8.324097,1632.9302,-2.1611328,1110.9537,-0.11401367,11.7461,-0.09947872,9.05769,-0.11568642,11.92497,-0.105706215,14.604199,-2.5073853,220.9979,-2.5419464,224.9016,-0.24787426,9.023454,19.924805,1987.4072,15.520508,8221.701,-0.025348902,2.3690495,N-CMAPSS_DS04,6
N-CMAPSS_DS04 · Engine 6,47,552.15076,1300.5273,1604.3928,1080.3226,10.373926,7.99483,10.531896,12.952252,195.25763,198.70212,7.701599,1987.018,8145.635,2.0699055,23381.795,0.63724095,67.0347,470.7362,36.0,3,0,-14.3237915,561.94836,-31.503662,1322.2225,-38.97168,1630.7344,-35.35962,1107.4811,-1.6510334,11.576325,-1.2847462,8.920202,-1.6761827,11.752607,-2.0092087,14.409916,-30.424316,218.13576,-30.979721,221.98422,-1.4790382,8.841329,-12.978516,1989.6129,-101.23047,8215.011,-0.35399628,2.3375604,N-CMAPSS_DS04,6
N-CMAPSS_DS04 · Engine 6,48,569.47833,1332.8378,1635.5725,1129.4409,13.049984,10.191444,13.248625,16.050247,239.4056,243.71822,10.381233,1955.2034,8247.639,2.5573812,14917.777,0.5015746,60.4282,490.16812,35.0,3,0,17.327576,562.37573,32.310425,1321.9685,31.179688,1628.8129,49.118286,1108.7081,2.6760578,11.71984,2.1966143,9.054846,2.7167292,11.898303,3.0979948,14.559068,44.147964,219.66806,45.016098,223.5597,2.679634,8.998386,-31.814575,1982.836,102.00391,8213.93,0.48747563,2.350092,N-CMAPSS_DS04,6
N-CMAPSS_DS04 · Engine 6,49,575.13684,1343.0789,1645.2123,1133.393,13.525683,10.568176,13.731699,16.681221,248.41675,252.92456,10.493593,1969.2573,8285.008,2.6456954,13746.868,0.5250118,59.350952,495.9132,34.0,3,0,5.6585083,563.8944,10.241089,1323.9103,9.6397705,1629.3016,3.9520264,1111.5333,0.47569942,11.968616,0.37673187,9.270185,0.4830742,12.15087,0.6309738,14.842965,9.011154,223.26276,9.206345,227.23746,0.11236,9.214777,14.053955,1978.1147,37.36914,8220.4375,0.088314295,2.3850431,N-CMAPSS_DS04,6
N-CMAPSS_DS04 · Engine 6,50,569.47766,1332.8535,1635.5938,1129.5173,13.046142,10.191328,13.244863,16.045279,239.34015,243.65099,10.380313,1955.2054,8247.721,2.5566895,14917.777,0.5015746,60.4282,490.16812,33.0,3,0,-5.6591797,565.2742,-10.225342,1326.8451,-9.61853,1632.7441,-3.8756104,1115.606,-0.47954178,12.181283,-0.37684822,9.441547,-0.48683643,12.366782,-0.63594246,15.093634,-9.076599,226.99266,-9.273575,231.03656,-0.1132803,9.425682,-14.05188,1977.5475,-37.28711,8229.787,-0.08900595,2.4277909,N-CMAPSS_DS04,6
N-CMAPSS_DS04 · Engine 6,51,574.4449,1338.3368,1634.6979,1135.3331,13.789913,10.842813,13.999852,16.90528,249.86243,254.4363,10.911403,1941.0702,8268.126,2.6493795,12554.447,0.48730978,56.608246,497.2446,32.0,3,0,4.967224,566.2465,5.4832764,1327.9192,-0.895874,1632.6653,5.815796,1117.3352,0.74377155,12.3457775,0.6514845,9.587911,0.7549896,12.533767,0.8600006,15.276821,10.522278,229.13948,10.785309,233.23688,0.5310898,9.573677,-14.135254,1973.647,20.405273,8233.385,0.09268999,2.4475136,N-CMAPSS_DS04,6
N-CMAPSS_DS04 · Engine 6,52,566.84985,1323.0537,1618.193,1115.9156,12.646667,9.915247,12.839322,15.566691,230.58063,234.76968,9.846458,1944.8398,8217.716,2.4390764,15603.865,0.5287166,58.788105,489.3649,31.0,3,0,-7.5950317,566.8236,-15.283081,1328.2559,-16.504883,1631.7451,-19.41748,1119.0493,-1.1432467,12.491268,-0.9275656,9.717546,-1.1605301,12.681488,-1.3385878,15.438084,-19.2818,231.173,-19.66661,235.31683,-1.0649443,9.720812,3.7696533,1968.388,-50.410156,8234.363,-0.21030307,2.467467,N-CMAPSS_DS04,6
N-CMAPSS_DS04 · Engine 6,53,563.7258,1323.946,1629.5701,1115.3329,11.995736,9.30323,12.178441,14.867652,224.04907,228.02567,9.324591,1972.1523,8219.598,2.3965518,17624.89,0.54214567,63.42674,483.19235,30.0,3,0,-3.1240234,566.24615,0.892334,1326.8704,11.377075,1629.8564,-0.5827637,1117.8303,-0.6509304,12.428606,-0.6120167,9.673963,-0.66088104,12.617869,-0.69903946,15.358163,-6.531555,229.8394,-6.7440186,233.96118,-0.52186775,9.67048,27.3125,1966.8689,1.8818359,8229.83,-0.042524576,2.4510007,N-CMAPSS_DS04,6
N-CMAPSS_DS04 · Engine 6,54,563.4114,1320.294,1621.6644,1110.5784,11.978841,9.318792,12.161269,14.8356905,222.33568,226.30502,9.257885,1963.6545,8207.186,2.3716338,17793.68,0.5551963,62.192154,483.79495,29.0,3,0,-0.31445312,566.5858,-3.6520996,1327.4331,-7.9056396,1630.3302,-4.7545166,1118.3359,-0.016895294,12.457083,0.0155620575,9.698449,-0.01717186,12.646781,-0.03196144,15.393294,-1.7133942,230.31192,-1.7206421,234.44382,-0.066705704,9.690622,-8.497803,1966.8469,-12.412109,8231.684,-0.02491808,2.4559464,N-CMAPSS_DS04,6
N-CMAPSS_DS04 · Engine 6,55,562.33075,1329.2528,1647.7976,1110.7684,11.308725,8.636978,11.480972,14.189126,218.20055,221.97491,8.550631,2022.9889,8238.627,2.3644726,20737.262,0.6046098,69.45571,477.42953,28.0,3,0,-1.0806274,566.3481,8.958862,1327.6212,26.133179,1631.6058,0.19006348,1117.6284,-0.6701155,12.374058,-0.6818142,9.624242,-0.6802969,12.562502,-0.6465645,15.30549,-4.135132,229.31305,-4.3301086,233.41893,-0.7072544,9.602835,59.33435,1971.1387,31.441406,8232.412,-0.0071611404,2.4474688,N-CMAPSS_DS04,6
N-CMAPSS_DS04 · Engine 6,56,563.72797,1324.0669,1629.8495,1115.6587,11.985871,9.30327,12.1684,14.854526,223.91733,227.89156,9.322766,1972.1492,8220.049,2.3956485,17624.89,0.54214567,63.42674,483.19235,27.0,3,0,1.3972168,566.0734,-5.185913,1326.8247,-17.94812,1630.2544,4.890259,1117.6261,0.67714596,12.370149,0.6662922,9.626611,0.6874275,12.558534,0.66539955,15.294796,5.7167816,229.13658,5.916641,233.2399,0.77213573,9.617047,-50.83972,1968.3539,-18.578125,8229.73,0.031175852,2.4446435,N-CMAPSS_DS04,6
N-CMAPSS_DS04 · Engine 6,57,562.47943,1321.5485,1626.4088,1115.5131,12.036586,9.369717,12.219813,14.850717,223.23657,227.22063,9.51351,1964.9683,8212.597,2.3781896,17620.371,0.52509975,62.915916,482.3383,26.0,3,0,-1.2485352,567.1063,-2.5184326,1328.9269,-3.4406738,1632.4559,-0.14562988,1121.1451,0.050714493,12.536415,0.066446304,9.764099,0.051413536,12.727325,-0.0038089752,15.484643,-0.6807556,231.93448,-0.67092896,236.09175,0.19074345,9.798239,-7.180908,1966.1489,-7.4521484,8236.427,-0.017458916,2.4754717,N-CMAPSS_DS04,6
N-CMAPSS_DS04 · Engine 6,58,562.73303,1318.9526,1619.8998,1109.8303,11.899685,9.273187,12.080892,14.71909,220.39937,224.3389,9.227469,1960.9194,8203.776,2.3444633,17867.148,0.549958,62.05212,483.28156,25.0,3,0,0.25360107,566.43176,-2.5958252,1327.5383,-6.509033,1630.8887,-5.6827393,1119.1841,-0.1369009,12.421385,-0.09652996,9.672274,-0.13892174,12.610552,-0.13162613,15.351527,-2.837204,230.03384,-2.8817291,234.15382,-0.2860403,9.682862,-4.048828,1966.7206,-8.8203125,8232.04,-0.033726215,2.45418,N-CMAPSS_DS04,6
N-CMAPSS_DS04 · Engine 6,59,561.0607,1311.0181,1602.237,1114.8586,12.477624,9.832574,12.667637,15.268128,226.52501,230.63997,10.00854,1912.8175,8177.1367,2.3902893,15015.017,0.46814993,56.55177,485.88116,24.0,3,0,-1.6723022,565.0242,-7.9345703,1324.3323,-17.66272,1626.5912,5.0283203,1117.3307,0.57793903,12.316579,0.5593872,9.598714,0.58674526,12.504147,0.54903793,15.210217,6.125641,227.84468,6.301071,231.92535,0.7810707,9.6343565,-48.10193,1961.0765,-26.639648,8221.253,0.04582596,2.4286394,N-CMAPSS_DS04,6
N-CMAPSS_DS04 · Engine 6,60,554.0006,1303.8381,1606.6276,1094.3867,10.928972,8.498637,11.095447,13.552149,204.1735,207.78168,8.439915,1965.1431,8154.436,2.1726367,20689.836,0.5702349,64.87081,474.1454,23.0,3,0,-7.0601196,563.47644,-7.1799316,1321.4308,4.390503,1623.6946,-20.471924,1113.8176,-1.5486517,12.104862,-1.3339367,9.429444,-1.5721903,12.289205,-1.7159796,14.960905,-22.351517,224.32802,-22.858292,228.33842,-1.5686255,9.440317,52.32556,1962.0703,-22.700684,8211.925,-0.21765256,2.3902342,N-CMAPSS_DS04,6
N-CMAPSS_DS04 · Engine 6,61,558.1729,1316.4746,1627.1938,1102.1046,11.0914955,8.57058,11.260368,13.829774,210.03128,213.7107,8.468822,1994.9749,8196.152,2.2533052,20932.668,0.5953488,67.37908,475.6803,22.0,3,0,4.1723022,561.84924,12.636475,1319.2445,20.566284,1622.9442,7.7178955,1110.4948,0.16252327,11.83502,0.07194233,9.202221,0.16492176,12.015256,0.27762508,14.653355,5.857788,220.3449,5.929016,224.26587,0.028906822,9.196058,29.831787,1967.4608,41.71631,8204.728,0.08066845,2.3506267,N-CMAPSS_DS04,6
N-CMAPSS_DS04 · Engine 6,62,558.23706,1310.1145,1609.5515,1104.0317,11.610716,9.08337,11.787471,14.31593,214.34262,218.18648,9.115528,1951.473,8175.375,2.2708924,18542.13,0.5388184,61.84469,479.64,21.0,3,0,0.06414795,560.988,-6.3601074,1317.9506,-17.642334,1622.0801,1.927124,1109.3064,0.51922035,11.731425,0.5127907,9.119034,0.5271025,11.910071,0.48615646,14.528278,4.3113403,218.7211,4.4757843,222.60754,0.6467066,9.122966,-43.50183,1968.1241,-20.777344,8200.493,0.017587185,2.3338084,N-CMAPSS_DS04,6
N-CMAPSS_DS04 · Engine 6,63,564.43445,1328.7799,1640.7576,1109.7406,11.525151,8.903071,11.700708,14.400989,218.61519,222.46034,8.686844,2008.3469,8237.818,2.3478985,19957.582,0.61041623,66.86255,481.121,20.0,3,0,6.1973877,561.05884,18.665405,1318.434,31.206055,1623.1987,5.7088623,1108.7471,-0.08556461,11.684366,-0.1802988,9.079018,-0.08676243,11.862298,0.08505821,14.481612,4.2725677,218.1777,4.2738647,222.05103,-0.42868423,9.059191,56.8739,1971.7435,62.44336,8202.315,0.0770061,2.328943,N-CMAPSS_DS04,6
N-CMAPSS_DS04 · Engine 6,64,570.2827,1343.7247,1662.2129,1125.239,12.131311,9.353474,12.316194,15.17064,231.40692,235.45654,9.206629,2023.0264,8285.429,2.5085378,18597.496,0.60076255,67.61563,485.435,19.0,3,0,5.8482666,561.746,14.944824,1320.7771,21.455322,1627.2537,15.498413,1110.2131,0.60616016,11.699614,0.45040226,9.082486,0.6154852,11.87779,0.7696514,14.515107,12.791733,219.08484,12.996201,222.96617,0.5197849,9.054066,14.679443,1977.6808,47.61035,8210.14,0.16063929,2.3426335,N-CMAPSS_DS04,6
N-CMAPSS_DS04 · Engine 6,65,565.92737,1331.7332,1644.2742,1115.8462,11.766793,9.125682,11.945778,14.653315,221.67201,225.58,8.993785,2001.3997,8245.647,2.3853362,19378.406,0.59949946,66.6116,482.60294,18.0,3,0,-4.3553467,562.10565,-11.991577,1321.0251,-17.93872,1626.9012,-9.392822,1110.721,-0.36451817,11.74542,-0.22779179,9.131356,-0.3704157,11.924271,-0.5173254,14.561525,-9.734909,219.43198,-9.876541,223.32668,-0.2128439,9.098381,-21.626709,1975.5219,-39.78125,8210.842,-0.12320161,2.3447196,N-CMAPSS_DS04,6
N-CMAPSS_DS04 · Engine 6,66,558.19836,1318.1299,1631.1451,1101.7343,10.883279,8.405581,11.048899,13.599349,207.67328,211.2974,8.260047,2003.6754,8203.104,2.229192,21530.018,0.6085498,68.12978,474.9804,17.0,3,0,-7.729004,561.5527,-13.6032715,1320.4314,-13.129028,1627.0309,-14.111938,1109.3285,-0.8835144,11.635161,-0.7201004,9.041587,-0.8968792,11.812321,-1.0539656,14.436008,-13.9987335,217.80757,-14.282608,221.66727,-0.73373795,8.992109,2.2757568,1978.6744,-42.543945,8209.147,-0.15614414,2.328074,N-CMAPSS_DS04,6
N-CMAPSS_DS04 · Engine 6,67,564.7179,1333.5839,1651.6976,1116.2263,11.503938,8.866938,11.679065,14.410405,221.35641,225.2008,8.733926,2020.3657,8253.289,2.398208,19892.771,0.60080826,68.29901,480.25723,16.0,3,0,6.5195312,561.7765,15.4539795,1321.635,20.55249,1629.5597,14.492065,1109.3999,0.6206589,11.581897,0.46135616,8.991309,0.63016605,11.758245,0.81105614,14.391977,13.683136,217.61955,13.903412,221.46529,0.47387886,8.91415,16.690308,1984.2142,50.185547,8213.217,0.16901588,2.330076,N-CMAPSS_DS04,6
N-CMAPSS_DS04 · Engine 6,68,558.9193,1306.508,1598.2976,1103.9352,11.799867,9.338756,11.979544,14.477902,214.48488,218.37868,9.286906,1923.5209,8163.261,2.2570584,17449.24,0.5289183,58.24004,482.80304,15.0,3,0,-5.798584,561.39514,-27.075806,1320.3905,-53.400024,1627.3995,-12.291138,1108.8103,0.29592896,11.571915,0.47181797,8.997867,0.30047894,11.748111,0.06749725,14.367858,-6.8715363,217.0281,-6.8221283,220.86926,0.5529804,8.9200945,-96.84485,1980.4744,-90.02783,8209.165,-0.14114952,2.3213353,N-CMAPSS_DS04,6
N-CMAPSS_DS04 · Engine 6,69,574.5813,1340.4965,1639.2817,1139.4939,13.681458,10.842783,13.889829,16.757711,248.92824,253.46286,10.89964,1941.0657,8275.692,2.647562,12554.447,0.48730978,56.608246,497.2446,14.0,3,0,15.661987,562.7472,33.988403,1323.3384,40.98413,1631.104,35.558716,1111.2738,1.8815918,11.692298,1.5040274,9.098887,1.910285,11.87033,2.279809,14.516816,34.44336,219.26843,35.084183,223.15155,1.6127338,9.009204,17.5448,1983.2992,112.43115,8219.0205,0.39050364,2.3470626,N-CMAPSS_DS04,6
N-CMAPSS_DS04 · Engine 6,70,567.5737,1339.4717,1658.5729,1120.7819,11.67017,9.040596,11.847879,14.608335,224.00787,227.90668,8.832147,2023.7418,8273.059,2.427041,19538.135,0.61120474,68.000824,482.81006,13.0,3,0,-7.0075684,564.1045,-1.0247803,1326.9017,19.291138,1636.2985,-18.712036,1113.9133,-2.0112886,11.7664175,-1.802187,9.153083,-2.0419493,11.945574,-2.1493769,14.622435,-24.920364,221.25188,-25.556183,225.16405,-2.0674934,9.048428,82.67615,1989.159,-2.633789,8230.883,-0.22052097,2.372503,N-CMAPSS_DS04,6
N-CMAPSS_DS04 · Engine 6,71,573.1657,1340.9941,1645.4625,1137.629,13.266139,10.499011,13.468253,16.299961,243.56871,247.95428,10.537409,1957.4865,8275.986,2.608105,14141.333,0.5153805,59.42369,493.97858,12.0,3,0,5.59198,565.60376,1.5224609,1329.3536,-13.110352,1638.1254,16.847168,1117.4658,1.5959692,11.983882,1.458415,9.345926,1.6203737,12.166362,1.6916265,14.869453,19.560837,224.60562,20.047607,228.58841,1.7052622,9.255286,-66.25537,1985.4102,2.9277344,8238.866,0.18106389,2.407983,N-CMAPSS_DS04,6
N-CMAPSS_DS04 · Engine 6,72,557.9121,1309.6171,1608.3412,1107.1904,11.436495,9.037522,11.610662,14.089818,211.88817,215.66216,8.997849,1938.1848,8173.6157,2.250548,18199.115,0.5344615,60.321663,480.29877,11.0,3,0,-15.253601,565.5713,-31.377075,1329.304,-37.121338,1638.0044,-30.438599,1117.7817,-1.8296442,11.96646,-1.4614887,9.341341,-1.8575907,12.148681,-2.210143,14.846843,-31.680542,224.36017,-32.29213,228.33597,-1.5395594,9.243518,-19.301636,1984.0814,-102.370605,8238.69,-0.35755706,2.4059486,N-CMAPSS_DS04,6
N-CMAPSS_DS04 · Engine 6,73,560.26416,1325.3009,1644.3055,1105.6658,10.680969,8.305143,10.843396,13.384622,205.70436,209.25565,8.020387,2019.8492,8227.476,2.2266316,22563.836,0.64863414,69.95429,475.34094,10.0,3,0,2.3520508,565.1543,15.683838,1328.956,35.964355,1638.3591,-1.5246582,1117.3741,-0.7555256,11.882042,-0.73237896,9.2815485,-0.7672663,12.06295,-0.7051964,14.745206,-6.1838074,223.06909,-6.4065094,227.0155,-0.97746277,9.176872,81.66443,1985.2316,53.859863,8237.656,-0.023916245,2.393822,N-CMAPSS_DS04,6
N-CMAPSS_DS04 · Engine 6,74,566.81885,1329.4008,1633.2324,1129.9714,12.477344,9.904296,12.667594,15.332906,231.13054,235.24443,9.960974,1943.5872,8236.545,2.481475,15452.168,0.5122162,59.368008,488.53452,9.0,3,0,6.5546875,564.80786,4.0998535,1327.5236,-11.07312,1635.461,24.305664,1117.8474,1.7963743,11.916645,1.5991526,9.336631,1.8241978,12.09809,1.9482841,14.761433,25.426178,223.04144,25.988785,226.9943,1.940587,9.252307,-76.262085,1977.2877,9.069336,8232.768,0.25484347,2.3911157,N-CMAPSS_DS04,6
N-CMAPSS_DS04 · Engine 6,75,557.22455,1315.2026,1624.8762,1105.1321,10.859774,8.572624,11.02512,13.47055,205.42722,209.02713,8.390154,1978.598,8193.651,2.1992843,20695.357,0.59237385,64.931335,476.39212,8.0,3,0,-9.594299,563.9376,-14.19812,1325.8706,-8.356201,1633.5212,-24.839355,1116.776,-1.6175699,11.825943,-1.3316717,9.281325,-1.6424742,12.006024,-1.8623562,14.643156,-25.703323,221.41696,-26.2173,225.339,-1.5708199,9.191944,35.010864,1975.0076,-42.893555,8227.568,-0.2821908,2.3725104,N-CMAPSS_DS04,6
N-CMAPSS_DS04 · Engine 6,76,565.7084,1335.4,1652.1509,1129.609,11.863583,9.372541,12.044266,14.695176,225.52818,229.45258,9.3316765,1986.253,8258.324,2.4490244,17961.738,0.562289,64.67564,483.7368,7.0,3,0,8.483826,564.6886,20.197388,1327.5975,27.274658,1635.6218,24.476929,1119.5635,1.003809,11.923973,0.7999172,9.378021,1.019146,12.10556,1.2246265,14.752739,20.100967,223.20245,20.425446,227.15453,0.9415226,9.299107,7.6550293,1973.2653,64.67285,8233.09,0.24974012,2.3944938,N-CMAPSS_DS04,6
N-CMAPSS_DS04 · Engine 6,77,557.0064,1319.2944,1636.0244,1106.6642,10.544411,8.324418,10.705108,13.137396,202.82074,206.31946,8.07146,1997.8752,8208.003,2.1889243,21916.113,0.61893916,67.18103,474.4407,6.0,3,0,-8.701965,563.9175,-16.10559,1326.1686,-16.126465,1634.0546,-22.944824,1118.6073,-1.3191719,11.828021,-1.0481234,9.323769,-1.339158,12.008165,-1.5577803,14.625438,-22.707443,221.34889,-23.133118,225.26639,-1.2602167,9.232861,11.622192,1971.0162,-50.32129,8228.562,-0.26010013,2.3735654,N-CMAPSS_DS04,6
N-CMAPSS_DS04 · Engine 6,78,550.77026,1301.9105,1607.6869,1104.2599,10.60696,8.476243,10.768467,13.041535,199.8628,203.34927,8.4866495,1938.2885,8149.8604,2.1393268,20217.834,0.53940576,61.95686,472.9166,5.0,3,0,-6.236145,563.10254,-17.383911,1325.7089,-28.337524,1634.9934,-2.4042969,1118.6398,0.06254959,11.708731,0.15182495,9.237518,0.06335926,11.887057,-0.09586048,14.481801,-2.9579468,219.88669,-2.9701843,223.76344,0.41518974,9.152835,-59.586792,1972.493,-58.14258,8227.222,-0.0495975,2.3617923,N-CMAPSS_DS04,6
N-CMAPSS_DS04 · Engine 6,79,552.424,1309.9127,1625.3148,1098.5382,10.016133,7.994788,10.168645,12.4519415,192.1129,195.4243,7.6567945,1987.034,8178.1123,2.0672264,23381.795,0.63724095,67.0347,470.7362,4.0,3,0,1.6537476,560.88684,8.002197,1322.6505,17.62793,1633.5968,-5.7216797,1114.5442,-0.590827,11.342197,-0.48145485,8.952719,-0.59982204,11.514939,-0.5895939,14.051224,-7.749893,214.20515,-7.9249725,217.9596,-0.82985497,8.82855,48.745605,1977.0898,28.251953,8217.463,-0.0721004,2.3037586,N-CMAPSS_DS04,6
N-CMAPSS_DS04 · Engine 6,80,568.2725,1339.0066,1651.7301,1140.7031,12.224854,9.87875,12.411008,14.995444,229.696,233.72325,9.783142,1951.9121,8271.104,2.486936,15865.957,0.5370134,59.790783,489.1914,3.0,3,0,15.848511,560.95667,29.093872,1322.604,26.415283,1632.9125,42.164917,1116.5364,2.2087212,11.397666,1.8839617,9.036533,2.242363,11.571252,2.5435028,14.089935,37.5831,214.77396,38.29895,218.54124,2.1263475,8.92365,-35.12195,1969.9069,92.99121,8217.268,0.41970968,2.3097482,N-CMAPSS_DS04,6
N-CMAPSS_DS04 · Engine 6,81,564.706,1346.5282,1682.4218,1138.6628,10.930331,8.722547,11.096886,13.625744,216.23976,219.85545,8.536933,2024.1903,8296.863,2.39854,20710.695,0.6171141,69.502815,478.97324,2.0,3,0,-3.5665283,560.1107,7.5216064,1323.1573,30.69165,1636.6084,-2.0402832,1116.6396,-1.2945232,11.164085,-1.1562033,8.858888,-1.3141222,11.334115,-1.3697004,13.822514,-13.456238,212.04106,-13.867798,215.73137,-1.2462091,8.723602,72.2782,1976.5773,25.759766,8219.355,-0.08839607,2.2887917,N-CMAPSS_DS04,6
N-CMAPSS_DS04 · Engine 6,82,568.27344,1355.2787,1692.936,1148.2931,11.23092,9.04057,11.402017,13.9626875,221.99808,225.72107,8.803857,2023.731,8326.739,2.461037,19538.135,0.61120474,68.000824,482.81006,1.0,3,0,3.5674438,561.14685,8.750488,1327.7235,10.514282,1645.0679,9.630249,1120.75,0.3005886,11.143528,0.31802368,8.859192,0.30513096,11.313251,0.33694363,13.8098,5.758316,213.05206,5.865616,216.73726,0.2669239,8.704203,-0.4593506,1985.1318,29.875977,8234.668,0.0624969,2.3098407,N-CMAPSS_DS04,6
N-CMAPSS_DS04 · Engine 6,83,562.20575,1345.2937,1684.5009,1143.6428,10.663073,8.635709,10.825432,13.215426,211.79045,215.30647,8.476966,2010.3541,8294.677,2.35433,20833.182,0.6055026,68.37613,477.40198,0.0,3,0,-6.067688,561.341,-9.984985,1329.7228,-8.435181,1649.0874,-4.6502686,1124.5476,-0.56784725,11.141738,-0.40486145,8.892248,-0.5765848,11.311454,-0.74726105,13.792881,-10.207626,213.66066,-10.414597,217.34235,-0.32689095,8.749861,-13.376831,1984.1824,-32.0625,8241.388,-0.10670686,2.3226104,N-CMAPSS_DS04,6
N-CMAPSS_DS05 · Engine 1,1,569.9995,1334.4935,1638.326,1127.1656,12.947073,10.064324,13.144235,15.990973,239.47816,243.77031,10.104283,1964.8182,8253.332,2.5658712,15355.068,0.5285012,60.729637,490.34897,79.0,2,1,0.0,569.9995,0.0,1334.4935,0.0,1638.326,0.0,1127.1656,0.0,12.947073,0.0,10.064324,0.0,13.144235,0.0,15.990973,0.0,239.47816,0.0,243.77031,0.0,10.104283,0.0,1964.8182,0.0,8253.332,0.0,2.5658712,N-CMAPSS_DS05,1
N-CMAPSS_DS05 · Engine 1,2,573.8,1343.1862,1650.9753,1133.1151,13.232735,10.26405,13.434249,16.38496,245.72874,250.10889,10.259858,1978.6287,8281.4375,2.6545222,15203.756,0.54624027,62.218052,492.6489,78.0,2,1,3.800476,571.8998,8.692627,1338.8398,12.649292,1644.6506,5.949463,1130.1404,0.2856617,13.089904,0.19972515,10.1641865,0.29001427,13.289242,0.3939867,16.187967,6.25058,242.60345,6.3385773,246.9396,0.1555748,10.182071,13.810425,1971.7234,28.105469,8267.385,0.08865094,2.6101966,N-CMAPSS_DS05,1
N-CMAPSS_DS05 · Engine 1,3,572.129,1336.5724,1638.6866,1124.3044,13.040728,10.166335,13.239318,16.11477,239.41455,243.73578,10.002326,1969.4996,8260.288,2.55837,15694.056,0.56281126,60.788155,492.3428,77.0,2,1,-1.6709595,571.9762,-6.6137695,1338.084,-12.288696,1642.6627,-8.810669,1128.1951,-0.19200706,13.073512,-0.097714424,10.164903,-0.19493103,13.2726,-0.2701893,16.163568,-6.3141937,241.54048,-6.373108,245.87166,-0.25753212,10.122156,-9.129028,1970.9822,-21.149414,8265.02,-0.09615207,2.5929213,N-CMAPSS_DS05,1
N-CMAPSS_DS05 · Engine 1,4,574.845,1341.1512,1641.7769,1129.2621,13.478699,10.538309,13.683959,16.616535,246.02423,250.50601,10.372749,1967.1638,8278.138,2.6163864,14408.603,0.5479862,59.3418,495.67398,76.0,2,1,2.7159424,572.69336,4.5788574,1338.8508,3.09021,1642.4412,4.9576416,1128.4618,0.43797112,13.1748085,0.371974,10.258255,0.4446411,13.375441,0.5017643,16.27681,6.60968,242.66142,6.770233,247.03024,0.37042332,10.184804,-2.3358154,1970.0276,17.84961,8268.299,0.0580163,2.5987875,N-CMAPSS_DS05,1
N-CMAPSS_DS05 · Engine 1,5,572.777,1334.1001,1630.9025,1128.0647,13.459376,10.564755,13.664341,16.544052,243.61115,248.04335,10.486263,1943.804,8250.25,2.598626,14188.078,0.53375256,58.33811,494.9625,75.0,2,1,-2.0679932,572.7101,-7.0511475,1337.9006,-10.87439,1640.1334,-1.1973877,1128.3824,-0.019322395,13.231722,0.026446342,10.319554,-0.019618034,13.43322,-0.07248306,16.330257,-2.413086,242.85136,-2.4626617,247.23286,0.11351395,10.245096,-23.359863,1964.7828,-27.887695,8264.689,-0.017760515,2.5987551,N-CMAPSS_DS05,1
N-CMAPSS_DS05 · Engine 1,6,569.92224,1328.5621,1623.537,1126.3585,13.266503,10.42482,13.468531,16.262878,239.61372,243.97969,10.478899,1932.138,8232.639,2.5443184,13981.661,0.5035257,57.540943,493.02878,74.0,2,1,-2.8547363,572.2455,-5.537964,1336.3442,-7.3654785,1637.3674,-1.7061768,1128.045,-0.192873,13.237519,-0.1399355,10.337099,-0.19581032,13.439105,-0.2811737,16.319029,-3.9974213,242.31177,-4.0636597,246.69067,-0.007364273,10.284063,-11.666016,1959.342,-17.611328,8259.348,-0.05430746,2.5896823,N-CMAPSS_DS05,1
N-CMAPSS_DS05 · Engine 1,7,571.70703,1333.9597,1633.4463,1125.4739,13.150966,10.273374,13.351234,16.213291,240.39174,244.73563,10.192545,1954.9171,8251.144,2.5696964,15036.028,0.5428714,59.650852,492.89868,73.0,2,1,1.78479,572.1685,5.397583,1336.0037,9.909302,1636.8073,-0.88464355,1127.6777,-0.11553764,13.225154,-0.15144634,10.327995,-0.11729622,13.426553,-0.04958725,16.303923,0.77801514,242.03748,0.75593567,246.41138,-0.28635406,10.270989,22.779175,1958.71,18.504883,8258.176,0.025377989,2.5868273,N-CMAPSS_DS05,1
N-CMAPSS_DS05 · Engine 1,8,570.7512,1330.2626,1625.8419,1125.2817,13.278137,10.416219,13.480342,16.304588,240.66628,245.0519,10.3976145,1939.1322,8239.594,2.5561473,14301.734,0.51945126,57.77336,493.4327,72.0,2,1,-0.95581055,571.9914,-3.6971436,1335.286,-7.60437,1635.4365,-0.19213867,1127.3783,0.12717152,13.231777,0.14284515,10.339024,0.12910748,13.433276,0.09129715,16.304007,0.27453613,241.86607,0.31626892,246.24144,0.20506954,10.286818,-15.784912,1956.2627,-11.549805,8255.853,-0.013549089,2.5829923,N-CMAPSS_DS05,1
N-CMAPSS_DS05 · Engine 1,9,572.7683,1333.9535,1630.5883,1127.8208,13.459327,10.564755,13.664291,16.543507,243.62144,248.05527,10.486354,1943.8032,8250.142,2.5981767,14188.078,0.53375256,58.33811,494.9625,71.0,2,1,2.0170898,572.0777,3.690918,1335.138,4.746338,1634.8978,2.5390625,1127.4275,0.18118954,13.25706,0.14853668,10.364104,0.18394947,13.458944,0.2389183,16.330618,2.9551697,242.06111,3.0033722,246.44298,0.088739395,10.308988,4.6710205,1954.8783,10.547852,8255.218,0.04202938,2.5846794,N-CMAPSS_DS05,1
N-CMAPSS_DS05 · Engine 1,10,573.1539,1345.7756,1659.2173,1131.7552,12.881145,9.919823,13.077305,16.026644,242.64337,246.92319,9.87601,1999.2375,8290.082,2.6313086,16406.443,0.56670016,64.43656,490.2456,70.0,2,1,0.38555908,572.1853,11.822144,1336.2017,28.629028,1637.3298,3.9344482,1127.8602,-0.5781822,13.219469,-0.64493275,10.319676,-0.58698654,13.42078,-0.51686287,16.30022,-0.9780731,242.11934,-1.1320801,246.491,-0.61034393,10.26569,55.434326,1959.3142,39.94043,8258.704,0.033131838,2.5893424,N-CMAPSS_DS05,1
N-CMAPSS_DS05 · Engine 1,11,571.4224,1334.7074,1635.3666,1127.8174,13.156208,10.275238,13.356557,16.209717,240.60031,244.94664,10.259528,1954.734,8252.794,2.5695968,14822.974,0.5307563,59.674324,492.5276,69.0,2,1,-1.7314453,572.32764,-11.068237,1336.2231,-23.850708,1637.0338,-3.9378662,1127.9254,0.2750635,13.240382,0.35541534,10.340768,0.27925205,13.442013,0.18307304,16.322094,-2.0430603,242.23155,-1.9765472,246.60863,0.38351822,10.281215,-44.50354,1958.3058,-37.288086,8258.65,-0.06171179,2.589715,N-CMAPSS_DS05,1
N-CMAPSS_DS05 · Engine 1,12,573.1549,1345.7917,1659.2538,1131.7842,12.881151,9.919823,13.077311,16.026705,242.6419,246.92152,9.876,1999.2375,8289.924,2.6313598,16406.443,0.56670016,64.43656,490.2456,68.0,2,1,1.7324829,572.2631,11.084351,1336.4836,23.887207,1637.8617,3.9667969,1127.7922,-0.27505684,13.205224,-0.35541534,10.306345,-0.27924633,13.406319,-0.18301201,16.286268,2.0415955,241.92287,1.974884,246.2899,-0.38352776,10.242829,44.50354,1960.3667,37.129883,8259.499,0.06176305,2.5873985,N-CMAPSS_DS05,1
N-CMAPSS_DS05 · Engine 1,13,568.3789,1329.8522,1632.1178,1118.4008,12.552303,9.767276,12.743456,15.51847,231.10149,235.2553,9.659805,1966.7166,8238.642,2.4665592,16778.236,0.5618968,61.64738,488.43365,67.0,2,1,-4.776001,571.88806,-15.939575,1335.8116,-27.135986,1637.2048,-13.383423,1127.2019,-0.3288479,13.156382,-0.15254688,10.266439,-0.33385468,13.356732,-0.508235,16.226639,-11.540421,241.09157,-11.666229,245.44185,-0.2161951,10.208577,-32.520996,1960.0884,-51.282227,8257.335,-0.16480064,2.5782175,N-CMAPSS_DS05,1
N-CMAPSS_DS05 · Engine 1,14,564.95215,1331.2246,1644.8776,1116.5068,11.840432,9.077294,12.020742,14.77827,225.5685,229.50694,9.03163,2001.4122,8243.899,2.439673,18826.605,0.5776019,66.36396,481.9466,66.0,2,1,-3.4267578,570.8988,1.3724365,1334.819,12.759766,1637.5149,-1.8939209,1125.9264,-0.71187115,12.992555,-0.68998146,10.1203375,-0.7227135,13.190411,-0.74020004,16.042812,-5.5329895,239.04599,-5.748352,243.34195,-0.62817574,10.074465,34.69568,1963.5132,5.2578125,8253.911,-0.026886225,2.5605462,N-CMAPSS_DS05,1
N-CMAPSS_DS05 · Engine 1,15,568.20953,1324.3673,1617.418,1121.4398,13.083617,10.288567,13.28286,16.0183,235.68661,240.00063,10.328684,1928.1869,8220.461,2.4890363,14535.537,0.5056305,56.998535,491.71945,65.0,2,1,3.2573853,570.4421,-6.8573,1333.8457,-27.459595,1636.1665,4.9329834,1125.2639,1.243185,12.954979,1.2112722,10.092719,1.2621174,13.152263,1.2400293,15.990237,10.118118,238.25354,10.493683,242.53767,1.2970543,10.058707,-73.22534,1961.9515,-23.438477,8250.932,0.049363375,2.5495872,N-CMAPSS_DS05,1
N-CMAPSS_DS05 · Engine 1,16,564.95233,1331.2311,1644.8866,1116.521,11.840433,9.077294,12.020743,14.77828,225.5693,229.50772,9.031635,2001.4125,8244.093,2.4396873,18826.605,0.5776019,66.36396,481.9466,64.0,2,1,-3.2572021,569.94507,6.8637695,1334.1125,27.468628,1638.3014,-4.9188232,1124.2802,-1.2431841,12.812372,-1.2112722,9.957966,-1.2621164,13.007484,-1.2400188,15.841777,-10.11731,236.84909,-10.492905,241.09047,-1.2970486,9.9139805,73.225586,1968.879,23.631836,8252.077,-0.04934907,2.539124,N-CMAPSS_DS05,1
N-CMAPSS_DS05 · Engine 1,17,570.70776,1334.1211,1636.5173,1128.6766,13.12426,10.232625,13.324121,16.18929,241.3983,245.72502,10.255729,1956.3645,8249.758,2.5950375,15015.889,0.5309409,60.38167,491.57748,63.0,2,1,5.755432,569.84515,2.8900146,1334.1287,-8.369263,1638.6085,12.15564,1124.6005,1.2838268,12.809701,1.1553307,9.953892,1.3033781,13.004773,1.4110088,15.839376,15.828995,236.94975,16.2173,241.1894,1.2240934,9.920299,-45.047974,1969.0237,5.665039,8251.938,0.15535021,2.5416582,N-CMAPSS_DS05,1
N-CMAPSS_DS05 · Engine 1,18,575.2995,1343.3583,1647.5327,1137.0947,13.596953,10.601948,13.804013,16.772387,249.56808,254.04945,10.626124,1961.2507,8279.874,2.6901388,14014.463,0.52964306,60.33626,495.45612,62.0,2,1,4.591736,570.3,9.237183,1335.4382,11.015381,1640.7776,8.418091,1125.7817,0.47269344,12.841583,0.36932278,9.972465,0.47989178,13.03714,0.58309746,15.886157,8.169785,237.83994,8.324432,242.08917,0.37039566,9.94315,4.8862305,1971.2356,30.11621,8255.967,0.09510136,2.5550573,N-CMAPSS_DS05,1
N-CMAPSS_DS05 · Engine 1,19,578.6327,1339.6692,1627.1718,1140.6268,14.773847,11.757123,14.998828,17.9524,259.03696,263.8892,11.77105,1908.91,8269.576,2.7256505,10434.371,0.4811129,52.786076,504.1716,61.0,2,1,3.333191,570.8864,-3.689087,1336.0099,-20.360962,1640.4359,3.5321045,1127.0624,1.1768932,12.973035,1.1551752,10.0917015,1.1948147,13.170593,1.1800137,16.027046,9.468872,239.38148,9.839737,243.67256,1.1449261,10.07162,-52.3407,1967.7462,-10.297852,8257.91,0.035511732,2.5678048,N-CMAPSS_DS05,1
N-CMAPSS_DS05 · Engine 1,20,565.63715,1317.7231,1607.7589,1117.3945,12.895392,10.178983,13.091769,15.760136,230.5446,234.77715,10.200706,1915.8021,8196.353,2.4258335,14651.537,0.5022506,56.420033,490.28226,60.0,2,1,-12.995544,570.13477,-21.946045,1333.2046,-19.412842,1635.29,-23.2323,1125.6262,-1.8784542,12.97446,-1.5781403,10.117617,-1.9070587,13.17204,-2.1922646,16.000395,-28.492355,238.1716,-29.112045,242.45796,-1.5703449,10.104089,6.89209,1959.4027,-73.22363,8248.537,-0.2998171,2.5472572,N-CMAPSS_DS05,1
N-CMAPSS_DS05 · Engine 1,21,577.1978,1342.8556,1638.0532,1145.2909,14.469014,11.393321,14.689355,17.6703,260.25183,265.02756,11.597666,1924.5398,8280.462,2.769145,10726.354,0.4577774,54.635307,501.06744,59.0,2,1,11.560669,570.7123,25.132446,1334.0194,30.294312,1635.5587,27.896362,1127.3737,1.5736217,13.105741,1.2143383,10.229425,1.5975857,13.30532,1.9101639,16.146454,29.70723,240.13676,30.250412,244.46605,1.3969603,10.237903,8.737671,1956.3833,84.109375,8251.304,0.34331155,2.567212,N-CMAPSS_DS05,1
N-CMAPSS_DS05 · Engine 1,22,573.7771,1334.5697,1627.6434,1131.8856,13.7585535,10.847968,13.968075,16.816572,246.01884,250.55632,10.875074,1928.5216,8253.867,2.5965078,12879.4795,0.49666947,55.832188,497.29602,58.0,2,1,-3.4207153,570.7745,-8.285889,1332.8972,-10.40979,1632.3977,-13.405273,1127.3838,-0.71046066,13.1934805,-0.54535294,10.32224,-0.7212801,13.394396,-0.85372734,16.225441,-14.232986,240.47446,-14.471237,244.82953,-0.7225914,10.3378105,3.9818115,1949.3116,-26.594727,8247.698,-0.17263722,2.563727,N-CMAPSS_DS05,1
N-CMAPSS_DS05 · Engine 1,23,570.0448,1327.7147,1622.0073,1130.016,13.445667,10.558102,13.650423,16.45754,242.85904,247.26643,10.770337,1918.6937,8227.34,2.5946944,13567.173,0.4825522,56.820026,493.4253,57.0,2,1,-3.7322998,570.9411,-6.8549805,1332.6835,-5.6361084,1631.3867,-1.8696289,1128.5453,-0.31288624,13.282817,-0.28986645,10.401322,-0.31765175,13.485093,-0.35903168,16.319347,-3.1598053,241.6502,-3.2898865,246.03064,-0.10473728,10.448864,-9.827881,1944.5094,-26.527344,8246.568,-0.0018134117,2.5765405,N-CMAPSS_DS05,1
N-CMAPSS_DS05 · Engine 1,24,566.8743,1328.5231,1632.7136,1115.8073,12.259065,9.503905,12.44575,15.198884,227.72414,231.78844,9.380001,1974.1368,8235.255,2.4346547,17359.363,0.5664805,62.6286,486.43045,56.0,2,0,-3.1704712,571.1333,0.8083496,1332.4133,10.706299,1630.1703,-14.20874,1128.4753,-1.1866026,13.32468,-1.0541964,10.443983,-1.2046728,13.527594,-1.2586565,16.361408,-15.134903,241.86577,-15.477997,246.25879,-1.390336,10.483701,55.443115,1941.7819,7.915039,8245.704,-0.16003966,2.5760386,N-CMAPSS_DS05,1
N-CMAPSS_DS05 · Engine 1,25,567.25037,1333.741,1644.8766,1118.8224,12.16693,9.376873,12.352213,15.132337,228.62442,232.66626,9.290568,1995.0818,8251.72,2.4593155,18237.4,0.58091164,65.05716,484.79245,55.0,2,0,0.3760376,571.03735,5.2178955,1333.3507,12.162964,1632.9161,3.0151367,1128.2136,-0.092134476,13.233011,-0.12703228,10.352814,-0.09353733,13.434529,-0.066547394,16.272812,0.9002838,241.15955,0.8778229,245.52536,-0.08943272,10.3798895,20.944946,1948.4713,16.464844,8248.83,0.024660826,2.5730665,N-CMAPSS_DS05,1
N-CMAPSS_DS05 · Engine 1,26,572.6765,1332.4362,1626.239,1128.5269,13.556399,10.675965,13.762843,16.610504,243.24446,247.70596,10.6435375,1931.9258,8244.023,2.5789797,13643.143,0.51702696,56.875496,495.79425,54.0,2,0,5.4261475,571.8098,-1.3048096,1333.4712,-18.637573,1631.0514,9.704468,1129.4142,1.3894691,13.404608,1.2990923,10.512681,1.4106302,13.608739,1.4781675,16.456036,14.620041,242.92706,15.039703,247.34518,1.3529692,10.5410795,-63.156006,1941.5227,-7.696289,8248.822,0.11966419,2.5869958,N-CMAPSS_DS05,1
N-CMAPSS_DS05 · Engine 1,27,570.395,1336.4038,1642.7714,1125.216,12.820469,9.9557705,13.015704,15.864787,237.40768,241.65318,9.892902,1976.8748,8260.344,2.5477068,16233.463,0.55636483,62.382175,489.65338,53.0,2,0,-2.2814941,571.7785,3.9676514,1333.6995,16.532349,1631.6768,-3.310913,1129.0681,-0.73593044,13.374229,-0.7201948,10.484996,-0.747139,13.577897,-0.74571705,16.423584,-5.8367767,242.528,-6.05278,246.93799,-0.75063515,10.504797,44.948975,1943.5737,16.320312,8249.881,-0.03127289,2.5822628,N-CMAPSS_DS05,1
N-CMAPSS_DS05 · Engine 1,28,569.0252,1327.002,1622.4968,1121.7606,13.009523,10.209028,13.207639,15.976508,235.3188,239.60468,10.17449,1938.553,8226.743,2.4958417,15024.462,0.52688015,58.188286,491.62665,52.0,2,0,-1.369812,571.1511,-9.401855,1332.0638,-20.274536,1629.1732,-3.4553223,1127.5347,0.18905449,13.315486,0.25325775,10.4457035,0.19193459,13.51826,0.11172104,16.343996,-2.0888824,241.10307,-2.0485077,245.49352,0.2815876,10.459633,-38.321777,1941.304,-33.600586,8244.568,-0.0518651,2.562833,N-CMAPSS_DS05,1
N-CMAPSS_DS05 · Engine 1,29,572.7992,1343.6041,1654.378,1127.951,12.824324,9.900498,13.019618,15.948765,240.45917,244.72838,9.761252,1997.0458,8284.221,2.5928073,16430.98,0.57311535,63.726135,490.53177,51.0,2,0,3.7739868,570.56775,16.602173,1332.4573,31.881226,1631.8938,6.1904297,1126.2671,-0.18519974,13.120534,-0.30852985,10.260041,-0.1880207,13.320339,-0.02774334,16.143633,5.1403656,239.2453,5.123703,243.57744,-0.41323757,10.258654,58.492798,1950.1176,57.47754,8246.033,0.09696555,2.5495486,N-CMAPSS_DS05,1
N-CMAPSS_DS05 · Engine 1,30,574.22095,1339.6726,1641.082,1134.4633,13.565942,10.603491,13.772531,16.716429,248.015,252.48149,10.598282,1953.1198,8267.402,2.6674178,13955.705,0.52842075,59.38139,495.31418,50.0,2,0,1.4217529,571.42615,-3.9315186,1334.6522,-13.2960205,1635.2262,6.512207,1127.974,0.74161816,13.187589,0.70299244,10.302492,0.7529125,13.388415,0.76766396,16.239262,7.555832,240.99234,7.753113,245.34787,0.83702946,10.298411,-43.926025,1953.8492,-16.81836,8253.138,0.07461047,2.573707,N-CMAPSS_DS05,1
N-CMAPSS_DS05 · Engine 1,31,571.42755,1334.794,1635.5491,1127.9619,13.156236,10.275238,13.356584,16.210032,240.59459,244.93996,10.259475,1954.734,8253.067,2.5698512,14822.974,0.5307563,59.674324,492.5276,49.0,2,0,-2.793396,570.8491,-4.878662,1333.8461,-5.532959,1634.9757,-6.501343,1126.2411,-0.40970612,13.056311,-0.3282528,10.190684,-0.41594696,13.255138,-0.50639725,16.093235,-7.42041,239.02661,-7.5415344,243.33911,-0.3388071,10.164592,1.6142578,1956.8687,-14.334961,8250.398,-0.097566605,2.5537777,N-CMAPSS_DS05,1
N-CMAPSS_DS05 · Engine 1,32,571.7776,1336.4597,1640.2764,1129.6635,13.114383,10.196053,13.314095,16.213352,242.48865,246.8097,10.203738,1960.1919,8257.466,2.620066,15214.76,0.54024357,61.10619,491.88904,48.0,2,0,0.35003662,570.6492,1.6657715,1334.0352,4.727295,1636.239,1.7015381,1126.0189,-0.04185295,12.991894,-0.079185486,10.125492,-0.04248905,13.18974,0.003320694,16.032913,1.8940582,238.6736,1.8697357,242.96445,-0.05573654,10.097458,5.4578857,1960.0358,4.3984375,8250.758,0.050214767,2.5561335,N-CMAPSS_DS05,1
N-CMAPSS_DS05 · Engine 1,33,577.8648,1346.6377,1647.9778,1143.6042,14.165121,11.086979,14.380835,17.418694,258.1991,262.86545,11.167132,1949.4625,8290.213,2.7805176,12282.582,0.5033366,58.05244,499.3343,47.0,2,0,6.087219,571.43115,10.1779785,1335.9274,7.701416,1638.836,13.940796,1127.3777,1.0507383,13.063839,0.89092636,10.17838,1.06674,13.262781,1.2053413,16.129028,15.710449,240.2076,16.055756,244.52435,0.96339417,10.137138,-10.72937,1963.1125,32.74707,8257.045,0.16045165,2.5747159,N-CMAPSS_DS05,1
N-CMAPSS_DS05 · Engine 1,34,558.95953,1299.6616,1581.6885,1108.25,12.433809,9.827097,12.623157,15.142864,221.5536,225.60632,10.034401,1873.166,8134.208,2.333283,15039.068,0.4664781,54.099754,486.0672,46.0,2,0,-18.905273,570.63965,-46.976074,1333.0413,-66.28931,1633.7335,-35.354248,1126.622,-1.7313118,13.081314,-1.259882,10.210699,-1.757678,13.280521,-2.2758293,16.123426,-36.645493,239.59055,-37.259125,243.90614,-1.1327314,10.202578,-76.29651,1953.0155,-156.00488,8246.94,-0.44723463,2.5645785,N-CMAPSS_DS05,1
N-CMAPSS_DS05 · Engine 1,35,573.5079,1337.6952,1637.9259,1131.7987,13.4367075,10.514931,13.641327,16.543697,244.5694,248.98965,10.485057,1950.7843,8259.95,2.6205702,14267.166,0.53196794,59.1717,494.79147,45.0,2,0,14.54834,571.26544,38.03357,1333.4366,56.237427,1633.0385,23.548706,1127.9196,1.0028982,13.208291,0.6878338,10.324505,1.0181704,13.409433,1.4008331,16.264563,23.015793,241.18504,23.383331,245.53848,0.45065594,10.322027,77.618286,1948.5858,125.74219,8247.764,0.28728724,2.5807042,N-CMAPSS_DS05,1
N-CMAPSS_DS05 · Engine 1,36,577.81116,1339.4269,1628.9221,1137.8649,14.441064,11.453428,14.660979,17.60278,255.07953,259.82968,11.392841,1917.6405,8267.847,2.6890488,11257.178,0.4963276,53.743977,502.64673,44.0,2,0,4.3032837,571.7789,1.7316895,1334.1357,-9.003784,1633.3068,6.066162,1128.8534,1.0043564,13.296758,0.93849754,10.402251,1.0196524,13.499247,1.059082,16.36379,10.510132,242.36855,10.840027,246.75085,0.90778446,10.396957,-33.1438,1947.1572,7.8964844,8250.146,0.068478584,2.591711,N-CMAPSS_DS05,1
N-CMAPSS_DS05 · Engine 1,37,566.9043,1329.0068,1633.752,1116.6252,12.259223,9.503905,12.445911,15.200656,227.69029,231.74968,9.379701,1974.1368,8235.418,2.436016,17359.363,0.5664805,62.6286,486.43045,43.0,2,0,-10.90686,571.4298,-10.420044,1333.396,4.829834,1632.4049,-21.239624,1127.9944,-2.181841,13.240633,-1.949523,10.357065,-2.2150679,13.442267,-2.4021235,16.297379,-27.389236,241.39682,-28.080002,245.7605,-2.0131407,10.345637,56.496338,1946.8834,-32.42871,8247.653,-0.25303268,2.5805418,N-CMAPSS_DS05,1
N-CMAPSS_DS05 · Engine 1,38,579.8203,1342.8601,1631.1697,1154.1759,15.314913,12.1765785,15.548135,18.54318,269.05255,274.06097,12.565677,1888.6487,8276.845,2.851693,8315.011,0.41099468,51.020016,506.17673,42.0,2,0,12.916016,572.50934,13.8532715,1334.9819,-2.5822754,1633.2721,37.55066,1131.2358,3.0556898,13.471172,2.6726732,10.55382,3.1022234,13.676317,3.3425245,16.554045,41.36226,244.77019,42.311295,249.20613,3.185976,10.584756,-85.48816,1941.8931,41.426758,8252.664,0.41567683,2.616127,N-CMAPSS_DS05,1
N-CMAPSS_DS05 · Engine 1,39,570.044,1337.6925,1646.9469,1127.157,12.719514,9.841696,12.913212,15.7767935,237.41978,241.62823,9.824162,1981.8772,8261.908,2.5623355,16445.031,0.5544522,63.185886,488.66473,41.0,2,0,-9.776306,572.2338,-5.1676025,1334.3907,15.777222,1632.529,-27.01892,1131.1565,-2.595399,13.460691,-2.3348827,10.547939,-2.634923,13.665676,-2.766387,16.536848,-31.632767,244.46625,-32.43274,248.89612,-2.7415152,10.591046,93.228516,1940.3762,-14.936523,8250.433,-0.28935742,2.6130798,N-CMAPSS_DS05,1
N-CMAPSS_DS05 · Engine 1,40,568.8109,1331.8417,1636.3934,1116.5482,12.390577,9.60016,12.579266,15.391507,230.25108,234.35547,9.372524,1978.796,8244.036,2.4708538,17495.398,0.58742595,62.53941,488.05774,40.0,2,0,-1.2330933,571.6928,-5.85083,1333.6077,-10.553467,1632.0602,-10.608765,1129.365,-0.32893658,13.343155,-0.24153614,10.447606,-0.33394623,13.54635,-0.38528633,16.404356,-7.168701,242.68985,-7.272766,247.08351,-0.45163727,10.468471,-3.0811768,1942.9438,-17.87207,8248.096,-0.091481686,2.5934234,N-CMAPSS_DS05,1
N-CMAPSS_DS05 · Engine 1,41,577.74896,1343.0289,1636.1785,1152.1805,14.869051,11.7528305,15.095484,18.067987,265.0839,269.96817,12.14766,1905.4785,8278.976,2.8171341,9283.248,0.4138973,52.583942,502.92285,39.0,2,0,8.938049,572.32495,11.187256,1334.4312,-0.21496582,1632.123,35.632324,1131.7869,2.4784737,13.514437,2.1526709,10.595366,2.5162182,13.72024,2.6764803,16.59015,34.83281,245.1388,35.6127,249.58633,2.775136,10.6572895,-73.317505,1938.0183,34.939453,8250.687,0.34628034,2.6181517,N-CMAPSS_DS05,1
N-CMAPSS_DS05 · Engine 1,42,570.4175,1335.0242,1638.8125,1126.1208,12.871395,10.012377,13.067407,15.904328,237.35469,241.61171,9.9690485,1965.0168,8254.043,2.5406265,15585.395,0.5397253,60.92251,490.66147,38.0,2,0,-7.331482,572.18896,-8.004761,1334.2876,2.6340332,1631.9767,-26.059692,1131.4326,-1.9976559,13.490137,-1.7404537,10.576998,-2.0280771,13.695571,-2.163659,16.559248,-27.729202,244.6254,-28.35646,249.06653,-2.1786118,10.633821,59.53833,1938.5007,-24.932617,8250.345,-0.27650762,2.6102078,N-CMAPSS_DS05,1
N-CMAPSS_DS05 · Engine 1,43,578.685,1337.4252,1622.6051,1141.0637,14.787354,11.787123,15.012541,17.969662,258.10614,262.92624,11.7774105,1894.2797,8256.203,2.7293956,10264.728,0.48356205,52.151432,504.89142,37.0,2,0,8.267517,572.27094,2.401001,1333.3663,-16.207397,1629.4395,14.942871,1131.1785,1.9159594,13.552361,1.774746,10.647013,1.9451342,13.758741,2.0653334,16.614346,20.75145,244.61609,21.31453,249.07262,1.808362,10.694848,-70.73718,1932.9824,2.1601562,8246.943,0.1887691,2.6050956,N-CMAPSS_DS05,1
N-CMAPSS_DS05 · Engine 1,44,571.784,1335.2618,1636.234,1127.6849,13.151396,10.273374,13.35167,16.218088,240.2977,244.6276,10.191734,1954.9171,8251.3,2.5735886,15036.028,0.5428714,59.650852,492.89868,36.0,2,0,-6.901001,573.5534,-2.16333,1336.9263,13.628906,1634.894,-13.378784,1133.122,-1.6359587,13.62412,-1.5137491,10.69164,-1.6608706,13.8315935,-1.7515736,16.721869,-17.808441,246.49051,-18.298645,250.97475,-1.5856762,10.710582,60.63745,1941.1576,-4.9033203,8258.652,-0.15580702,2.6291263,N-CMAPSS_DS05,1
N-CMAPSS_DS05 · Engine 1,45,570.46277,1337.5143,1645.1948,1127.1315,12.820838,9.9557705,13.01608,15.868839,237.32405,241.55774,9.892197,1976.8748,8259.315,2.5510247,16233.463,0.55636483,62.382175,489.65338,35.0,2,0,-1.321228,573.2489,2.2524414,1336.9082,8.960815,1635.6208,-0.5534668,1132.6553,-0.33055782,13.562532,-0.3176031,10.635724,-0.33559036,13.769069,-0.3492489,16.654383,-2.973648,245.76598,-3.0698547,250.23155,-0.29953766,10.651296,21.957642,1943.7666,8.015625,8258.589,-0.022563934,2.6221716,N-CMAPSS_DS05,1
N-CMAPSS_DS05 · Engine 1,46,571.3398,1338.7528,1647.1124,1126.267,12.725802,9.853822,12.919595,15.806653,236.88046,241.07913,9.720185,1982.137,8262.185,2.5606763,16638.547,0.57398754,63.068886,489.9106,34.0,2,0,0.87701416,572.60175,1.2385254,1336.8408,1.9176025,1637.44,-0.86450195,1131.4955,-0.09503555,13.391006,-0.10194874,10.475763,-0.09648514,13.59493,-0.06218624,16.47477,-0.44358826,243.94606,-0.47860718,248.35649,-0.17201138,10.48403,5.262207,1950.2163,2.8691406,8258.022,0.009651661,2.6093345,N-CMAPSS_DS05,1
N-CMAPSS_DS05 · Engine 1,47,570.4433,1336.1514,1640.8002,1127.0592,12.939539,10.062684,13.136588,15.986675,238.88612,243.17125,10.02627,1968.1458,8257.043,2.5563903,15504.85,0.5365296,60.66391,490.71222,33.0,2,0,-0.8964844,572.9556,-2.6014404,1337.5553,-6.312256,1638.1448,0.7922363,1132.5388,0.21373653,13.459038,0.2088623,10.531641,0.21699333,13.663998,0.18002224,16.553371,2.005661,245.06564,2.0921173,249.49866,0.30608463,10.548687,-13.991211,1949.6172,-5.1416016,8260.186,-0.004286051,2.6213717,N-CMAPSS_DS05,1
N-CMAPSS_DS05 · Engine 1,48,571.6895,1336.8812,1639.4769,1133.6368,13.287411,10.356957,13.489758,16.376839,244.14577,248.52464,10.42169,1950.2688,8256.073,2.6215534,14144.742,0.5090334,58.957146,493.08554,32.0,2,0,1.2462158,572.1426,0.7298584,1336.9574,-1.3232422,1638.9755,6.5776367,1130.485,0.34787178,13.256288,0.29427338,10.349679,0.35316944,13.45816,0.39016342,16.336737,5.2596436,242.57497,5.3533936,246.94502,0.39542007,10.334288,-17.876953,1955.7792,-0.96972656,8258.108,0.065163136,2.598358,N-CMAPSS_DS05,1
N-CMAPSS_DS05 · Engine 1,49,571.85474,1335.137,1634.7299,1127.2439,13.19641,10.33975,13.397371,16.24253,239.41891,243.76752,10.215763,1952.5596,8250.356,2.5464032,14815.186,0.54063094,58.820072,493.52567,31.0,2,0,0.16522217,572.32367,-1.7442627,1336.7019,-4.7470703,1637.7538,-6.3929443,1130.4937,-0.09100056,13.303977,-0.017207146,10.399485,-0.092386246,13.506576,-0.13430786,16.38331,-4.7268524,242.77489,-4.757126,247.15895,-0.2059269,10.373448,2.2907715,1952.8474,-5.716797,8256.953,-0.07515025,2.5967646,N-CMAPSS_DS05,1
N-CMAPSS_DS05 · Engine 1,50,573.64124,1336.4738,1635.3253,1134.6785,13.625842,10.681102,13.833342,16.7645,247.40985,251.86238,10.6715765,1936.2527,8249.369,2.6673486,13789.272,0.5266087,58.171696,495.77966,30.0,2,0,1.786499,572.8067,1.336792,1337.165,0.595459,1637.647,7.4345703,1132.3066,0.42943192,13.427504,0.3413515,10.507579,0.4359703,13.631984,0.52196884,16.52061,7.9909363,244.49075,8.094864,248.90964,0.4558134,10.503353,-16.306885,1948.593,-0.9873047,8257.486,0.12094545,2.616414,N-CMAPSS_DS05,1
N-CMAPSS_DS05 · Engine 1,51,571.22144,1325.0018,1608.5244,1136.704,14.15883,11.276844,14.374447,17.13753,247.78236,252.40375,11.549668,1874.5637,8214.981,2.5968678,10434.208,0.42138648,50.45521,499.07065,29.0,2,0,-2.4197998,572.15393,-11.471924,1335.3623,-26.800903,1634.8816,2.0255127,1130.759,0.5329876,13.356482,0.5957422,10.45998,0.5411053,13.559879,0.3730297,16.427565,0.37251282,242.7606,0.5413666,247.1532,0.8780918,10.443554,-61.688965,1945.5016,-34.387695,8251.087,-0.07048082,2.5943875,N-CMAPSS_DS05,1
N-CMAPSS_DS05 · Engine 1,52,574.94794,1346.0164,1653.59,1142.468,13.609871,10.58719,13.817127,16.80082,251.154,255.63205,10.700995,1963.3192,8282.852,2.7162926,13642.245,0.5092652,59.967514,495.04807,28.0,2,0,3.7265015,572.607,21.014526,1336.4615,45.06555,1636.3593,5.764038,1132.3938,-0.5489588,13.430329,-0.68965435,10.517462,-0.55731964,13.634851,-0.33670998,16.517214,3.371643,244.14053,3.228302,248.55524,-0.84867287,10.516749,88.75549,1945.3318,67.87012,8253.968,0.11942482,2.6119542,N-CMAPSS_DS05,1
N-CMAPSS_DS05 · Engine 1,53,571.5484,1336.8262,1639.9564,1131.4625,13.156898,10.275238,13.357255,16.21752,240.44412,244.76741,10.25821,1954.734,8252.67,2.5759962,14822.974,0.5307563,59.674324,492.5276,27.0,2,0,-3.3995361,571.8933,-9.190186,1336.4016,-13.633545,1638.0945,-11.005493,1131.4336,-0.45297337,13.267283,-0.31195164,10.366273,-0.45987225,13.469323,-0.58329964,16.342,-10.709885,242.37433,-10.864639,246.73935,-0.44278526,10.364829,-8.585205,1951.3772,-30.18164,8253.614,-0.14029646,2.5966141,N-CMAPSS_DS05,1
N-CMAPSS_DS05 · Engine 1,54,559.072,1301.6343,1586.0197,1111.738,12.434352,9.827097,12.623706,15.149689,221.4126,225.44434,10.033274,1873.169,8134.0317,2.3389907,15039.068,0.4664781,54.099754,486.0672,26.0,2,0,-12.476379,570.62213,-35.191895,1333.039,-53.936768,1633.073,-19.724487,1129.839,-0.7225456,13.19558,-0.4481411,10.321646,-0.7335491,13.396526,-1.067831,16.235159,-19.031525,240.48582,-19.323074,244.82101,-0.22493649,10.348983,-81.56506,1943.2024,-118.63818,8241.888,-0.23700547,2.5731544,N-CMAPSS_DS05,1
N-CMAPSS_DS05 · Engine 1,55,577.1999,1341.8591,1637.3795,1143.0671,14.294696,11.282236,14.5123825,17.486254,255.43602,260.10034,11.3007345,1922.1764,8266.615,2.732653,11628.72,0.49652347,55.31957,500.96957,25.0,2,0,18.127869,571.29584,40.224854,1333.4734,51.359863,1632.2915,31.329102,1131.4325,1.8603439,13.342965,1.4551392,10.454292,1.8886766,13.546157,2.336565,16.3969,34.023422,242.29703,34.656006,246.67528,1.2674608,10.489837,49.007446,1937.7327,132.5835,8242.617,0.3936622,2.5913172,N-CMAPSS_DS05,1
N-CMAPSS_DS05 · Engine 1,56,567.86523,1328.2089,1628.9122,1122.5779,12.702377,9.928016,12.895815,15.65907,231.65327,235.81273,9.855158,1947.2274,8222.865,2.4773924,15976.356,0.5437652,59.74028,489.44373,24.0,2,0,-9.334656,570.94836,-13.650269,1332.419,-8.467285,1630.4714,-20.489258,1131.0636,-1.5923185,13.340623,-1.3542204,10.461712,-1.6165676,13.543779,-1.8271837,16.382143,-23.782745,241.7743,-24.287613,246.14864,-1.4455767,10.503334,25.051025,1934.2417,-43.75,8238.686,-0.25526047,2.5829887,N-CMAPSS_DS05,1
N-CMAPSS_DS05 · Engine 1,57,568.37604,1327.3131,1623.769,1126.5029,13.084489,10.288567,13.283745,16.028446,235.47237,239.75458,10.326919,1928.1866,8219.929,2.497771,14535.537,0.5056305,56.998535,491.71945,23.0,2,0,0.5108032,570.74164,-0.89575195,1331.5352,-5.1431885,1628.7683,3.9250488,1131.0079,0.38211155,13.355118,0.36055088,10.4843,0.38792992,13.558495,0.36937618,16.38632,3.8190918,241.43292,3.9418488,245.80698,0.47176075,10.533399,-19.040771,1930.2457,-2.9365234,8234.975,0.02037859,2.577127,N-CMAPSS_DS05,1
N-CMAPSS_DS05 · Engine 1,58,569.9451,1339.2078,1650.1761,1129.911,12.643737,9.779835,12.836283,15.695915,235.86583,240.03299,9.730831,1980.481,8258.218,2.5460382,16351.198,0.55071324,62.567627,488.75323,22.0,2,0,1.5690918,570.5672,11.894653,1331.7678,26.407104,1629.8383,3.408081,1130.6354,-0.44075203,13.2907505,-0.50873184,10.426587,-0.44746208,13.493147,-0.33253098,16.318228,0.39346313,240.60493,0.27841187,244.95781,-0.59608746,10.464313,52.29431,1933.267,38.289062,8235.188,0.048267126,2.5695753,N-CMAPSS_DS05,1
N-CMAPSS_DS05 · Engine 1,59,565.8136,1320.7903,1614.4519,1122.7341,12.896319,10.178983,13.09271,15.77091,230.32149,234.52101,10.198912,1915.8021,8195.653,2.4348707,14651.537,0.5022506,56.420033,490.28226,21.0,2,0,-4.131531,569.9631,-18.41748,1330.3331,-35.724243,1627.8104,-7.17688,1130.1844,0.25258255,13.260741,0.399148,10.410511,0.2564268,13.462681,0.07499504,16.271065,-5.544342,239.69519,-5.511978,244.03316,0.46808052,10.462627,-64.67883,1929.5912,-62.564453,8229.719,-0.11116743,2.558422,N-CMAPSS_DS05,1
N-CMAPSS_DS05 · Engine 1,60,569.5204,1341.0371,1656.937,1130.3945,12.440197,9.567538,12.629642,15.50242,234.71465,238.80875,9.514385,1992.1753,8261.561,2.556187,17428.506,0.5727685,64.476135,486.89374,20.0,2,0,3.706787,569.551,20.246826,1330.7896,42.485107,1629.9717,7.6604004,1129.756,-0.4561224,13.142177,-0.6114445,10.299154,-0.463068,13.342311,-0.26848984,16.144857,4.393158,238.42567,4.287735,242.7278,-0.68452644,10.346909,76.37317,1935.1835,65.90723,8230.9375,0.121316195,2.547306,N-CMAPSS_DS05,1
N-CMAPSS_DS05 · Engine 1,61,563.50415,1326.6069,1637.278,1118.4008,11.8364935,9.158735,12.016746,14.692301,220.20172,224.06828,9.10151,1972.797,8212.713,2.3741167,18596.695,0.56923974,64.17728,482.29517,19.0,2,0,-6.0162354,568.7793,-14.430176,1330.95,-19.659058,1632.8469,-11.993774,1127.9257,-0.6037035,12.909943,-0.408803,10.087343,-0.61289597,13.106541,-0.8101196,15.900334,-14.512924,235.6676,-14.740463,239.89424,-0.41287518,10.102093,-19.378296,1945.0068,-48.847656,8230.711,-0.18207026,2.5250309,N-CMAPSS_DS05,1
N-CMAPSS_DS05 · Engine 1,62,573.10693,1346.0459,1660.4481,1140.2096,13.095046,10.126208,13.294462,16.265038,244.70789,248.9852,10.135411,1978.5165,8273.101,2.6795125,15648.194,0.55145067,62.965393,491.3559,18.0,2,0,9.602783,568.59515,19.438965,1330.953,23.170166,1633.5328,21.808838,1127.6998,1.2585526,12.85846,0.96747303,10.041245,1.2777166,13.054275,1.5727367,15.846756,24.506165,235.023,24.916916,239.22957,1.0339012,10.045534,5.7194824,1946.5265,60.387695,8229.735,0.30539584,2.5213528,N-CMAPSS_DS05,1
N-CMAPSS_DS05 · Engine 1,63,575.9942,1345.3182,1648.599,1142.8503,13.817824,10.840895,14.028248,16.98444,249.58806,254.09828,10.80691,1946.1573,8271.74,2.6777027,13161.821,0.5176882,57.682983,497.7264,17.0,2,0,2.887268,569.03973,-0.72766113,1331.8021,-11.849121,1634.3971,2.640747,1128.8386,0.7227783,12.924553,0.7146864,10.097811,0.7337856,13.121374,0.7194023,15.923449,4.8801727,235.9374,5.113083,240.16264,0.6714983,10.100405,-32.35913,1945.6688,-1.3603516,8231.643,-0.0018098354,2.5315235,N-CMAPSS_DS05,1
N-CMAPSS_DS05 · Engine 1,64,575.6809,1340.0553,1636.8083,1142.0144,14.024372,11.075925,14.237943,17.16472,249.99771,254.54588,11.035789,1919.9677,8253.213,2.675758,12234.09,0.505139,55.436535,499.55142,16.0,2,0,-0.31329346,570.7006,-5.2629395,1335.6443,-11.790649,1639.476,-0.8359375,1131.8662,0.20654774,13.083555,0.23503017,10.222693,0.20969486,13.282798,0.18028069,16.124952,0.4096527,238.7959,0.44760132,243.0728,0.22887897,10.200656,-26.189697,1950.3488,-18.527344,8243.561,-0.0019447803,2.5652,N-CMAPSS_DS05,1
N-CMAPSS_DS05 · Engine 1,65,570.6624,1346.1631,1667.11,1132.8577,12.31353,9.454711,12.501045,15.386723,232.548,236.58243,9.319814,2007.1238,8271.775,2.540838,18138.215,0.5957119,66.29885,486.55243,15.0,2,0,-5.0184937,570.0469,6.107788,1336.0747,30.301636,1642.449,-9.156738,1130.8453,-1.7108421,12.885439,-1.6212139,10.039941,-1.7368975,13.081664,-1.777998,15.914998,-17.449707,236.5071,-17.963455,240.72101,-1.7159748,10.002563,87.15613,1958.8435,18.5625,8244.077,-0.13491988,2.5460186,N-CMAPSS_DS05,1
N-CMAPSS_DS05 · Engine 1,66,579.8965,1362.1467,1680.5359,1151.3682,13.757702,10.652465,13.967211,17.09168,255.77544,260.291,10.517756,1999.419,8324.211,2.78852,14328.303,0.5605235,62.360374,497.27798,14.0,2,0,9.23407,571.25,15.983643,1339.4685,13.425903,1647.6113,18.510498,1133.7244,1.4441719,12.990971,1.1977539,10.112386,1.4661655,13.188804,1.704958,16.05826,23.227432,238.91931,23.708557,243.16884,1.1979427,10.068824,-7.704834,1964.0626,52.435547,8254.211,0.2476821,2.5771315,N-CMAPSS_DS05,1
N-CMAPSS_DS05 · Engine 1,67,573.81116,1344.279,1651.408,1148.103,13.734232,10.755985,13.943381,16.874556,249.44684,253.90227,10.922056,1941.921,8260.27,2.694903,13012.074,0.48910174,57.879543,495.5336,13.0,2,0,-6.085327,571.7935,-17.867676,1341.165,-29.12793,1650.3752,-3.2651367,1135.8844,-0.023469925,13.055945,0.10352039,10.159128,-0.02382946,13.254766,-0.21712494,16.14287,-6.328598,240.31676,-6.3887177,244.5836,0.40429974,10.128338,-57.497925,1965.436,-63.941406,8258.245,-0.0936172,2.5968447,N-CMAPSS_DS05,1
N-CMAPSS_DS05 · Engine 1,68,575.6994,1349.8799,1662.0146,1148.605,13.599252,10.601948,13.806347,16.79784,249.0429,253.44992,10.621779,1961.251,8276.572,2.7110581,14014.463,0.52964306,60.33626,495.45612,12.0,2,0,1.8882446,572.36896,5.60083,1342.2323,10.606689,1651.5591,0.5019531,1137.7538,-0.1349802,13.151497,-0.15403748,10.24134,-0.13703442,13.351773,-0.07671547,16.253063,-0.40394592,241.63446,-0.4523468,245.9253,-0.30027676,10.217432,19.329956,1963.5131,16.302734,8260.081,0.016155243,2.6133466,N-CMAPSS_DS05,1
N-CMAPSS_DS05 · Engine 1,69,567.3009,1335.5427,1648.046,1127.8988,12.261391,9.503905,12.4481125,15.223334,227.20583,231.19814,9.375536,1974.1368,8231.602,2.4547372,17359.363,0.5664805,62.6286,486.43045,11.0,2,0,-8.398499,572.5177,-14.337158,1343.7075,-13.968628,1654.9185,-20.706177,1138.2703,-1.3378611,13.088004,-1.0980425,10.173832,-1.3582344,13.287313,-1.5745058,16.198305,-21.837067,241.3229,-22.251785,245.59302,-1.2462435,10.135095,12.885864,1969.3466,-44.970703,8263.676,-0.25632095,2.6153333,N-CMAPSS_DS05,1
N-CMAPSS_DS05 · Engine 1,70,568.84393,1337.5182,1649.109,1131.8236,12.554882,9.767276,12.746074,15.545267,230.51338,234.58571,9.654821,1966.7151,8234.34,2.4891694,16778.236,0.5618968,61.64738,488.43365,10.0,2,0,1.5430298,572.4501,1.9754639,1343.3556,1.0629883,1654.1357,3.9248047,1138.4131,0.29349136,13.099472,0.2633705,10.193806,0.29796124,13.298957,0.3219328,16.202589,3.3075562,240.90277,3.3875732,245.17072,0.27928543,10.149138,-7.421753,1966.8005,2.7382812,8260.953,0.034432173,2.6086316,N-CMAPSS_DS05,1
N-CMAPSS_DS05 · Engine 1,71,582.84216,1356.9988,1658.0044,1163.6694,15.203731,12.050479,15.435261,18.553349,268.61652,273.518,12.081964,1919.2728,8295.563,2.8887897,9550.788,0.4788489,53.36811,506.97748,9.0,2,0,13.99823,574.38385,19.48059,1346.3948,8.895386,1656.2084,31.845825,1142.94,2.6488485,13.436196,2.2832031,10.48298,2.689187,13.640808,3.0080814,16.588696,38.103134,245.74426,38.932297,250.11568,2.4271421,10.447184,-47.44226,1961.4481,61.223633,8269.238,0.3996203,2.6600988,N-CMAPSS_DS05,1
N-CMAPSS_DS05 · Engine 1,72,574.2528,1343.305,1646.6841,1147.1094,13.761207,10.847968,13.970768,16.845514,245.33792,249.77654,10.869561,1928.5216,8248.183,2.6236813,12879.4795,0.49666947,55.832188,497.29602,8.0,2,0,-8.589355,574.4984,-13.693726,1346.1207,-11.3203125,1654.8319,-16.560059,1143.63,-1.442524,13.502812,-1.2025108,10.555156,-1.4644928,13.708439,-1.7078342,16.646742,-23.278595,245.80725,-23.74147,250.19481,-1.2124023,10.520598,9.248779,1956.4486,-47.38086,8266.747,-0.26510835,2.6545157,N-CMAPSS_DS05,1
N-CMAPSS_DS05 · Engine 1,73,573.4053,1346.1083,1657.6449,1147.1433,13.390875,10.470691,13.594796,16.508612,243.30432,247.61554,10.469416,1951.9437,8254.316,2.638499,14298.891,0.52477556,59.308784,494.10648,7.0,2,0,-0.8475342,574.23956,2.8032227,1346.1997,10.960815,1655.7366,0.033935547,1144.0593,-0.37033176,13.460117,-0.37727737,10.518135,-0.3759718,13.665093,-0.33690262,16.59916,-2.0335999,245.17888,-2.1609955,249.54654,-0.40014553,10.486849,23.42212,1957.0272,6.133789,8265.005,0.014817715,2.6505954,N-CMAPSS_DS05,1
N-CMAPSS_DS05 · Engine 1,74,581.7229,1365.9331,1684.262,1163.783,14.280882,11.139206,14.498356,17.651041,260.8657,265.47583,11.059294,1975.3531,8316.174,2.852232,12654.418,0.53331786,59.63439,500.88086,6.0,2,0,8.317627,574.84375,19.82483,1348.7875,26.617065,1660.4819,16.639648,1146.2361,0.890007,13.485768,0.6685152,10.524464,0.9035597,13.691135,1.1424294,16.64779,17.56137,246.26569,17.86029,250.63954,0.5898781,10.4892,23.409424,1962.5658,61.85742,8271.301,0.21373296,2.6682427,N-CMAPSS_DS05,1
N-CMAPSS_DS05 · Engine 1,75,575.10156,1352.6387,1669.0444,1152.4684,13.51355,10.54379,13.719341,16.701033,246.74211,251.08647,10.496013,1964.8472,8268.786,2.690188,14318.288,0.5360029,59.88747,494.93607,5.0,2,0,-6.621338,575.28766,-13.294434,1349.435,-15.217529,1660.6753,-11.314575,1148.1973,-0.7673321,13.60577,-0.59541607,10.633371,-0.7790146,13.812964,-0.9500084,16.779222,-14.123581,247.68509,-14.3893585,252.08994,-0.56328106,10.606819,-10.505981,1958.3381,-47.387695,8271.002,-0.16204405,2.6831777,N-CMAPSS_DS05,1
N-CMAPSS_DS05 · Engine 1,76,563.9908,1334.3348,1655.0967,1132.4512,11.839104,9.158735,12.019395,14.71827,219.59082,223.37695,9.096386,1972.7969,8205.805,2.3966048,18596.695,0.56923974,64.17728,482.29517,4.0,2,0,-11.110779,573.6971,-18.303833,1346.6538,-13.947754,1658.1313,-20.017212,1146.3055,-1.6744461,13.41391,-1.3850546,10.483998,-1.6999464,13.618183,-1.9827623,16.541882,-27.15129,244.06664,-27.709518,248.39853,-1.3996267,10.464683,7.949707,1955.6759,-62.981445,8259.161,-0.29358315,2.6439862,N-CMAPSS_DS05,1
N-CMAPSS_DS05 · Engine 1,77,571.24084,1347.476,1668.4224,1147.4972,12.792046,9.921083,12.986847,15.888048,236.19276,240.2764,9.8528185,1969.5088,8243.269,2.5974169,16256.186,0.5584079,62.131863,489.9055,3.0,2,0,7.250061,573.44006,13.141113,1346.9735,13.325684,1659.8329,15.0460205,1146.2449,0.9529419,13.319692,0.7623482,10.400508,0.96745205,13.52253,1.1697779,16.443232,16.601944,242.74123,16.899445,247.03595,0.75643253,10.3577585,-3.288086,1958.4347,37.463867,8257.461,0.2008121,2.6342375,N-CMAPSS_DS05,1
N-CMAPSS_DS05 · Engine 1,78,577.4358,1361.3478,1684.668,1164.5969,13.793878,10.750423,14.003938,17.06136,252.1876,256.58362,10.753607,1970.2854,8283.501,2.774154,13710.262,0.52924293,60.45674,496.42297,2.0,2,0,6.1949463,573.6137,13.871826,1348.1204,16.245605,1662.0981,17.099731,1147.8441,1.001832,13.339154,0.82934,10.415356,1.0170908,13.542289,1.1733112,16.469584,15.994843,243.0557,16.30722,247.34932,0.9007883,10.370941,0.7766113,1959.3381,40.23242,8258.154,0.17673707,2.6405473,N-CMAPSS_DS05,1
N-CMAPSS_DS05 · Engine 1,79,577.8919,1354.1432,1664.6344,1164.9213,14.298648,11.282236,14.516396,17.53145,254.41472,258.93423,11.29261,1922.1764,8256.918,2.7731326,11628.72,0.49652347,55.31957,500.96957,1.0,2,0,0.45611572,574.6728,-7.20459,1349.9803,-20.03357,1663.7571,0.32434082,1151.5464,0.5047703,13.54288,0.53181267,10.593189,0.51245785,13.749117,0.47009087,16.700394,2.2271118,245.77658,2.3506165,250.12292,0.5390034,10.562649,-48.10901,1954.1421,-26.583008,8260.686,-0.0010213852,2.6723866,N-CMAPSS_DS05,1
N-CMAPSS_DS05 · Engine 1,80,571.4847,1349.4557,1669.8617,1156.0005,13.070063,10.198941,13.2691,16.136698,237.76198,241.9059,10.228839,1953.0999,8237.762,2.5959637,14811.668,0.517205,59.393612,491.8014,0.0,2,0,-6.4072266,574.9369,-4.6875,1351.1741,5.227295,1665.8323,-8.920776,1153.9641,-1.2285852,13.5943985,-1.0832949,10.636355,-1.2472954,13.80142,-1.3947525,16.759537,-16.65274,246.50145,-17.028336,250.85495,-1.0637712,10.62005,30.923462,1952.7805,-19.15625,8261.027,-0.17716885,2.6830661,N-CMAPSS_DS05,1
N-CMAPSS_DS05 · Engine 6,1,564.70874,1331.8688,1647.3136,1111.3444,11.569225,8.848295,11.745407,14.472057,220.62387,224.48418,8.677688,2015.381,8247.232,2.3778305,20258.412,0.6151181,67.751434,480.5304,66.0,3,1,0.0,564.70874,0.0,1331.8688,0.0,1647.3136,0.0,1111.3444,0.0,11.569225,0.0,8.848295,0.0,11.745407,0.0,14.472057,0.0,220.62387,0.0,224.48418,0.0,8.677688,0.0,2015.381,0.0,8247.232,0.0,2.3778305,N-CMAPSS_DS05,6
N-CMAPSS_DS05 · Engine 6,2,562.13367,1337.3604,1669.4396,1110.1735,10.6321535,7.9450607,10.794064,13.496306,211.9048,215.47093,7.8023095,2067.0288,8265.556,2.3255851,23626.055,0.66210604,75.21778,472.73734,65.0,3,1,-2.5750732,563.4212,5.491577,1334.6145,22.125977,1658.3766,-1.1708984,1110.7589,-0.9370718,11.100689,-0.9032345,8.396678,-0.95134354,11.269735,-0.9757509,13.984182,-8.71907,216.26434,-9.013245,219.97755,-0.87537813,8.239999,51.647827,2041.2048,18.323242,8256.395,-0.05224538,2.351708,N-CMAPSS_DS05,6
N-CMAPSS_DS05 · Engine 6,3,575.5104,1342.9417,1643.2048,1138.3097,13.862806,10.857789,14.073914,17.016119,252.24313,256.83685,10.923479,1951.6119,8282.438,2.6856112,12692.82,0.49682394,57.686768,497.41025,64.0,3,1,13.376709,567.4509,5.581299,1337.3903,-26.234741,1653.3193,28.13623,1119.9425,3.2306528,12.021395,2.9127283,9.217049,3.27985,12.204461,3.5198126,14.994827,40.338333,228.25726,41.36592,232.26399,3.1211696,9.134492,-115.41687,2011.3406,16.882812,8265.075,0.36002612,2.4630089,N-CMAPSS_DS05,6
N-CMAPSS_DS05 · Engine 6,4,564.5151,1333.097,1651.4415,1113.4308,11.482234,8.743518,11.65709,14.402591,221.08813,224.91628,8.623906,2020.5009,8250.314,2.3994803,20403.91,0.61186045,68.85688,479.60736,63.0,3,1,-10.9953,566.717,-9.8446045,1336.3169,8.236694,1652.8499,-24.878906,1118.3146,-2.3805723,11.886604,-2.1142712,9.098665,-2.4168234,12.067618,-2.6135283,14.846768,-31.154999,226.46498,-31.920578,230.42706,-2.299573,9.006845,68.888916,2013.6306,-32.124023,8261.385,-0.2861309,2.4471269,N-CMAPSS_DS05,6
N-CMAPSS_DS05 · Engine 6,5,558.87524,1323.0388,1641.8193,1102.7849,10.794719,8.189414,10.9591055,13.56332,209.1432,212.74065,8.083651,2021.0964,8217.186,2.2649453,22387.512,0.62534225,70.215004,473.7109,62.0,3,1,-5.6398315,565.1486,-10.058228,1333.6614,-9.622192,1650.6438,-10.645874,1115.2086,-0.68751526,11.668227,-0.55410385,8.916816,-0.6979847,11.845916,-0.8392706,14.590078,-11.944931,223.00063,-12.175629,226.88977,-0.54025555,8.8222065,0.59558105,2015.1238,-33.128906,8252.545,-0.13453507,2.4106905,N-CMAPSS_DS05,6
N-CMAPSS_DS05 · Engine 6,6,568.91724,1326.7386,1620.4934,1128.5588,13.354349,10.499733,13.5577135,16.32761,240.9938,245.39305,10.675696,1920.9072,8226.32,2.552659,13351.06,0.4746277,55.999107,492.96655,61.0,3,1,10.041992,565.77673,3.699829,1332.5076,-21.325928,1645.6187,25.773926,1117.4337,2.5596304,11.949247,2.310319,9.180635,2.598608,12.131216,2.7642899,14.879667,31.850601,225.9995,32.652405,229.97366,2.5920458,9.131122,-100.18921,1999.421,9.134766,8248.175,0.28771377,2.434352,N-CMAPSS_DS05,6
N-CMAPSS_DS05 · Engine 6,7,574.5157,1339.4248,1636.9214,1136.5845,13.820384,10.842796,14.030848,16.942915,250.55428,255.1311,10.920312,1941.0679,8270.13,2.6607482,12554.447,0.48730978,56.608246,497.2446,60.0,3,1,5.5984497,567.02515,12.686157,1333.4957,16.427979,1644.3762,8.025635,1120.1696,0.4660349,12.216553,0.34306335,9.418087,0.47313404,12.402592,0.61530495,15.174417,9.560471,229.50732,9.738052,233.56758,0.24461555,9.386721,20.160645,1991.0848,43.80957,8251.311,0.10808921,2.4666944,N-CMAPSS_DS05,6
N-CMAPSS_DS05 · Engine 6,8,566.5835,1333.5867,1646.6311,1117.7334,12.048265,9.279633,12.231741,14.9890785,226.38115,230.37747,9.191221,1999.9911,8249.855,2.4366355,18895.516,0.59187275,66.08306,483.48874,59.0,3,1,-7.93219,566.97,-5.838135,1333.5071,9.709717,1644.6581,-18.851074,1119.865,-1.7721186,12.195517,-1.5631638,9.40078,-1.7991066,12.381235,-1.9538364,15.15125,-24.173126,229.11655,-24.753632,233.16881,-1.7290907,9.362283,58.923218,1992.1981,-20.274414,8251.129,-0.22411275,2.4629369,N-CMAPSS_DS05,6
N-CMAPSS_DS05 · Engine 6,9,564.8248,1334.1931,1652.6223,1115.4475,11.629042,8.866898,11.806135,14.571273,223.64139,227.5234,8.767084,2020.3673,8253.887,2.4239042,19892.771,0.60080826,68.29901,480.25723,58.0,3,1,-1.758667,566.73157,0.6064453,1333.5834,5.991211,1645.543,-2.2858887,1119.3741,-0.4192238,12.132575,-0.412735,9.341459,-0.42560577,12.317335,-0.41780567,15.086808,-2.7397614,228.5082,-2.854065,232.54155,-0.42413712,9.296149,20.37622,1995.328,4.03125,8251.436,-0.012731314,2.4586,N-CMAPSS_DS05,6
N-CMAPSS_DS05 · Engine 6,10,564.08813,1322.4208,1624.6956,1110.6339,12.053861,9.374968,12.237423,14.901468,222.17381,226.16138,9.256445,1966.7174,8213.824,2.3606772,18005.15,0.5669832,62.32038,484.3016,57.0,3,1,-0.73669434,566.4672,-11.772339,1332.467,-27.926758,1643.4583,-4.8135986,1118.5001,0.424819,12.124704,0.50807,9.3448105,0.43128777,12.309344,0.33019543,15.068274,-1.4675751,227.87476,-1.36203,231.90353,0.4893608,9.292179,-53.649902,1992.467,-40.0625,8247.674,-0.06322694,2.4488077,N-CMAPSS_DS05,6
N-CMAPSS_DS05 · Engine 6,11,559.55756,1324.991,1644.1982,1106.1732,11.000663,8.346092,11.168184,13.817839,213.50232,217.17245,8.280253,2020.1975,8223.126,2.3161,21602.357,0.60808784,69.56668,474.723,56.0,3,1,-4.5305786,565.95215,2.5701904,1331.7793,19.502686,1643.1467,-4.4606934,1117.983,-1.0531979,12.067847,-1.0288754,9.29459,-1.0692387,12.251621,-1.0836296,15.0028515,-8.671494,227.1626,-8.988922,231.17236,-0.9761915,9.252436,53.480103,1992.9486,9.301758,8245.264,-0.04457736,2.4426346,N-CMAPSS_DS05,6
N-CMAPSS_DS05 · Engine 6,12,564.5294,1333.3094,1651.9036,1113.7887,11.482309,8.743518,11.6571665,14.403387,221.07318,224.89925,8.623766,2020.5011,8250.505,2.4000578,20403.91,0.61186045,68.85688,479.60736,55.0,3,1,4.971863,566.1917,8.318481,1331.3741,7.7053223,1641.3931,7.6154785,1118.3445,0.48164654,12.1528635,0.39742565,9.374435,0.4889822,12.337932,0.5855484,15.09356,7.570862,228.07944,7.7267914,232.11519,0.34351254,9.334581,0.30358887,1988.2959,27.378906,8243.759,0.08395791,2.4500818,N-CMAPSS_DS05,6
N-CMAPSS_DS05 · Engine 6,13,560.83966,1325.4497,1641.6414,1106.1998,11.127271,8.493731,11.2967205,13.938681,213.27647,216.98163,8.348353,2014.3773,8224.646,2.2989247,21185.17,0.6131563,68.61138,476.68555,54.0,3,1,-3.6897583,564.7246,-7.859741,1329.625,-10.262207,1641.2368,-7.588867,1115.1335,-0.35503864,11.87931,-0.24978733,9.13803,-0.36044598,12.060213,-0.46470642,14.785816,-7.796707,224.18277,-7.917618,228.12967,-0.27541256,9.077068,-6.1237793,1994.5724,-25.858398,8237.9795,-0.10113311,2.4114132,N-CMAPSS_DS05,6
N-CMAPSS_DS05 · Engine 6,14,560.39166,1326.8446,1646.7756,1107.5101,11.054803,8.390404,11.223151,13.889285,214.50494,218.19138,8.305117,2023.4692,8229.685,2.3295233,21566.295,0.6141242,69.97247,475.27875,53.0,3,1,-0.44799805,564.3123,1.3948975,1328.9998,5.1342773,1640.7701,1.3103027,1114.5415,-0.072467804,11.836567,-0.1033268,9.102718,-0.0735693,12.016819,-0.04939556,14.734486,1.2284698,223.52446,1.2097473,227.45718,-0.043236732,9.04519,9.091919,1994.8693,5.038086,8235.916,0.03059864,2.4044175,N-CMAPSS_DS05,6
N-CMAPSS_DS05 · Engine 6,15,568.8171,1327.7917,1626.0487,1117.56,12.699727,9.928815,12.893124,15.667441,231.512,235.69748,9.754738,1953.8008,8229.128,2.465396,16248.896,0.5620566,60.116127,490.1578,52.0,3,1,8.425415,565.30646,0.94714355,1329.4751,-20.726929,1639.1931,10.049927,1116.019,1.6449242,12.027067,1.5384111,9.276659,1.6699724,12.21022,1.7781563,14.944898,17.00705,225.76134,17.506104,229.75285,1.4496212,9.212298,-69.66846,1988.1396,-0.5566406,8237.11,0.1358726,2.4244626,N-CMAPSS_DS05,6
N-CMAPSS_DS05 · Engine 6,16,570.404,1344.8239,1664.2881,1125.6732,12.230151,9.353481,12.416396,15.296621,233.30426,237.37996,9.234794,2023.0256,8286.677,2.532281,18597.496,0.60076255,67.61563,485.435,51.0,3,1,1.5869141,565.45514,17.032104,1331.2836,38.23938,1643.5726,8.113159,1115.7305,-0.46957588,11.914648,-0.5753336,9.162033,-0.4767275,12.096088,-0.37082005,14.841799,1.7922668,224.99239,1.6824799,228.95155,-0.5199442,9.068209,69.22485,1998.3516,57.54883,8243.146,0.066884995,2.4224248,N-CMAPSS_DS05,6
N-CMAPSS_DS05 · Engine 6,17,578.33276,1353.0679,1662.6003,1144.097,13.891961,10.804512,14.103514,17.151886,256.1893,260.788,10.842906,1980.8885,8311.745,2.764291,13753.664,0.5325488,61.157143,497.1075,50.0,3,1,7.928772,565.83685,8.244019,1332.6478,-1.6877441,1646.1405,18.423828,1116.4817,1.6618099,11.921805,1.4510307,9.158205,1.6871176,12.103355,1.8552647,14.862696,22.88504,225.55588,23.408035,229.51724,1.6081123,9.060468,-42.137085,2002.3336,25.06836,8247.308,0.23201013,2.432779,N-CMAPSS_DS05,6
N-CMAPSS_DS05 · Engine 6,18,570.80914,1328.9419,1620.6741,1124.0316,13.390992,10.563446,13.594918,16.393513,240.00018,244.43044,10.449479,1931.1111,8236.044,2.5213387,13641.48,0.5134973,55.858997,494.95206,49.0,3,0,-7.5236206,566.2594,-24.125977,1332.1833,-41.92627,1643.5448,-20.06543,1117.1116,-0.50096893,12.056078,-0.24106598,9.286587,-0.50859547,12.239674,-0.75837326,15.0031395,-16.189117,226.91779,-16.35756,230.92253,-0.3934269,9.186294,-49.777466,1995.4456,-75.70117,8245.927,-0.24295235,2.4412494,N-CMAPSS_DS05,6
N-CMAPSS_DS05 · Engine 6,19,557.8956,1311.7332,1615.9792,1089.584,10.8437,8.367724,11.008833,13.508371,202.2577,205.85707,8.009992,1987.5343,8179.725,2.1408815,22240.766,0.64511234,65.7141,476.3021,48.0,3,0,-12.913513,565.5665,-17.20874,1329.9374,-4.694824,1639.8805,-34.44763,1114.5251,-2.5472918,11.977544,-2.1957216,9.23667,-2.5860853,12.159943,-2.8851414,14.89685,-37.742477,224.77942,-38.573364,228.7559,-2.4394875,9.110584,56.423218,1992.1624,-56.318848,8238.511,-0.38045716,2.4129472,N-CMAPSS_DS05,6
N-CMAPSS_DS05 · Engine 6,20,566.0718,1333.054,1646.8319,1116.6014,11.868771,9.125655,12.049514,14.784133,223.61131,227.54398,9.023324,2001.4015,8247.18,2.4100184,19378.406,0.59949946,66.6116,482.60294,47.0,3,0,8.176147,565.7649,21.3208,1331.0007,30.852661,1642.0941,27.017456,1115.122,1.0250702,11.959035,0.75793076,9.211738,1.0406809,12.141152,1.2757616,14.885116,21.353607,224.92317,21.686905,228.89417,1.0133324,9.087273,13.8671875,1995.6307,67.45459,8241.846,0.2691369,2.4178813,N-CMAPSS_DS05,6
N-CMAPSS_DS05 · Engine 6,21,566.06635,1332.9722,1646.6545,1116.4436,11.868741,9.125655,12.049483,14.783827,223.61716,227.55063,9.0233755,2001.4011,8247.213,2.4097965,19378.406,0.59949946,66.6116,482.60294,46.0,3,0,-0.005432129,566.4158,-0.08178711,1331.7988,-0.17736816,1642.3397,-0.15783691,1116.1489,-2.9563904e-05,12.045843,0.0,9.289694,-3.0517578e-05,12.229282,-0.00030612946,14.981714,0.005844116,225.93465,0.006652832,229.93198,5.1498413e-05,9.161585,-0.00036621094,1993.7511,0.033203125,8244.255,-0.0002219677,2.4272509,N-CMAPSS_DS05,6
N-CMAPSS_DS05 · Engine 6,22,575.9619,1357.0546,1679.7762,1138.34,12.925341,9.87892,13.122173,16.170044,247.12152,251.43443,9.796286,2031.421,8326.445,2.6996248,16954.723,0.5887886,67.22945,490.38162,45.0,3,0,9.895569,567.559,24.082397,1334.1733,33.121704,1645.127,21.896362,1118.6041,1.0565996,12.1901455,0.7532644,9.4032345,1.07269,12.375783,1.3862171,15.1583805,23.504364,228.53949,23.883804,232.5855,0.7729101,9.278836,30.019897,1994.843,79.23242,8251.849,0.2898283,2.4572077,N-CMAPSS_DS05,6
N-CMAPSS_DS05 · Engine 6,23,569.01056,1332.1516,1635.9155,1124.1798,12.791344,9.961197,12.986136,15.790049,235.33896,239.55841,9.942452,1962.6974,8242.114,2.5209954,16108.31,0.5456554,61.27119,489.27505,44.0,3,0,-6.951355,568.3761,-24.902954,1334.8435,-43.860718,1644.5544,-14.160156,1120.4021,-0.13399696,12.356553,0.0822773,9.549981,-0.13603687,12.544724,-0.37999535,15.343517,-11.782562,230.74573,-11.876022,234.84317,0.1461668,9.438246,-68.72363,1989.675,-84.331055,8253.596,-0.1786294,2.4794147,N-CMAPSS_DS05,6
N-CMAPSS_DS05 · Engine 6,24,556.98065,1313.6824,1622.3173,1100.5801,11.118134,8.558053,11.287446,13.8365965,209.71858,213.40257,8.486272,1983.9438,8185.6714,2.2423031,20606.572,0.5805949,65.97227,475.5537,43.0,3,0,-12.029907,568.035,-18.469238,1333.5273,-13.598267,1642.1086,-23.599731,1119.7091,-1.6732101,12.362886,-1.4031439,9.566746,-1.6986904,12.551154,-1.9534521,15.338248,-25.620377,230.26709,-26.155838,234.36429,-1.4561806,9.456362,21.24646,1985.7225,-56.44287,8249.194,-0.27869225,2.4706926,N-CMAPSS_DS05,6
N-CMAPSS_DS05 · Engine 6,25,556.24756,1309.2407,1613.8743,1093.9902,10.94799,8.460302,11.114712,13.602169,204.31221,207.92917,8.282718,1976.0514,8170.273,2.1718519,21400.822,0.60598224,65.33568,475.37198,42.0,3,0,-0.73309326,566.778,-4.4416504,1331.6722,-8.442993,1640.8911,-6.5898438,1117.352,-0.17014313,12.187713,-0.097750664,9.419894,-0.17273426,12.373313,-0.23442745,15.131721,-5.406372,227.54712,-5.473404,231.58746,-0.20355415,9.30916,-7.892456,1987.9476,-15.3984375,8243.309,-0.07045126,2.4413383,N-CMAPSS_DS05,6
N-CMAPSS_DS05 · Engine 6,26,560.3928,1324.2303,1641.3884,1101.443,10.90037,8.305099,11.066365,13.679975,208.87825,212.49951,8.069565,2019.8422,8220.452,2.2558358,22563.836,0.64863414,69.95429,475.34094,41.0,3,0,4.1452637,565.7769,14.989624,1329.6129,27.51416,1638.6012,7.452759,1114.9291,-0.047620773,12.054734,-0.15520382,9.315056,-0.04834652,12.23831,0.07780552,14.970057,4.56604,225.10452,4.570343,229.09943,-0.21315289,9.1926365,43.79077,1987.6293,50.1792,8236.687,0.0839839,2.4136937,N-CMAPSS_DS05,6
N-CMAPSS_DS05 · Engine 6,27,570.8291,1329.2981,1621.4253,1124.6255,13.391105,10.563446,13.595032,16.394775,239.9758,244.4021,10.449269,1931.1112,8236.779,2.5223846,13641.48,0.5134973,55.858997,494.95206,40.0,3,0,10.436279,565.02655,5.067749,1327.2358,-19.963135,1634.4836,23.182495,1112.9819,2.490735,12.004648,2.2583475,9.29095,2.5286665,12.187461,2.7148008,14.894345,31.09755,223.48317,31.902588,227.46083,2.3797045,9.153274,-88.73096,1982.6515,16.327148,8229.189,0.26654887,2.389503,N-CMAPSS_DS05,6
N-CMAPSS_DS05 · Engine 6,28,561.8205,1323.4489,1634.8662,1106.5156,11.373692,8.733619,11.546894,14.192703,215.01157,218.77911,8.570134,1995.3853,8215.885,2.313754,20657.111,0.6134322,66.74187,478.9272,39.0,3,0,-9.008606,564.1277,-5.849243,1326.6865,13.440918,1635.9028,-18.109863,1111.2303,-2.0174131,11.802918,-1.8298273,9.107967,-2.0481377,11.982658,-2.2020721,14.674264,-24.964233,220.98431,-25.622986,224.89569,-1.8791351,8.965339,64.27405,1989.0789,-20.894531,8227.174,-0.20863056,2.3687446,N-CMAPSS_DS05,6
N-CMAPSS_DS05 · Engine 6,29,564.8762,1334.967,1654.314,1116.7793,11.629309,8.866898,11.806405,14.574129,223.58588,227.46025,8.766576,2020.3673,8254.313,2.4260416,19892.771,0.60080826,68.29901,480.25723,38.0,3,0,3.055725,564.82574,11.518188,1329.01,19.447754,1639.7363,10.263672,1113.9498,0.25561714,11.881479,0.13327885,9.157885,0.259511,12.062416,0.38142586,14.78084,8.57431,223.11713,8.681137,227.05602,0.19644165,9.0409975,24.982056,1992.3622,38.42871,8234.633,0.11228752,2.3972607,N-CMAPSS_DS05,6
N-CMAPSS_DS05 · Engine 6,30,575.9842,1357.4021,1680.5195,1138.923,12.925466,9.87892,13.1223,16.171383,247.09671,251.4059,9.796052,2031.4204,8327.115,2.7006655,16954.723,0.5887886,67.22945,490.38162,37.0,3,0,11.107971,565.817,22.435059,1331.4448,26.205566,1643.1051,22.143677,1116.182,1.2961569,11.987149,1.012022,9.233211,1.3158951,12.169695,1.5972538,14.919565,23.510834,225.46567,23.945648,229.44221,1.0294762,9.11827,11.053101,1995.3641,72.80176,8242.626,0.27462387,2.4263253,N-CMAPSS_DS05,6
N-CMAPSS_DS05 · Engine 6,31,564.85345,1329.6937,1639.9266,1121.1733,12.160227,9.379103,12.345408,15.094341,228.79678,232.82372,9.437422,1980.0726,8236.171,2.4637733,17368.379,0.5397089,63.672436,483.73483,36.0,3,0,-11.130737,565.6957,-27.708374,1331.117,-40.592896,1642.4324,-17.749634,1116.655,-0.76523876,12.016297,-0.4998169,9.258555,-0.7768917,12.199287,-1.0770416,14.950617,-18.299927,225.98363,-18.582184,229.96951,-0.35863018,9.159675,-51.34778,1993.2312,-90.944336,8241.521,-0.23689222,2.431723,N-CMAPSS_DS05,6
N-CMAPSS_DS05 · Engine 6,32,570.0589,1324.6472,1612.159,1129.4465,13.65908,10.831506,13.8670845,16.602192,240.99915,245.4694,11.002973,1897.8104,8218.169,2.5296028,12435.77,0.46033043,53.52697,495.7928,35.0,3,0,5.2054443,565.1054,-5.046509,1327.8762,-27.767578,1635.6707,8.273193,1115.7656,1.4988527,12.089671,1.4524031,9.353814,1.5216761,12.273778,1.5078506,14.993832,12.202362,225.37138,12.645691,229.37302,1.5655508,9.280343,-82.26221,1979.8702,-18.001953,8230.694,0.065829515,2.4147208,N-CMAPSS_DS05,6
N-CMAPSS_DS05 · Engine 6,33,555.57117,1313.2427,1625.3263,1095.7527,10.714493,8.207754,10.877657,13.3833275,203.63698,207.19276,8.060643,1998.8022,8184.767,2.177741,22232.02,0.6135677,67.83028,472.81284,34.0,3,0,-14.487732,563.7615,-11.404541,1325.9854,13.167236,1634.6117,-33.693848,1112.923,-2.9445868,11.881987,-2.6237516,9.17847,-2.9894276,12.06293,-3.2188644,14.7531595,-37.362167,222.20119,-38.27664,226.13644,-2.9423294,9.092162,100.99182,1983.4807,-33.401855,8224.96,-0.35186172,2.3803954,N-CMAPSS_DS05,6
N-CMAPSS_DS05 · Engine 6,34,561.7545,1310.1167,1598.1255,1111.8301,12.467674,9.839124,12.6575365,15.214947,222.7146,226.80582,9.913716,1904.6116,8170.991,2.3293073,15345.611,0.49079368,55.446106,487.21896,33.0,3,0,6.1833496,564.23883,-3.1259766,1325.6288,-27.200806,1632.1925,16.077393,1114.048,1.7531815,12.01694,1.6313696,9.306577,1.7798796,12.19994,1.8316193,14.890994,19.077621,223.5008,19.613052,227.47678,1.8530731,9.234907,-94.190674,1975.5475,-13.775879,8223.491,0.15156627,2.3890958,N-CMAPSS_DS05,6
N-CMAPSS_DS05 · Engine 6,35,557.2254,1312.6517,1618.9285,1098.6027,11.108994,8.572573,11.278165,13.813681,208.20213,211.87608,8.429875,1978.5927,8181.8145,2.219077,20695.357,0.59237385,64.931335,476.39212,32.0,3,0,-4.529114,564.3366,2.5350342,1325.9698,20.802979,1632.698,-13.227417,1114.5092,-1.3586807,12.033041,-1.266551,9.317804,-1.3793716,12.216285,-1.4012661,14.912146,-14.512466,223.88979,-14.929733,227.87146,-1.483841,9.249622,73.98108,1975.8016,10.823242,8224.6455,-0.11023021,2.3938184,N-CMAPSS_DS05,6
N-CMAPSS_DS05 · Engine 6,36,573.1255,1336.3121,1633.6427,1129.5471,13.45597,10.571145,13.660885,16.532135,243.0147,247.45306,10.445224,1946.2941,8257.882,2.5777268,13919.768,0.5297111,57.58373,495.59167,31.0,3,0,15.900085,565.60986,23.6604,1327.178,14.714233,1631.9233,30.944458,1117.3196,2.3469763,12.288601,1.9985723,9.544409,2.38272,12.475737,2.7184544,15.197361,34.81256,227.30344,35.57698,231.36682,2.0153484,9.487188,-32.298584,1968.4468,76.06738,8228.389,0.35864973,2.4260075,N-CMAPSS_DS05,6
N-CMAPSS_DS05 · Engine 6,37,575.5976,1344.4618,1646.4293,1140.8763,13.863287,10.857789,14.074403,17.02181,252.13286,256.70935,10.922526,1951.6122,8285.073,2.6903093,12692.82,0.49682394,57.686768,497.41025,30.0,3,0,2.472107,566.08673,8.149658,1328.6943,12.786621,1634.4238,11.329224,1118.9447,0.40731716,12.335819,0.28664398,9.573843,0.41351795,12.523674,0.48967552,15.260065,9.118164,228.51913,9.256287,232.59755,0.47730255,9.534514,5.318115,1970.4968,27.191406,8233.218,0.112582445,2.4427998,N-CMAPSS_DS05,6
N-CMAPSS_DS05 · Engine 6,38,574.01746,1348.2311,1661.9108,1136.9146,13.105998,10.116431,13.305583,16.28863,246.07658,250.41808,10.070669,1994.3468,8296.523,2.6687818,15449.874,0.55156475,63.178196,491.93103,29.0,3,0,-1.5801392,567.30646,3.769287,1331.1726,15.481445,1637.1282,-3.961792,1121.9846,-0.75728893,12.509049,-0.7413578,9.712124,-0.7688198,12.699543,-0.733181,15.469658,-6.0562744,231.62564,-6.291275,235.76144,-0.8518572,9.684567,42.73462,1970.3931,11.450195,8241.282,-0.021527529,2.4783027,N-CMAPSS_DS05,6
N-CMAPSS_DS05 · Engine 6,39,550.4853,1295.647,1594.0024,1092.0897,10.907726,8.476173,11.073833,13.4698925,201.99246,205.57288,8.516996,1938.2809,8124.479,2.1407714,20217.834,0.53940576,61.95686,472.9166,28.0,3,0,-23.532166,565.8674,-52.584106,1327.2406,-67.908325,1631.097,-44.82483,1119.5156,-2.1982718,12.436892,-1.6402578,9.673052,-2.2317495,12.626286,-2.818737,15.359234,-44.08412,229.4663,-44.8452,233.57271,-1.5536728,9.65961,-56.065918,1962.1843,-172.04443,8228.299,-0.52801037,2.4497757,N-CMAPSS_DS05,6
N-CMAPSS_DS05 · Engine 6,40,576.8377,1359.9312,1683.2863,1149.5713,13.338118,10.241802,13.541236,16.581137,252.46877,256.88718,10.413675,2014.626,8334.547,2.7566037,15369.02,0.53869706,65.68052,492.09787,27.0,3,0,26.352417,565.9527,64.28418,1327.4935,89.28381,1631.3738,57.481567,1120.5804,2.4303913,12.478157,1.7656288,9.70934,2.4674025,12.6681795,3.1112442,15.400209,50.476303,230.0035,51.3143,234.12083,1.8966789,9.721372,76.34509,1960.5049,210.06787,8229.042,0.6158323,2.4553695,N-CMAPSS_DS05,6
N-CMAPSS_DS05 · Engine 6,41,563.17145,1322.4203,1627.2522,1109.9564,11.828924,9.175598,12.009061,14.664821,219.06802,222.96631,9.017536,1971.0177,8212.834,2.3386242,18789.186,0.5826375,63.009205,482.84406,26.0,3,0,-13.66626,565.7845,-37.510864,1326.7661,-56.034058,1630.1063,-39.61487,1119.4587,-1.5091934,12.445026,-1.0662041,9.68899,-1.5321751,12.634544,-1.916316,15.357257,-33.40074,229.03062,-33.920868,233.13509,-1.3961391,9.679383,-43.608276,1959.5995,-121.71289,8226.708,-0.41797948,2.4428546,N-CMAPSS_DS05,6
N-CMAPSS_DS05 · Engine 6,42,559.034,1308.066,1601.4156,1105.328,11.91431,9.338815,12.095747,14.634091,215.90729,219.81345,9.307121,1923.5328,8164.919,2.2768266,17449.24,0.5289183,58.24004,482.80304,25.0,3,0,-4.137451,564.682,-14.354248,1325.108,-25.836548,1629.032,-4.628418,1117.0469,0.085386276,12.27055,0.16321659,9.539721,0.086686134,12.457411,-0.030729294,15.160447,-3.160736,226.52144,-3.1528625,230.56949,0.2895851,9.509798,-47.484863,1962.1716,-47.91504,8221.383,-0.06179762,2.417577,N-CMAPSS_DS05,6
N-CMAPSS_DS05 · Engine 6,43,560.23596,1318.1265,1624.1948,1110.7899,11.713255,9.073914,11.89163,14.513076,218.05632,221.9043,9.063506,1963.8656,8197.05,2.338328,18711.248,0.55530816,63.183292,480.2758,24.0,3,0,1.2019653,565.1485,10.060425,1325.5964,22.779175,1628.9188,5.461914,1118.5507,-0.20105553,12.370425,-0.26490116,9.626336,-0.20411682,12.558808,-0.12101555,15.273422,2.1490326,227.96338,2.0908508,232.04065,-0.24361515,9.610085,40.332764,1958.678,32.13086,8222.611,0.061501265,2.4336357,N-CMAPSS_DS05,6
N-CMAPSS_DS05 · Engine 6,44,564.2967,1328.9373,1640.4363,1116.0215,11.790088,9.096726,11.969632,14.648085,220.33846,224.22343,9.012463,1986.3145,8233.944,2.3660548,19215.09,0.5866004,64.96325,482.13556,23.0,3,0,4.06073,565.4027,10.810791,1327.4785,16.241455,1633.1499,5.2315674,1118.9697,0.07683277,12.302667,0.022812843,9.552096,0.078001976,12.490018,0.13500881,15.216736,2.282135,227.72575,2.3191376,231.78241,-0.05104351,9.519959,22.448853,1966.8483,36.89453,8228.906,0.027726889,2.4373105,N-CMAPSS_DS05,6
N-CMAPSS_DS05 · Engine 6,45,566.06836,1320.8811,1614.6871,1114.8943,12.666345,9.973543,12.859234,15.5365095,226.97437,231.12164,9.827179,1931.7115,8207.774,2.3939872,16101.987,0.54607725,57.63824,489.4588,22.0,3,0,1.7716675,566.287,-8.056152,1328.3014,-25.749146,1632.7257,-1.1271973,1120.5989,0.87625694,12.458402,0.87681675,9.692194,0.8896017,12.648125,0.8884249,15.389019,6.63591,229.60298,6.8982086,233.70697,0.81471634,9.65969,-54.602905,1962.1602,-26.169922,8231.503,0.027932405,2.4548013,N-CMAPSS_DS05,6
N-CMAPSS_DS05 · Engine 6,46,564.7406,1332.9514,1649.3059,1115.1504,11.614109,8.903063,11.790975,14.519874,220.308,224.15105,8.712332,2008.3544,8248.814,2.3791752,19957.582,0.61041623,66.86255,481.121,21.0,3,0,-1.3277588,565.4485,12.0703125,1327.9653,34.618774,1634.2921,0.25610352,1119.1592,-1.0522356,12.274216,-1.0704803,9.525386,-1.0682592,12.461133,-1.0166359,15.187793,-6.6663666,227.3323,-6.9705963,231.37677,-1.1148472,9.486401,76.64282,1968.3662,41.04004,8230.596,-0.014811993,2.4349463,N-CMAPSS_DS05,6
N-CMAPSS_DS05 · Engine 6,47,559.729,1331.3636,1659.0306,1112.3066,10.82721,8.174149,10.992092,13.64977,212.04417,215.63914,8.104509,2037.6449,8244.414,2.3151655,22318.793,0.6209555,71.66572,473.181,20.0,3,0,-5.0115967,563.86163,-1.5877686,1326.6555,9.724731,1635.5522,-2.84375,1116.3022,-0.7868986,11.970609,-0.72891426,9.257021,-0.7988825,12.152903,-0.87010384,14.850589,-8.263824,223.32344,-8.511902,227.26974,-0.6078224,9.204598,29.290527,1976.9695,-4.4003906,8226.53,-0.06400967,2.3974319,N-CMAPSS_DS05,6
N-CMAPSS_DS05 · Engine 6,48,561.28284,1315.0371,1610.5736,1120.6967,12.532103,9.83254,12.722946,15.345647,227.38673,231.48187,10.020162,1912.8088,8188.5933,2.413158,15015.017,0.46814993,56.55177,485.88116,19.0,3,0,1.553833,562.5882,-16.326538,1323.3362,-48.45703,1630.4185,8.390015,1114.6804,1.7048922,11.9132185,1.658391,9.228632,1.730854,12.094639,1.6958771,14.75629,15.34256,221.45445,15.842728,225.37613,1.9156523,9.199548,-124.83606,1968.8157,-55.8208,8215.737,0.09799242,2.3718696,N-CMAPSS_DS05,6
N-CMAPSS_DS05 · Engine 6,49,559.7735,1320.8013,1632.7529,1110.2717,11.380974,8.766969,11.554288,14.163774,213.87863,217.61107,8.69984,1980.7281,8208.081,2.3057935,20145.873,0.5858693,65.69738,477.9698,18.0,3,0,-1.5093384,563.517,5.76416,1325.8516,22.179321,1634.2936,-10.424927,1116.4987,-1.1511288,11.960544,-1.0655708,9.257711,-1.1686583,12.142684,-1.1818733,14.825678,-13.508102,222.64308,-13.870804,226.57994,-1.320322,9.217833,67.91931,1973.0604,19.487793,8224.097,-0.107364416,2.3883717,N-CMAPSS_DS05,6
N-CMAPSS_DS05 · Engine 6,50,555.8268,1310.1962,1616.234,1097.4156,10.955728,8.484666,11.122566,13.600713,203.28519,206.87737,8.296898,1970.7273,8175.5283,2.1608489,21193.69,0.6000059,64.54699,475.44418,17.0,3,0,-3.9467163,561.4159,-10.605103,1320.878,-16.51892,1627.5884,-12.856079,1111.2831,-0.42524624,11.722304,-0.28230286,9.081998,-0.4317217,11.900817,-0.56306076,14.527636,-10.593445,217.72472,-10.733704,221.57896,-0.4029417,9.006155,-10.0008545,1968.6705,-32.552734,8208.195,-0.14494467,2.3287961,N-CMAPSS_DS05,6
N-CMAPSS_DS05 · Engine 6,51,576.9756,1362.2218,1688.1035,1153.3715,13.338884,10.241802,13.542015,16.589312,252.31725,256.71048,10.412178,2014.626,8345.082,2.763517,15369.02,0.53869706,65.68052,492.09787,16.0,3,0,21.148804,562.7963,52.025635,1324.8583,71.86951,1633.6735,55.95581,1115.6246,2.3831568,11.873301,1.7571363,9.188619,2.4194489,12.054112,2.9885988,14.720085,49.03206,221.04964,49.833115,224.95338,2.1152802,9.145618,43.89868,1973.0314,169.55371,8221.42,0.60266805,2.3712854,N-CMAPSS_DS05,6
N-CMAPSS_DS05 · Engine 6,52,569.12115,1333.5853,1637.0543,1128.4006,12.88383,10.076322,13.080031,15.862732,234.43462,238.65205,10.03035,1953.001,8251.48,2.5001168,15513.548,0.5337711,59.240467,490.542,15.0,3,0,-7.854431,563.80505,-28.636475,1327.4102,-51.049194,1637.2373,-24.970825,1117.9319,-0.45505428,11.970253,-0.16548061,9.262369,-0.46198368,12.152541,-0.72657967,14.842949,-17.88263,222.90237,-18.058426,226.83723,-0.3818283,9.217941,-61.625,1975.9783,-93.60156,8230.076,-0.26340008,2.3936145,N-CMAPSS_DS05,6
N-CMAPSS_DS05 · Engine 6,53,562.88055,1334.6887,1658.4528,1117.6019,11.269222,8.5775795,11.440836,14.150342,216.76086,220.4742,8.439992,2021.3508,8256.872,2.3616939,21009.639,0.6164813,69.0639,477.76242,14.0,3,0,-6.2406006,564.0695,1.1033936,1329.0664,21.398438,1640.6631,-10.798706,1118.613,-1.6146078,11.925849,-1.4987421,9.212736,-1.6391954,12.107462,-1.71239,14.806676,-17.673752,222.77283,-18.177856,226.69423,-1.5903578,9.15559,68.34985,1981.7267,5.3916016,8236.059,-0.13842297,2.395951,N-CMAPSS_DS05,6
N-CMAPSS_DS05 · Engine 6,54,563.0931,1332.6482,1652.5878,1121.1343,11.625749,8.909624,11.802791,14.526811,220.96541,224.77554,8.852575,2001.625,8249.47,2.405466,19690.49,0.5876583,66.9986,479.63788,13.0,3,0,0.21252441,563.94916,-2.0405273,1329.4375,-5.86499,1641.8783,3.5323486,1119.1244,0.35652637,11.909415,0.3320446,9.194026,0.3619547,12.090777,0.37646866,14.794548,4.204544,222.83553,4.301346,226.74944,0.41258335,9.139602,-19.72583,1983.2578,-7.4023438,8237.611,0.04377222,2.399892,N-CMAPSS_DS05,6
N-CMAPSS_DS05 · Engine 6,55,574.2781,1352.5399,1670.9637,1144.0563,13.107479,10.116431,13.307086,16.304789,245.78445,250.07932,10.067861,1994.3461,8313.3545,2.6815233,15449.874,0.55156475,63.178196,491.93103,12.0,3,0,11.184998,564.77014,19.891724,1332.6034,18.375977,1647.5059,22.921997,1122.0405,1.4817305,11.953528,1.2068071,9.208315,1.5042953,12.135563,1.777978,14.871376,24.819046,224.71654,25.303772,228.6452,1.2152853,9.16367,-7.2789307,1989.5212,63.884766,8248.169,0.27605724,2.4286458,N-CMAPSS_DS05,6
N-CMAPSS_DS05 · Engine 6,56,550.75433,1300.1656,1603.4803,1099.56,10.908947,8.476173,11.075073,13.484256,201.74005,205.27893,8.514612,1938.2786,8144.193,2.1519496,20217.834,0.53940576,61.95686,472.9166,11.0,3,0,-23.523743,563.37146,-52.374268,1329.3248,-67.4834,1642.9233,-44.496216,1120.4816,-2.198532,11.883013,-1.6402578,9.165626,-2.2320127,12.063972,-2.8205328,14.767815,-44.044403,222.85974,-44.800385,226.758,-1.5532484,9.143898,-56.067505,1982.5137,-169.16162,8237.707,-0.5295737,2.4059234,N-CMAPSS_DS05,6
N-CMAPSS_DS05 · Engine 6,57,558.76227,1319.572,1631.0394,1103.0079,11.012684,8.494669,11.180389,13.732757,205.65717,209.26186,8.181703,1987.7217,8212.857,2.1990907,21507.75,0.6275998,65.23438,477.08887,10.0,3,0,8.007935,563.27484,19.406372,1328.1456,27.559082,1640.1243,3.447876,1119.5516,0.10373688,11.90156,0.01849556,9.197678,0.10531616,12.082802,0.24850082,14.7761135,3.9171143,222.22104,3.9829254,226.12027,-0.33290958,9.151617,49.443115,1977.5214,68.66455,8234.551,0.047141075,2.3943157,N-CMAPSS_DS05,6
N-CMAPSS_DS05 · Engine 6,58,552.29425,1312.7014,1632.0533,1098.3118,10.232501,7.823386,10.388326,12.811207,194.48927,197.82434,7.661852,1999.678,8189.8525,2.0941157,23775.385,0.62967443,69.15346,468.75314,9.0,3,0,-6.4680176,562.376,-6.8706055,1327.9121,1.013916,1642.2722,-4.696167,1117.3132,-0.78018284,11.671599,-0.67128277,8.996762,-0.7920637,11.84934,-0.9215498,14.522669,-11.167892,218.93129,-11.437515,222.75452,-0.51985073,8.915786,11.956299,1986.2083,-23.004883,8234.677,-0.104974985,2.3624115,N-CMAPSS_DS05,6
N-CMAPSS_DS05 · Engine 6,59,569.2503,1335.4462,1642.1003,1130.2502,12.702172,9.928815,12.895607,15.692317,231.02536,235.13037,9.750019,1953.8008,8261.623,2.4869351,16248.896,0.5620566,60.116127,490.1578,8.0,3,0,16.956055,563.3236,22.744751,1329.3766,10.046997,1643.2069,31.938477,1119.311,2.4696712,11.8037195,2.1054287,9.1129465,2.5072813,11.983472,2.8811102,14.675524,36.536087,220.64597,37.30603,224.50644,2.0881672,9.020803,-45.877197,1983.5155,71.77051,8240.031,0.3928194,2.3805256,N-CMAPSS_DS05,6
N-CMAPSS_DS05 · Engine 6,60,563.02136,1337.6323,1663.7986,1126.6931,11.464476,8.749783,11.639061,14.372285,219.50972,223.24504,8.693628,2011.6342,8273.551,2.4032824,20001.92,0.5888671,67.93272,478.60284,7.0,3,0,-6.228943,564.0431,2.1861572,1332.1201,21.698242,1647.9634,-3.557129,1122.2388,-1.2376966,11.854594,-1.1790323,9.139459,-1.256546,12.035122,-1.3200321,14.752681,-11.51564,222.26842,-11.88533,226.14322,-1.0563908,9.060477,57.833374,1987.6062,11.927734,8249.834,-0.083652735,2.404769,N-CMAPSS_DS05,6
N-CMAPSS_DS05 · Engine 6,61,565.34607,1337.9415,1657.1621,1134.7634,12.162751,9.379103,12.34797,15.122664,228.28703,232.2305,9.432438,1980.0728,8274.731,2.4864542,17368.379,0.5397089,63.672436,483.73483,6.0,3,0,2.324707,562.8801,0.3092041,1329.6921,-6.6364746,1644.8693,8.0703125,1120.3779,0.69827557,11.736981,0.62932014,9.053188,0.70890903,11.915717,0.75037956,14.606016,8.777313,219.86539,8.985458,223.69522,0.7388096,8.962503,-31.561401,1984.1509,1.1806641,8242.799,0.083171844,2.3770628,N-CMAPSS_DS05,6
N-CMAPSS_DS05 · Engine 6,62,564.73016,1336.4459,1656.0706,1128.3013,11.7924185,9.096726,11.971998,14.670424,219.89893,223.71068,9.007877,1986.3148,8273.642,2.385678,19215.09,0.5866004,64.96325,482.13556,5.0,3,0,-0.61590576,562.44104,-1.4956055,1329.9781,-1.0915527,1646.7709,-6.462158,1120.368,-0.37033272,11.62784,-0.2823763,8.955229,-0.3759718,11.8049135,-0.45224,14.486785,-8.388107,218.41182,-8.519821,222.20108,-0.42456055,8.860256,6.2420654,1987.4823,-1.0898438,8245.015,-0.100776196,2.365619,N-CMAPSS_DS05,6
N-CMAPSS_DS05 · Engine 6,63,552.4799,1306.9623,1615.5555,1098.4373,10.635273,8.252513,10.797232,13.2040205,195.89586,199.31755,8.016753,1958.1559,8180.8184,2.089747,22037.527,0.6069306,63.444397,472.99854,4.0,3,0,-12.250244,561.401,-29.483643,1327.2056,-40.515015,1642.4812,-29.864014,1118.4515,-1.1571455,11.5644455,-0.8442135,8.922722,-1.1747665,11.740553,-1.466404,14.392153,-24.003067,216.32532,-24.393127,220.08542,-0.99112415,8.817932,-28.158936,1981.1627,-92.82324,8237.409,-0.2959311,2.3384242,N-CMAPSS_DS05,6
N-CMAPSS_DS05 · Engine 6,64,576.89343,1355.2737,1667.7567,1161.3855,14.074721,11.032922,14.289056,17.293882,254.59619,259.10852,11.163561,1943.7831,8338.209,2.764187,12196.678,0.48543003,57.145985,498.3924,3.0,3,0,24.413513,562.781,48.3114,1329.4681,52.20117,1643.998,62.948242,1122.4767,3.4394484,11.809342,2.7804089,9.135052,3.4918242,11.98918,4.089862,14.66886,58.700333,219.6884,59.79097,223.5187,3.1468077,9.04903,-14.372803,1975.3785,157.39062,8246.283,0.67444015,2.3742964,N-CMAPSS_DS05,6
N-CMAPSS_DS05 · Engine 6,65,557.45557,1331.9402,1664.3826,1116.697,10.474692,7.9320116,10.634205,13.220035,202.70663,206.08977,7.735047,2026.233,8269.96,2.2269244,23443.225,0.6443644,70.80775,471.4021,2.0,3,0,-19.437866,561.09875,-23.333496,1327.4081,-3.3741455,1643.34,-44.688477,1119.7407,-3.600029,11.546063,-3.1009102,8.91661,-3.654851,11.721891,-4.073848,14.360385,-51.889557,215.38062,-53.018753,219.11975,-3.428514,8.815749,82.44995,1978.5673,-68.24902,8241.943,-0.5372627,2.3288364,N-CMAPSS_DS05,6
N-CMAPSS_DS05 · Engine 6,66,555.2463,1325.229,1653.1498,1114.6566,10.484679,7.9834824,10.644344,13.192932,201.01054,204.37424,7.80448,2005.2102,8249.595,2.2044642,22905.586,0.6238181,68.73158,471.13312,1.0,3,0,-2.2092896,561.548,-6.7111816,1329.9144,-11.232788,1648.3069,-2.0404053,1121.2504,0.009986877,11.503637,0.051470757,8.867341,0.010139465,11.678819,-0.02710247,14.331252,-1.6960907,215.30768,-1.7155304,219.02928,0.06943321,8.744736,-21.022827,1985.2605,-20.365234,8252.484,-0.022460222,2.3340878,N-CMAPSS_DS05,6
N-CMAPSS_DS05 · Engine 6,67,559.8381,1338.9624,1674.958,1128.6108,10.799819,8.189414,10.964285,13.610102,208.25041,211.70436,8.074025,2021.0964,8299.623,2.3040924,22387.512,0.62534225,70.215004,473.7109,0.0,3,0,4.591797,561.6555,13.733398,1331.8535,21.808228,1652.6987,13.954224,1123.8107,0.31513977,11.48235,0.20593166,8.836816,0.31994057,11.657208,0.41716957,14.318987,7.239868,215.567,7.330124,219.27353,0.26954508,8.733968,15.88623,1988.5979,50.02832,8261.16,0.09962821,2.344588,N-CMAPSS_DS05,6
N-CMAPSS_DS06 · Engine 1,1,569.9827,1334.5149,1638.409,1127.2263,12.947097,10.064324,13.144259,15.987916,239.46896,243.76031,10.104166,1964.8185,8253.41,2.5659568,15355.068,0.5285012,60.729637,490.34897,77.0,2,1,0.0,569.9827,0.0,1334.5149,0.0,1638.409,0.0,1127.2263,0.0,12.947097,0.0,10.064324,0.0,13.144259,0.0,15.987916,0.0,239.46896,0.0,243.76031,0.0,10.104166,0.0,1964.8185,0.0,8253.41,0.0,2.5659568,N-CMAPSS_DS06,1
N-CMAPSS_DS06 · Engine 1,2,573.7802,1343.2025,1651.0522,1133.1798,13.232759,10.26405,13.434274,16.38177,245.71861,250.09793,10.259722,1978.6287,8281.497,2.654598,15203.756,0.54624027,62.218052,492.6489,76.0,2,1,3.7974854,571.8815,8.687622,1338.8586,12.643188,1644.7307,5.953491,1130.2031,0.28566265,13.089928,0.19972515,10.1641865,0.29001427,13.289267,0.3938532,16.184843,6.249649,242.59378,6.337616,246.92912,0.15555573,10.181944,13.810181,1971.7236,28.086914,8267.453,0.08864117,2.6102774,N-CMAPSS_DS06,1
N-CMAPSS_DS06 · Engine 1,3,572.1106,1336.5801,1638.7413,1124.3513,13.040748,10.166335,13.239338,16.112167,239.40608,243.72665,10.0022135,1969.4996,8260.319,2.5584166,15694.056,0.56281126,60.788155,492.3428,75.0,2,1,-1.6696167,571.9578,-6.6224365,1338.0991,-12.310913,1642.7343,-8.828491,1128.2524,-0.19201183,13.073535,-0.097714424,10.164903,-0.1949358,13.272624,-0.26960182,16.160618,-6.3125305,241.53122,-6.371277,245.86163,-0.25750828,10.122034,-9.129028,1970.9823,-21.177734,8265.075,-0.09618139,2.5929904,N-CMAPSS_DS06,1
N-CMAPSS_DS06 · Engine 1,4,574.8265,1341.1694,1641.8544,1129.3275,13.478724,10.538309,13.683982,16.613276,246.01468,250.49564,10.37263,1967.1638,8278.21,2.616465,14408.603,0.5479862,59.3418,495.67398,74.0,2,1,2.7158813,572.675,4.5893555,1338.8667,3.113037,1642.5143,4.9761963,1128.5212,0.43797588,13.174831,0.371974,10.258255,0.44464397,13.3754635,0.50110817,16.273783,6.608597,242.65208,6.768982,247.02014,0.37041664,10.184683,-2.3358154,1970.0276,17.890625,8268.359,0.058048487,2.598859,N-CMAPSS_DS06,1
N-CMAPSS_DS06 · Engine 1,5,572.76587,1334.129,1630.9857,1128.1515,13.459402,10.564755,13.664368,16.541103,243.60175,248.03317,10.486138,1943.8043,8250.35,2.5987074,14188.078,0.53375256,58.33811,494.9625,73.0,2,1,-2.060608,572.6932,-7.0404053,1337.9192,-10.868652,1640.2085,-1.1760254,1128.4473,-0.019321442,13.231746,0.026446342,10.319554,-0.01961422,13.433244,-0.072172165,16.327246,-2.4129333,242.84201,-2.4624634,247.22275,0.113508224,10.244974,-23.359497,1964.783,-27.860352,8264.757,-0.017757654,2.5988288,N-CMAPSS_DS06,1
N-CMAPSS_DS06 · Engine 1,6,569.9031,1328.5709,1623.5963,1126.4098,13.266522,10.42482,13.468551,16.2601,239.6047,243.96994,10.478785,1932.138,8232.673,2.5443697,13981.661,0.5035257,57.540943,493.02878,72.0,2,1,-2.862793,572.22815,-5.5581055,1336.3611,-7.3894043,1637.4398,-1.7416992,1128.1077,-0.19287968,13.237542,-0.1399355,10.337099,-0.195817,13.439129,-0.28100395,16.316055,-3.9970398,242.30246,-4.0632324,246.6806,-0.0073537827,10.283942,-11.666382,1959.3422,-17.676758,8259.41,-0.05433774,2.5897522,N-CMAPSS_DS06,1
N-CMAPSS_DS06 · Engine 1,7,571.68677,1333.976,1633.5237,1125.539,13.15099,10.273374,13.351259,16.210045,240.38159,244.72464,10.192413,1954.9171,8251.202,2.5697706,15036.028,0.5428714,59.650852,492.89868,71.0,2,1,1.7836914,572.1508,5.4050293,1336.0204,9.927368,1636.8804,-0.8708496,1127.7407,-0.115532875,13.225178,-0.15144634,10.327995,-0.11729145,13.426576,-0.05005455,16.30091,0.776886,242.02806,0.7546997,246.40118,-0.28637123,10.270866,22.779175,1958.71,18.529297,8258.237,0.025400877,2.5868979,N-CMAPSS_DS06,1
N-CMAPSS_DS06 · Engine 1,8,570.74414,1330.2902,1625.9178,1125.3312,13.278153,10.416219,13.48036,16.30237,240.66084,245.04591,10.397552,1939.1329,8239.689,2.556241,14301.734,0.51945126,57.77336,493.4327,70.0,2,1,-0.94262695,571.975,-3.685791,1335.3041,-7.605835,1635.51,-0.20776367,1127.4396,0.12716389,13.231799,0.14284515,10.339024,0.1291008,13.433299,0.09232521,16.301094,0.2792511,241.85715,0.3212738,246.23178,0.2051382,10.286702,-15.78418,1956.2628,-11.512695,8255.919,-0.013529539,2.5830657,N-CMAPSS_DS06,1
N-CMAPSS_DS06 · Engine 1,9,572.75104,1333.982,1630.6835,1127.9055,13.459355,10.564755,13.664321,16.539976,243.61136,248.04427,10.48622,1943.8041,8250.24,2.5982795,14188.078,0.53375256,58.33811,494.9625,69.0,2,1,2.006897,572.0612,3.6918945,1335.1572,4.765625,1634.9738,2.5743408,1127.4913,0.18120193,13.257083,0.14853668,10.364104,0.18396091,13.458968,0.23760605,16.327637,2.9505157,242.05206,2.998352,246.43317,0.08866882,10.308871,4.6711426,1954.8785,10.550781,8255.288,0.04203844,2.5847561,N-CMAPSS_DS06,1
N-CMAPSS_DS06 · Engine 1,10,573.1444,1345.8097,1659.3126,1131.8322,12.881166,9.919823,13.077327,16.023922,242.63614,246.91522,9.8759165,1999.2375,8290.199,2.6314232,16406.443,0.56670016,64.43656,490.2456,68.0,2,1,0.39337158,572.16956,11.827637,1336.2224,28.62915,1637.4077,3.9266357,1127.9254,-0.5781889,13.219492,-0.64493275,10.319676,-0.5869942,13.420804,-0.51605415,16.297264,-0.9752197,242.11047,-1.1290436,246.48137,-0.6103039,10.265575,55.43347,1959.3145,39.958984,8258.779,0.03314376,2.5894227,N-CMAPSS_DS06,1
N-CMAPSS_DS06 · Engine 1,11,571.4063,1334.737,1635.4651,1127.8986,13.156233,10.275238,13.356582,16.206308,240.59077,244.93619,10.259406,1954.734,8252.901,2.569707,14822.974,0.5307563,59.674324,492.5276,67.0,2,1,-1.7380981,572.3119,-11.072632,1336.2446,-23.847534,1637.1133,-3.9335938,1127.9927,0.27506638,13.240405,0.35541534,10.340768,0.2792549,13.442036,0.1823864,16.319103,-2.0453644,242.22266,-1.9790344,246.59895,0.3834896,10.281099,-44.50354,1958.306,-37.29785,8258.729,-0.061716318,2.5897977,N-CMAPSS_DS06,1
N-CMAPSS_DS06 · Engine 1,12,573.1333,1345.8121,1659.343,1131.8584,12.881179,9.919823,13.077338,16.023212,242.63083,246.90956,9.87585,1999.2375,8289.994,2.631447,16406.443,0.56670016,64.43656,490.2456,66.0,2,1,1.7269897,572.2472,11.075073,1336.5056,23.87793,1637.9424,3.9598389,1127.8605,-0.27505398,13.205247,-0.35541534,10.306345,-0.27924347,13.4063425,-0.18309593,16.283249,2.0400543,241.91388,1.9733734,246.28012,-0.38355637,10.242712,44.50354,1960.367,37.092773,8259.578,0.06174016,2.5874827,N-CMAPSS_DS06,1
N-CMAPSS_DS06 · Engine 1,13,568.3673,1329.8821,1632.2102,1118.4789,12.552317,9.767276,12.74347,15.515858,231.0956,235.24869,9.659733,1966.715,8238.747,2.4666765,16778.236,0.5618968,61.64738,488.43365,65.0,2,1,-4.765991,571.87286,-15.930054,1335.8358,-27.132812,1637.2892,-13.379517,1127.2732,-0.3288622,13.1564045,-0.15254688,10.266439,-0.33386803,13.356756,-0.50735474,16.223618,-11.535233,241.08282,-11.660873,245.43233,-0.2161169,10.208465,-32.522583,1960.0884,-51.24707,8257.421,-0.1647706,2.5783086,N-CMAPSS_DS06,1
N-CMAPSS_DS06 · Engine 1,14,564.9383,1331.2538,1644.9694,1116.5891,11.840456,9.077294,12.020768,14.775498,225.56036,229.49812,9.03152,2001.4126,8244.001,2.4397647,18826.605,0.5776019,66.36396,481.9466,64.0,2,1,-3.429016,570.88403,1.3717041,1334.8442,12.759155,1637.6007,-1.8897705,1125.9994,-0.71186066,12.992578,-0.68998146,10.1203375,-0.722702,13.190434,-0.7403593,16.039839,-5.5352325,239.0374,-5.7505646,243.33257,-0.6282129,10.074353,34.69763,1963.5133,5.2539062,8254.0,-0.026911736,2.5606387,N-CMAPSS_DS06,1
N-CMAPSS_DS06 · Engine 1,15,568.1842,1324.3774,1617.4913,1121.4995,13.08364,10.288567,13.282884,16.014793,235.67561,239.98874,10.328547,1928.1875,8220.501,2.4890985,14535.537,0.5056305,56.998535,491.71945,63.0,2,1,3.2459106,570.4259,-6.876343,1333.8691,-27.478027,1636.2513,4.9104004,1125.3342,1.2431841,12.955001,1.2112722,10.092719,1.2621155,13.152286,1.239295,15.987208,10.11525,238.24478,10.490616,242.52812,1.2970266,10.058594,-73.2251,1961.9517,-23.5,8251.015,0.04933381,2.5496778,N-CMAPSS_DS06,1
N-CMAPSS_DS06 · Engine 1,16,564.9379,1331.2706,1645.0029,1116.6234,11.840463,9.077294,12.020775,14.774933,225.55913,229.49667,9.031501,2001.4128,8244.228,2.4398026,18826.605,0.5776019,66.36396,481.9466,62.0,2,1,-3.2462769,569.9294,6.8931885,1334.1392,27.511597,1638.392,-4.8760986,1124.3556,-1.2431774,12.812395,-1.2112722,9.957966,-1.2621088,13.007508,-1.2398605,15.838692,-10.116486,236.84023,-10.492065,241.0808,-1.2970457,9.913866,73.22534,1968.8792,23.726562,8252.17,-0.049295902,2.539221,N-CMAPSS_DS06,1
N-CMAPSS_DS06 · Engine 1,17,570.69147,1334.1487,1636.6128,1128.7314,13.12429,10.232625,13.324152,16.185955,241.38853,245.71442,10.255603,1956.3666,8249.856,2.5951426,15015.889,0.5309409,60.38167,491.57748,61.0,2,1,5.75354,569.82983,2.8780518,1334.1564,-8.390137,1638.7009,12.108032,1124.6748,1.2838278,12.809725,1.1553307,9.953892,1.3033772,13.004798,1.4110222,15.836283,15.829407,236.94092,16.217743,241.17978,1.224102,9.920185,-45.046265,1969.024,5.6289062,8252.036,0.15533996,2.5417583,N-CMAPSS_DS06,1
N-CMAPSS_DS06 · Engine 1,18,575.27954,1343.3912,1647.6472,1137.1895,13.596985,10.601948,13.804047,16.768284,249.55603,254.03635,10.625968,1961.2507,8279.988,2.6902688,14014.463,0.52964306,60.33626,495.45612,60.0,2,1,4.5880737,570.2834,9.242554,1335.4664,11.034424,1640.8738,8.458008,1125.8606,0.4726944,12.841608,0.36932278,9.972465,0.47989464,13.037167,0.5823288,15.882874,8.167496,237.83044,8.32193,242.07883,0.37036514,9.943027,4.8841553,1971.2358,30.131836,8256.065,0.09512615,2.555161,N-CMAPSS_DS06,1
N-CMAPSS_DS06 · Engine 1,19,578.61237,1339.6902,1627.2593,1140.7019,14.773869,11.757123,14.998852,17.948439,259.02573,263.87695,11.770921,1908.91,8269.66,2.7257478,10434.371,0.4811129,52.786076,504.1716,59.0,2,1,3.3328247,570.8695,-3.7010498,1336.0374,-20.38794,1640.5314,3.5124512,1127.1403,1.1768837,12.97306,1.1551752,10.0917015,1.1948051,13.170619,1.1801548,16.02372,9.469696,239.37187,9.840607,243.6621,1.1449528,10.071496,-52.3407,1967.7465,-10.328125,8258.008,0.03547907,2.5679078,N-CMAPSS_DS06,1
N-CMAPSS_DS06 · Engine 1,20,565.6174,1317.75,1607.8597,1117.4791,12.895418,10.178983,13.091795,15.756471,230.53403,234.7656,10.200577,1915.8021,8196.452,2.4259365,14651.537,0.5022506,56.420033,490.28226,58.0,2,1,-12.994995,570.1168,-21.940186,1333.2313,-19.399536,1635.3861,-23.222778,1125.705,-1.8784504,12.974485,-1.5781403,10.117617,-1.9070568,13.172066,-2.191968,15.996975,-28.4917,238.16167,-29.111359,242.44713,-1.570344,10.103962,6.89209,1959.4028,-73.20801,8248.633,-0.29981136,2.5473592,N-CMAPSS_DS06,1
N-CMAPSS_DS06 · Engine 1,21,577.16907,1342.8677,1638.1378,1145.3655,14.469043,11.393321,14.689383,17.665855,260.2375,265.0121,11.597494,1924.5399,8280.509,2.769225,10726.354,0.4577774,54.635307,501.06744,57.0,2,1,11.551697,570.6931,25.117676,1334.0444,30.278076,1635.6533,27.886353,1127.4517,1.5736246,13.105766,1.2143383,10.229425,1.5975876,13.3053465,1.9093847,16.14293,29.70346,240.12633,30.24649,244.45471,1.3969173,10.237771,8.737793,1956.3835,84.05664,8251.394,0.34328842,2.567311,N-CMAPSS_DS06,1
N-CMAPSS_DS06 · Engine 1,22,573.7502,1334.5812,1627.7233,1131.9552,13.758579,10.847968,13.9681015,16.812534,246.00606,250.54253,10.874918,1928.5216,8253.916,2.5965772,12879.4795,0.49666947,55.832188,497.29602,56.0,2,1,-3.4188843,570.75476,-8.286499,1332.9213,-10.414551,1632.4915,-13.410278,1127.4613,-0.7104635,13.193506,-0.54535294,10.32224,-0.72128105,13.394423,-0.8533211,16.221863,-14.23143,240.46385,-14.469559,244.81801,-0.72257614,10.337678,3.9816895,1949.3119,-26.592773,8247.786,-0.17264771,2.563824,N-CMAPSS_DS06,1
N-CMAPSS_DS06 · Engine 1,23,570.0332,1327.7572,1622.134,1130.1013,13.445687,10.558102,13.650445,16.453993,242.85013,247.2566,10.770237,1918.6912,8227.487,2.5948648,13567.173,0.4825522,56.820026,493.4253,55.0,2,0,-3.71698,570.9214,-6.8239746,1332.7087,-5.5892334,1631.4838,-1.8538818,1128.6235,-0.31289196,13.282843,-0.28986645,10.401322,-0.31765652,13.48512,-0.3585415,16.315676,-3.1559296,241.63931,-3.2859192,246.0188,-0.104681015,10.448729,-9.830444,1944.5095,-26.42871,8246.66,-0.0017123222,2.5766428,N-CMAPSS_DS06,1
N-CMAPSS_DS06 · Engine 1,24,566.8356,1328.5385,1632.827,1115.9039,12.259104,9.503905,12.44579,15.193827,227.70717,231.77016,9.379771,1974.1368,8235.312,2.4347427,17359.363,0.5664805,62.6286,486.43045,54.0,2,0,-3.1976318,571.1111,0.78125,1332.4373,10.692993,1630.2695,-14.197388,1128.555,-1.1865835,13.324708,-1.0541964,10.443983,-1.2046547,13.527622,-1.2601662,16.357508,-15.14296,241.85399,-15.48645,246.246,-1.3904657,10.483554,55.44568,1941.782,7.8242188,8245.791,-0.16012216,2.5761406,N-CMAPSS_DS06,1
N-CMAPSS_DS06 · Engine 1,25,567.2222,1333.7744,1645.0145,1118.9185,12.1669655,9.376873,12.352251,15.127634,228.60945,232.65009,9.290363,1995.0806,8251.84,2.4594488,18237.4,0.58091164,65.05716,484.79245,53.0,2,0,0.3866577,571.0149,5.235962,1333.377,12.1875,1633.0219,3.0145264,1128.297,-0.09213829,13.23304,-0.12703228,10.352814,-0.09353924,13.434559,-0.06619263,16.268793,0.9022827,241.14737,0.8799286,245.51215,-0.08940792,10.379735,20.943726,1948.4712,16.52832,8248.925,0.024706125,2.5731757,N-CMAPSS_DS06,1
N-CMAPSS_DS06 · Engine 1,26,572.6602,1332.4701,1626.347,1128.6165,13.556426,10.675965,13.762869,16.606733,243.23427,247.69481,10.643412,1931.9258,8244.147,2.579105,13643.143,0.51702696,56.875496,495.79425,52.0,2,0,5.4379883,571.7871,-1.3043213,1333.497,-18.66748,1631.1562,9.697998,1129.4963,1.3894606,13.404636,1.2990923,10.512681,1.4106178,13.608768,1.4790993,16.451973,14.624817,242.91489,15.0447235,247.33195,1.3530483,10.540926,-63.154785,1941.5226,-7.692383,8248.917,0.119656086,2.587106,N-CMAPSS_DS06,1
N-CMAPSS_DS06 · Engine 1,27,570.3872,1336.4583,1642.9087,1125.326,12.8204975,9.9557705,13.015733,15.861305,237.39938,241.64397,9.892801,1976.8748,8260.531,2.5478783,16233.463,0.55636483,62.382175,489.65338,51.0,2,0,-2.2730103,571.7567,3.9881592,1333.7279,16.561646,1631.7859,-3.2904053,1129.1558,-0.73592854,13.374257,-0.7201948,10.484996,-0.7471361,13.577927,-0.7454281,16.419508,-5.8348846,242.51598,-6.0508423,246.92491,-0.75061035,10.504646,44.948975,1943.5734,16.38379,8249.984,-0.031226635,2.5823793,N-CMAPSS_DS06,1
N-CMAPSS_DS06 · Engine 1,28,569.0032,1327.0366,1622.6172,1121.8608,13.009557,10.209028,13.207672,15.972167,235.3062,239.59099,10.174332,1938.5535,8226.867,2.4959662,15024.462,0.52688015,58.188286,491.62665,50.0,2,0,-1.3840332,571.129,-9.421631,1332.0924,-20.291504,1629.2828,-3.46521,1127.6229,0.18905926,13.315515,0.25325775,10.4457035,0.19193935,13.51829,0.11086178,16.339895,-2.0931854,241.09099,-2.0529785,245.48038,0.28153038,10.459482,-38.32129,1941.3036,-33.664062,8244.672,-0.05191207,2.5629492,N-CMAPSS_DS06,1
N-CMAPSS_DS06 · Engine 1,29,572.7688,1343.6372,1654.5128,1128.0631,12.824364,9.900498,13.019659,15.943608,240.4435,244.71138,9.7610445,1997.0458,8284.342,2.592942,16430.98,0.57311535,63.726135,490.53177,49.0,2,0,3.765625,570.5447,16.600586,1332.487,31.89563,1632.0082,6.2022705,1126.359,-0.18519306,13.120564,-0.30852985,10.260041,-0.18801308,13.32037,-0.028558731,16.139412,5.1372986,239.23277,5.120392,243.56381,-0.41328716,10.258495,58.49231,1950.1172,57.47461,8246.141,0.0969758,2.5496686,N-CMAPSS_DS06,1
N-CMAPSS_DS06 · Engine 1,30,574.20764,1339.7284,1641.2349,1134.5911,13.565971,10.603491,13.772559,16.712175,248.00623,252.47159,10.598176,1953.119,8267.594,2.6676323,13955.705,0.52842075,59.38139,495.31418,48.0,2,0,1.4388428,571.40375,-3.9088135,1334.6849,-13.277954,1635.3457,6.527954,1128.0702,0.74160767,13.187619,0.70299244,10.302492,0.7529001,13.388446,0.7685671,16.234983,7.562729,240.97998,7.760208,245.33441,0.8371315,10.298255,-43.926758,1953.8489,-16.748047,8253.255,0.07469034,2.5738382,N-CMAPSS_DS06,1
N-CMAPSS_DS06 · Engine 1,31,571.4095,1334.8428,1635.6938,1128.0804,13.15627,10.275238,13.356619,16.205444,240.5824,244.92659,10.259322,1954.734,8253.241,2.5700214,14822.974,0.5307563,59.674324,492.5276,47.0,2,0,-2.7981567,570.82776,-4.88562,1333.8824,-5.5410156,1635.1013,-6.51062,1126.3417,-0.40970135,13.056342,-0.3282528,10.190684,-0.41594028,13.25517,-0.50673103,16.088942,-7.423828,239.01448,-7.544998,243.32587,-0.33885384,10.164437,1.6149902,1956.8683,-14.352539,8250.527,-0.09761095,2.553918,N-CMAPSS_DS06,1
N-CMAPSS_DS06 · Engine 1,32,571.76935,1336.5256,1640.4417,1129.7815,13.114419,10.196053,13.31413,16.209188,242.47879,246.79875,10.203619,1960.1924,8257.6875,2.6202807,15214.76,0.54024357,61.10619,491.88904,46.0,2,0,0.35986328,570.6297,1.6828613,1334.0769,4.7478027,1636.3732,1.7010498,1126.1243,-0.041851044,12.991926,-0.079185486,10.125492,-0.04248905,13.189773,0.0037441254,16.028608,1.8963928,238.66174,1.8721619,242.95149,-0.055703163,10.097308,5.458374,1960.0354,4.446289,8250.905,0.05025935,2.5562882,N-CMAPSS_DS06,1
N-CMAPSS_DS06 · Engine 1,33,577.84296,1346.6855,1648.1288,1143.729,14.165158,11.086979,14.380874,17.413359,258.18436,262.8493,11.166951,1949.4625,8290.381,2.7807047,12282.582,0.5033366,58.05244,499.3343,45.0,2,0,6.0736084,571.41064,10.159912,1335.9697,7.687134,1638.9727,13.94751,1127.487,1.0507393,13.063873,0.89092636,10.17838,1.0667439,13.262815,1.2041702,16.124544,15.705566,240.19518,16.050552,244.51076,0.9633322,10.136979,-10.729858,1963.1125,32.69336,8257.194,0.160424,2.5748723,N-CMAPSS_DS06,1
N-CMAPSS_DS06 · Engine 1,34,558.93677,1299.7074,1581.8329,1108.3813,12.433846,9.827097,12.623195,15.138016,221.54013,225.5916,10.034229,1873.1686,8134.372,2.3334327,15039.068,0.4664781,54.099754,486.0672,44.0,2,0,-18.906189,570.6208,-46.97815,1333.0867,-66.2959,1633.8733,-35.347656,1126.7349,-1.7313118,13.081347,-1.259882,10.210699,-1.757679,13.280556,-2.275343,16.118963,-36.644226,239.57848,-37.257706,243.89291,-1.1327219,10.202425,-76.293945,1953.0156,-156.00879,8247.101,-0.44727206,2.5647411,N-CMAPSS_DS06,1
N-CMAPSS_DS06 · Engine 1,35,573.49207,1337.758,1638.0986,1131.9391,13.436747,10.514931,13.641367,16.538641,244.5564,248.97531,10.484896,1950.7843,8260.164,2.6207857,14267.166,0.53196794,59.1717,494.79147,43.0,2,0,14.555298,571.24774,38.05066,1333.485,56.265747,1633.1816,23.55774,1128.0369,1.0029001,13.208325,0.6878338,10.324505,1.0181723,13.409468,1.4006252,16.260063,23.016266,241.17316,23.383713,245.52542,0.45066643,10.321878,77.61572,1948.586,125.79199,8247.933,0.28735304,2.580875,N-CMAPSS_DS06,1
N-CMAPSS_DS06 · Engine 1,36,577.79663,1339.4932,1629.098,1138.0092,14.4411,11.453428,14.661016,17.597343,255.06662,259.81534,11.392696,1917.6405,8268.075,2.6892827,11257.178,0.4963276,53.743977,502.64673,42.0,2,0,4.3045654,571.7614,1.7351074,1334.1873,-9.00061,1633.4568,6.0700684,1128.9762,1.0043535,13.296793,0.93849754,10.402251,1.0196495,13.499283,1.0587025,16.359125,10.510223,242.3564,10.840027,246.73749,0.9078007,10.396807,-33.1438,1947.1575,7.911133,8250.325,0.06849694,2.5918927,N-CMAPSS_DS06,1
N-CMAPSS_DS06 · Engine 1,37,566.86163,1329.0452,1633.9249,1116.7695,12.259275,9.503905,12.445963,15.1941185,227.6697,231.72739,9.379428,1974.1368,8235.554,2.4361744,17359.363,0.5664805,62.6286,486.43045,41.0,2,0,-10.934998,571.4089,-10.447998,1333.446,4.8269043,1632.5583,-21.239624,1128.1205,-2.1818247,13.240671,-1.949523,10.357065,-2.2150536,13.442306,-2.403225,16.292406,-27.396927,241.38342,-28.087952,245.74582,-2.0132685,10.345469,56.496338,1946.8838,-32.521484,8247.828,-0.25310826,2.5807223,N-CMAPSS_DS06,1
N-CMAPSS_DS06 · Engine 1,38,579.811,1342.9358,1631.3568,1154.3298,15.314944,12.1765785,15.548168,18.537533,269.04028,274.04727,12.565546,1888.6487,8277.109,2.85197,8315.011,0.41099468,51.020016,506.17673,40.0,2,0,12.949341,572.4896,13.890625,1335.0359,-2.5681152,1633.4324,37.560303,1131.3674,3.0556688,13.47121,2.6726732,10.55382,3.1022053,13.676355,3.3434143,16.548943,41.37059,244.75684,42.319885,249.19145,3.1861181,10.584591,-85.48816,1941.8933,41.555664,8252.852,0.41579556,2.6163228,N-CMAPSS_DS06,1
N-CMAPSS_DS06 · Engine 1,39,570.04517,1337.8063,1647.1996,1127.3567,12.71956,9.841696,12.913258,15.771541,237.40941,241.61649,9.824045,1981.8773,8262.302,2.562673,16445.031,0.5544522,63.185886,488.66473,39.0,2,0,-9.765808,572.2173,-5.1295166,1334.4529,15.842773,1632.701,-26.973145,1131.2968,-2.5953846,13.46073,-2.3348827,10.547939,-2.6349106,13.665715,-2.7659922,16.531736,-31.630875,244.45343,-32.430786,248.88196,-2.7415009,10.590891,93.22864,1940.3765,-14.807617,8250.648,-0.28929687,2.6132958,N-CMAPSS_DS06,1
N-CMAPSS_DS06 · Engine 1,40,568.80316,1331.9443,1636.6373,1116.7421,12.390623,9.60016,12.579313,15.38589,230.23845,234.34137,9.372375,1978.7961,8244.382,2.47116,17495.398,0.58742595,62.53941,488.05774,38.0,2,0,-1.2420044,571.6768,-5.8619385,1333.6744,-10.562256,1632.2412,-10.614624,1129.5118,-0.32893658,13.343194,-0.24153614,10.447606,-0.33394432,13.546391,-0.38565063,16.399107,-7.1709595,242.67665,-7.275116,247.06894,-0.45167065,10.46831,-3.0811768,1942.9441,-17.919922,8248.327,-0.09151316,2.5936484,N-CMAPSS_DS06,1
N-CMAPSS_DS06 · Engine 1,41,577.7579,1343.1481,1636.4246,1152.3778,14.869086,11.7528305,15.095519,18.0626,265.07574,269.9587,12.147589,1905.4791,8279.383,2.8175242,9283.248,0.4138973,52.583942,502.92285,37.0,2,0,8.954712,572.31165,11.203735,1334.5049,-0.21276855,1632.3143,35.635742,1131.9417,2.4784632,13.514476,2.1526709,10.595366,2.5162058,13.720281,2.6767092,16.584824,34.837296,245.12599,35.61734,249.57216,2.7752142,10.657137,-73.31702,1938.0187,35.000977,8250.941,0.34636426,2.618399,N-CMAPSS_DS06,1
N-CMAPSS_DS06 · Engine 1,42,570.43097,1335.1644,1639.098,1126.3444,12.871439,10.012377,13.067449,15.899206,237.34712,241.60277,9.968982,1965.0168,8254.523,2.5410283,15585.395,0.5397253,60.92251,490.66147,36.0,2,0,-7.3269043,572.1778,-7.9836426,1334.3688,2.673462,1632.1799,-26.033447,1131.5979,-1.9976473,13.490178,-1.7404537,10.576998,-2.0280704,13.695612,-2.163393,16.553825,-27.728622,244.61282,-28.355942,249.05255,-2.178607,10.633674,59.53772,1938.5011,-24.859375,8250.625,-0.27649593,2.6104736,N-CMAPSS_DS06,1
N-CMAPSS_DS06 · Engine 1,43,578.6926,1337.5554,1622.8784,1141.2821,14.787396,11.787123,15.012586,17.963505,258.09665,262.91516,11.777319,1894.2797,8256.648,2.7298226,10264.728,0.48356205,52.151432,504.89142,35.0,2,0,8.261658,572.2628,2.3909912,1333.4558,-16.219604,1629.6549,14.937744,1131.3531,1.9159575,13.552402,1.774746,10.647013,1.945137,13.758783,2.0642986,16.608839,20.749527,244.60405,21.312393,249.05914,1.8083372,10.694711,-70.73718,1932.9828,2.125,8247.251,0.18879437,2.6053853,N-CMAPSS_DS06,1
N-CMAPSS_DS06 · Engine 1,44,571.7803,1335.3928,1636.5332,1127.9232,13.151451,10.273374,13.351726,16.211258,240.2837,244.61182,10.191576,1954.9171,8251.746,2.5739913,15036.028,0.5428714,59.650852,492.89868,34.0,2,0,-6.9123535,573.5471,-2.1625977,1337.0244,13.654785,1635.125,-13.358887,1133.3074,-1.6359453,13.624163,-1.5137491,10.69164,-1.6608601,13.831636,-1.7522469,16.716164,-17.812943,246.47841,-18.303345,250.96117,-1.585743,10.710445,60.63745,1941.1577,-4.9023438,8258.988,-0.15583134,2.6294413,N-CMAPSS_DS06,1
N-CMAPSS_DS06 · Engine 1,45,570.466,1337.6727,1645.5426,1127.406,12.820898,9.9557705,13.016139,15.861716,237.31056,241.54237,9.892048,1976.8748,8259.857,2.5514922,16233.463,0.55636483,62.382175,489.65338,33.0,2,0,-1.31427,573.2445,2.2799072,1337.0159,9.009399,1635.8694,-0.5172119,1132.8541,-0.33055305,13.562577,-0.3176031,10.635724,-0.33558655,13.769114,-0.34954166,16.648472,-2.9731445,245.75383,-3.0694427,250.21786,-0.29952812,10.65116,21.957642,1943.7667,8.111328,8258.958,-0.022499084,2.6225119,N-CMAPSS_DS06,1
N-CMAPSS_DS06 · Engine 1,46,571.3486,1338.9238,1647.4789,1126.5548,12.725863,9.853822,12.919658,15.799611,236.86763,241.06442,9.720048,1982.137,8262.761,2.5611808,16638.547,0.57398754,63.068886,489.9106,32.0,2,0,0.88256836,572.59973,1.2510986,1336.9589,1.9362793,1637.7074,-0.8511963,1131.7086,-0.0950346,13.391054,-0.10194874,10.475763,-0.09648132,13.594977,-0.06210518,16.468699,-0.44293213,243.93393,-0.47795105,248.34277,-0.17199993,10.483895,5.262207,1950.2163,2.9033203,8258.427,0.009688616,2.6097016,N-CMAPSS_DS06,1
N-CMAPSS_DS06 · Engine 1,47,570.4692,1336.3588,1641.2092,1127.3785,12.939593,10.062684,13.136643,15.979841,238.87802,243.16136,10.026212,1968.1453,8257.747,2.5569806,15504.85,0.5365296,60.66391,490.71222,31.0,2,0,-0.87939453,572.96045,-2.5650635,1337.6902,-6.2696533,1638.4359,0.82373047,1132.7695,0.21372986,13.459085,0.2088623,10.531641,0.2169857,13.664045,0.18023014,16.54727,2.0103912,245.05476,2.096939,249.48618,0.3061638,10.5485735,-13.991699,1949.6172,-5.013672,8260.6455,-0.00420022,2.6217823,N-CMAPSS_DS06,1
N-CMAPSS_DS06 · Engine 1,48,571.7207,1337.0983,1639.8959,1133.9641,13.287471,10.356957,13.489817,16.370037,244.13838,248.51546,10.421641,1950.2695,8256.8,2.6221862,14144.742,0.5090334,58.957146,493.08554,30.0,2,0,1.2515259,572.1514,0.73950195,1337.1064,-1.3133545,1639.2898,6.5855713,1130.7329,0.3478775,13.256338,0.29427338,10.349679,0.35317326,13.458211,0.39019585,16.33052,5.2603607,242.56458,5.3540955,246.933,0.3954296,10.334184,-17.875732,1955.7793,-0.9472656,8258.615,0.065205574,2.598804,N-CMAPSS_DS06,1
N-CMAPSS_DS06 · Engine 1,49,571.8754,1335.3519,1635.1655,1127.586,13.196474,10.33975,13.397435,16.23451,239.40764,243.75417,10.215663,1952.5596,8251.091,2.5470219,14815.186,0.54063094,58.820072,493.52567,29.0,2,0,0.15472412,572.3345,-1.7463379,1336.8611,-4.7303467,1638.0864,-6.3780518,1130.7559,-0.09099674,13.304029,-0.017207146,10.399485,-0.09238148,13.506628,-0.13552666,16.376818,-4.7307434,242.76439,-4.7612915,247.14676,-0.2059784,10.373345,2.290039,1952.8475,-5.7089844,8257.494,-0.07516432,2.5972388,N-CMAPSS_DS06,1
N-CMAPSS_DS06 · Engine 1,50,573.6885,1336.732,1635.8077,1135.0525,13.625901,10.681102,13.833402,16.757473,247.40634,251.85698,10.671587,1936.2518,8250.237,2.668123,13789.272,0.5266087,58.171696,495.77966,28.0,2,0,1.8130493,572.823,1.380127,1337.3398,0.6422119,1638.0034,7.4664307,1132.5869,0.42942715,13.427557,0.3413515,10.507579,0.4359665,13.632037,0.52296257,16.513975,7.998703,244.48119,8.102814,248.89832,0.45592403,10.503266,-16.30774,1948.593,-0.8535156,8258.079,0.12110114,2.616935,N-CMAPSS_DS06,1
N-CMAPSS_DS06 · Engine 1,51,571.2674,1325.2528,1608.987,1137.0679,14.158875,11.276844,14.374494,17.129997,247.77916,252.39865,11.549676,1874.5637,8215.857,2.5976129,10434.208,0.42138648,50.45521,499.07065,27.0,2,0,-2.4210815,572.17395,-11.479248,1335.5503,-26.820679,1635.2596,2.0153809,1131.0559,0.53297424,13.356536,0.5957422,10.45998,0.5410919,13.559935,0.37252426,16.420715,0.372818,242.75153,0.54167175,247.14232,0.87808895,10.443475,-61.68811,1945.5015,-34.379883,8251.727,-0.07051015,2.594944,N-CMAPSS_DS06,1
N-CMAPSS_DS06 · Engine 1,52,575.00037,1346.323,1654.1687,1142.9182,13.609945,10.58719,13.8172035,16.791891,251.14668,255.62233,10.700971,1963.3195,8283.89,2.717204,13642.245,0.5092652,59.967514,495.04807,26.0,2,0,3.7329712,572.6309,21.07019,1336.6661,45.18164,1636.7667,5.850342,1132.7134,-0.54893017,13.430387,-0.68965435,10.517462,-0.5572901,13.634911,-0.33810616,16.509983,3.3675232,244.13147,3.2236786,248.54427,-0.8487053,10.516674,88.75574,1945.3318,68.03223,8254.663,0.119591236,2.6125615,N-CMAPSS_DS06,1
N-CMAPSS_DS06 · Engine 1,53,571.61145,1337.1533,1640.5594,1131.9297,13.156972,10.275238,13.35733,16.20911,240.43983,244.76088,10.258225,1954.734,8253.783,2.576915,14822.974,0.5307563,59.674324,492.5276,25.0,2,0,-3.388916,571.9228,-9.169678,1336.626,-13.609253,1638.5348,-10.988525,1131.7781,-0.45297337,13.267344,-0.31195164,10.366273,-0.4598732,13.469385,-0.58278084,16.334545,-10.706848,242.3658,-10.86145,246.72885,-0.4427452,10.364765,-8.585449,1951.3772,-30.106445,8254.377,-0.14028907,2.5972707,N-CMAPSS_DS06,1
N-CMAPSS_DS06 · Engine 1,54,559.1365,1301.9615,1586.6246,1112.1807,12.434411,9.827097,12.623769,15.141814,221.40962,225.43927,10.0333,1873.169,8135.148,2.3398843,15039.068,0.4664781,54.099754,486.0672,24.0,2,0,-12.474976,570.6584,-35.191772,1333.2828,-53.934814,1633.544,-19.749023,1130.2039,-0.7225609,13.195641,-0.4481411,10.321646,-0.7335615,13.396589,-1.067296,16.2276,-19.030212,240.4784,-19.32161,244.81158,-0.22492504,10.348937,-81.56506,1943.2024,-118.635254,8242.717,-0.23703074,2.5738602,N-CMAPSS_DS06,1
N-CMAPSS_DS06 · Engine 1,55,577.27075,1342.2227,1638.0452,1143.5853,14.294775,11.282236,14.512462,17.476528,255.43175,260.09344,11.300758,1922.1764,8267.816,2.7337525,11628.72,0.49652347,55.31957,500.96957,23.0,2,0,18.134277,571.33887,40.26111,1333.7378,51.420532,1632.7942,31.404663,1131.8218,1.860364,13.343028,1.4551392,10.454292,1.8886929,13.546221,2.334714,16.389082,34.022125,242.29051,34.654175,246.6667,1.267458,10.489808,49.007446,1937.7325,132.66846,8243.513,0.3938682,2.592086,N-CMAPSS_DS06,1
N-CMAPSS_DS06 · Engine 1,56,567.9572,1328.6278,1629.6604,1123.1497,12.702459,9.928016,12.895899,15.650092,231.65173,235.80876,9.855228,1947.2272,8224.273,2.478508,15976.356,0.5437652,59.74028,489.44373,22.0,2,0,-9.313538,570.99976,-13.594849,1332.7083,-8.384766,1631.0123,-20.435669,1131.4812,-1.5923157,13.340688,-1.3542204,10.461712,-1.6165628,13.543845,-1.826436,16.37413,-23.780014,241.76892,-24.284683,246.14113,-1.4455299,10.503326,25.050781,1934.2416,-43.54297,8239.664,-0.2552445,2.583819,N-CMAPSS_DS06,1
N-CMAPSS_DS06 · Engine 1,57,568.48114,1327.7615,1624.5511,1127.1017,13.084563,10.288567,13.283822,16.019283,235.47505,239.75485,10.327044,1928.1866,8221.448,2.4989724,14535.537,0.5056305,56.998535,491.71945,21.0,2,0,0.5239258,570.80096,-0.866333,1331.8485,-5.109253,1629.3466,3.9520264,1131.4536,0.38210392,13.355185,0.36055088,10.4843,0.38792324,13.558563,0.36919117,16.378075,3.8233185,241.42862,3.9460907,245.80048,0.4718151,10.533409,-19.040527,1930.2457,-2.8251953,8236.034,0.02046442,2.578018,N-CMAPSS_DS06,1
N-CMAPSS_DS06 · Engine 1,58,570.0555,1339.7119,1651.0776,1130.6038,12.643841,9.779835,12.836386,15.685267,235.86433,240.0286,9.730931,1980.4812,8259.904,2.5473967,16351.198,0.55071324,62.567627,488.75323,20.0,2,0,1.5743408,570.6344,11.950439,1332.1099,26.52649,1630.4647,3.5020752,1131.1176,-0.44072247,13.290822,-0.50873184,10.426587,-0.44743633,13.49322,-0.33401585,16.309597,0.38928223,240.60121,0.27374268,244.9518,-0.59611225,10.464338,52.294556,1933.2668,38.456055,8236.345,0.048424244,2.570539,N-CMAPSS_DS06,1
N-CMAPSS_DS06 · Engine 1,59,565.9572,1321.3344,1615.3708,1123.4382,12.896398,10.178983,13.092789,15.761935,230.3317,234.52881,10.199143,1915.8021,8197.497,2.4362936,14651.537,0.5022506,56.420033,490.28226,19.0,2,0,-4.0982666,570.0426,-18.377563,1330.7081,-35.706787,1628.4852,-7.1655273,1130.7028,0.2525568,13.260814,0.399148,10.410511,0.25640297,13.462755,0.076667786,16.262339,-5.5326385,239.69362,-5.4997864,244.02925,0.46821213,10.462687,-64.67908,1929.5912,-62.407227,8230.985,-0.11110306,2.5594664,N-CMAPSS_DS06,1
N-CMAPSS_DS06 · Engine 1,60,569.6604,1341.6315,1657.986,1131.1779,12.440318,9.567538,12.629764,15.491191,234.71635,238.80733,9.514576,1992.177,8263.542,2.557781,17428.506,0.5727685,64.476135,486.89374,18.0,2,0,3.703186,569.6398,20.29712,1331.198,42.615112,1630.7031,7.739624,1130.3153,-0.45607948,13.142256,-0.6114445,10.299154,-0.4630251,13.342392,-0.27074432,16.135712,4.384659,238.42462,4.2785187,242.72429,-0.68456745,10.346985,76.37488,1935.1837,66.04492,8232.316,0.12148738,2.548432,N-CMAPSS_DS06,1
N-CMAPSS_DS06 · Engine 1,61,563.67163,1327.2748,1638.4379,1119.2926,11.836606,9.158735,12.016859,14.681523,220.20837,224.07188,9.101768,1972.7966,8214.953,2.375795,18596.695,0.56923974,64.17728,482.29517,17.0,2,0,-5.9887695,568.8802,-14.356689,1331.4003,-19.548096,1633.6482,-11.885254,1128.5377,-0.6037121,12.910028,-0.408803,10.087343,-0.61290455,13.106628,-0.8096676,15.890863,-14.50798,235.66754,-14.735443,239.89162,-0.41280842,10.102195,-19.380371,1945.007,-48.588867,8232.226,-0.1819861,2.5262504,N-CMAPSS_DS06,1
N-CMAPSS_DS06 · Engine 1,62,573.3036,1346.7888,1661.7222,1141.1719,13.095169,10.126208,13.294589,16.25281,244.71802,248.99184,10.135753,1978.5145,8275.569,2.6815903,15648.194,0.55145067,62.965393,491.3559,16.0,2,0,9.631958,568.7105,19.514038,1331.4468,23.284302,1634.4036,21.879272,1128.3632,1.258563,12.858551,0.96747303,10.041245,1.27773,13.054367,1.5712862,15.836955,24.509644,235.02467,24.919952,239.22856,1.0339851,10.045672,5.7178955,1946.5265,60.61621,8231.394,0.30579543,2.5226889,N-CMAPSS_DS06,1
N-CMAPSS_DS06 · Engine 1,63,576.2066,1346.0638,1649.8289,1143.7883,13.81793,10.840895,14.028356,16.972954,249.60803,254.11522,10.807332,1946.1573,8274.258,2.6797848,13161.821,0.5176882,57.682983,497.7264,15.0,2,0,2.9030151,569.17004,-0.7249756,1332.3379,-11.893311,1635.3304,2.616455,1129.549,0.72276115,12.924647,0.7146864,10.097811,0.73376656,13.1214695,0.7201443,15.91334,4.8900146,235.9415,5.1233826,240.164,0.67157936,10.100583,-32.357178,1945.6688,-1.3115234,8233.441,-0.0018055439,2.532976,N-CMAPSS_DS06,1
N-CMAPSS_DS06 · Engine 1,64,575.9283,1340.9056,1638.2012,1143.0775,14.024484,11.075925,14.238055,17.1528,250.02368,254.56845,11.036292,1919.9677,8256.016,2.678165,12234.09,0.505139,55.436535,499.55142,14.0,2,0,-0.2783203,570.84924,-5.158203,1336.2323,-11.627686,1640.4882,-0.7108154,1132.6387,0.20655346,13.083654,0.23503017,10.222693,0.20969963,13.282898,0.17984581,16.114439,0.4156494,238.8029,0.4532318,243.07692,0.22896004,10.200883,-26.189697,1950.3486,-18.242188,8245.527,-0.0016198158,2.566804,N-CMAPSS_DS06,1
N-CMAPSS_DS06 · Engine 1,65,570.9479,1347.1348,1668.7098,1134.0682,12.313676,9.454711,12.501193,15.374901,232.57246,236.6035,9.320432,2007.1238,8275.008,2.5433354,18138.215,0.5957119,66.29885,486.55243,13.0,2,0,-4.9804077,570.2169,6.229126,1336.7235,30.508667,1643.5546,-9.009277,1131.687,-1.7108078,12.885545,-1.6212139,10.039941,-1.7368622,13.081771,-1.7778988,15.904276,-17.451218,236.51697,-17.96495,240.72792,-1.7158604,10.00285,87.15613,1958.8434,18.992188,8246.247,-0.13482952,2.5477622,N-CMAPSS_DS06,1
N-CMAPSS_DS06 · Engine 1,66,580.2247,1363.2025,1682.2264,1152.6476,13.75784,10.652465,13.967351,17.079214,255.81354,260.32556,10.518537,1999.419,8327.731,2.791457,14328.303,0.5605235,62.360374,497.27798,12.0,2,0,9.276794,571.44366,16.067749,1340.1809,13.516602,1648.8112,18.579346,1134.6367,1.4441643,12.991082,1.1977539,10.112386,1.4661579,13.188916,1.7043133,16.047188,23.241074,238.93315,23.722061,243.1796,1.1981049,10.0691805,-7.704834,1964.0626,52.723633,8256.593,0.2481215,2.5790572,N-CMAPSS_DS06,1
N-CMAPSS_DS06 · Engine 1,67,574.13684,1345.3484,1653.1372,1149.4203,13.73436,10.755985,13.943512,16.861145,249.4855,253.93726,10.922789,1941.921,8263.865,2.6978905,13012.074,0.48910174,57.879543,495.5336,11.0,2,0,-6.0878296,572.0093,-17.854126,1341.9397,-29.089233,1651.6698,-3.227295,1136.8687,-0.023480415,13.056062,0.10352039,10.159128,-0.023838997,13.254886,-0.21806908,16.131374,-6.3280334,240.3342,-6.3883057,244.59784,0.40425205,10.128756,-57.497925,1965.436,-63.86621,8260.834,-0.09356642,2.598949,N-CMAPSS_DS06,1
N-CMAPSS_DS06 · Engine 1,68,576.08765,1351.1027,1663.9637,1150.0808,13.599402,10.601948,13.8064995,16.784952,249.09158,253.49484,10.622734,1961.251,8280.634,2.7144437,14014.463,0.52964306,60.33626,495.45612,10.0,2,0,1.9508057,572.6125,5.7542725,1343.0787,10.826538,1652.9584,0.66052246,1138.8163,-0.13495731,13.151618,-0.15403748,10.24134,-0.13701248,13.351896,-0.076192856,16.241343,-0.3939209,241.65692,-0.44241333,245.94447,-0.30005455,10.217936,19.329956,1963.513,16.768555,8262.907,0.016553164,2.6156535,N-CMAPSS_DS06,1
N-CMAPSS_DS06 · Engine 1,69,567.7473,1336.9067,1650.1786,1129.5018,12.261537,9.503905,12.448259,15.2118845,227.25989,231.2489,9.376595,1974.1368,8236.147,2.458101,17359.363,0.5664805,62.6286,486.43045,9.0,2,0,-8.340332,572.7915,-14.195923,1344.636,-13.785156,1656.4392,-20.57898,1139.4227,-1.3378658,13.088132,-1.0980425,10.173832,-1.3582401,13.287444,-1.5730677,16.186337,-21.831696,241.34975,-22.245941,245.61649,-1.2461395,10.13568,12.885864,1969.3464,-44.48633,8266.772,-0.25634265,2.6178343,N-CMAPSS_DS06,1
N-CMAPSS_DS06 · Engine 1,70,569.31573,1338.964,1651.3807,1133.5354,12.5550375,9.767276,12.746232,15.532458,230.57162,234.64027,9.655953,1966.7151,8239.172,2.4928074,16778.236,0.5618968,61.64738,488.43365,8.0,2,0,1.5684204,572.757,2.057251,1344.3693,1.2021484,1655.7787,4.0335693,1139.6584,0.2935009,13.099604,0.2633705,10.193806,0.29797268,13.29909,0.3205738,16.190464,3.311737,240.93527,3.3913727,245.19977,0.27935886,10.149818,-7.421753,1966.8003,3.024414,8264.335,0.034706354,2.611337,N-CMAPSS_DS06,1
N-CMAPSS_DS06 · Engine 1,71,583.3278,1358.4697,1660.2927,1165.4053,15.203869,12.050479,15.4354,18.536995,268.69266,273.58987,12.083175,1919.2731,8300.553,2.8931482,9550.788,0.4788489,53.36811,506.97748,7.0,2,0,14.012085,574.72266,19.505737,1347.4888,8.911987,1657.9641,31.869873,1144.2698,2.6488314,13.436331,2.2832031,10.48298,2.689168,13.6409445,3.0045366,16.576012,38.121033,245.78369,38.9496,250.15157,2.4272213,10.447959,-47.442017,1961.4479,61.38086,8272.8955,0.4003408,2.6630723,N-CMAPSS_DS06,1
N-CMAPSS_DS06 · Engine 1,72,574.8127,1344.959,1649.2318,1149.0333,13.761352,10.847968,13.970913,16.83164,245.4221,249.85681,10.87096,1928.5216,8253.724,2.6280982,12879.4795,0.49666947,55.832188,497.29602,6.0,2,0,-8.515137,574.87354,-13.510742,1347.3057,-11.060913,1656.7151,-16.371948,1145.0559,-1.4425173,13.502949,-1.2025108,10.555156,-1.4644871,13.708577,-1.7053547,16.633894,-23.270554,245.85411,-23.733063,250.23807,-1.2122145,10.52148,9.248535,1956.4486,-46.8291,8270.711,-0.26504993,2.6577232,N-CMAPSS_DS06,1
N-CMAPSS_DS06 · Engine 1,73,574.0542,1348.0194,1660.598,1149.3688,13.39106,10.470691,13.594984,16.493935,243.39755,247.70439,10.471081,1951.9442,8260.655,2.6435826,14298.891,0.52477556,59.308784,494.10648,5.0,2,0,-0.7584839,574.6583,3.0604248,1347.5012,11.366211,1657.792,0.33544922,1145.6139,-0.3702917,13.460261,-0.37727737,10.518135,-0.37592888,13.66524,-0.3377056,16.585993,-2.0245514,245.23306,-2.15242,249.59698,-0.39987946,10.487855,23.422607,1957.0273,6.9316406,8269.351,0.015484333,2.6541028,N-CMAPSS_DS06,1
N-CMAPSS_DS06 · Engine 1,74,582.4639,1368.0468,1687.475,1166.1995,14.281074,11.139206,14.498551,17.636616,260.9837,265.58945,11.061346,1975.3535,8323.144,2.858167,12654.418,0.53331786,59.63439,500.88086,4.0,2,0,8.409729,575.3119,20.027344,1350.2153,26.876953,1662.7194,16.830688,1147.9261,0.8900137,13.485921,0.6685152,10.524464,0.9035673,13.69129,1.1426811,16.634375,17.586151,246.32906,17.885056,250.69908,0.5902653,10.49036,23.409302,1962.5659,62.48828,8276.063,0.21458435,2.6721032,N-CMAPSS_DS06,1
N-CMAPSS_DS06 · Engine 1,75,575.896,1354.9224,1672.5336,1155.0944,13.51375,10.54379,13.719544,16.68513,246.86215,251.20183,10.498116,1964.8474,8276.3955,2.6962936,14318.288,0.5360029,59.88747,494.93607,3.0,2,0,-6.567932,575.8067,-13.12439,1350.9941,-14.941406,1663.1018,-11.105103,1150.0287,-0.7673235,13.605928,-0.59541607,10.633371,-0.77900696,13.813125,-0.9514866,16.765396,-14.1215515,247.75803,-14.387619,252.15892,-0.5632305,10.608129,-10.5061035,1958.3383,-46.748047,8276.202,-0.16187334,2.687399,N-CMAPSS_DS06,1
N-CMAPSS_DS06 · Engine 1,76,564.8992,1336.9227,1659.0366,1135.4019,11.839322,9.158735,12.019617,14.704627,219.71352,223.49538,9.09875,1972.7969,8214.39,2.402744,18596.695,0.56923974,64.17728,482.29517,2.0,2,0,-10.996826,574.2741,-17.999634,1348.3662,-13.496948,1660.7828,-19.692505,1148.3042,-1.674428,13.414076,-1.3850546,10.483998,-1.6999273,13.618351,-1.9805021,16.527939,-27.148636,244.14803,-27.706451,248.4759,-1.3993654,10.46615,7.949463,1955.676,-62.00586,8264.868,-0.29354954,2.6485276,N-CMAPSS_DS06,1
N-CMAPSS_DS06 · Engine 1,77,572.25,1350.3082,1672.7068,1150.7096,12.792286,9.921083,12.987091,15.873196,236.34238,240.4212,9.855594,1969.5088,8252.606,2.604695,16256.186,0.5584079,62.131863,489.9055,1.0,2,0,7.35083,574.08545,13.385498,1348.8622,13.670166,1662.7397,15.307739,1148.4331,0.9529638,13.319869,0.7623482,10.400508,0.967474,13.522709,1.1685686,16.429144,16.62886,242.83371,16.925827,247.1243,0.75684357,10.35943,-3.288086,1958.4348,38.216797,8263.742,0.20195103,2.639208,N-CMAPSS_DS06,1
N-CMAPSS_DS06 · Engine 1,78,578.54193,1364.4211,1689.2947,1168.0718,13.794116,10.750423,14.004179,17.0448,252.3661,256.75693,10.756691,1970.2854,8293.658,2.7824938,13710.262,0.52924293,60.45674,496.42297,0.0,2,0,6.291931,574.3309,14.112915,1350.194,16.58789,1665.2728,17.362183,1150.2322,1.0018301,13.33934,0.82934,10.415356,1.0170879,13.542477,1.1716042,16.455128,16.023727,243.16116,16.335724,247.4505,0.9010973,10.372826,0.7766113,1959.3383,41.051758,8265.045,0.17779875,2.646013,N-CMAPSS_DS06,1
N-CMAPSS_DS06 · Engine 6,1,564.68085,1331.8397,1647.3062,1111.3433,11.569239,8.848295,11.7454195,14.470336,220.61575,224.47559,8.677562,2015.381,8247.139,2.3777823,20258.412,0.6151181,67.751434,480.5304,67.0,3,1,0.0,564.68085,0.0,1331.8397,0.0,1647.3062,0.0,1111.3433,0.0,11.569239,0.0,8.848295,0.0,11.7454195,0.0,14.470336,0.0,220.61575,0.0,224.47559,0.0,8.677562,0.0,2015.381,0.0,8247.139,0.0,2.3777823,N-CMAPSS_DS06,6
N-CMAPSS_DS06 · Engine 6,2,562.12305,1337.3658,1669.4751,1110.2051,10.632167,7.9450607,10.794078,13.495014,211.89987,215.46562,7.8022323,2067.0288,8265.573,2.3256066,23626.055,0.66210604,75.21778,472.73734,66.0,3,1,-2.5578003,563.402,5.526123,1334.6028,22.168945,1658.3906,-1.1381836,1110.7742,-0.9370718,11.100702,-0.9032345,8.396678,-0.9513416,11.269749,-0.97532177,13.982676,-8.715881,216.25781,-9.009964,219.97061,-0.8753295,8.239897,51.647827,2041.2048,18.43457,8256.355,-0.05217576,2.3516946,N-CMAPSS_DS06,6
N-CMAPSS_DS06 · Engine 6,3,575.49347,1342.9318,1643.2173,1138.3232,13.862818,10.857789,14.073926,17.014496,252.23671,256.83002,10.923397,1951.6119,8282.407,2.685602,12692.82,0.49682394,57.686768,497.41025,65.0,3,1,13.370422,567.43243,5.565918,1337.3792,-26.257812,1653.3329,28.118164,1119.9572,3.230651,12.021408,2.9127283,9.217049,3.279848,12.204474,3.5194817,14.993282,40.336838,228.25078,41.364395,232.25708,3.1211648,9.1343975,-115.41687,2011.3406,16.833984,8265.04,0.35999537,2.462997,N-CMAPSS_DS06,6
N-CMAPSS_DS06 · Engine 6,4,564.51526,1333.1198,1651.4926,1113.4651,11.4822445,8.743518,11.657101,14.401605,221.08551,224.9134,8.623875,2020.5011,8250.392,2.399538,20403.91,0.61186045,68.85688,479.60736,64.0,3,1,-10.97821,566.7031,-9.812012,1336.3142,8.275269,1652.8728,-24.858154,1118.3342,-2.3805733,11.886617,-2.1142712,9.098665,-2.4168253,12.067631,-2.6128912,14.845363,-31.1512,226.45946,-31.91661,230.42116,-2.2995224,9.006766,68.88916,2013.6307,-32.015625,8261.378,-0.2860639,2.447132,N-CMAPSS_DS06,6
N-CMAPSS_DS06 · Engine 6,5,558.862,1323.0497,1641.872,1102.8279,10.794736,8.189414,10.959122,13.561577,209.13753,212.73442,8.083568,2021.0967,8217.223,2.2649872,22387.512,0.62534225,70.215004,473.7109,63.0,3,1,-5.6532593,565.13495,-10.070068,1333.6614,-9.620605,1650.6726,-10.637207,1115.2329,-0.6875086,11.668241,-0.55410385,8.916816,-0.697979,11.845929,-0.8400278,14.588606,-11.947983,222.99507,-12.178986,226.8838,-0.54030704,8.822126,0.59558105,2015.1239,-33.168945,8252.547,-0.13455081,2.4107032,N-CMAPSS_DS06,6
N-CMAPSS_DS06 · Engine 6,6,568.90247,1326.7399,1620.5266,1128.5983,13.354357,10.499733,13.557721,16.325788,240.98831,245.3871,10.67563,1920.9064,8226.329,2.5526876,13351.06,0.4746277,55.999107,492.96655,62.0,3,1,10.040466,565.7628,3.6901855,1332.5078,-21.345337,1645.6483,25.770386,1117.4604,2.5596209,11.94926,2.310319,9.180635,2.5985994,12.1312275,2.7642117,14.878136,31.850784,225.99394,32.65268,229.9677,2.592062,9.131043,-100.19031,1999.421,9.106445,8248.177,0.2877004,2.4343672,N-CMAPSS_DS06,6
N-CMAPSS_DS06 · Engine 6,7,574.50146,1339.417,1636.9325,1136.5967,13.820392,10.842796,14.030854,16.941511,250.54881,255.12527,10.920243,1941.0679,8270.106,2.660742,12554.447,0.48730978,56.608246,497.2446,61.0,3,1,5.598999,567.0112,12.677124,1333.4948,16.405884,1644.4032,7.998413,1120.1942,0.4660349,12.216564,0.34306335,9.418087,0.4731331,12.402603,0.61572266,15.172904,9.560501,229.50179,9.738174,233.56163,0.24461365,9.386643,20.161499,1991.0848,43.777344,8251.31,0.1080544,2.4667065,N-CMAPSS_DS06,6
N-CMAPSS_DS06 · Engine 6,8,566.5633,1333.5897,1646.6812,1117.7759,12.048284,9.279633,12.231759,14.986739,226.37305,230.36874,9.191106,1999.9908,8249.869,2.4366698,18895.516,0.59187275,66.08306,483.48874,60.0,3,1,-7.9381714,566.9552,-5.8272705,1333.5067,9.748657,1644.6879,-18.8208,1119.892,-1.7721081,12.19553,-1.5631638,9.40078,-1.7990952,12.3812475,-1.954772,15.149633,-24.175766,229.11069,-24.75653,233.16252,-1.7291374,9.362202,58.922974,1992.1981,-20.237305,8251.13,-0.22407222,2.462952,N-CMAPSS_DS06,6
N-CMAPSS_DS06 · Engine 6,9,564.80975,1334.1993,1652.6686,1115.4962,11.629055,8.866898,11.8061495,14.569359,223.63458,227.5161,8.766986,2020.3665,8253.91,2.4239385,19892.771,0.60080826,68.29901,480.25723,59.0,3,1,-1.75354,566.71686,0.60961914,1333.5836,5.9874268,1645.5747,-2.279663,1119.4036,-0.41922855,12.132587,-0.412735,9.341459,-0.4256096,12.317348,-0.41738033,15.085158,-2.7384644,228.50224,-2.8526459,232.53514,-0.42411995,9.296066,20.37561,1995.3279,4.0410156,8251.438,-0.012731314,2.4586172,N-CMAPSS_DS06,6
N-CMAPSS_DS06 · Engine 6,10,564.0836,1322.437,1624.7399,1110.6736,12.053873,9.374968,12.237434,14.900227,222.17029,226.15753,9.256399,1966.7174,8213.879,2.360721,18005.15,0.5669832,62.32038,484.3016,58.0,3,1,-0.72613525,566.4535,-11.762329,1332.469,-27.92871,1643.4912,-4.822632,1118.5305,0.42481804,12.124717,0.50807,9.3448105,0.4312849,12.309357,0.33086777,15.066666,-1.4642944,227.86905,-1.3585663,231.89738,0.48941326,9.2921,-53.649048,1992.4668,-40.03125,8247.683,-0.0632174,2.4488275,N-CMAPSS_DS06,6
N-CMAPSS_DS06 · Engine 6,11,559.53156,1324.9849,1644.2416,1106.2076,11.000679,8.346092,11.168201,13.815476,213.4939,217.1634,8.28013,2020.1969,8223.109,2.3161244,21602.357,0.60808784,69.56668,474.723,57.0,3,1,-4.552063,565.9386,2.5478516,1331.7834,19.501709,1643.1847,-4.4659424,1118.017,-1.053194,12.067861,-1.0288754,9.29459,-1.069233,12.251635,-1.0847502,15.001179,-8.676392,227.15686,-8.994125,231.16617,-0.97626877,9.252357,53.479492,1992.9485,9.230469,8245.279,-0.044596672,2.4426618,N-CMAPSS_DS06,6
N-CMAPSS_DS06 · Engine 6,12,564.52515,1333.3362,1651.9738,1113.8413,11.482325,8.743518,11.657182,14.401805,221.0692,224.89487,8.623714,2020.5013,8250.597,2.4001384,20403.91,0.61186045,68.85688,479.60736,56.0,3,1,4.9935913,566.17883,8.351318,1331.3805,7.7321777,1641.4346,7.633667,1118.3806,0.48164558,12.152876,0.39742565,9.374435,0.4889803,12.337945,0.5863285,15.091858,7.575302,228.07379,7.7314606,232.10909,0.34358406,9.334505,0.30444336,1988.2957,27.487305,8243.782,0.08401394,2.450115,N-CMAPSS_DS06,6
N-CMAPSS_DS06 · Engine 6,13,560.8132,1325.433,1641.6588,1106.2178,11.127288,8.493731,11.296738,13.936669,213.26802,216.97267,8.348225,2014.3776,8224.592,2.2989082,21185.17,0.6131563,68.61138,476.68555,55.0,3,1,-3.711975,564.71075,-7.9031982,1329.6306,-10.314941,1641.2787,-7.623535,1115.17,-0.35503674,11.879323,-0.24978733,9.13803,-0.36044407,12.060226,-0.46513557,14.784076,-7.801178,224.17693,-7.9221954,228.12335,-0.2754898,9.076987,-6.1237793,1994.5723,-26.004883,8238.001,-0.101230145,2.4114456,N-CMAPSS_DS06,6
N-CMAPSS_DS06 · Engine 6,14,560.3707,1326.8542,1646.8442,1107.5643,11.054825,8.390404,11.22317,13.886714,214.49602,218.18175,8.304985,2023.4685,8229.721,2.3295758,21566.295,0.6141242,69.97247,475.27875,54.0,3,1,-0.44244385,564.2963,1.4212646,1329.0042,5.185425,1640.814,1.3465576,1114.58,-0.072463036,11.836581,-0.1033268,9.102718,-0.07356739,12.016833,-0.049955368,14.732587,1.2279968,223.51797,1.2090759,227.45018,-0.043239594,9.045098,9.090942,1994.869,5.1289062,8235.934,0.030667543,2.4044492,N-CMAPSS_DS06,6
N-CMAPSS_DS06 · Engine 6,15,568.78906,1327.7819,1626.0839,1117.5931,12.699747,9.928815,12.893145,15.664664,231.50137,235.68617,9.754593,1953.8008,8229.094,2.4654005,16248.896,0.5620566,60.116127,490.1578,53.0,3,1,8.418335,565.289,0.9276123,1329.4773,-20.760376,1639.2351,10.028809,1116.0565,1.6449223,12.027082,1.5384111,9.276659,1.6699743,12.210236,1.7779503,14.942895,17.005356,225.75435,17.504425,229.74536,1.4496078,9.212201,-69.667725,1988.1394,-0.6269531,8237.121,0.13582468,2.4244907,N-CMAPSS_DS06,6
N-CMAPSS_DS06 · Engine 6,16,570.37646,1344.8145,1664.3243,1125.7063,12.230171,9.353481,12.416419,15.293978,233.29405,237.36906,9.234642,2023.0256,8286.648,2.532287,18597.496,0.60076255,67.61563,485.435,52.0,3,1,1.5874023,565.4364,17.032593,1331.2848,38.24048,1643.6149,8.113159,1115.7673,-0.46957588,11.914663,-0.5753336,9.162033,-0.47672558,12.096106,-0.37068653,14.839714,1.7926788,224.98492,1.6828918,228.94356,-0.51995087,9.068102,69.22485,1998.3513,57.554688,8243.152,0.066886425,2.4224505,N-CMAPSS_DS06,6
N-CMAPSS_DS06 · Engine 6,17,578.3179,1353.0731,1662.6431,1144.1337,13.891976,10.804512,14.103529,17.149721,256.1822,260.78027,10.84281,1980.8885,8311.768,2.764328,13753.664,0.5325488,61.157143,497.1075,51.0,3,0,7.9414062,565.81805,8.258667,1332.6504,-1.6812744,1646.1859,18.427368,1116.521,1.6618052,11.921823,1.4510307,9.158205,1.68711,12.103373,1.8557434,14.860536,22.888138,225.54826,23.41121,229.50906,1.6081676,9.060359,-42.137085,2002.3334,25.11914,8247.318,0.23204112,2.432809,N-CMAPSS_DS06,6
N-CMAPSS_DS06 · Engine 6,18,570.81476,1328.9708,1620.7264,1124.0723,13.390999,10.563446,13.594924,16.392742,239.9999,244.42993,10.449481,1931.1111,8236.144,2.521418,13641.48,0.5134973,55.858997,494.95206,50.0,3,0,-7.503113,566.2432,-24.102295,1332.1885,-41.916626,1643.5905,-20.061401,1117.1506,-0.5009775,12.056094,-0.24106598,9.286587,-0.508605,12.239689,-0.756979,15.001136,-16.182297,226.91095,-16.350342,230.91518,-0.39332867,9.186196,-49.777466,1995.4454,-75.62402,8245.946,-0.24290991,2.441284,N-CMAPSS_DS06,6
N-CMAPSS_DS06 · Engine 6,19,557.87823,1311.7377,1616.0249,1089.6227,10.843716,8.367724,11.008848,13.506433,202.25113,205.85,8.009898,1987.5343,8179.742,2.1409106,22240.766,0.64511234,65.7141,476.3021,49.0,3,0,-12.936523,565.55005,-17.233154,1329.9424,-4.701538,1639.926,-34.449585,1114.5632,-2.5472832,11.97756,-2.1957216,9.23667,-2.5860758,12.159959,-2.8863096,14.894843,-37.748764,224.77261,-38.579926,228.74857,-2.4395828,9.110488,56.423218,1992.1622,-56.401367,8238.529,-0.38050747,2.4129813,N-CMAPSS_DS06,6
N-CMAPSS_DS06 · Engine 6,20,566.0349,1333.0366,1646.8816,1116.6179,11.868792,9.125655,12.049535,14.780876,223.5982,227.53,9.023131,2001.3992,8247.127,2.4100382,19378.406,0.59949946,66.6116,482.60294,48.0,3,0,8.156677,565.7452,21.29895,1331.0023,30.85669,1642.1403,26.99524,1115.1577,1.0250759,11.959052,0.75793076,9.211738,1.0406866,12.141169,1.2744436,14.882908,21.347076,224.9154,21.679993,228.88582,1.0132332,9.087161,13.864868,1995.6304,67.384766,8241.8545,0.2691276,2.417913,N-CMAPSS_DS06,6
N-CMAPSS_DS06 · Engine 6,21,566.05585,1332.9786,1646.6906,1116.477,11.868754,9.125655,12.049498,14.782368,223.61186,227.54495,9.023301,2001.4012,8247.236,2.4098194,19378.406,0.59949946,66.6116,482.60294,47.0,3,0,0.020935059,566.39764,-0.0579834,1331.8016,-0.19104004,1642.3851,-0.14086914,1116.1847,-3.71933e-05,12.045859,0.0,9.289694,-3.71933e-05,12.229299,0.0014915466,14.979597,0.013656616,225.9272,0.014953613,229.92397,0.00016975403,9.161478,0.0020751953,1993.7509,0.109375,8244.267,-0.00021886826,2.4272823,N-CMAPSS_DS06,6
N-CMAPSS_DS06 · Engine 6,22,575.93256,1357.038,1679.7997,1138.3633,12.925362,9.87892,13.122194,16.167398,247.11076,251.42296,9.796126,2031.421,8326.393,2.699611,16954.723,0.5887886,67.22945,490.38162,46.0,3,0,9.876709,567.5383,24.059326,1334.1719,33.10913,1645.1677,21.88623,1118.6368,1.0566072,12.190163,0.7532644,9.4032345,1.0726967,12.3758,1.3850307,15.156157,23.498901,228.53136,23.878006,232.57678,0.77282524,9.278719,30.019775,1994.8428,79.15625,8251.847,0.28979158,2.4572296,N-CMAPSS_DS06,6
N-CMAPSS_DS06 · Engine 6,23,568.9841,1332.1471,1635.9581,1124.2294,12.791365,9.961197,12.986156,15.787186,235.32893,239.54764,9.942316,1962.6974,8242.1045,2.5210137,16108.31,0.5456554,61.27119,489.27505,45.0,3,0,-6.9484863,568.35547,-24.89087,1334.8433,-43.841553,1644.5977,-14.133911,1120.438,-0.13399696,12.35657,0.0822773,9.549981,-0.13603783,12.544742,-0.38021278,15.3412075,-11.78183,230.73744,-11.87532,234.83427,0.14618969,9.438128,-68.72363,1989.6748,-84.288086,8253.598,-0.17859721,2.4794402,N-CMAPSS_DS06,6
N-CMAPSS_DS06 · Engine 6,24,556.9516,1313.6859,1622.3857,1100.6444,11.118158,8.558053,11.287471,13.833499,209.70767,213.39087,8.486118,1983.9438,8185.6865,2.2423449,20606.572,0.5805949,65.97227,475.5537,44.0,3,0,-12.032471,568.01355,-18.461182,1333.5264,-13.572388,1642.1519,-23.58496,1119.746,-1.6732063,12.362904,-1.4031439,9.566746,-1.6986856,12.551172,-1.9536867,15.335886,-25.621262,230.2586,-26.156769,234.3552,-1.4561977,9.456242,21.24646,1985.7223,-56.41797,8249.194,-0.27866888,2.4707172,N-CMAPSS_DS06,6
N-CMAPSS_DS06 · Engine 6,25,556.21857,1309.2434,1613.942,1094.0447,10.948012,8.460302,11.114734,13.5991955,204.30226,207.91846,8.2825775,1976.0508,8170.2847,2.171898,21400.822,0.60598224,65.33568,475.37198,43.0,3,0,-0.7330322,566.7565,-4.442505,1331.6726,-8.443726,1640.9376,-6.5997314,1117.3911,-0.17014599,12.187731,-0.097750664,9.419894,-0.17273712,12.373331,-0.23430347,15.129339,-5.405411,227.5387,-5.472412,231.57841,-0.2035408,9.30904,-7.8930664,1987.9473,-15.401855,8243.313,-0.07044697,2.441367,N-CMAPSS_DS06,6
N-CMAPSS_DS06 · Engine 6,26,560.3696,1324.2395,1641.4589,1101.5013,10.9003935,8.305099,11.066388,13.67729,208.86905,212.4896,8.069427,2019.8417,8220.484,2.2558858,22563.836,0.64863414,69.95429,475.34094,42.0,3,0,4.151062,565.7558,14.996094,1329.6151,27.516846,1638.6511,7.456665,1114.9707,-0.047618866,12.054752,-0.15520382,9.315056,-0.048345566,12.238328,0.07809448,14.96767,4.5667877,225.09619,4.5711365,229.09047,-0.21315098,9.192518,43.790894,1987.6289,50.199707,8236.697,0.08398795,2.4137268,N-CMAPSS_DS06,6
N-CMAPSS_DS06 · Engine 6,27,570.7964,1329.2875,1621.4677,1124.6664,13.391129,10.563446,13.595055,16.391228,239.96317,244.38861,10.449114,1931.1112,8236.755,2.5223925,13641.48,0.5134973,55.858997,494.95206,41.0,3,0,10.426758,565.00366,5.0479736,1327.2366,-19.99121,1634.5336,23.16504,1113.0239,2.490735,12.004668,2.2583475,9.29095,2.5286665,12.18748,2.7139378,14.891822,31.094116,223.47429,31.899017,227.4513,2.3796873,9.153149,-88.73047,1982.6511,16.270508,8229.195,0.26650667,2.3895333,N-CMAPSS_DS06,6
N-CMAPSS_DS06 · Engine 6,28,561.77405,1323.428,1634.9193,1106.5706,11.373723,8.733619,11.546926,14.18873,214.99568,218.7622,8.569898,1995.3846,8215.819,2.3137543,20657.111,0.6134322,66.74187,478.9272,40.0,3,0,-9.022339,564.0996,-5.859497,1326.6823,13.45166,1635.9529,-18.095825,1111.2738,-2.0174055,11.80294,-1.8298273,9.107967,-2.048129,11.98268,-2.2024975,14.67142,-24.967484,220.97388,-25.626404,224.88452,-1.8792162,8.965191,64.27344,1989.0785,-20.935547,8227.163,-0.20863819,2.3687668,N-CMAPSS_DS06,6
N-CMAPSS_DS06 · Engine 6,29,564.8238,1334.943,1654.3711,1116.843,11.629345,8.866898,11.806442,14.5694475,223.56674,227.43991,8.766292,2020.3665,8254.242,2.4260314,19892.771,0.60080826,68.29901,480.25723,39.0,3,0,3.0497437,564.7941,11.515015,1329.0028,19.451782,1639.7875,10.272461,1113.9958,0.2556219,11.881503,0.13327885,9.157885,0.25951672,12.06244,0.38071728,14.777721,8.57106,223.10544,8.677704,227.04352,0.19639397,9.04083,24.981812,1992.3617,38.42285,8234.613,0.11227703,2.3972788,N-CMAPSS_DS06,6
N-CMAPSS_DS06 · Engine 6,30,575.9332,1357.3821,1680.5808,1138.9764,12.925508,9.87892,13.122341,16.16638,247.07729,251.3852,9.795769,2031.4208,8327.054,2.7006707,16954.723,0.5887886,67.22945,490.38162,38.0,3,0,11.109436,565.784,22.439087,1331.4373,26.209717,1643.1573,22.133423,1116.2317,1.2961626,11.987175,1.012022,9.233211,1.3158989,12.169721,1.5969324,14.916272,23.510544,225.45334,23.945282,229.42905,1.0294771,9.1180935,11.054321,1995.3639,72.81152,8242.605,0.27463937,2.4263422,N-CMAPSS_DS06,6
N-CMAPSS_DS06 · Engine 6,31,564.78076,1329.6455,1639.9701,1121.2212,12.160268,9.379103,12.34545,15.088401,228.77214,232.79753,9.437079,1980.0726,8236.017,2.463724,17368.379,0.5397089,63.672436,483.73483,37.0,3,0,-11.152466,565.6565,-27.736572,1331.104,-40.610718,1642.4854,-17.755249,1116.706,-0.7652397,12.016326,-0.4998169,9.258555,-0.77689075,12.199316,-1.0779791,14.946876,-18.305145,225.96938,-18.587662,229.9543,-0.3586893,9.1594715,-51.348145,1993.2311,-91.03711,8241.484,-0.23694682,2.4317327,N-CMAPSS_DS06,6
N-CMAPSS_DS06 · Engine 6,32,570.0116,1324.6282,1612.2126,1129.4999,13.659107,10.831506,13.867115,16.59711,240.9806,245.4496,11.002742,1897.8104,8218.122,2.5296023,12435.77,0.46033043,53.52697,495.7928,36.0,3,0,5.230835,565.0644,-5.017334,1327.863,-27.757446,1635.7267,8.278687,1115.8197,1.4988394,12.089701,1.4524031,9.353814,1.5216646,12.273808,1.5087099,14.989847,12.208466,225.35635,12.652069,229.35696,1.5656624,9.280133,-82.26221,1979.87,-17.894531,8230.657,0.06587839,2.4147317,N-CMAPSS_DS06,6
N-CMAPSS_DS06 · Engine 6,33,555.4882,1313.1824,1625.3677,1095.7877,10.71454,8.207754,10.877706,13.377457,203.61165,207.16591,8.0602665,1998.8025,8184.571,2.1776764,22232.02,0.6135677,67.83028,472.81284,35.0,3,0,-14.523376,563.7148,-11.445801,1325.9666,13.155029,1634.6676,-33.71216,1112.9756,-2.9445677,11.882018,-2.6237516,9.17847,-2.9894094,12.062963,-3.219654,14.748874,-37.368958,222.18463,-38.28369,226.11879,-2.9424753,9.0919285,100.992065,1983.4805,-33.55127,8224.903,-0.35192585,2.380398,N-CMAPSS_DS06,6
N-CMAPSS_DS06 · Engine 6,34,561.69446,1310.0903,1598.1855,1111.8932,12.467715,9.839124,12.657578,15.209087,222.69293,226.78268,9.91344,1904.6144,8170.9243,2.329294,15345.611,0.49079368,55.446106,487.21896,34.0,3,0,6.206238,564.1891,-3.092041,1325.6069,-27.182129,1632.2476,16.105469,1114.1005,1.7531757,12.0169735,1.6313696,9.306577,1.7798729,12.199973,1.8316307,14.886433,19.081284,223.48315,19.616776,227.45798,1.8531733,9.23466,-94.18811,1975.5476,-13.646484,8223.428,0.15161753,2.389093,N-CMAPSS_DS06,6
N-CMAPSS_DS06 · Engine 6,35,557.14124,1312.599,1618.9854,1098.6621,11.109044,8.572573,11.278217,13.807233,208.17548,211.84773,8.429488,1978.5929,8181.6416,2.2190297,20695.357,0.59237385,64.931335,476.39212,33.0,3,0,-4.5532227,564.2813,2.508667,1325.9425,20.799805,1632.752,-13.231079,1114.5621,-1.3586712,12.033077,-1.266551,9.317804,-1.3793612,12.216322,-1.4018545,14.907236,-14.517456,223.87047,-14.934952,227.85089,-1.4839516,9.2493515,73.978516,1975.8018,10.717285,8224.5625,-0.1102643,2.393806,N-CMAPSS_DS06,6
N-CMAPSS_DS06 · Engine 6,36,573.0407,1336.2621,1633.7032,1129.613,13.456024,10.571145,13.660938,16.524124,242.98349,247.41986,10.4448185,1946.2941,8257.731,2.5776808,13919.768,0.5297111,57.58373,495.59167,32.0,3,0,15.899475,565.54846,23.663086,1327.1448,14.7178955,1631.9763,30.950928,1117.3733,2.34698,12.28864,1.9985723,9.544409,2.382721,12.475777,2.7168913,15.191919,34.808014,227.28192,35.57213,231.34392,2.0153303,9.486891,-32.29883,1968.447,76.08984,8228.288,0.35865116,2.4259856,N-CMAPSS_DS06,6
N-CMAPSS_DS06 · Engine 6,37,575.50525,1344.4004,1646.4803,1140.9369,13.863341,10.857789,14.074456,17.013329,252.09854,256.67285,10.922086,1951.6122,8284.877,2.6902347,12692.82,0.49682394,57.686768,497.41025,31.0,3,0,2.4645386,566.01935,8.138306,1328.6561,12.7771,1634.4777,11.323853,1119.0004,0.40731716,12.335861,0.28664398,9.573843,0.41351795,12.523717,0.4892044,15.254129,9.115051,228.49545,9.252991,232.57234,0.47726727,9.534187,5.318115,1970.4971,27.145508,8233.1,0.112553835,2.4427698,N-CMAPSS_DS06,6
N-CMAPSS_DS06 · Engine 6,38,573.9101,1348.168,1661.9908,1136.9982,13.106067,10.116431,13.305654,16.27894,246.03714,250.37617,10.070125,1994.3464,8296.314,2.6687245,15449.874,0.55156475,63.178196,491.93103,30.0,3,0,-1.5951538,567.2329,3.7675781,1331.1301,15.510498,1637.1848,-3.9387207,1122.0432,-0.7572746,12.509096,-0.7413578,9.712124,-0.76880264,12.69959,-0.73438835,15.463151,-6.0614014,231.5996,-6.2966766,235.73375,-0.85196114,9.684211,42.734253,1970.3933,11.4375,8241.149,-0.021510124,2.4782667,N-CMAPSS_DS06,6
N-CMAPSS_DS06 · Engine 6,39,550.3636,1295.557,1594.0588,1092.169,10.907783,8.476173,11.073891,13.461083,201.95549,205.53362,8.516484,1938.2795,8124.1978,2.140678,20217.834,0.53940576,61.95686,472.9166,29.0,3,0,-23.546509,565.7869,-52.610962,1327.1915,-67.93201,1631.1536,-44.829224,1119.5758,-2.1982841,12.436939,-1.6402578,9.673052,-2.231763,12.626335,-2.8178568,15.352314,-44.08165,229.43848,-44.84256,233.54312,-1.5536404,9.659229,-56.066895,1962.1846,-172.1167,8228.145,-0.5280466,2.4497316,N-CMAPSS_DS06,6
N-CMAPSS_DS06 · Engine 6,40,576.7146,1359.8477,1683.3604,1149.6511,13.338195,10.241802,13.541315,16.570374,252.4237,256.8393,10.413019,2014.626,8334.289,2.7565079,15369.02,0.53869706,65.68052,492.09787,28.0,3,0,26.351013,565.86505,64.29065,1327.438,89.30151,1631.4315,57.482178,1120.6432,2.4304123,12.478209,1.7656288,9.70934,2.4674244,12.668232,3.1092901,15.392714,50.468216,229.97311,51.30568,234.08853,1.8965349,9.720955,76.346436,1960.5051,210.09131,8228.868,0.61582994,2.455315,N-CMAPSS_DS06,6
N-CMAPSS_DS06 · Engine 6,41,563.02637,1322.3173,1627.3219,1110.0372,11.829008,9.175598,12.009144,14.653499,219.02087,222.91628,9.01686,1971.0177,8212.503,2.3385067,18789.186,0.5826375,63.009205,482.84406,27.0,3,0,-13.688232,565.68964,-37.530396,1326.7052,-56.038452,1630.1666,-39.61389,1119.5248,-1.5091867,12.445083,-1.0662041,9.68899,-1.5321712,12.634602,-1.9168749,15.349224,-33.402832,228.99799,-33.92302,233.1004,-1.3961592,9.678933,-43.608276,1959.5996,-121.78613,8226.518,-0.41800117,2.4427934,N-CMAPSS_DS06,6
N-CMAPSS_DS06 · Engine 6,42,558.8918,1307.9498,1601.4497,1105.3844,11.914379,9.338815,12.095817,14.623374,215.86118,219.76456,9.306497,1923.5322,8164.54,2.2766647,17449.24,0.5289183,58.24004,482.80304,26.0,3,0,-4.1345825,564.57764,-14.367432,1325.0374,-25.872192,1629.0903,-4.652832,1117.1133,0.08537102,12.27061,0.16321659,9.539721,0.08667278,12.457472,-0.030124664,15.15185,-3.1596985,226.48605,-3.1517181,230.53189,0.2896366,9.509308,-47.485474,1962.1718,-47.96289,8221.159,-0.061841965,2.4174998,N-CMAPSS_DS06,6
N-CMAPSS_DS06 · Engine 6,43,560.0805,1318.017,1624.2784,1110.8907,11.71334,9.073914,11.891713,14.5010395,218.00607,221.85092,9.062802,1963.8644,8196.699,2.3382156,18711.248,0.55530816,63.183292,480.2758,25.0,3,0,1.1887207,565.03687,10.067139,1325.5209,22.828735,1628.9814,5.5063477,1118.6235,-0.20103931,12.370489,-0.26490116,9.626336,-0.20410347,12.558872,-0.12233448,15.264208,2.1448975,227.92549,2.0863647,232.0004,-0.2436943,9.609562,40.332153,1958.678,32.15918,8222.372,0.061550856,2.4335537,N-CMAPSS_DS06,6
N-CMAPSS_DS06 · Engine 6,44,564.1278,1328.8057,1640.4985,1116.0992,11.790181,9.096726,11.969728,14.635432,220.28413,224.16586,9.011654,1986.3143,8233.528,2.365888,19215.09,0.5866004,64.96325,482.13556,24.0,3,0,4.0473022,565.2802,10.788696,1327.3923,16.220093,1633.2128,5.208496,1119.0442,0.076841354,12.302736,0.022812843,9.552096,0.07801533,12.4900875,0.13439274,15.206842,2.278061,227.68462,2.3149414,231.73871,-0.051148415,9.519383,22.449951,1966.848,36.8291,8228.632,0.02767253,2.437213,N-CMAPSS_DS06,6
N-CMAPSS_DS06 · Engine 6,45,565.8964,1320.7416,1614.7278,1114.9613,12.666432,9.973543,12.859323,15.522818,226.91739,231.06122,9.826422,1931.7115,8207.333,2.3937914,16101.987,0.54607725,57.63824,489.4588,23.0,3,0,1.7686157,566.1557,-8.064087,1328.2067,-25.770752,1632.787,-1.1379395,1120.6741,0.8762512,12.458475,0.87681675,9.692194,0.8895941,12.648198,0.88738537,15.378401,6.633255,229.5588,6.895355,233.66006,0.81476784,9.659077,-54.602783,1962.1598,-26.195312,8231.201,0.027903318,2.4546893,N-CMAPSS_DS06,6
N-CMAPSS_DS06 · Engine 6,46,564.52234,1332.7689,1649.3506,1115.2224,11.614227,8.903063,11.791095,14.504386,220.24008,224.07916,8.711314,2008.3544,8248.218,2.3789234,19957.582,0.61041623,66.86255,481.121,22.0,3,0,-1.3740845,565.3039,12.027344,1327.8573,34.622803,1634.3517,0.2611084,1119.2351,-1.0522051,12.274296,-1.0704803,9.525386,-1.0682278,12.461213,-1.0184317,15.176428,-6.677307,227.28445,-6.9820557,231.32599,-1.1151075,9.485726,76.64282,1968.3658,40.884766,8230.25,-0.014868021,2.4348135,N-CMAPSS_DS06,6
N-CMAPSS_DS06 · Engine 6,47,559.4763,1331.1643,1659.1272,1112.4257,10.827351,8.174149,10.992235,13.632478,211.9674,215.55775,8.103317,2037.644,8243.764,2.31493,22318.793,0.6209555,71.66572,473.181,21.0,3,0,-5.0460205,563.701,-1.6046143,1326.5337,9.776611,1635.6165,-2.796753,1116.3839,-0.7868767,11.970696,-0.72891426,9.257021,-0.7988596,12.152991,-0.8719082,14.838343,-8.272675,223.27135,-8.521408,227.21448,-0.60799694,9.20385,29.289673,1976.969,-4.4541016,8226.139,-0.063993454,2.397283,N-CMAPSS_DS06,6
N-CMAPSS_DS06 · Engine 6,48,561.0691,1314.8677,1610.6318,1120.7969,12.532204,9.83254,12.723049,15.328912,227.31667,231.40758,10.019257,1912.8082,8188.043,2.4129243,15015.017,0.46814993,56.55177,485.88116,20.0,3,0,1.5927734,562.4169,-16.29663,1323.2037,-48.49536,1630.4805,8.371216,1114.7638,1.704853,11.91331,1.658391,9.228632,1.730814,12.094731,1.696434,14.74334,15.349258,221.39929,15.849823,225.31763,1.9159393,9.198763,-124.835815,1968.8152,-55.720703,8215.312,0.09799433,2.371703,N-CMAPSS_DS06,6
N-CMAPSS_DS06 · Engine 6,49,559.4828,1320.5459,1632.8024,1110.3468,11.381121,8.766969,11.554438,14.144029,213.78958,217.51694,8.698517,1980.7269,8207.242,2.305446,20145.873,0.5858693,65.69738,477.9698,19.0,3,0,-1.5863037,563.3288,5.6782227,1325.7026,22.170532,1634.3549,-10.450073,1116.5815,-1.151083,11.960644,-1.0655708,9.257711,-1.1686115,12.142786,-1.1848831,14.811634,-13.527084,222.5827,-13.89064,226.51596,-1.3207397,9.216966,67.9187,1973.0599,19.199219,8223.616,-0.10747838,2.3881798,N-CMAPSS_DS06,6
N-CMAPSS_DS06 · Engine 6,50,555.5384,1309.9429,1616.268,1097.4958,10.955868,8.484666,11.122707,13.581887,203.20132,206.78862,8.295674,1970.7275,8174.689,2.1605077,21193.69,0.6000059,64.54699,475.44418,18.0,3,0,-3.944397,561.2112,-10.603027,1320.7122,-16.534424,1627.6456,-12.850952,1111.3661,-0.4252529,11.722411,-0.28230286,9.081998,-0.43173027,11.900925,-0.5621414,14.512785,-10.588257,217.66048,-10.728317,221.5109,-0.40284252,9.005232,-9.99939,1968.6702,-32.553223,8207.656,-0.14493823,2.32858,N-CMAPSS_DS06,6
N-CMAPSS_DS06 · Engine 6,51,576.6424,1361.9171,1688.1222,1153.4479,13.339064,10.241802,13.542197,16.5639,252.20258,256.5893,10.410488,2014.6267,8344.118,2.7630002,15369.02,0.53869706,65.68052,492.09787,17.0,3,0,21.104004,562.57275,51.974243,1324.6721,71.85425,1633.7257,55.952026,1115.7072,2.3831959,11.873417,1.7571363,9.188619,2.4194899,12.05423,2.9820127,14.703825,49.00125,220.97864,49.800674,224.87819,2.1148138,9.144594,43.89917,1973.031,169.4292,8220.817,0.6024926,2.3710291,N-CMAPSS_DS06,6
N-CMAPSS_DS06 · Engine 6,52,568.79364,1333.2839,1637.0527,1128.4653,12.883984,10.076322,13.080187,15.838261,234.32726,238.53853,10.028905,1953.001,8250.51,2.4996245,15513.548,0.5337711,59.240467,490.542,16.0,3,0,-7.848755,563.563,-28.633179,1327.2054,-51.069458,1637.286,-24.982544,1118.0153,-0.45508003,11.970377,-0.16548061,9.262369,-0.46201038,12.152667,-0.72563934,14.8253145,-17.87532,222.82526,-18.050766,226.75558,-0.3815832,9.216835,-61.625732,1975.9779,-93.6084,8229.414,-0.26337576,2.393325,N-CMAPSS_DS06,6
N-CMAPSS_DS06 · Engine 6,53,562.4985,1334.3447,1658.4934,1117.6873,11.269421,8.5775795,11.441036,14.1248045,216.64548,220.35217,8.438214,2021.3507,8255.763,2.3612096,21009.639,0.6164813,69.0639,477.76242,15.0,3,0,-6.295166,563.80475,1.060791,1328.8383,21.440674,1640.7075,-10.778076,1118.6948,-1.614563,11.925985,-1.4987421,9.212736,-1.6391506,12.107599,-1.7134562,14.787691,-17.681778,222.6892,-18.186356,226.60571,-1.5906906,9.154376,68.34973,1981.7266,5.2529297,8235.32,-0.13841486,2.3956246,N-CMAPSS_DS06,6
N-CMAPSS_DS06 · Engine 6,54,562.686,1332.2798,1652.6238,1121.2196,11.625962,8.909624,11.803008,14.498942,220.83897,224.64189,8.850681,2001.6262,8248.277,2.4049187,19690.49,0.5876583,66.9986,479.63788,14.0,3,0,0.1875,563.6606,-2.0649414,1329.1857,-5.869629,1641.9199,3.5323486,1119.2069,0.35654163,11.909563,0.3320446,9.194026,0.36197186,12.090927,0.37413788,14.774042,4.1934967,222.74467,4.2897186,226.65332,0.412467,9.138279,-19.724487,1983.2577,-7.4853516,8236.796,0.04370904,2.3995275,N-CMAPSS_DS06,6
N-CMAPSS_DS06 · Engine 6,55,573.8658,1352.1877,1671.0276,1144.1848,13.107707,10.116431,13.307319,16.272724,245.64337,249.92998,10.065872,1994.3461,8312.198,2.6809645,15449.874,0.55156475,63.178196,491.93103,13.0,3,0,11.17981,564.4575,19.907959,1332.3303,18.403809,1647.5499,22.96521,1122.1293,1.4817448,11.953691,1.2068071,9.208315,1.5043106,12.135727,1.7737818,14.849032,24.804398,224.61728,25.288086,228.54019,1.2151909,9.162224,-7.2801514,1989.5212,63.9209,8247.282,0.2760458,2.4282448,N-CMAPSS_DS06,6
N-CMAPSS_DS06 · Engine 6,56,550.27325,1299.7128,1603.4805,1099.6665,10.909158,8.476173,11.075286,13.453388,201.6005,205.13152,8.512658,1938.2799,8142.742,2.1512966,20217.834,0.53940576,61.95686,472.9166,12.0,3,0,-23.59253,563.0326,-52.474976,1329.0247,-67.54712,1642.9629,-44.51831,1120.5736,-2.1985493,11.8831835,-1.6402578,9.165626,-2.2320328,12.064146,-2.819336,14.743933,-44.042877,222.75331,-44.798462,226.64543,-1.5532141,9.142359,-56.066162,1982.5137,-169.45605,8236.734,-0.52966785,2.4054823,N-CMAPSS_DS06,6
N-CMAPSS_DS06 · Engine 6,57,558.2732,1319.0791,1630.9508,1103.024,11.012897,8.494669,11.180605,13.70266,205.52039,209.1175,8.179677,1987.7214,8211.257,2.1983564,21507.75,0.6275998,65.23438,477.08887,11.0,3,0,7.999939,562.9123,19.366333,1327.8162,27.470337,1640.1453,3.357544,1119.6335,0.103738785,11.901738,0.01849556,9.197678,0.10531902,12.082983,0.2492714,14.750951,3.9198914,222.10861,3.9859772,226.0014,-0.3329811,9.149994,49.44153,1977.5215,68.51465,8233.484,0.047059774,2.3938248,N-CMAPSS_DS06,6
N-CMAPSS_DS06 · Engine 6,58,551.7367,1312.1611,1632.0364,1098.3864,10.232753,7.823386,10.388582,12.77875,194.33865,197.66536,7.6595006,1999.6771,8188.092,2.0933845,23775.385,0.62967443,69.15346,468.75314,10.0,3,0,-6.536499,561.97906,-6.9179688,1327.5455,1.0855713,1642.2858,-4.6376953,1117.3925,-0.78014374,11.671793,-0.67128277,8.996762,-0.7920227,11.849537,-0.9239092,14.4959345,-11.181732,218.8108,-11.452133,222.62718,-0.5201764,8.914019,11.955688,1986.2084,-23.16504,8233.489,-0.104971886,2.3618708,N-CMAPSS_DS06,6
N-CMAPSS_DS06 · Engine 6,59,568.67334,1334.8739,1642.0073,1130.2872,12.702442,9.928815,12.89588,15.651945,230.84172,234.93657,9.747433,1953.8008,8259.744,2.485956,16248.896,0.5620566,60.116127,490.1578,9.0,3,0,16.936646,562.89813,22.712769,1328.9783,9.970947,1643.2063,31.900879,1119.3865,2.4696894,11.8039255,2.1054287,9.1129465,2.5072975,11.983681,2.8731947,14.646727,36.503067,220.51602,37.27121,224.36914,2.087932,9.01891,-45.876343,1983.5157,71.65234,8238.739,0.39257145,2.379922,N-CMAPSS_DS06,6
N-CMAPSS_DS06 · Engine 6,60,562.3511,1336.9789,1663.75,1126.7684,11.464794,8.749783,11.639384,14.329074,219.3094,223.03365,8.690606,2011.6342,8271.438,2.4022613,20001.92,0.5888671,67.93272,478.60284,8.0,3,0,-6.3222656,563.5794,2.1049805,1331.6819,21.742676,1647.9545,-3.5187988,1122.3137,-1.237648,11.854818,-1.1790323,9.139459,-1.2564955,12.035349,-1.3228712,14.721445,-11.532318,222.12683,-11.902924,225.99365,-1.0568266,9.058404,57.833374,1987.6064,11.694336,8248.414,-0.0836947,2.4040973,N-CMAPSS_DS06,6
N-CMAPSS_DS06 · Engine 6,61,564.6245,1337.2302,1657.0732,1134.8282,12.163075,9.379103,12.348299,15.0739565,228.0629,231.99391,9.42925,1980.0729,8272.434,2.4852717,17368.379,0.5397089,63.672436,483.73483,7.0,3,0,2.2734375,562.37756,0.25134277,1329.2133,-6.676758,1644.8496,8.059814,1120.4518,0.6982813,11.737219,0.62932014,9.053188,0.70891476,11.915958,0.7448826,14.572451,8.753494,219.71286,8.960266,223.5341,0.73864365,8.960279,-31.56128,1984.151,0.9951172,8241.245,0.083010435,2.3763244,N-CMAPSS_DS06,6
N-CMAPSS_DS06 · Engine 6,62,563.9997,1335.6705,1655.8732,1128.2634,11.792736,9.096726,11.972321,14.624413,219.68353,223.4837,9.004632,1986.3148,8271.169,2.3843932,19215.09,0.5866004,64.96325,482.13556,6.0,3,0,-0.6248169,561.8982,-1.5596924,1329.4519,-1.2000732,1646.7316,-6.5648193,1120.4316,-0.3703394,11.628095,-0.2823763,8.955229,-0.37597847,11.805172,-0.44954395,14.451066,-8.379364,218.24849,-8.510208,222.02863,-0.42461777,8.857852,6.2419434,1987.4824,-1.2646484,8243.312,-0.10087848,2.3648012,N-CMAPSS_DS06,6
N-CMAPSS_DS06 · Engine 6,63,551.6825,1306.1118,1615.3062,1098.3872,10.635584,8.252513,10.797547,13.158659,195.68388,199.0942,8.013656,1958.1556,8178.013,2.0884607,22037.527,0.6069306,63.444397,472.99854,5.0,3,0,-12.3172,560.8166,-29.558716,1326.6285,-40.567017,1642.4128,-29.87622,1118.5016,-1.1571522,11.564711,-0.8442135,8.922722,-1.1747732,11.740823,-1.4657536,14.354451,-23.99965,216.15233,-24.389511,219.90283,-0.99097633,8.815396,-28.15918,1981.1628,-93.15576,8235.536,-0.29593253,2.3375263,N-CMAPSS_DS06,6
N-CMAPSS_DS06 · Engine 6,64,576.0467,1354.4165,1667.5758,1161.4265,14.075089,11.032922,14.289433,17.230331,254.30727,258.80374,11.159742,1943.7815,8335.44,2.7625406,12196.678,0.48543003,57.145985,498.3924,4.0,3,0,24.364197,562.15265,48.304688,1328.8423,52.269653,1643.9081,63.039307,1122.5222,3.4395056,11.809624,2.7804089,9.135052,3.4918852,11.989466,4.0716724,14.62759,58.623383,219.49916,59.70955,223.31902,3.1460867,9.046303,-14.3741455,1975.3784,157.42725,8244.253,0.6740799,2.3732886,N-CMAPSS_DS06,6
N-CMAPSS_DS06 · Engine 6,65,556.4528,1330.8489,1664.0575,1116.5928,10.475117,7.9320116,10.634637,13.164136,202.4388,205.80782,7.730765,2026.2318,8266.449,2.2252407,23443.225,0.6443644,70.80775,471.4021,3.0,3,0,-19.593872,560.4114,-23.567627,1326.7084,-3.5183105,1643.211,-44.83374,1119.7631,-3.5999727,11.546365,-3.1009102,8.91661,-3.6547956,11.722198,-4.0661955,14.316731,-51.86847,215.17871,-52.995926,218.9068,-3.4289775,8.812792,82.45032,1978.567,-68.99121,8239.678,-0.5372999,2.327716,N-CMAPSS_DS06,6
N-CMAPSS_DS06 · Engine 6,66,554.17633,1324.0804,1652.8196,1114.5708,10.485128,7.9834824,10.6448,13.132732,200.72392,204.07245,7.800023,2005.2102,8245.879,2.2026749,22905.586,0.6238181,68.73158,471.13312,2.0,3,0,-2.2764893,560.8017,-6.7684326,1329.1451,-11.237915,1648.145,-2.0219727,1121.2535,0.010011673,11.503962,0.051470757,8.867341,0.010163307,11.679149,-0.03140354,14.284666,-1.7148743,215.09105,-1.7353668,218.80089,0.06925821,8.7415285,-21.021606,1985.26,-20.570312,8249.991,-0.022565842,2.332854,N-CMAPSS_DS06,6
N-CMAPSS_DS06 · Engine 6,67,558.6675,1337.6765,1674.5504,1128.4764,10.800319,8.189414,10.964789,13.54395,207.93097,211.36818,8.068915,2021.0963,8295.503,2.3020227,22387.512,0.62534225,70.215004,473.7109,1.0,3,0,4.49115,560.8411,13.596069,1331.0049,21.730835,1652.505,13.90564,1123.7987,0.31519032,11.482704,0.20593166,8.836816,0.3199892,11.657567,0.4112177,14.268795,7.2070465,215.3321,7.2957306,219.02596,0.2688923,8.730453,15.886108,1988.5975,49.624023,8258.416,0.09934783,2.3432207,N-CMAPSS_DS06,6
N-CMAPSS_DS06 · Engine 6,68,573.7133,1363.0392,1695.0448,1163.3259,13.111998,10.116431,13.311671,16.259428,244.65157,248.79897,10.054687,1994.3461,8379.983,2.7133453,15449.874,0.55156475,63.178196,491.93103,0.0,3,0,15.045837,563.03876,25.36267,1336.0927,20.494385,1658.8058,34.849487,1130.2927,2.311679,11.770628,1.9270172,9.06612,2.3468819,11.949876,2.715478,14.616862,36.720596,220.3634,37.430786,224.13931,1.9857712,8.969971,-26.750244,1988.0645,84.48047,8277.605,0.4113226,2.4052167,N-CMAPSS_DS06,6
N-CMAPSS_DS07 · Engine 1,1,569.9814,1334.3179,1637.9579,1126.9424,12.946976,10.064324,13.144138,15.989853,239.52043,243.81494,10.104914,1964.8188,8252.773,2.5657074,15355.068,0.5285012,60.729637,490.34897,66.0,2,1,0.0,569.9814,0.0,1334.3179,0.0,1637.9579,0.0,1126.9424,0.0,12.946976,0.0,10.064324,0.0,13.144138,0.0,15.989853,0.0,239.52043,0.0,243.81494,0.0,10.104914,0.0,1964.8188,0.0,8252.773,0.0,2.5657074,N-CMAPSS_DS07,1
N-CMAPSS_DS07 · Engine 1,2,573.78766,1343.2499,1651.1333,1133.3838,13.232668,10.26405,13.434181,16.384201,245.78688,250.16737,10.260965,1978.6287,8280.416,2.6554902,15203.756,0.54624027,62.218052,492.6489,65.0,2,1,3.8062744,571.8845,8.932007,1338.7839,13.175415,1644.5457,6.4414062,1130.1631,0.28569221,13.089822,0.19972515,10.1641865,0.29004288,13.28916,0.39434814,16.187027,6.266449,242.65366,6.3524323,246.99115,0.15605164,10.18294,13.809814,1971.7238,27.642578,8266.595,0.089782715,2.6105988,N-CMAPSS_DS07,1
N-CMAPSS_DS07 · Engine 1,3,572.1201,1336.4677,1638.5774,1124.2678,13.040679,10.166335,13.239267,16.114239,239.43796,243.7598,10.002748,1969.4995,8259.497,2.5584698,15694.056,0.56281126,60.788155,492.3428,64.0,2,1,-1.6675415,571.9631,-6.7822266,1338.0118,-12.555908,1642.5562,-9.115967,1128.198,-0.19198895,13.073441,-0.097714424,10.164903,-0.19491386,13.272529,-0.2699623,16.162764,-6.3489227,241.58176,-6.4075775,245.91403,-0.2582178,10.122875,-9.12915,1970.9823,-20.918945,8264.229,-0.09702039,2.5932224,N-CMAPSS_DS07,1
N-CMAPSS_DS07 · Engine 1,4,574.8444,1341.1035,1641.8715,1129.3619,13.478696,10.538309,13.683957,16.61651,246.02838,250.50922,10.372922,1967.1637,8277.019,2.6166525,14408.603,0.5479862,59.3418,495.67398,63.0,2,1,2.7243042,572.6834,4.6358643,1338.7847,3.2940674,1642.385,5.094116,1128.489,0.4380169,13.174755,0.371974,10.258255,0.44468975,13.375386,0.50227165,16.276201,6.5904236,242.69342,6.74942,247.06284,0.3701744,10.185387,-2.3358154,1970.0277,17.521484,8267.426,0.058182716,2.59908,N-CMAPSS_DS07,1
N-CMAPSS_DS07 · Engine 1,5,572.7525,1333.96,1630.6604,1128.0421,13.45924,10.564755,13.664204,16.542498,243.69087,248.1254,10.487567,1943.8041,8249.476,2.5991042,14188.078,0.53375256,58.33811,494.9625,62.0,2,1,-2.091919,572.6972,-7.1435547,1337.8198,-11.21106,1640.04,-1.3198242,1128.3997,-0.01945591,13.231651,0.026446342,10.319554,-0.019753456,13.433149,-0.07401276,16.32946,-2.3375092,242.8929,-2.3838196,247.27534,0.114645004,10.245823,-23.35962,1964.783,-27.542969,8263.836,-0.017548323,2.5990849,N-CMAPSS_DS07,1
N-CMAPSS_DS07 · Engine 1,6,569.89496,1328.3478,1623.1027,1126.1477,13.26636,10.42482,13.468387,16.26117,239.69048,244.05972,10.480057,1932.138,8231.936,2.5444164,13981.661,0.5035257,57.540943,493.02878,61.0,2,1,-2.857544,572.23016,-5.6121826,1336.2411,-7.5577393,1637.2172,-1.8944092,1128.0243,-0.19287968,13.237436,-0.1399355,10.337099,-0.195817,13.439022,-0.2813282,16.318079,-4.0003967,242.35916,-4.065674,246.73941,-0.0075101852,10.2848625,-11.666138,1959.3422,-17.54004,8258.52,-0.05468774,2.5899734,N-CMAPSS_DS07,1
N-CMAPSS_DS07 · Engine 1,7,571.6936,1333.9617,1633.4547,1125.5995,13.15089,10.273374,13.351158,16.212456,240.44496,244.78978,10.193473,1954.917,8250.512,2.5703194,15036.028,0.5428714,59.650852,492.89868,60.0,2,1,1.798645,572.1535,5.6138916,1335.9155,10.352051,1636.6797,-0.5482178,1127.6779,-0.11546993,13.225073,-0.15144634,10.327995,-0.11722851,13.426471,-0.048713684,16.30299,0.7544861,242.08571,0.73005676,246.46089,-0.2865839,10.271807,22.779053,1958.71,18.576172,8257.375,0.025902987,2.5871656,N-CMAPSS_DS07,1
N-CMAPSS_DS07 · Engine 1,8,570.7384,1330.1299,1625.613,1125.1462,13.278068,10.416219,13.480272,16.30379,240.69882,245.08594,10.398119,1939.1326,8238.767,2.5561204,14301.734,0.51945126,57.77336,493.4327,59.0,2,1,-0.9552002,571.9766,-3.831787,1335.1923,-7.841675,1635.2964,-0.45324707,1127.3615,0.12717724,13.231697,0.14284515,10.339024,0.12911415,13.433195,0.09133339,16.30309,0.25386047,241.91235,0.29615784,246.28902,0.20464611,10.287596,-15.784424,1956.2628,-11.745117,8255.049,-0.0141990185,2.583285,N-CMAPSS_DS07,1
N-CMAPSS_DS07 · Engine 1,9,572.76385,1333.8993,1630.8385,1128.126,13.459305,10.564755,13.664269,16.543232,243.65182,248.0838,10.487054,1943.8042,8249.173,2.5990357,14188.078,0.53375256,58.33811,494.9625,58.0,2,1,2.0254517,572.0641,3.7694092,1335.0486,5.225464,1634.801,2.9797363,1127.4464,0.18123722,13.256987,0.14853668,10.364104,0.18399715,13.458871,0.23944283,16.329771,2.953003,242.10562,2.9978638,246.48843,0.0889349,10.309757,4.671631,1954.8785,10.40625,8254.396,0.042915344,2.585035,N-CMAPSS_DS07,1
N-CMAPSS_DS07 · Engine 1,10,573.13794,1345.4454,1658.8636,1131.5206,12.881057,9.919823,13.077216,16.02568,242.66905,246.94969,9.876493,1999.2375,8288.981,2.6310403,16406.443,0.56670016,64.43656,490.2456,57.0,2,1,0.37408447,572.1715,11.546143,1336.0883,28.025146,1637.2073,3.3946533,1127.8538,-0.578248,13.219394,-0.64493275,10.319676,-0.5870533,13.420705,-0.5175514,16.299362,-0.9827728,242.16197,-1.1341095,246.53456,-0.6105604,10.266431,55.43335,1959.3145,39.808594,8257.8545,0.032004595,2.5896356,N-CMAPSS_DS07,1
N-CMAPSS_DS07 · Engine 1,11,571.39465,1334.4818,1634.9717,1127.65,13.156055,10.275238,13.356401,16.207996,240.6792,245.02829,10.26079,1954.734,8252.269,2.5697982,14822.974,0.5307563,59.674324,492.5276,56.0,2,1,-1.7432861,572.3128,-10.963623,1336.1047,-23.891968,1636.9087,-3.8706055,1127.9246,0.27499866,13.240302,0.35541534,10.340768,0.2791853,13.441932,0.18231583,16.321177,-1.9898529,242.27785,-1.921402,246.6559,0.38429642,10.282019,-44.50354,1958.3059,-36.71289,8257.805,-0.061242104,2.5900447,N-CMAPSS_DS07,1
N-CMAPSS_DS07 · Engine 1,12,573.1321,1345.4875,1658.9427,1131.6532,12.881025,9.919823,13.077184,16.025331,242.69788,246.97862,9.877033,1999.2375,8289.128,2.6315038,16406.443,0.56670016,64.43656,490.2456,55.0,2,1,1.7374268,572.24725,11.005737,1336.3285,23.97107,1637.6896,4.003174,1127.7515,-0.27503014,13.205137,-0.35541534,10.306345,-0.27921772,13.406232,-0.18266487,16.28529,2.0186768,241.96895,1.9503326,246.33702,-0.38375664,10.243626,44.50354,1960.3668,36.859375,8258.676,0.06170559,2.587646,N-CMAPSS_DS07,1
N-CMAPSS_DS07 · Engine 1,13,568.3635,1329.7175,1632.1995,1118.6168,12.55222,9.767276,12.743372,15.517566,231.15771,235.31096,9.660945,1966.7163,8237.679,2.467397,16778.236,0.5618968,61.64738,488.43365,54.0,2,1,-4.7685547,571.8716,-15.77002,1335.6534,-26.743286,1637.0519,-13.036377,1127.1864,-0.32880497,13.156292,-0.15254688,10.266439,-0.33381176,13.356642,-0.50776577,16.225622,-11.540161,241.14091,-11.667664,245.49214,-0.2160883,10.209445,-32.52124,1960.0885,-51.44922,8256.494,-0.16410685,2.578539,N-CMAPSS_DS07,1
N-CMAPSS_DS07 · Engine 1,14,564.93787,1331.0198,1644.7045,1116.4504,11.840361,9.077294,12.020671,14.777472,225.59955,229.53848,9.032234,2001.4128,8242.865,2.43979,18826.605,0.5776019,66.36396,481.9466,53.0,2,1,-3.4256592,570.8809,1.3022461,1334.645,12.505005,1637.3351,-2.1663818,1125.8953,-0.7118597,12.992458,-0.68998146,10.1203375,-0.7227011,13.190313,-0.7400942,16.04172,-5.5581665,239.09804,-5.772476,243.39507,-0.62871075,10.0753765,34.696533,1963.5134,5.1865234,8253.078,-0.027606964,2.5608525,N-CMAPSS_DS07,1
N-CMAPSS_DS07 · Engine 1,15,568.1944,1324.0258,1617.156,1121.3008,13.083537,10.288567,13.282779,16.017376,235.71858,240.03282,10.329277,1928.1868,8219.406,2.4890146,14535.537,0.5056305,56.998535,491.71945,52.0,2,1,3.2565308,570.4251,-6.9940186,1333.6516,-27.548462,1635.9847,4.850342,1125.2212,1.2431765,12.954887,1.2112722,10.092719,1.2621078,13.152171,1.2399044,15.989206,10.119034,238.30081,10.494339,242.58582,1.2970428,10.059547,-73.226074,1961.9517,-23.458984,8250.071,0.049224615,2.5498435,N-CMAPSS_DS07,1
N-CMAPSS_DS07 · Engine 1,16,564.94135,1331.0182,1644.9716,1116.7072,11.840379,9.077294,12.020688,14.777669,225.60272,229.53969,9.032456,2001.4126,8242.78,2.4403076,18826.605,0.5776019,66.36396,481.9466,51.0,2,1,-3.2530518,569.92975,6.9924316,1333.9187,27.815552,1638.1716,-4.593628,1124.2771,-1.2431583,12.81229,-1.2112722,9.957966,-1.2620907,13.007401,-1.239707,15.840857,-10.11586,236.89203,-10.493134,241.1338,-1.2968206,9.914787,73.22583,1968.8792,23.374023,8251.156,-0.04870701,2.5394328,N-CMAPSS_DS07,1
N-CMAPSS_DS07 · Engine 1,17,570.688,1333.9799,1636.5828,1128.9005,13.124154,10.232625,13.324014,16.188066,241.47336,245.7999,10.257172,1956.3647,8248.587,2.5960746,15015.889,0.5309409,60.38167,491.57748,50.0,2,1,5.746643,569.8292,2.96167,1333.9205,-8.388794,1638.4844,12.193359,1124.6072,1.2837753,12.809616,1.1553307,9.953892,1.3033257,13.004686,1.4103975,15.838418,15.870636,236.99487,16.260208,241.23482,1.2247152,9.921158,-45.04785,1969.0239,5.8066406,8250.964,0.15576696,2.5420082,N-CMAPSS_DS07,1
N-CMAPSS_DS07 · Engine 1,18,575.29,1343.0363,1647.5327,1137.1675,13.596899,10.601948,13.803958,16.771782,249.5919,254.0713,10.62678,1961.251,8278.481,2.690534,14014.463,0.52964306,60.33626,495.45612,49.0,2,1,4.6019897,570.28436,9.0563965,1335.2112,10.949951,1640.6764,8.266968,1125.8093,0.47274494,12.841499,0.36932278,9.972465,0.47994423,13.037055,0.58371544,15.885217,8.118546,237.88419,8.271408,242.13336,0.36960793,9.944023,4.8862305,1971.2357,29.894531,8254.935,0.09445953,2.5554495,N-CMAPSS_DS07,1
N-CMAPSS_DS07 · Engine 1,19,578.628,1339.3613,1627.1665,1140.6552,14.77382,11.757123,14.998801,17.95209,259.0434,263.89352,11.771348,1908.91,8267.8955,2.7258358,10434.371,0.4811129,52.786076,504.1716,48.0,2,1,3.3380127,570.8708,-3.6749268,1335.7573,-20.36621,1640.3092,3.487671,1127.0623,1.1769209,12.972951,1.1551752,10.0917015,1.1948433,13.170508,1.1803074,16.026102,9.451492,239.42334,9.82222,243.71432,1.1445684,10.072453,-52.340942,1967.7463,-10.5859375,8256.808,0.035301685,2.5681295,N-CMAPSS_DS07,1
N-CMAPSS_DS07 · Engine 1,20,565.619,1317.2557,1607.4879,1117.2659,12.895299,10.178983,13.091675,15.759046,230.5835,234.81549,10.201469,1915.8021,8195.172,2.4259183,14651.537,0.5022506,56.420033,490.28226,47.0,2,1,-13.008972,570.1189,-22.10559,1332.9384,-19.678589,1635.1716,-23.389282,1125.6367,-1.878521,12.974375,-1.5781403,10.117617,-1.9071264,13.171954,-2.1930437,15.999439,-28.4599,238.21478,-29.078033,242.50092,-1.5698786,10.10495,6.89209,1959.4028,-72.72363,8247.426,-0.29991746,2.5476174,N-CMAPSS_DS07,1
N-CMAPSS_DS07 · Engine 1,21,577.1797,1342.4034,1637.8616,1145.2443,14.468914,11.393321,14.689252,17.669064,260.30362,265.07843,11.598648,1924.5398,8279.04,2.769488,10726.354,0.4577774,54.635307,501.06744,46.0,2,1,11.560669,570.6974,25.147705,1333.7306,30.373657,1635.4606,27.978394,1127.3961,1.5736151,13.10566,1.2143383,10.229425,1.5975771,13.30524,1.910018,16.145546,29.720123,240.17722,30.26294,244.50592,1.3971786,10.238736,8.737671,1956.3834,83.868164,8250.104,0.34356976,2.5675864,N-CMAPSS_DS07,1
N-CMAPSS_DS07 · Engine 1,22,573.7605,1334.2755,1627.7101,1132.1008,13.758459,10.847968,13.967978,16.815578,246.08498,250.62094,10.876363,1928.5216,8252.478,2.5974739,12879.4795,0.49666947,55.832188,497.29602,45.0,2,1,-3.4191895,570.76025,-8.12793,1332.6094,-10.151489,1632.3373,-13.143433,1127.4409,-0.71045494,13.193404,-0.54535294,10.32224,-0.7212744,13.394319,-0.8534851,16.224571,-14.218643,240.51593,-14.457489,244.87015,-0.7222853,10.338669,3.9818115,1949.3118,-26.5625,8246.438,-0.17201424,2.5641835,N-CMAPSS_DS07,1
N-CMAPSS_DS07 · Engine 1,23,570.0321,1327.246,1621.715,1129.7981,13.445597,10.558102,13.650351,16.456732,242.87387,247.28046,10.770746,1918.6912,8226.199,2.5944715,13567.173,0.4825522,56.820026,493.4253,44.0,2,1,-3.7283936,570.92706,-7.029541,1332.3622,-5.995117,1631.2888,-2.3027344,1128.5591,-0.3128624,13.282742,-0.28986645,10.401322,-0.31762695,13.485017,-0.35884666,16.318487,-3.2111053,241.68755,-3.3404846,246.06711,-0.10561657,10.44965,-9.830444,1944.5093,-26.27832,8245.29,-0.0030024052,2.576891,N-CMAPSS_DS07,1
N-CMAPSS_DS07 · Engine 1,24,566.8618,1328.1724,1632.6172,1115.8077,12.258999,9.503905,12.4456835,15.198162,227.74995,231.81306,9.38064,1974.1368,8233.791,2.4348993,17359.363,0.5664805,62.6286,486.43045,43.0,2,0,-3.170288,571.1195,0.9263916,1332.0774,10.902222,1630.0801,-13.990356,1128.4948,-1.1865978,13.324606,-1.0541964,10.443983,-1.2046671,13.527517,-1.2585697,16.360556,-15.123917,241.90259,-15.467392,246.29456,-1.3901062,10.484489,55.44568,1941.7816,7.591797,8244.383,-0.15957212,2.5764017,N-CMAPSS_DS07,1
N-CMAPSS_DS07 · Engine 1,25,567.23987,1333.2904,1644.7681,1118.7783,12.166874,9.376873,12.352158,15.131757,228.63731,232.67719,9.291049,1995.0818,8250.203,2.4594226,18237.4,0.58091164,65.05716,484.79245,42.0,2,0,0.37805176,571.02405,5.118042,1333.0039,12.150879,1632.8413,2.970581,1128.2426,-0.09212494,13.23294,-0.12703228,10.352814,-0.09352589,13.434456,-0.0664053,16.271994,0.8873596,241.19446,0.8641205,245.55899,-0.08959103,10.380667,20.944946,1948.4712,16.41211,8247.463,0.024523258,2.5734425,N-CMAPSS_DS07,1
N-CMAPSS_DS07 · Engine 1,26,572.66705,1332.0961,1626.347,1128.713,13.556346,10.675965,13.762788,16.609911,243.27728,247.73595,10.644355,1931.9258,8243.195,2.5796719,13643.143,0.51702696,56.875496,495.79425,41.0,2,0,5.427185,571.79663,-1.1943359,1333.1117,-18.42102,1630.9789,9.934692,1129.4431,1.389472,13.404536,1.2990923,10.512681,1.4106302,13.608665,1.4781542,16.45522,14.639969,242.96191,15.058762,247.37863,1.3533058,10.541857,-63.156006,1941.5225,-7.0078125,8247.504,0.12024927,2.587379,N-CMAPSS_DS07,1
N-CMAPSS_DS07 · Engine 1,27,570.37195,1336.0583,1642.6926,1125.3275,12.820344,9.9557705,13.015578,15.863434,237.47629,241.72119,9.894307,1976.8748,8258.456,2.548466,16233.463,0.55636483,62.382175,489.65338,40.0,2,0,-2.295105,571.765,3.9622803,1333.3196,16.345581,1631.5898,-3.385498,1129.0858,-0.73600197,13.374155,-0.7201948,10.484996,-0.74720955,13.577822,-0.7464771,16.422756,-5.800995,242.56221,-6.0147552,246.97075,-0.7500477,10.50557,44.948975,1943.5735,15.260742,8248.491,-0.031205893,2.5826182,N-CMAPSS_DS07,1
N-CMAPSS_DS07 · Engine 1,28,568.99854,1326.5668,1622.2885,1121.7723,13.009381,10.209028,13.207494,15.97489,235.39705,239.68272,10.175948,1938.5526,8225.91,2.4964635,15024.462,0.52688015,58.188286,491.62665,39.0,2,0,-1.3734131,571.13586,-9.491577,1331.6726,-20.404175,1629.0654,-3.5551758,1127.5463,0.18903732,13.315403,0.25325775,10.4457035,0.19191551,13.518176,0.11145592,16.343067,-2.079239,241.14273,-2.0384674,245.53189,0.281641,10.460487,-38.322144,1941.3037,-32.5459,8243.234,-0.05200243,2.563211,N-CMAPSS_DS07,1
N-CMAPSS_DS07 · Engine 1,29,572.7985,1343.1962,1654.7432,1128.3224,12.824321,9.900498,13.019615,15.948738,240.46834,244.73187,9.761887,1997.0458,8283.177,2.5937417,16430.98,0.57311535,63.726135,490.53177,38.0,2,0,3.7999878,570.5529,16.629395,1332.056,32.454712,1631.8231,6.550049,1126.313,-0.1850605,13.120453,-0.30852985,10.260041,-0.18787861,13.320257,-0.026151657,16.14273,5.071289,239.28522,5.0491486,243.61572,-0.41406155,10.2595415,58.493164,1950.1172,57.2666,8244.762,0.09727812,2.5500016,N-CMAPSS_DS07,1
N-CMAPSS_DS07 · Engine 1,30,574.20135,1339.3291,1641.1339,1134.6971,13.565829,10.603491,13.772415,16.715185,248.08221,252.547,10.599703,1953.1187,8265.481,2.6684082,13955.705,0.52842075,59.38139,495.31418,37.0,2,0,1.402832,571.41113,-3.8670654,1334.2634,-13.609253,1635.1877,6.374756,1128.0562,0.7415085,13.187507,0.70299244,10.302492,0.7528,13.388331,0.76644707,16.238344,7.6138763,241.0351,7.8151245,245.38889,0.83781624,10.299364,-43.927124,1953.8489,-17.695312,8251.793,0.0746665,2.5742507,N-CMAPSS_DS07,1
N-CMAPSS_DS07 · Engine 1,31,571.4177,1334.3978,1635.8014,1128.2959,13.156183,10.275238,13.35653,16.209436,240.63264,244.97377,10.2605295,1954.734,8251.662,2.5709028,14822.974,0.5307563,59.674324,492.5276,36.0,2,0,-2.7836304,570.83496,-4.9312744,1333.4629,-5.3325195,1634.9817,-6.401245,1126.3613,-0.40964603,13.056233,-0.3282528,10.190684,-0.41588497,13.255059,-0.50574875,16.092382,-7.4495697,239.068,-7.573227,243.37842,-0.33917332,10.165553,1.6153564,1956.8683,-13.819336,8249.056,-0.09750533,2.554392,N-CMAPSS_DS07,1
N-CMAPSS_DS07 · Engine 1,32,571.75574,1336.0339,1640.5051,1130.0823,13.114264,10.196053,13.3139715,16.211994,242.56981,246.88734,10.205608,1960.1913,8255.662,2.6216025,15214.76,0.54024357,61.10619,491.88904,35.0,2,0,0.3380127,570.63446,1.6361084,1333.6387,4.7037354,1636.2612,1.786377,1126.1594,-0.04191971,12.991814,-0.079185486,10.125492,-0.04255867,13.189658,0.0025577545,16.032024,1.9371643,238.71648,1.9135742,243.00505,-0.05492115,10.098477,5.4572754,1960.0353,4.0,8249.374,0.05069971,2.556805,N-CMAPSS_DS07,1
N-CMAPSS_DS07 · Engine 1,33,577.8433,1346.1431,1648.1848,1143.9911,14.165002,11.086979,14.380712,17.417252,258.28564,262.94788,11.169032,1949.4626,8288.627,2.7821147,12282.582,0.5033366,58.05244,499.3343,34.0,2,0,6.0875854,571.4156,10.109131,1335.5284,7.6796875,1638.9082,13.908813,1127.5787,1.0507383,13.063754,0.89092636,10.17838,1.06674,13.262694,1.2052574,16.128077,15.715836,240.25766,16.060532,244.5718,0.9634237,10.138306,-10.728638,1963.1124,32.964844,8255.616,0.16051221,2.5755694,N-CMAPSS_DS07,1
N-CMAPSS_DS07 · Engine 1,34,558.9624,1298.9995,1582.112,1108.6353,12.433823,9.827097,12.623171,15.143051,221.54118,225.58586,10.0348425,1873.1675,8132.4814,2.3341508,15039.068,0.4664781,54.099754,486.0672,33.0,2,0,-18.88092,570.6257,-47.143555,1332.6111,-66.072754,1633.8577,-35.355835,1126.8616,-1.7311792,13.081237,-1.259882,10.210699,-1.7575407,13.280443,-2.2742004,16.122564,-36.74446,239.63678,-37.362015,243.94908,-1.1341896,10.203726,-76.295166,1953.0155,-156.14551,8245.485,-0.44796395,2.5654945,N-CMAPSS_DS07,1
N-CMAPSS_DS07 · Engine 1,35,573.4815,1337.075,1638.3723,1132.4708,13.436561,10.514931,13.641179,16.542048,244.67982,249.09369,10.487619,1950.7843,8258.362,2.62291,14267.166,0.53196794,59.1717,494.79147,32.0,2,0,14.519104,571.2498,38.07544,1332.9896,56.260254,1633.2181,23.835571,1128.2307,1.002738,13.208205,0.6878338,10.324505,1.0180082,13.409346,1.3989964,16.263594,23.138641,241.24103,23.507828,245.59073,0.4527769,10.323383,77.61682,1948.5857,125.88086,8246.302,0.28875923,2.5818431,N-CMAPSS_DS07,1
N-CMAPSS_DS07 · Engine 1,36,577.7871,1338.7689,1629.3068,1138.4583,14.440926,11.453428,14.660841,17.601164,255.18932,259.93286,11.395122,1917.6405,8266.522,2.6912618,11257.178,0.4963276,53.743977,502.64673,31.0,2,0,4.305603,571.76184,1.6939697,1333.6569,-9.065552,1633.514,5.9874268,1129.2053,1.004365,13.296663,0.93849754,10.402251,1.0196619,13.49915,1.0591164,16.362719,10.509491,242.43224,10.839172,246.81042,0.9075022,10.398459,-33.1438,1947.1572,8.160156,8248.634,0.068351746,2.5930023,N-CMAPSS_DS07,1
N-CMAPSS_DS07 · Engine 1,37,566.8703,1328.2208,1634.0099,1117.1655,12.259043,9.503905,12.44573,15.198671,227.80122,231.85501,9.382298,1974.1368,8233.585,2.437986,17359.363,0.5664805,62.6286,486.43045,30.0,2,0,-10.916809,571.4116,-10.548096,1332.873,4.703125,1632.6458,-21.292725,1128.3892,-2.1818829,13.240533,-1.949523,10.357065,-2.2151108,13.442165,-2.4024925,16.296244,-27.388092,241.46472,-28.07785,245.8238,-2.012823,10.347259,56.496338,1946.8834,-32.9375,8246.147,-0.25327587,2.5819542,N-CMAPSS_DS07,1
N-CMAPSS_DS07 · Engine 1,38,579.8117,1341.9761,1631.9728,1155.0505,15.314865,12.1765785,15.548086,18.542551,269.11523,274.1102,12.567578,1888.6487,8274.978,2.8544514,8315.011,0.41099468,51.020016,506.17673,29.0,2,0,12.941406,572.493,13.755249,1334.4141,-2.0371094,1633.6143,37.88501,1131.7169,3.0558224,13.471082,2.6726732,10.55382,3.102356,13.676225,3.3438797,16.553009,41.31401,244.83655,42.255188,249.26654,3.1852798,10.586422,-85.48816,1941.8931,41.39258,8251.054,0.41646552,2.617753,N-CMAPSS_DS07,1
N-CMAPSS_DS07 · Engine 1,39,570.01746,1336.6464,1647.4548,1127.8817,12.719373,9.841696,12.913068,15.775232,237.50983,241.70831,9.826752,1981.8772,8259.452,2.5646799,16445.031,0.5544522,63.185886,488.66473,28.0,2,0,-9.7942505,572.21484,-5.329712,1333.759,15.482056,1632.8854,-27.168823,1131.6729,-2.5954924,13.460587,-2.3348827,10.547939,-2.6350183,13.66557,-2.7673187,16.535658,-31.605408,244.5407,-32.401886,248.96419,-2.7408266,10.592909,93.228516,1940.3762,-15.525391,8248.682,-0.28977156,2.6148467,N-CMAPSS_DS07,1
N-CMAPSS_DS07 · Engine 1,40,568.76324,1330.9264,1636.8718,1117.4456,12.390312,9.60016,12.578997,15.388786,230.42882,234.5261,9.376536,1978.796,8241.554,2.474037,17495.398,0.58742595,62.53941,488.05774,27.0,2,0,-1.2542114,571.671,-5.7199707,1332.9188,-10.583008,1632.4592,-10.436157,1129.9478,-0.32906055,13.343035,-0.24153614,10.447606,-0.33407116,13.546228,-0.386446,16.403019,-7.081009,242.77536,-7.1822205,247.16211,-0.45021534,10.470592,-3.0811768,1942.9438,-17.898438,8246.289,-0.09064293,2.5954096,N-CMAPSS_DS07,1
N-CMAPSS_DS07 · Engine 1,41,577.71796,1341.9004,1636.6617,1152.9249,14.868888,11.7528305,15.095317,18.065817,265.22275,270.09613,12.150656,1905.4786,8276.397,2.8201053,9283.248,0.4138973,52.583942,502.92285,26.0,2,0,8.954712,572.3011,10.973999,1333.6691,-0.21008301,1632.5452,35.47937,1132.4106,2.4785757,13.514305,2.1526709,10.595366,2.5163202,13.720107,2.6770306,16.588657,34.79393,245.23436,35.570038,249.67433,2.7741194,10.659604,-73.31738,1938.0183,34.84375,8248.762,0.34606838,2.6203299,N-CMAPSS_DS07,1
N-CMAPSS_DS07 · Engine 1,42,570.3792,1334.0312,1639.8105,1127.4548,12.871191,10.012377,13.067199,15.9019985,237.52742,241.77219,9.973194,1965.0168,8252.207,2.5447686,15585.395,0.5397253,60.92251,490.66147,25.0,2,0,-7.338745,572.16345,-7.8691406,1333.4688,3.1488037,1632.4757,-25.470093,1132.1478,-1.9976969,13.489998,-1.7404537,10.576998,-2.0281181,13.69543,-2.1638184,16.557657,-27.695328,244.73012,-28.323944,249.16283,-2.1774616,10.636363,59.538208,1938.501,-24.19043,8248.417,-0.27533674,2.6126466,N-CMAPSS_DS07,1
N-CMAPSS_DS07 · Engine 1,43,578.6412,1336.3798,1623.2922,1142.1302,14.787106,11.787123,15.012288,17.966614,258.31885,263.1281,11.7817135,1894.2797,8254.863,2.7335627,10264.728,0.48356205,52.151432,504.89142,24.0,2,0,8.261963,572.2432,2.3485107,1332.4924,-16.51831,1629.9865,14.675415,1131.9618,1.9159145,13.552209,1.774746,10.647013,1.9450893,13.758588,2.0646152,16.612593,20.791428,244.73344,21.355927,249.18085,1.8085194,10.697631,-70.73718,1932.9827,2.65625,8245.04,0.18879414,2.6077914,N-CMAPSS_DS07,1
N-CMAPSS_DS07 · Engine 1,44,571.7413,1333.9485,1637.2885,1129.1093,13.151159,10.273374,13.351431,16.215458,240.48581,244.80061,10.196361,1954.9171,8249.284,2.5781581,15036.028,0.5428714,59.650852,492.89868,23.0,2,0,-6.8999023,573.5211,-2.4312744,1335.9873,13.996216,1635.5042,-13.020996,1134.0092,-1.6359463,13.623942,-1.5137491,10.69164,-1.6608572,13.831413,-1.7511559,16.719833,-17.833038,246.6279,-18.3275,251.10233,-1.5853529,10.713783,60.63745,1941.1576,-5.5791016,8256.721,-0.15540457,2.6321921,N-CMAPSS_DS07,1
N-CMAPSS_DS07 · Engine 1,45,570.4033,1336.1359,1646.3993,1128.8586,12.820517,9.9557705,13.015754,15.865356,237.57684,241.79509,9.8981495,1976.8748,8257.668,2.5565586,16233.463,0.55636483,62.382175,489.65338,22.0,2,0,-1.3379517,573.21326,2.187378,1335.8934,9.11084,1636.3069,-0.25061035,1133.648,-0.3306427,13.562338,-0.3176031,10.635724,-0.33567715,13.768871,-0.35010147,16.652164,-2.908966,245.9176,-3.0055237,250.37247,-0.2982111,10.654836,21.957642,1943.7666,8.383789,8256.651,-0.021599531,2.625557,N-CMAPSS_DS07,1
N-CMAPSS_DS07 · Engine 1,46,571.27716,1337.4315,1648.662,1128.3821,12.72545,9.853822,12.91924,15.802971,237.17049,241.3521,9.727187,1982.137,8260.599,2.5673375,16638.547,0.57398754,63.068886,489.9106,21.0,2,0,0.87384033,572.56226,1.2956543,1335.7596,2.2626953,1638.2423,-0.4765625,1132.6404,-0.095067024,13.39079,-0.10194874,10.475763,-0.09651375,13.594711,-0.06238556,16.472345,-0.4063568,244.11572,-0.44299316,248.51439,-0.17096233,10.488043,5.262207,1950.2163,2.930664,8256.059,0.010778904,2.6131644,N-CMAPSS_DS07,1
N-CMAPSS_DS07 · Engine 1,47,570.38916,1334.818,1642.889,1129.6573,12.939247,10.062684,13.13629,15.983409,239.18178,243.4454,10.033177,1968.1456,8254.957,2.5640635,15504.85,0.5365296,60.66391,490.71222,20.0,2,0,-0.8880005,572.9142,-2.6135254,1336.4194,-5.772949,1639.1302,1.2752686,1133.8895,0.21379757,13.458811,0.2088623,10.531641,0.2170496,13.663767,0.18043804,16.55082,2.0112915,245.25378,2.0933075,249.67343,0.30599022,10.55313,-13.991333,1949.6172,-5.6416016,8258.196,-0.003273964,2.6257722,N-CMAPSS_DS07,1
N-CMAPSS_DS07 · Engine 1,48,571.6252,1335.3593,1641.6567,1136.3962,13.28705,10.356957,13.489389,16.37272,244.49306,248.84845,10.429679,1950.269,8253.839,2.630233,14144.742,0.5090334,58.957146,493.08554,19.0,2,0,1.236023,572.0955,0.54125977,1335.7577,-1.2322998,1640.0986,6.7388916,1132.024,0.34780312,13.256029,0.29427338,10.349679,0.35309982,13.457897,0.3893118,16.333836,5.3112793,242.79156,5.4030457,247.14725,0.39650154,10.33934,-17.876587,1955.7792,-1.1181641,8256.082,0.0661695,2.6033504,N-CMAPSS_DS07,1
N-CMAPSS_DS07 · Engine 1,49,571.76843,1333.377,1636.596,1129.8832,13.195934,10.33975,13.396888,16.237217,239.82332,244.15051,10.224498,1952.5596,8249.075,2.5549676,14815.186,0.54063094,58.820072,493.52567,18.0,2,0,0.14324951,572.2706,-1.9822998,1335.4308,-5.060791,1639.0128,-6.5130615,1132.2242,-0.09111595,13.303685,-0.017207146,10.399485,-0.09250164,13.506279,-0.13550377,16.380035,-4.669739,243.02292,-4.697937,247.39146,-0.20518112,10.379115,2.2905273,1952.8474,-4.763672,8255.044,-0.07526541,2.6023793,N-CMAPSS_DS07,1
N-CMAPSS_DS07 · Engine 1,50,573.55383,1334.7074,1637.6172,1137.7325,13.625351,10.681102,13.832843,16.758837,247.85571,252.28284,10.68165,1936.2545,8247.6045,2.677623,13789.272,0.5266087,58.171696,495.77966,17.0,2,0,1.7854004,572.7497,1.3304443,1335.8088,1.0212402,1639.0873,7.849365,1134.2529,0.42941666,13.427189,0.3413515,10.507579,0.43595505,13.631664,0.5216198,16.51704,8.032394,244.7656,8.132324,249.16714,0.45715237,10.509626,-16.305054,1948.5933,-1.4707031,8255.649,0.12265539,2.622738,N-CMAPSS_DS07,1
N-CMAPSS_DS07 · Engine 1,51,571.1446,1323.1376,1610.8933,1139.7762,14.158428,11.276844,14.374039,17.13234,248.23985,252.83435,11.558447,1874.5638,8213.402,2.6071901,10434.208,0.42138648,50.45521,499.07065,16.0,2,0,-2.4092407,572.09235,-11.569824,1333.9326,-26.723877,1636.5105,2.0437012,1132.9381,0.53307724,13.356143,0.5957422,10.45998,0.54119587,13.559536,0.37350273,16.423693,0.38414,243.0673,0.5515137,247.44096,0.8767967,10.450405,-61.690674,1945.5018,-34.20215,8249.35,-0.0704329,2.6014464,N-CMAPSS_DS07,1
N-CMAPSS_DS07 · Engine 1,52,574.8497,1344.2043,1657.262,1147.0468,13.609332,10.58719,13.816581,16.794521,251.73201,256.17517,10.714126,1963.3196,8280.769,2.7308574,13642.245,0.5092652,59.967514,495.04807,15.0,2,0,3.7050781,572.53937,21.066772,1334.95,46.368652,1638.2556,7.270508,1134.8972,-0.5490961,13.429957,-0.68965435,10.517462,-0.5574579,13.634474,-0.33781815,16.512945,3.492157,244.48778,3.3408203,248.88126,-0.84432125,10.524499,88.75574,1945.332,67.36621,8252.206,0.12366724,2.6200552,N-CMAPSS_DS07,1
N-CMAPSS_DS07 · Engine 1,53,571.4209,1334.9646,1643.5802,1136.2556,13.156203,10.275238,13.356552,16.209684,241.1164,245.40778,10.272796,1954.7343,8251.6455,2.5910656,14822.974,0.5307563,59.674324,492.5276,14.0,2,0,-3.428772,571.8174,-9.239746,1334.8083,-13.681763,1640.2844,-10.791138,1134.3098,-0.4531288,13.266867,-0.31195164,10.366273,-0.46002865,13.468901,-0.58483696,16.337252,-10.615616,242.76753,-10.767395,247.10922,-0.44132996,10.373607,-8.585327,1951.3776,-29.123047,8251.885,-0.13979173,2.6058054,N-CMAPSS_DS07,1
N-CMAPSS_DS07 · Engine 1,54,558.9561,1299.6129,1589.8596,1116.6102,12.433789,9.827097,12.6231365,15.1426935,222.03699,226.03523,10.046575,1873.1682,8132.673,2.3535953,15039.068,0.4664781,54.099754,486.0672,13.0,2,0,-12.464783,570.5388,-35.351685,1331.3749,-53.72058,1635.5415,-19.645386,1133.0599,-0.722414,13.19513,-0.4481411,10.321646,-0.7334156,13.396071,-1.0669909,16.229975,-19.079407,240.92264,-19.372543,245.2327,-0.22622108,10.358628,-81.56604,1943.2026,-118.97266,8240.223,-0.23747039,2.5833492,N-CMAPSS_DS07,1
N-CMAPSS_DS07 · Engine 1,55,577.0801,1339.6117,1642.2354,1149.042,14.294025,11.282236,14.5117,17.478134,256.21683,260.83456,11.317266,1922.1764,8265.405,2.7522123,11628.72,0.49652347,55.31957,500.96957,12.0,2,0,18.123962,571.20654,39.99878,1331.7224,52.375732,1635.1251,32.431763,1135.0782,1.8602362,13.342481,1.4551392,10.454292,1.8885632,13.545666,2.3354406,16.391253,34.17984,242.78664,34.79933,247.13664,1.2706919,10.50054,49.00818,1937.7328,132.73242,8240.997,0.39861703,2.6029146,N-CMAPSS_DS07,1
N-CMAPSS_DS07 · Engine 1,56,567.68994,1326.015,1634.1888,1129.4575,12.701436,9.928016,12.894858,15.648534,232.57594,236.69353,9.875155,1947.2291,8222.203,2.4982047,15976.356,0.5437652,59.74028,489.44373,11.0,2,0,-9.390137,570.8478,-13.59668,1330.5808,-8.046509,1633.6779,-19.584473,1135.1858,-1.5925894,13.340079,-1.3542204,10.461712,-1.6168413,13.543227,-1.8296003,16.375809,-23.640884,242.3272,-24.141037,246.67078,-1.442111,10.515337,25.052734,1934.2421,-43.20215,8237.157,-0.25400758,2.5960011,N-CMAPSS_DS07,1
N-CMAPSS_DS07 · Engine 1,57,568.21606,1324.8407,1629.7941,1134.0541,13.083645,10.288567,13.282888,16.018837,236.41983,240.65172,10.346768,1928.1868,8218.922,2.52029,14535.537,0.5056305,56.998535,491.71945,10.0,2,0,0.52612305,570.6305,-1.1743164,1329.583,-4.3947754,1632.3683,4.5965576,1135.6255,0.38220882,13.35452,0.36055088,10.4843,0.38803005,13.557887,0.37030315,16.379353,3.8438873,242.051,3.958191,246.39142,0.47161293,10.546696,-19.042358,1930.2461,-3.28125,8233.554,0.02208519,2.5916238,N-CMAPSS_DS07,1
N-CMAPSS_DS07 · Engine 1,58,569.7188,1336.8663,1657.2803,1139.1205,12.642517,9.779835,12.835043,15.682297,237.08344,241.19757,9.757553,1980.4813,8258.602,2.5738137,16351.198,0.55071324,62.567627,488.75323,9.0,2,0,1.5027466,570.4398,12.025635,1329.7338,27.486206,1633.9307,5.0664062,1135.8978,-0.44112778,13.290066,-0.50873184,10.426587,-0.44784546,13.492453,-0.33654022,16.31031,0.66360474,241.31003,0.54585266,245.62633,-0.5892153,10.479484,52.294556,1933.2673,39.679688,8234.03,0.05352378,2.5859818,N-CMAPSS_DS07,1
N-CMAPSS_DS07 · Engine 1,59,565.60535,1318.4836,1622.1416,1132.4016,12.895235,10.178983,13.091609,15.758316,231.55475,235.69794,10.223856,1915.8026,8195.719,2.4634156,14651.537,0.5022506,56.420033,490.28226,8.0,2,0,-4.1134644,569.82355,-18.38269,1328.2444,-35.13867,1632.4852,-6.718872,1136.1497,0.25271797,13.259996,0.399148,10.410511,0.25656605,13.461925,0.07601929,16.262419,-5.5286865,240.48317,-5.499634,244.78107,0.46630287,10.47942,-64.67871,1929.5917,-62.882812,8228.694,-0.110398054,2.5768268,N-CMAPSS_DS07,1
N-CMAPSS_DS07 · Engine 1,60,569.22833,1338.7242,1666.3723,1142.5713,12.438601,9.567538,12.62802,15.485195,236.28833,240.3183,9.550475,1992.1757,8262.578,2.5925512,17428.506,0.5727685,64.476135,486.89374,7.0,2,0,3.6229858,569.391,20.2406,1328.6461,44.230713,1635.3607,10.169678,1136.6335,-0.45663452,13.141321,-0.6114445,10.299154,-0.4635887,13.341443,-0.27312088,16.135056,4.7335815,239.32643,4.6203613,243.58461,-0.67338085,10.366302,76.37305,1935.1838,66.859375,8230.191,0.12913561,2.5683196,N-CMAPSS_DS07,1
N-CMAPSS_DS07 · Engine 1,61,563.18,1324.088,1647.6511,1131.8052,11.83483,9.158735,12.015056,14.674395,221.84656,225.64656,9.139177,1972.7966,8214.534,2.4117446,18596.695,0.56923974,64.17728,482.29517,6.0,2,0,-6.04834,568.59454,-14.63623,1328.7412,-18.721191,1639.0365,-10.766113,1135.8364,-0.60377026,12.908961,-0.408803,10.087343,-0.61296463,13.105544,-0.81080055,15.88926,-14.441772,236.6871,-14.671738,240.86583,-0.4112978,10.124374,-19.379028,1945.0071,-48.043945,8230.305,-0.18080664,2.548775,N-CMAPSS_DS07,1
N-CMAPSS_DS07 · Engine 1,62,572.74243,1343.578,1672.1555,1155.2747,13.093049,10.126208,13.292437,16.242317,246.77237,250.96996,10.181475,1978.5172,8275.218,2.727223,15648.194,0.55145067,62.965393,491.3559,5.0,2,0,9.562439,568.3838,19.48999,1328.6785,24.504395,1640.5259,23.469482,1136.6593,1.2582188,12.857333,0.96747303,10.041245,1.277381,13.05313,1.5679226,15.834041,24.925812,236.19115,25.323395,240.3453,1.0422974,10.07111,5.720581,1946.5269,60.683594,8229.75,0.31547832,2.5484116,N-CMAPSS_DS07,1
N-CMAPSS_DS07 · Engine 1,63,575.6353,1342.5991,1661.076,1158.7749,13.815783,10.840895,14.0261755,16.961485,251.85104,256.27338,10.85303,1946.1575,8274.441,2.7289045,13161.821,0.5176882,57.682983,497.7264,4.0,2,0,2.8928833,568.80524,-0.97888184,1329.442,-11.079468,1642.2755,3.5002441,1138.9111,0.7227335,12.923291,0.7146864,10.097811,0.7337389,13.120092,0.7191677,15.909221,5.0786743,237.2646,5.303421,241.43187,0.6715555,10.129133,-32.35974,1945.6692,-0.7763672,8232.029,0.0016815662,2.5621955,N-CMAPSS_DS07,1
N-CMAPSS_DS07 · Engine 1,64,575.29956,1337.4081,1650.7788,1159.6206,14.022255,11.075925,14.235791,17.139343,252.51247,256.96335,11.085418,1919.9683,8256.028,2.7331455,12234.09,0.505139,55.436535,499.55142,3.0,2,0,-0.3357544,570.4396,-5.19104,1333.2214,-10.297241,1648.3674,0.8457031,1143.2123,0.2064724,13.082138,0.23503017,10.222693,0.2096157,13.281358,0.17785835,16.108885,0.6614227,240.31215,0.6899719,244.52469,0.23238754,10.233017,-26.189209,1950.3491,-18.413086,8244.365,0.0042409897,2.6001506,N-CMAPSS_DS07,1
N-CMAPSS_DS07 · Engine 1,65,570.12256,1343.9738,1684.844,1155.734,12.310517,9.454711,12.497987,15.355798,235.49275,239.42401,9.388055,2007.1243,8278.028,2.6081247,18138.215,0.5957119,66.29885,486.55243,2.0,2,0,-5.177002,569.74384,6.565674,1333.6577,34.065186,1652.6283,-3.8865967,1143.8815,-1.7117376,12.883787,-1.6212139,10.039941,-1.7378044,13.079987,-1.7835455,15.896651,-17.019714,238.23975,-17.539337,242.38364,-1.6973629,10.040096,87.156006,1958.844,22.0,8245.627,-0.12502074,2.5857418,N-CMAPSS_DS07,1
N-CMAPSS_DS07 · Engine 1,66,579.3207,1360.0189,1699.7292,1176.1997,13.7542715,10.652465,13.963728,17.055895,259.40558,263.8027,10.593893,1999.4194,8330.971,2.8694818,14328.303,0.5605235,62.360374,497.27798,1.0,2,0,9.19812,570.9069,16.045166,1337.0581,14.885254,1659.1823,20.465698,1148.5557,1.4437542,12.98907,1.1977539,10.112386,1.4657412,13.186873,1.7000971,16.037388,23.912827,240.92271,24.378693,245.09454,1.2058382,10.11197,-7.704834,1964.063,52.942383,8256.504,0.26135707,2.6228695,N-CMAPSS_DS07,1
N-CMAPSS_DS07 · Engine 1,67,573.2004,1341.9783,1672.0874,1174.5768,13.730992,10.755985,13.940094,16.835354,253.33011,257.65918,10.999238,1941.9218,8268.653,2.7811716,13012.074,0.48910174,57.879543,495.5336,0.0,2,0,-6.1203003,571.40533,-18.04065,1338.7719,-27.641846,1663.4116,-1.6229248,1152.6079,-0.02327919,13.053805,0.10352039,10.159128,-0.023633957,13.252594,-0.220541,16.11904,-6.07547,242.61374,-6.143524,246.79529,0.40534496,10.1772175,-57.49768,1965.4365,-62.317383,8261.478,-0.08831024,2.6489577,N-CMAPSS_DS07,1
N-CMAPSS_DS07 · Engine 6,1,564.70685,1331.2161,1646.6432,1110.6539,11.569217,8.848295,11.745398,14.4719715,220.56908,224.42897,8.67668,2015.381,8245.711,2.376254,20258.412,0.6151181,67.751434,480.5304,73.0,3,1,0.0,564.70685,0.0,1331.2161,0.0,1646.6432,0.0,1110.6539,0.0,11.569217,0.0,8.848295,0.0,11.745398,0.0,14.4719715,0.0,220.56908,0.0,224.42897,0.0,8.67668,0.0,2015.381,0.0,8245.711,0.0,2.376254,N-CMAPSS_DS07,6
N-CMAPSS_DS07 · Engine 6,2,562.12195,1336.7083,1668.8403,1109.6465,10.632096,7.9450607,10.794005,13.495713,211.88614,215.45181,7.80197,2067.0288,8264.128,2.3245723,23626.055,0.66210604,75.21778,472.73734,72.0,3,1,-2.5849,563.4144,5.4921875,1333.9622,22.197144,1657.7417,-1.0074463,1110.1501,-0.93712044,11.1006565,-0.9032345,8.396678,-0.9513922,11.269701,-0.9762583,13.983843,-8.682938,216.2276,-8.977158,219.9404,-0.8747096,8.239325,51.647827,2041.2048,18.416992,8254.92,-0.051681757,2.3504133,N-CMAPSS_DS07,6
N-CMAPSS_DS07 · Engine 6,3,575.4926,1342.3556,1642.5089,1137.7401,13.862707,10.857789,14.073814,17.014965,252.25143,256.8467,10.923595,1951.6118,8281.063,2.6845183,12692.82,0.49682394,57.686768,497.41025,71.0,3,1,13.3706665,567.4405,5.647339,1336.76,-26.33142,1652.6642,28.093628,1119.3468,3.2306108,12.02134,2.9127283,9.217049,3.279809,12.204406,3.5192518,14.994217,40.365295,228.23555,41.394897,232.2425,3.1216254,9.134082,-115.41699,2011.3406,16.935547,8263.634,0.359946,2.4617815,N-CMAPSS_DS07,6
N-CMAPSS_DS07 · Engine 6,4,564.4967,1332.4537,1650.5815,1112.676,11.48214,8.743518,11.656995,14.401581,221.07901,224.90883,8.623625,2020.5016,8249.044,2.3980725,20403.91,0.61186045,68.85688,479.60736,70.0,3,1,-10.995911,566.7045,-9.901855,1335.6833,8.072632,1652.1436,-25.064087,1117.6792,-2.3805676,11.886539,-2.1142712,9.098665,-2.4168196,12.067553,-2.6133842,14.846058,-31.172424,226.44641,-31.937881,230.40909,-2.2999706,9.006468,68.88977,2013.6309,-32.01953,8259.986,-0.28644586,2.4458542,N-CMAPSS_DS07,6
N-CMAPSS_DS07 · Engine 6,5,558.84753,1322.4132,1641.0778,1102.2391,10.794584,8.189414,10.958967,13.561878,209.16989,212.76869,8.084126,2021.0969,8216.228,2.2641978,22387.512,0.62534225,70.215004,473.7109,69.0,3,1,-5.64917,565.1331,-10.040527,1333.0294,-9.503784,1649.9303,-10.43689,1114.5912,-0.6875553,11.668149,-0.55410385,8.916816,-0.6980276,11.845836,-0.8397026,14.589222,-11.909119,222.9911,-12.140137,226.881,-0.5394983,8.822,0.5953369,2015.124,-32.816406,8251.234,-0.13387465,2.409523,N-CMAPSS_DS07,6
N-CMAPSS_DS07 · Engine 6,6,568.8931,1325.8414,1619.3446,1127.5858,13.354221,10.499733,13.557586,16.326086,240.99113,245.39299,10.675574,1920.9067,8224.98,2.550705,13351.06,0.4746277,55.999107,492.96655,68.0,3,1,10.045593,565.75977,3.4282227,1331.8314,-21.733154,1644.8328,25.34668,1116.757,2.559637,11.949161,2.310319,9.180635,2.5986185,12.131127,2.7642078,14.878699,31.821243,225.99112,32.6243,229.96634,2.5914478,9.130928,-100.190186,1999.4211,8.75293,8246.859,0.28650713,2.4330533,N-CMAPSS_DS07,6
N-CMAPSS_DS07 · Engine 6,7,574.4978,1338.6224,1635.8105,1135.5881,13.820286,10.842796,14.030747,16.941744,250.53026,255.10986,10.919818,1941.0679,8268.8125,2.6585422,12554.447,0.48730978,56.608246,497.2446,67.0,3,1,5.6046753,567.00806,12.781006,1332.8015,16.465942,1643.5438,8.002319,1119.4471,0.46606445,12.216464,0.34306335,9.418087,0.4731617,12.402502,0.6156578,15.17342,9.539124,229.4967,9.716873,233.55827,0.24424362,9.386484,20.161133,1991.085,43.83203,8249.995,0.1078372,2.465266,N-CMAPSS_DS07,6
N-CMAPSS_DS07 · Engine 6,8,566.5684,1332.6228,1645.5044,1116.6852,12.048185,9.279633,12.23166,14.988254,226.33455,230.33171,9.190311,1999.9901,8248.502,2.4343972,18895.516,0.59187275,66.08306,483.48874,66.0,3,1,-7.9293823,566.9531,-5.999634,1332.7792,9.693848,1643.789,-18.902954,1119.1018,-1.7721004,12.19543,-1.5631638,9.40078,-1.7990875,12.381146,-1.9534903,15.150274,-24.19571,229.10144,-24.778152,233.15495,-1.7295065,9.361962,58.92224,1992.1981,-20.310547,8249.809,-0.22414494,2.4614074,N-CMAPSS_DS07,6
N-CMAPSS_DS07 · Engine 6,9,564.8065,1333.4852,1651.8807,1114.8375,11.628947,8.866898,11.80604,14.570266,223.63687,227.51935,8.767009,2020.3673,8252.467,2.422765,19892.771,0.60080826,68.29901,480.25723,65.0,3,1,-1.7619019,566.7146,0.86242676,1332.8577,6.376343,1644.688,-1.8476562,1118.628,-0.4192381,12.132487,-0.412735,9.341459,-0.42562008,12.3172455,-0.41798782,15.085829,-2.6976776,228.49426,-2.8123627,232.52876,-0.42330265,9.295856,20.377197,1995.328,3.9648438,8250.104,-0.011632204,2.4571137,N-CMAPSS_DS07,6
N-CMAPSS_DS07 · Engine 6,10,564.075,1321.6802,1624.0853,1110.1038,12.053793,9.374968,12.237353,14.900746,222.16008,226.14688,9.256321,1966.7174,8212.51,2.359672,18005.15,0.5669832,62.32038,484.3016,64.0,3,1,-0.73150635,566.4507,-11.805054,1331.7399,-27.79541,1642.6277,-4.7337646,1117.7756,0.4248457,12.124618,0.50807,9.3448105,0.4313135,12.309257,0.33048058,15.067321,-1.4767914,227.86084,-1.372467,231.89058,0.48931217,9.291903,-53.649902,1992.4669,-39.95703,8246.345,-0.06309295,2.4473696,N-CMAPSS_DS07,6
N-CMAPSS_DS07 · Engine 6,11,559.53424,1324.0372,1643.1133,1105.2335,11.000542,8.346092,11.168063,13.816627,213.48729,217.15846,8.27989,2020.1958,8221.835,2.3143642,21602.357,0.60808784,69.56668,474.723,63.0,3,1,-4.5407715,565.9334,2.3570557,1331.022,19.027954,1642.2748,-4.8702393,1117.2335,-1.0532513,12.06775,-1.0288754,9.29459,-1.0692902,12.251523,-1.0841198,15.001786,-8.672791,227.15266,-8.988419,231.16353,-0.9764309,9.252224,53.478394,1992.9485,9.325195,8243.957,-0.045307875,2.4411807,N-CMAPSS_DS07,6
N-CMAPSS_DS07 · Engine 6,12,564.49817,1332.4735,1650.9829,1113.0856,11.482148,8.743518,11.657002,14.401667,221.09692,224.9243,8.624207,2020.5015,8249.01,2.398973,20403.91,0.61186045,68.85688,479.60736,62.0,3,1,4.963928,566.171,8.436279,1330.5985,7.869629,1640.489,7.852051,1117.5775,0.48160648,12.152756,0.39742565,9.374435,0.4889393,12.337823,0.5850401,15.0923815,7.6096344,228.07375,7.7658386,232.11078,0.34431648,9.334448,0.30566406,1988.2957,27.174805,8242.445,0.08460879,2.4486208,N-CMAPSS_DS07,6
N-CMAPSS_DS07 · Engine 6,13,560.80865,1324.5151,1640.363,1105.1191,11.127111,8.493731,11.296559,13.937036,213.27599,216.98392,8.348176,2014.3765,8223.11,2.297041,21185.17,0.6131563,68.61138,476.68555,61.0,3,1,-3.6895142,564.70264,-7.958374,1328.8145,-10.619873,1640.2744,-7.9664307,1114.3154,-0.35503674,11.879196,-0.24978733,9.13803,-0.36044312,12.060098,-0.46463108,14.784588,-7.820938,224.1762,-7.940384,228.1245,-0.27603054,9.076906,-6.125,1994.5721,-25.899414,8236.649,-0.10193205,2.409873,N-CMAPSS_DS07,6
N-CMAPSS_DS07 · Engine 6,14,560.3667,1326.0468,1645.7744,1106.6614,11.054675,8.390404,11.223021,13.887958,214.50336,218.19144,8.305,2023.4679,8228.25,2.3280537,21566.295,0.6141242,69.97247,475.27875,60.0,3,1,-0.44195557,564.2896,1.5316162,1328.1738,5.411377,1639.7937,1.5422363,1113.7139,-0.07243633,11.83645,-0.1033268,9.102718,-0.07353878,12.0167,-0.049077988,14.733226,1.2273712,223.51863,1.2075195,227.45276,-0.043175697,9.045043,9.091431,1994.8688,5.1396484,8234.57,0.031012774,2.4028711,N-CMAPSS_DS07,6
N-CMAPSS_DS07 · Engine 6,15,568.7999,1326.9214,1625.1187,1116.7366,12.699635,9.928815,12.89303,15.666415,231.49126,235.6774,9.754402,1953.8008,8227.796,2.463727,16248.896,0.5620566,60.116127,490.1578,59.0,3,1,8.433228,565.28485,0.8746338,1328.6246,-20.655762,1638.1978,10.075195,1115.1637,1.6449594,12.026955,1.5384111,9.276659,1.6700096,12.210106,1.7784576,14.94368,16.9879,225.75076,17.485962,229.74364,1.4494019,9.21207,-69.667114,1988.1392,-0.45410156,8235.728,0.13567328,2.422824,N-CMAPSS_DS07,6
N-CMAPSS_DS07 · Engine 6,16,570.3772,1343.9296,1663.4802,1125.0499,12.230004,9.353481,12.41625,15.295092,233.32057,237.39624,9.235183,2023.0256,8285.579,2.531256,18597.496,0.60076255,67.61563,485.435,58.0,3,1,1.5772705,565.4333,17.008179,1330.4335,38.361572,1642.6113,8.3133545,1114.91,-0.46963024,11.914533,-0.5753336,9.162033,-0.47677994,12.095973,-0.3713236,14.84058,1.8293152,224.98372,1.7188416,228.94395,-0.5192194,9.068031,69.22485,1998.3511,57.783203,8241.787,0.06752896,2.4208791,N-CMAPSS_DS07,6
N-CMAPSS_DS07 · Engine 6,17,578.3188,1352.1321,1661.7927,1143.3677,13.891883,10.804512,14.103432,17.151005,256.15814,260.7558,10.842514,1980.8885,8310.171,2.7626257,13753.664,0.5325488,61.157143,497.1075,57.0,3,1,7.9415894,565.81537,8.202515,1331.7844,-1.6875,1645.2096,18.317749,1115.688,1.6618786,11.921692,1.4510307,9.158205,1.6871815,12.103241,1.8559132,14.861506,22.83757,225.54651,23.359558,229.50854,1.6073313,9.060301,-42.137085,2002.3331,24.591797,8245.923,0.23136973,2.4312875,N-CMAPSS_DS07,6
N-CMAPSS_DS07 · Engine 6,18,570.7747,1327.9375,1619.3555,1122.9635,13.390799,10.563446,13.594719,16.391329,240.02835,244.46233,10.449796,1931.1108,8234.813,2.5194411,13641.48,0.5134973,55.858997,494.95206,56.0,3,1,-7.5440674,566.23596,-24.19458,1331.3159,-42.437256,1642.5947,-20.404175,1116.3159,-0.5010843,12.055954,-0.24106598,9.286587,-0.50871277,12.239547,-0.759676,15.001814,-16.129791,226.91588,-16.293472,230.92162,-0.39271832,9.18625,-49.77771,1995.4452,-75.35742,8244.554,-0.24318457,2.439792,N-CMAPSS_DS07,6
N-CMAPSS_DS07 · Engine 6,19,557.86115,1310.5831,1614.7031,1088.5598,10.84352,8.367724,11.00865,13.506677,202.27145,205.87233,8.010207,1987.5343,8178.8955,2.1392777,22240.766,0.64511234,65.7141,476.3021,55.0,3,0,-12.913574,565.54144,-17.35437,1329.0256,-4.6523438,1638.877,-34.403687,1113.6881,-2.5472784,11.977411,-2.1957216,9.23667,-2.586069,12.159808,-2.8846521,14.895455,-37.756897,224.77934,-38.589996,228.75691,-2.4395885,9.11057,56.423462,1992.1619,-55.91797,8237.197,-0.38016343,2.4114432,N-CMAPSS_DS07,6
N-CMAPSS_DS07 · Engine 6,20,566.0485,1331.9036,1645.9464,1115.831,11.868647,9.125655,12.049388,14.7828665,223.59871,227.52971,9.023306,2001.3993,8245.554,2.4086664,19378.406,0.59949946,66.6116,482.60294,54.0,3,0,8.187378,565.73883,21.320435,1330.048,31.243286,1641.063,27.27124,1114.2609,1.0251265,11.958897,0.75793076,9.211738,1.0407381,12.141011,1.2761898,14.883667,21.327255,224.9232,21.65738,228.89519,1.0130987,9.087268,13.86499,1995.6301,66.6582,8240.501,0.26938868,2.4163425,N-CMAPSS_DS07,6
N-CMAPSS_DS07 · Engine 6,21,566.0404,1331.9502,1645.8861,1115.8313,11.868607,9.125655,12.049348,14.782407,223.62628,227.55844,9.023751,2001.4014,8245.76,2.408849,19378.406,0.59949946,66.6116,482.60294,53.0,3,0,-0.008117676,566.3894,0.04663086,1330.8392,-0.060302734,1641.3403,0.00024414062,1115.3206,-4.005432e-05,12.045703,0.0,9.289694,-4.005432e-05,12.22914,-0.00045967102,14.980245,0.027572632,225.9371,0.0287323,229.9352,0.0004453659,9.161654,0.0020751953,1993.7506,0.20605469,8242.894,0.00018262863,2.425791,N-CMAPSS_DS07,6
N-CMAPSS_DS07 · Engine 6,22,575.916,1356.0892,1678.7672,1137.6708,12.925082,9.87892,13.121911,16.167278,247.19551,251.51038,9.797672,2031.4214,8325.117,2.6988256,16954.723,0.5887886,67.22945,490.38162,52.0,3,0,9.87561,567.5312,24.139038,1333.2008,32.881104,1644.1188,21.839478,1117.779,1.0564756,12.189997,0.7532644,9.4032345,1.0725632,12.37563,1.3848715,15.156806,23.56923,228.54697,23.951935,232.5938,0.773921,9.279001,30.02002,1994.8427,79.35742,8250.505,0.2899766,2.4557762,N-CMAPSS_DS07,6
N-CMAPSS_DS07 · Engine 6,23,568.9617,1331.0317,1634.5238,1123.1744,12.791077,9.961197,12.985865,15.787108,235.40627,239.62932,9.943485,1962.6969,8241.438,2.5194676,16108.31,0.5456554,61.27119,489.27505,51.0,3,0,-6.9543457,568.3465,-25.057495,1333.8525,-44.24341,1643.5348,-14.496338,1119.5846,-0.13400555,12.356393,0.0822773,9.549981,-0.13604641,12.544561,-0.38016987,15.341813,-11.789246,230.76,-11.881058,234.85834,0.14581299,9.438532,-68.72449,1989.6747,-83.67871,8252.338,-0.179358,2.478019,N-CMAPSS_DS07,6
N-CMAPSS_DS07 · Engine 6,24,556.9555,1312.4691,1621.2374,1099.6742,11.1180105,8.558053,11.287322,13.835276,209.70323,213.38658,8.486122,1983.9437,8183.416,2.2406807,20606.572,0.5805949,65.97227,475.5537,50.0,3,0,-12.006165,568.0054,-18.562622,1332.4948,-13.286377,1641.081,-23.500244,1118.886,-1.6730661,12.362726,-1.4031439,9.566746,-1.6985426,12.550991,-1.9518328,15.336545,-25.703033,230.27998,-26.242737,234.37785,-1.4573631,9.456644,21.246826,1985.7223,-58.02246,8247.854,-0.2787869,2.4692817,N-CMAPSS_DS07,6
N-CMAPSS_DS07 · Engine 6,25,556.23047,1308.027,1613.02,1093.2188,10.947908,8.460302,11.114628,13.601316,204.28108,207.89565,8.282408,1976.0515,8168.0347,2.1704664,21400.822,0.60598224,65.33568,475.37198,49.0,3,0,-0.7250366,566.7484,-4.4421387,1330.6053,-8.217407,1639.8712,-6.4554443,1116.5342,-0.17010212,12.187553,-0.097750664,9.419894,-0.1726942,12.373151,-0.2339592,15.130035,-5.4221497,227.55896,-5.4909363,231.59967,-0.20371437,9.309444,-7.892212,1987.9474,-15.381348,8241.878,-0.07021427,2.4399557,N-CMAPSS_DS07,6
N-CMAPSS_DS07 · Engine 6,26,560.3531,1322.9651,1640.3837,1100.7124,10.900172,8.305099,11.066164,13.677961,208.9097,212.53008,8.070382,2019.8425,8218.712,2.2548878,22563.836,0.64863414,69.95429,475.34094,48.0,3,0,4.1226196,565.74603,14.93811,1328.5089,27.363647,1637.5616,7.4936523,1114.1003,-0.047736168,12.05457,-0.15520382,9.315056,-0.04846382,12.238143,0.0766449,14.968323,4.6286163,225.11787,4.63443,229.11307,-0.21202564,9.192965,43.791016,1987.629,50.677246,8235.191,0.084421396,2.4123187,N-CMAPSS_DS07,6
N-CMAPSS_DS07 · Engine 6,27,570.79596,1327.8431,1619.9663,1123.403,13.39092,10.563446,13.594845,16.392689,239.97261,244.40001,10.449278,1931.1117,8234.232,2.5200317,13641.48,0.5134973,55.858997,494.95206,47.0,3,0,10.442871,564.9938,4.8780518,1326.08,-20.417358,1633.3789,22.690552,1112.1039,2.4907475,12.004475,2.2583475,9.29095,2.5286808,12.1872835,2.7147274,14.89249,31.062912,223.49931,31.869934,227.47748,2.3788958,9.153641,-88.730835,1982.6514,15.520508,8227.598,0.26514387,2.3880594,N-CMAPSS_DS07,6
N-CMAPSS_DS07 · Engine 6,28,561.77545,1322.0399,1633.6979,1105.6602,11.373464,8.733619,11.546664,14.190278,215.04747,218.81445,8.5710335,1995.3849,8213.548,2.31259,20657.111,0.6134322,66.74187,478.9272,46.0,3,0,-9.020508,564.0938,-5.8032227,1325.4902,13.731567,1634.8132,-17.742798,1110.3735,-2.017456,11.802741,-1.8298273,9.107967,-2.0481806,11.982478,-2.2024107,14.672386,-24.92514,221.00124,-25.585556,224.91269,-1.8782444,8.965765,64.27319,1989.0787,-20.68457,8225.471,-0.2074418,2.3673742,N-CMAPSS_DS07,6
N-CMAPSS_DS07 · Engine 6,29,564.8209,1333.4915,1653.1492,1116.0315,11.629023,8.866898,11.806117,14.571089,223.65843,227.53223,8.768157,2020.3673,8252.126,2.4252467,19892.771,0.60080826,68.29901,480.25723,45.0,3,0,3.0454712,564.7898,11.451538,1327.781,19.451294,1638.6578,10.371338,1113.1207,0.25555897,11.88129,0.13327885,9.157885,0.25945282,12.062225,0.38081074,14.778827,8.610962,223.13992,8.717773,227.07869,0.19712353,9.041559,24.982422,1992.362,38.578125,8232.794,0.11265683,2.3959713,N-CMAPSS_DS07,6
N-CMAPSS_DS07 · Engine 6,30,575.9501,1355.9432,1679.5607,1138.1903,12.925276,9.87892,13.122107,16.169355,247.11002,251.41624,9.796686,2031.4214,8324.289,2.6994493,16954.723,0.5887886,67.22945,490.38162,44.0,3,0,11.12915,565.77997,22.451782,1330.185,26.411499,1642.0193,22.158813,1115.3567,1.2962532,11.986954,1.012022,9.233211,1.3159895,12.169497,1.5982666,14.917476,23.451584,225.49106,23.884018,229.46733,1.0285292,9.118897,11.054077,1995.3643,72.163086,8240.667,0.2742026,2.4250495,N-CMAPSS_DS07,6
N-CMAPSS_DS07 · Engine 6,31,564.798,1328.0072,1638.4095,1120.0469,12.159948,9.379103,12.345124,15.091124,228.85056,232.87802,9.438551,1980.0732,8232.779,2.4621537,17368.379,0.5397089,63.672436,483.73483,43.0,3,0,-11.1521,565.6557,-27.936035,1329.7908,-41.151123,1641.2716,-18.143433,1115.7782,-0.76532745,12.0160885,-0.4998169,9.258555,-0.7769823,12.199075,-1.0782318,14.948347,-18.25946,226.01349,-18.538223,229.9993,-0.35813522,9.1603775,-51.348145,1993.2314,-91.509766,8239.369,-0.23729563,2.4303799,N-CMAPSS_DS07,6
N-CMAPSS_DS07 · Engine 6,32,570.0228,1323.0812,1610.9663,1128.5133,13.658894,10.831506,13.866898,16.599916,241.0195,245.48845,11.003633,1897.8104,8214.334,2.5280507,12435.77,0.46033043,53.52697,495.7928,42.0,3,0,5.2248535,565.0664,-4.9260254,1326.4899,-27.443237,1634.4915,8.466431,1114.8625,1.4989452,12.089469,1.4524031,9.353814,1.5217733,12.273573,1.5087929,14.9916115,12.168945,225.39589,12.610428,229.3971,1.5650816,9.280973,-82.26282,1979.8704,-18.445312,8228.291,0.06589699,2.4133024,N-CMAPSS_DS07,6
N-CMAPSS_DS07 · Engine 6,33,555.5289,1311.4186,1624.1307,1094.8386,10.714289,8.207754,10.87745,13.381216,203.64726,207.19983,8.061264,1998.8014,8181.077,2.1764448,22232.02,0.6135677,67.83028,472.81284,41.0,3,0,-14.4939575,563.72314,-11.662598,1324.5286,13.164429,1633.4521,-33.674683,1112.0289,-2.9446049,11.88179,-2.6237516,9.17847,-2.9894476,12.062732,-3.2187004,14.751022,-37.37224,222.21999,-38.28862,226.15416,-2.9423685,9.0927515,100.99097,1983.4808,-33.256836,8222.255,-0.3516059,2.3790002,N-CMAPSS_DS07,6
N-CMAPSS_DS07 · Engine 6,34,561.71967,1308.2933,1596.935,1110.8904,12.467497,9.839124,12.657357,15.212948,222.7212,226.80899,9.91428,1904.6113,8167.2827,2.327828,15345.611,0.49079368,55.446106,487.21896,40.0,3,0,6.190796,564.1995,-3.1252441,1324.111,-27.195679,1631.022,16.051758,1113.1505,1.7532082,12.016739,1.6313696,9.306577,1.7799072,12.199736,1.8317318,14.888789,19.073944,223.52179,19.609161,227.4964,1.8530159,9.235567,-94.19006,1975.5476,-13.794434,8220.642,0.15138316,2.3877149,N-CMAPSS_DS07,6
N-CMAPSS_DS07 · Engine 6,35,557.17706,1310.6841,1617.8008,1097.8196,11.108758,8.572573,11.277926,13.811172,208.23303,211.9027,8.430996,1978.5935,8177.0605,2.218144,20695.357,0.59237385,64.931335,476.39212,39.0,3,0,-4.5426025,564.2942,2.390747,1324.3767,20.865723,1631.5,-13.070801,1113.6106,-1.3587389,12.032824,-1.266551,9.317804,-1.3794308,12.216065,-1.4017763,14.909775,-14.488174,223.91698,-14.906296,227.8971,-1.483284,9.250426,73.98218,1975.8018,9.777832,8221.544,-0.10968399,2.3924828,N-CMAPSS_DS07,6
N-CMAPSS_DS07 · Engine 6,36,573.07874,1334.2754,1632.2692,1128.5089,13.455707,10.571145,13.660617,16.529188,243.04619,247.48128,10.44622,1946.2941,8253.239,2.5761077,13919.768,0.5297111,57.58373,495.59167,38.0,3,0,15.901672,565.5668,23.591309,1325.5078,14.468384,1630.6886,30.689331,1116.3903,2.3469486,12.288378,1.9985723,9.544409,2.3826904,12.475511,2.7180166,15.194898,34.813156,227.33063,35.578583,231.39221,2.0152245,9.488009,-32.29944,1968.4469,76.17871,8224.997,0.3579638,2.4246047,N-CMAPSS_DS07,6
N-CMAPSS_DS07 · Engine 6,37,575.55237,1342.1367,1645.021,1139.7809,13.863034,10.857789,14.074145,17.018879,252.14557,256.7165,10.923382,1951.6119,8279.455,2.6884549,12692.82,0.49682394,57.686768,497.41025,37.0,3,0,2.4736328,566.0424,7.861328,1326.9371,12.751831,1633.1941,11.271973,1118.0281,0.40732765,12.335588,0.28664398,9.573843,0.41352844,12.52344,0.48969078,15.257517,9.0993805,228.54793,9.235214,232.62387,0.4771614,9.53542,5.317871,1970.497,26.21582,8229.52,0.112347126,2.441447,N-CMAPSS_DS07,6
N-CMAPSS_DS07 · Engine 6,38,573.9557,1345.856,1660.3132,1135.7488,13.10565,10.116431,13.305227,16.28479,246.1272,250.465,10.072171,1994.3461,8290.511,2.6670907,15449.874,0.55156475,63.178196,491.93103,36.0,3,0,-1.5966797,567.26044,3.7192383,1329.3187,15.292236,1635.8556,-4.0321045,1121.0369,-0.7573843,12.508807,-0.7413578,9.712124,-0.76891804,12.699297,-0.7340889,15.466968,-6.0183716,231.6559,-6.2514954,235.78893,-0.8512106,9.685534,42.73413,1970.3931,11.055664,8237.216,-0.021364212,2.476897,N-CMAPSS_DS07,6
N-CMAPSS_DS07 · Engine 6,39,550.4235,1293.3164,1592.7402,1091.2734,10.907444,8.476173,11.073547,13.466686,202.05177,205.6272,8.518727,1938.2799,8118.3403,2.1400921,20217.834,0.53940576,61.95686,472.9166,35.0,3,0,-23.532166,565.8207,-52.53955,1325.3013,-67.573,1629.8147,-44.47534,1118.5612,-2.198206,12.436649,-1.6402578,9.673052,-2.23168,12.6260395,-2.8181038,15.356527,-44.075424,229.49522,-44.8378,233.59842,-1.5534439,9.660591,-56.066162,1962.1843,-172.17041,8223.837,-0.5269985,2.4483817,N-CMAPSS_DS07,6
N-CMAPSS_DS07 · Engine 6,40,576.7543,1357.3242,1681.4807,1148.3672,13.337668,10.241802,13.540779,16.576134,252.57097,256.98627,10.416282,2014.6265,8328.096,2.755107,15369.02,0.53869706,65.68052,492.09787,34.0,3,0,26.33075,565.9011,64.00781,1325.4393,88.74048,1630.0067,57.09375,1119.5789,2.4302244,12.477889,1.7656288,9.70934,2.4672318,12.667907,3.1094475,15.397205,50.519196,230.04132,51.35907,234.15543,1.8975544,9.72255,76.34656,1960.5049,209.75537,8224.218,0.6150148,2.4539473,N-CMAPSS_DS07,6
N-CMAPSS_DS07 · Engine 6,41,563.10114,1319.7218,1625.788,1109.0155,11.828551,9.175598,12.008681,14.660998,219.1361,223.02834,9.019656,1971.0162,8205.074,2.3377104,18789.186,0.5826375,63.009205,482.84406,33.0,3,0,-13.653137,565.73145,-37.602417,1324.6107,-55.69275,1628.7445,-39.351685,1118.4757,-1.5091171,12.444749,-1.0662041,9.68899,-1.5320978,12.634263,-1.9151354,15.354193,-33.434875,229.06989,-33.95793,233.17046,-1.3966255,9.680661,-43.61023,1959.5991,-123.021484,8221.447,-0.41739655,2.441503,N-CMAPSS_DS07,6
N-CMAPSS_DS07 · Engine 6,42,558.9575,1305.2173,1599.6414,1104.1342,11.913916,9.338815,12.0953455,14.629923,215.99962,219.90141,9.309457,1923.534,8157.235,2.2756772,17449.24,0.5289183,58.24004,482.80304,32.0,3,0,-4.1436157,564.6249,-14.504517,1322.8243,-26.146606,1627.612,-4.8813477,1116.0377,0.08536434,12.270251,0.16321659,9.539721,0.0866642,12.457108,-0.031075478,15.157193,-3.1364746,226.56789,-3.1269226,230.61176,0.28980064,9.511244,-47.482178,1962.1715,-47.839355,8215.737,-0.062033176,2.4162657,N-CMAPSS_DS07,6
N-CMAPSS_DS07 · Engine 6,43,560.1442,1315.1675,1622.3701,1109.6544,11.712799,9.073914,11.891167,14.508008,218.16597,222.00931,9.066316,1963.8645,8188.942,2.3373485,18711.248,0.55530816,63.183292,480.2758,31.0,3,0,1.1867065,565.0864,9.950195,1323.1992,22.72876,1627.4359,5.5202637,1117.5193,-0.20111656,12.370102,-0.26490116,9.626336,-0.20417881,12.558479,-0.12191486,15.269873,2.1663513,228.01976,2.107895,232.0927,-0.24314117,9.611749,40.330444,1958.6779,31.707031,8216.523,0.061671257,2.432356,N-CMAPSS_DS07,6
N-CMAPSS_DS07 · Engine 6,44,564.224,1325.6511,1638.7914,1114.887,11.789715,9.096726,11.969254,14.644315,220.37735,224.2533,9.014474,1986.315,8224.017,2.364717,19215.09,0.5866004,64.96325,482.13556,30.0,3,0,4.079773,565.33685,10.483643,1324.935,16.421265,1631.6216,5.232544,1117.919,0.07691574,12.302324,0.022812843,9.552096,0.07808685,12.489669,0.13630676,15.213009,2.21138,227.78537,2.243988,231.83713,-0.051841736,9.521769,22.45044,1966.8481,35.074707,8222.197,0.027368546,2.436045,N-CMAPSS_DS07,6
N-CMAPSS_DS07 · Engine 6,45,565.97754,1317.506,1612.5447,1113.4618,12.665849,9.973543,12.85873,15.531431,227.0864,231.22896,9.829983,1931.7112,8197.095,2.3924701,16101.987,0.54607725,57.63824,489.4588,29.0,3,0,1.75354,566.2169,-8.145142,1325.6172,-26.246704,1631.096,-1.4251709,1119.4832,0.8761339,12.458034,0.87681675,9.692194,0.8894768,12.647749,0.88711643,15.3850355,6.7090454,229.67072,6.975662,233.76976,0.81550884,9.661667,-54.60376,1962.1599,-26.921875,8224.2,0.027753115,2.4534776,N-CMAPSS_DS07,6
N-CMAPSS_DS07 · Engine 6,46,564.64307,1329.1473,1647.3065,1113.8567,11.613589,8.903063,11.790447,14.514703,220.39632,224.23036,8.715297,2008.3541,8237.111,2.3779154,19957.582,0.61041623,66.86255,481.121,28.0,3,0,-1.3344727,565.37335,11.641357,1325.1045,34.76184,1632.5997,0.39489746,1118.018,-1.0522594,12.273822,-1.0704803,9.525386,-1.0682831,12.460732,-1.0167284,15.183587,-6.6900787,227.40573,-6.998596,231.44466,-1.114686,9.488574,76.642944,1968.366,40.0166,8222.588,-0.014554739,2.4336584,N-CMAPSS_DS07,6
N-CMAPSS_DS07 · Engine 6,47,559.596,1327.3982,1656.6042,1110.8217,10.826567,8.174149,10.991438,13.642878,212.18793,215.77687,8.108476,2037.6453,8232.225,2.3139966,22318.793,0.6209555,71.66572,473.181,27.0,3,0,-5.047058,563.7777,-1.7491455,1323.6306,9.2977295,1633.758,-3.0350342,1115.1221,-0.7870226,11.970175,-0.72891426,9.257021,-0.7990093,12.152462,-0.8718252,14.845986,-8.208389,223.40996,-8.453491,227.35071,-0.60682106,9.207084,29.291138,1976.9692,-4.8867188,8217.864,-0.06391883,2.3962126,N-CMAPSS_DS07,6
N-CMAPSS_DS07 · Engine 6,48,561.1806,1310.9513,1608.2557,1119.122,12.531578,9.83254,12.722414,15.339506,227.50548,231.5924,10.023308,1912.8063,8174.9287,2.411698,15015.017,0.46814993,56.55177,485.88116,26.0,3,0,1.5845947,562.5002,-16.4469,1320.1401,-48.34851,1628.5522,8.300293,1113.4594,1.7050114,11.912767,1.658391,9.228632,1.7309761,12.09418,1.6966286,14.751458,15.317551,221.54779,15.8155365,225.46344,1.9148321,9.202197,-124.83899,1968.8153,-57.2959,8206.307,0.09770155,2.3706732,N-CMAPSS_DS07,6
N-CMAPSS_DS07 · Engine 6,49,559.6322,1316.3647,1630.1995,1108.7388,11.380268,8.766969,11.553572,14.156206,214.0463,217.77135,8.704449,1980.7283,8193.393,2.304771,20145.873,0.5858693,65.69738,477.9698,25.0,3,0,-1.5484009,563.4211,5.413452,1322.445,21.943726,1632.2982,-10.383179,1115.2059,-1.15131,11.96005,-1.0655708,9.257711,-1.1688423,12.142182,-1.1833,14.82041,-13.459183,222.74724,-13.82106,226.67786,-1.3188591,9.22077,67.922,1973.0602,18.463867,8213.812,-0.10692716,2.3871412,N-CMAPSS_DS07,6
N-CMAPSS_DS07 · Engine 6,50,555.6842,1305.5472,1613.549,1095.8287,10.955022,8.484666,11.121851,13.593609,203.45346,207.03836,8.301393,1970.7273,8159.5034,2.1597626,21193.69,0.6000059,64.54699,475.44418,24.0,3,0,-3.947998,561.314,-10.817505,1317.2672,-16.650513,1625.505,-12.910034,1109.952,-0.42524624,11.721786,-0.28230286,9.081998,-0.43172073,11.90029,-0.5625973,14.522158,-10.592834,217.8355,-10.732986,221.68306,-0.40305614,9.009281,-10.000977,1968.6702,-33.88916,8196.952,-0.14500833,2.3276067,N-CMAPSS_DS07,6
N-CMAPSS_DS07 · Engine 6,51,576.84766,1357.0787,1685.5042,1151.699,13.338166,10.241802,13.5412855,16.581924,252.44028,256.81985,10.416721,2014.626,8325.81,2.7617095,15369.02,0.53869706,65.68052,492.09787,23.0,3,0,21.163452,562.6887,51.531494,1321.0029,71.9552,1631.4767,55.87024,1114.2205,2.3831444,11.872746,1.7571363,9.188619,2.4194345,12.053551,2.9883156,14.714251,48.986816,221.16591,49.781494,225.06223,2.1153288,9.148987,43.89868,1973.0312,166.30615,8209.025,0.60194683,2.3700066,N-CMAPSS_DS07,6
N-CMAPSS_DS07 · Engine 6,52,568.9946,1328.2543,1634.1619,1126.4902,12.88313,10.076322,13.07932,15.855678,234.5731,238.77876,10.034513,1953.0016,8231.749,2.4981182,15513.548,0.5337711,59.240467,490.542,22.0,3,0,-7.8530273,563.6924,-28.824463,1323.3066,-51.342285,1634.9287,-25.20874,1116.456,-0.45503616,11.969668,-0.16548061,9.262369,-0.46196556,12.151948,-0.72624683,14.836825,-17.867172,223.02325,-18.041092,226.94995,-0.38220787,9.221493,-61.62439,1975.9779,-94.06055,8216.478,-0.2635913,2.3922508,N-CMAPSS_DS07,6
N-CMAPSS_DS07 · Engine 6,53,562.6684,1328.7428,1654.4469,1115.1675,11.268133,8.5775795,11.43973,14.139187,217.03119,220.73955,8.446823,2021.3507,8235.25,2.3598306,21009.639,0.6164813,69.0639,477.76242,21.0,3,0,-6.326233,563.9448,0.4885254,1324.6642,20.285034,1638.1364,-11.322754,1117.0073,-1.6149969,11.925201,-1.4987421,9.212736,-1.6395903,12.106804,-1.7164907,14.799944,-17.541916,222.90977,-18.039215,226.82298,-1.5876904,9.159544,68.34912,1981.7266,3.5009766,8221.108,-0.13828754,2.3944988,N-CMAPSS_DS07,6
N-CMAPSS_DS07 · Engine 6,54,562.87524,1326.4727,1648.7529,1118.9097,11.624625,8.909624,11.801649,14.514927,221.25938,225.06236,8.860004,2001.6243,8225.764,2.4041634,19690.49,0.5876583,66.9986,479.63788,20.0,3,0,0.20684814,563.80994,-2.2701416,1324.7463,-5.6939697,1639.1326,3.7421875,1117.4095,0.35649204,11.908692,0.3320446,9.194026,0.3619194,12.090044,0.37574005,14.787004,4.228195,222.99799,4.322815,226.90388,0.4131813,9.144096,-19.72644,1983.2574,-9.486328,8221.283,0.044332743,2.3984435,N-CMAPSS_DS07,6
N-CMAPSS_DS07 · Engine 6,55,574.06323,1345.6433,1666.612,1141.3013,13.106262,10.116431,13.305852,16.29158,246.08713,250.37285,10.075268,1994.3472,8287.848,2.6790142,15449.874,0.55156475,63.178196,491.93103,19.0,3,0,11.187988,564.6185,19.170654,1327.56,17.85913,1644.5393,22.391602,1120.1936,1.481637,11.952734,1.2068071,9.208315,1.5042028,12.134756,1.7766533,14.86302,24.827744,224.89806,25.310486,228.81827,1.2152634,9.168625,-7.2770996,1989.5211,62.083984,8230.358,0.27485085,2.427098,N-CMAPSS_DS07,6
N-CMAPSS_DS07 · Engine 6,56,550.5315,1293.0933,1598.9995,1096.7418,10.90794,8.476173,11.074052,13.472557,201.99619,205.5274,8.521102,1938.2799,8115.54,2.1497896,20217.834,0.53940576,61.95686,472.9166,18.0,3,0,-23.531738,563.2074,-52.55005,1323.9546,-67.61255,1639.7086,-44.55945,1118.482,-2.1983223,11.882169,-1.6402578,9.165626,-2.2318,12.063116,-2.8190231,14.758805,-44.090942,223.05804,-44.845444,226.94798,-1.5541658,9.149206,-56.06726,1982.5137,-172.30762,8218.201,-0.52922463,2.4042854,N-CMAPSS_DS07,6
N-CMAPSS_DS07 · Engine 6,57,558.53235,1311.9086,1626.6008,1100.428,11.011475,8.494669,11.179161,13.721854,205.95595,209.54993,8.189608,1987.7214,8180.2485,2.1975746,21507.75,0.6275998,65.23438,477.08887,17.0,3,0,8.0008545,563.101,18.815308,1322.4056,27.601318,1636.7083,3.6861572,1117.4426,0.1035347,11.90066,0.01849556,9.197678,0.105109215,12.081888,0.24929714,14.766703,3.9597626,222.43484,4.022522,226.32529,-0.33149433,9.157319,49.44153,1977.5212,64.708496,8213.003,0.047785044,2.3926432,N-CMAPSS_DS07,6
N-CMAPSS_DS07 · Engine 6,58,551.9902,1304.5999,1626.704,1095.2657,10.231057,7.823386,10.38686,12.796792,194.85886,198.18839,7.6713767,1999.677,8155.9326,2.092429,23775.385,0.62967443,69.15346,468.75314,16.0,3,0,-6.5421753,562.18195,-7.308716,1321.7705,0.103149414,1638.5531,-5.1622314,1115.0571,-0.78041744,11.670608,-0.67128277,8.996762,-0.7923012,11.848333,-0.9250622,14.512431,-11.097092,219.17018,-11.361542,222.98488,-0.5182309,8.922126,11.955566,1986.2084,-24.315918,8211.104,-0.10514569,2.3607163,N-CMAPSS_DS07,6
N-CMAPSS_DS07 · Engine 6,59,568.98395,1326.529,1636.0831,1126.3337,12.700648,9.928815,12.894058,15.677515,231.39531,235.49313,9.759121,1953.801,8223.02,2.483126,16248.896,0.5620566,60.116127,490.1578,15.0,3,0,16.993774,563.1171,21.9292,1322.787,9.37915,1639.1415,31.067993,1116.8165,2.4695911,11.802646,2.1054287,9.1129465,2.5071983,11.982382,2.880723,14.664562,36.536453,220.90509,37.30475,224.75706,2.0877442,9.027593,-45.875977,1983.5156,67.086914,8214.066,0.390697,2.3785517,N-CMAPSS_DS07,6
N-CMAPSS_DS07 · Engine 6,60,562.6939,1327.6831,1657.3511,1122.6813,11.462797,8.749783,11.63736,14.35493,219.89633,223.62181,8.704017,2011.6342,8229.27,2.3999782,20001.92,0.5888671,67.93272,478.60284,14.0,3,0,-6.290039,563.8181,1.1540527,1325.0006,21.267944,1643.5216,-3.6524658,1119.5018,-1.2378511,11.853423,-1.1790323,9.139459,-1.2566986,12.033933,-1.3225851,14.740694,-11.498978,222.54938,-11.871323,226.4154,-1.0551043,9.067856,57.83313,1987.6063,6.25,8221.043,-0.083147764,2.4025733,N-CMAPSS_DS07,6
N-CMAPSS_DS07 · Engine 6,61,564.99097,1327.6483,1649.9602,1130.2406,12.160926,9.379103,12.346118,15.102519,228.78696,232.7257,9.44412,1980.0728,8227.949,2.48261,17368.379,0.5397089,63.672436,483.73483,13.0,3,0,2.297058,562.63245,-0.03479004,1322.0575,-7.390869,1639.9673,7.559326,1117.356,0.6981287,11.7357,0.62932014,9.053188,0.70875835,11.914416,0.7475891,14.592754,8.890625,220.18404,9.103882,224.00598,0.7401037,8.970595,-31.561401,1984.151,-1.3203125,8211.257,0.08263183,2.3746634,N-CMAPSS_DS07,6
N-CMAPSS_DS07 · Engine 6,62,564.37805,1325.4589,1649.095,1124.1167,11.790509,9.096726,11.97006,14.652835,220.36653,224.16814,9.020573,1986.3146,8220.137,2.3827279,19215.09,0.5866004,64.96325,482.13556,12.0,3,0,-0.61291504,562.1708,-2.1894531,1321.778,-0.8652344,1641.4606,-6.1239014,1117.1187,-0.37041664,11.626437,-0.2823763,8.955229,-0.37605762,11.80349,-0.44968414,14.472469,-8.420425,218.76338,-8.557556,222.54492,-0.42354774,8.869202,6.2418213,1987.4823,-7.8125,8210.096,-0.099882126,2.3631244,N-CMAPSS_DS07,6
N-CMAPSS_DS07 · Engine 6,63,552.0813,1295.0024,1606.7555,1092.9137,10.633242,8.252513,10.795168,13.185668,196.40547,199.82545,8.028788,1958.154,8122.8433,2.0852702,22037.527,0.6069306,63.444397,472.99854,11.0,3,0,-12.296753,561.11206,-30.45642,1318.4039,-42.339478,1636.6914,-31.203003,1114.8933,-1.1572676,11.562948,-0.8442135,8.922722,-1.1748924,11.739034,-1.4671669,14.377118,-23.96106,216.7008,-24.342682,220.45352,-0.99178505,8.827397,-28.160522,1981.1626,-97.29346,8198.855,-0.2974577,2.3356683,N-CMAPSS_DS07,6
N-CMAPSS_DS07 · Engine 6,64,576.51904,1342.3707,1658.7017,1155.2333,14.072567,11.032922,14.28687,17.270525,255.13863,259.64417,11.176364,1943.7827,8273.062,2.7570844,12196.678,0.48543003,57.145985,498.3924,10.0,3,0,24.437744,562.47644,47.368286,1319.9938,51.946167,1637.6863,62.31958,1118.5256,3.4393253,11.807742,2.7804089,9.135052,3.491702,11.9875555,4.084857,14.652678,58.733154,220.08873,59.81871,223.9117,3.1475763,9.059033,-14.371338,1975.3784,150.21826,8203.585,0.6718142,2.3709605,N-CMAPSS_DS07,6
N-CMAPSS_DS07 · Engine 6,65,556.95105,1317.6172,1654.4254,1110.7822,10.472015,7.9320116,10.631488,13.197133,203.34538,206.72324,7.751951,2026.2322,8196.159,2.2230294,23443.225,0.6443644,70.80775,471.4021,9.0,3,0,-19.567993,560.76526,-24.75354,1317.1912,-4.276245,1636.4677,-44.45105,1115.4738,-3.6005516,11.544317,-3.1009102,8.91661,-3.6553822,11.720119,-4.073392,14.343233,-51.793243,215.81456,-52.92093,219.54674,-3.4244127,8.826702,82.44946,1978.567,-76.90234,8194.416,-0.534055,2.325362,N-CMAPSS_DS07,6
N-CMAPSS_DS07 · Engine 6,66,554.6758,1309.6373,1641.3191,1107.3958,10.48169,7.9834824,10.64131,13.166439,201.75282,205.11797,7.8226995,2005.2098,8169.0254,2.1991663,22905.586,0.6238181,68.73158,471.13312,8.0,3,0,-2.2752686,561.1797,-7.9798584,1318.8456,-13.106323,1640.6996,-3.3864746,1116.5391,0.009675026,11.501693,0.051470757,8.867341,0.009821892,11.676846,-0.030694008,14.312621,-1.5925598,215.79022,-1.6052704,219.5058,0.07074833,8.756862,-21.022339,1985.26,-27.13379,8199.765,-0.023863077,2.3302996,N-CMAPSS_DS07,6
N-CMAPSS_DS07 · Engine 6,67,559.20605,1321.7683,1661.9015,1120.6216,10.7963915,8.189414,10.960804,13.580871,209.07697,212.5329,8.095274,2021.0961,8207.755,2.2979605,22387.512,0.62534225,70.215004,473.7109,7.0,3,0,4.5302734,561.247,12.130981,1319.8315,20.582397,1644.2296,13.22583,1118.5585,0.31470108,11.480185,0.20593166,8.836816,0.31949425,11.655009,0.41443157,14.298523,7.3241425,216.10233,7.4149323,219.8041,0.27257442,8.747428,15.88623,1988.5974,38.729492,8202.516,0.09879422,2.3403382,N-CMAPSS_DS07,6
N-CMAPSS_DS07 · Engine 6,68,574.27075,1345.3224,1679.3806,1152.6072,13.107445,10.116431,13.307052,16.304548,246.03833,250.22098,10.08211,1994.3463,8282.737,2.703569,15449.874,0.55156475,63.178196,491.93103,6.0,3,0,15.064697,563.4751,23.554077,1323.9038,17.479126,1649.4973,31.985596,1124.2926,2.3110533,11.767823,1.9270172,9.06612,2.3462477,11.947029,2.7236776,14.649299,36.961365,221.22028,37.68808,225.00735,1.9868364,8.988502,-26.749756,1988.0643,74.98242,8215.195,0.40560842,2.401452,N-CMAPSS_DS07,6
N-CMAPSS_DS07 · Engine 6,69,565.1705,1327.3243,1660.3021,1139.2933,12.16184,9.379103,12.347046,15.112993,228.69463,232.55453,9.448498,1980.0728,8223.492,2.5005207,17368.379,0.5397089,63.672436,483.73483,5.0,3,0,-9.100281,563.09375,-17.998047,1323.9833,-19.078491,1651.9192,-13.313843,1125.5886,-0.9456043,11.713943,-0.7373285,9.011148,-0.96000576,11.892327,-1.191555,14.592846,-17.343704,220.95021,-17.666443,224.71349,-0.63361263,8.957439,-14.27356,1990.6915,-59.245117,8215.243,-0.20304823,2.4031916,N-CMAPSS_DS07,6
N-CMAPSS_DS07 · Engine 6,70,579.3577,1348.13,1675.3992,1167.3558,14.342546,11.240598,14.56096,17.628307,259.9665,264.4819,11.349885,1951.5771,8288.11,2.8362613,11871.527,0.49602664,57.722866,500.381,4.0,3,0,14.187256,564.76013,20.805664,1326.028,15.097046,1653.724,28.0625,1130.056,2.180706,12.001917,1.861495,9.26023,2.213914,12.184688,2.515314,14.920184,31.271866,224.95721,31.927368,228.7995,1.9013872,9.222026,-28.495605,1984.6858,64.618164,8221.127,0.33574057,2.44682,N-CMAPSS_DS07,6
N-CMAPSS_DS07 · Engine 6,71,565.148,1330.6274,1674.6332,1135.5625,11.571605,8.848295,11.747823,14.495984,220.51932,224.1793,8.69263,2015.3811,8235.013,2.4246542,20258.412,0.6151181,67.751434,480.5304,3.0,3,0,-14.209717,564.7758,-17.502563,1326.3259,-0.7659912,1656.1913,-31.793335,1130.5883,-2.7709417,11.942986,-2.3923025,9.2071495,-2.813137,12.124858,-3.1323233,14.85953,-39.447174,224.13046,-40.302597,227.94485,-2.6572552,9.146877,63.803955,1988.2167,-53.097656,8221.833,-0.41160703,2.4410243,N-CMAPSS_DS07,6
N-CMAPSS_DS07 · Engine 6,72,555.9478,1310.8651,1651.2991,1119.1,10.716379,8.207754,10.879572,13.402946,203.63115,207.0031,8.07621,1998.8025,8170.8755,2.2202559,22232.02,0.6135677,67.83028,472.81284,2.0,3,0,-9.200195,563.9328,-19.76233,1324.8666,-23.334106,1656.4117,-16.462524,1130.0865,-0.85522556,11.835572,-0.6405411,9.118253,-0.86825085,12.015809,-1.0930376,14.734542,-16.888168,222.45692,-17.176208,226.22835,-0.6164198,9.052441,-16.578613,1989.4655,-64.13721,8216.907,-0.2043984,2.4247773,N-CMAPSS_DS07,6
N-CMAPSS_DS07 · Engine 6,73,560.6011,1314.4142,1649.8636,1133.8712,11.715097,9.073914,11.893498,14.534053,217.99513,221.63771,9.079018,1963.8644,8177.55,2.383813,18711.248,0.55530816,63.183292,480.2758,1.0,3,0,4.6532593,564.7848,3.5490723,1326.8077,-1.4354248,1660.7225,14.77124,1134.1823,0.99871826,11.943758,0.86615944,9.200393,1.0139265,12.125642,1.1311064,14.86938,14.363983,224.61589,14.634613,228.40958,1.0028076,9.157464,-34.93811,1990.0365,6.6743164,8222.378,0.16355705,2.4546313,N-CMAPSS_DS07,6
N-CMAPSS_DS07 · Engine 6,74,576.7884,1342.0948,1675.906,1170.4102,14.07407,11.032922,14.288394,17.287844,255.00705,259.36734,11.183912,1943.781,8265.988,2.7906368,12196.678,0.48543003,57.145985,498.3924,0.0,3,0,16.187317,564.8117,27.680664,1326.7802,26.042358,1662.443,36.53894,1135.7,2.3589725,11.943908,1.9590082,9.200393,2.3948956,12.125794,2.7537909,14.871112,37.011917,224.60272,37.72963,228.3819,2.1048946,9.158218,-20.083374,1990.0364,88.43848,8221.671,0.40682387,2.4579866,N-CMAPSS_DS07,6
N-CMAPSS_DS08a-009 · Engine 1,1,585.1571,1351.3822,1643.178,1154.4675,15.565773,12.364951,15.802816,18.956863,274.29257,279.3553,12.361376,1910.9994,8305.956,2.9332063,9034.825,0.4876599,53.027596,509.85233,71.0,1,1,0.0,585.1571,0.0,1351.3822,0.0,1643.178,0.0,1154.4675,0.0,15.565773,0.0,12.364951,0.0,15.802816,0.0,18.956863,0.0,274.29257,0.0,279.3553,0.0,12.361376,0.0,1910.9994,0.0,8305.956,0.0,2.9332063,N-CMAPSS_DS08a-009,1
N-CMAPSS_DS08a-009 · Engine 1,2,575.01025,1331.5322,1616.3998,1151.1401,15.027004,11.986675,15.255842,18.095007,262.1821,267.06088,12.562165,1862.0999,8240.864,2.7575586,8069.0356,0.36492738,48.783405,503.40094,70.0,1,1,-10.146851,580.0837,-19.849976,1341.4573,-26.778198,1629.7888,-3.3273926,1152.8038,-0.53876877,15.296389,-0.37827587,12.175814,-0.5469742,15.529329,-0.86185646,18.525936,-12.110474,268.23734,-12.294403,273.20807,0.20078945,12.461771,-48.899536,1886.5496,-65.0918,8273.41,-0.17564774,2.8453825,N-CMAPSS_DS08a-009,1
N-CMAPSS_DS08a-009 · Engine 1,3,585.6105,1355.9584,1651.8914,1158.677,15.6266985,12.381785,15.864671,19.037058,276.99426,282.1107,12.45448,1923.8016,8322.19,2.9574788,8757.58,0.47375408,53.426548,509.61856,69.0,1,1,10.60022,581.92596,24.426147,1346.2909,35.491577,1637.1564,7.536865,1154.7616,0.59969425,15.406492,0.39511013,12.244471,0.60882854,15.641109,0.94205093,18.69631,14.812164,271.1563,15.049805,276.17563,-0.10768509,12.45934,61.701782,1898.9669,81.32617,8289.67,0.19992018,2.882748,N-CMAPSS_DS08a-009,1
N-CMAPSS_DS08a-009 · Engine 1,4,584.1639,1352.6077,1646.8674,1158.0657,15.5924835,12.387691,15.829932,18.950632,274.7521,279.8417,12.523849,1915.4645,8309.233,2.9227116,8602.582,0.46106967,52.60351,508.9583,68.0,1,1,-1.4465942,582.4854,-3.350708,1347.8701,-5.023926,1639.5841,-0.6113281,1155.5876,-0.034214973,15.45299,0.0059051514,12.280275,-0.03473854,15.688315,-0.08642578,18.75989,-2.242157,272.05527,-2.268982,277.09213,0.06936836,12.475468,-8.337158,1903.0913,-12.957031,8294.561,-0.03476715,2.8927388,N-CMAPSS_DS08a-009,1
N-CMAPSS_DS08a-009 · Engine 1,5,578.7966,1337.8064,1625.1344,1141.3997,14.735096,11.73383,14.959488,17.91015,257.87515,262.6618,11.7312565,1899.6903,8261.277,2.7246344,10441.2295,0.4837612,52.665703,504.55188,67.0,1,1,-5.3673096,581.7477,-14.80127,1345.8574,-21.733032,1636.6942,-16.666016,1152.75,-0.85738754,15.309411,-0.6538601,12.170986,-0.8704443,15.54255,-1.0404816,18.589943,-16.876953,269.21924,-17.179901,274.2061,-0.79259205,12.326625,-15.77417,1902.4111,-47.956055,8287.904,-0.1980772,2.859118,N-CMAPSS_DS08a-009,1
N-CMAPSS_DS08a-009 · Engine 1,6,583.1132,1344.361,1629.947,1154.084,15.696483,12.551113,15.935515,18.991844,272.25323,277.33487,12.694094,1882.2844,8280.69,2.8873863,8074.4424,0.45158243,50.40673,510.08594,66.0,1,1,4.3166504,581.9752,6.5545654,1345.6079,4.812622,1635.5697,12.684326,1152.9723,0.9613867,15.373923,0.8172827,12.234341,0.9760275,15.608044,1.0816936,18.656925,14.378082,269.7249,14.673065,274.72754,0.9628372,12.38787,-17.405884,1899.0566,19.413086,8286.702,0.16275191,2.8638294,N-CMAPSS_DS08a-009,1
N-CMAPSS_DS08a-009 · Engine 1,7,581.09894,1342.3386,1631.9551,1152.2399,15.25467,12.143695,15.486974,18.51921,267.3228,272.25604,12.318483,1891.2487,8273.29,2.8510904,9010.299,0.45440573,51.88142,507.0913,65.0,1,1,-2.0142822,581.85004,-2.0223389,1345.1409,2.0080566,1635.0533,-1.8441162,1152.8677,-0.44181252,15.356887,-0.40741825,12.221392,-0.44854164,15.590749,-0.47263336,18.637253,-4.93042,269.38174,-5.078827,274.37448,-0.37561035,12.377957,8.964233,1897.9413,-7.4003906,8284.786,-0.03629589,2.8620095,N-CMAPSS_DS08a-009,1
N-CMAPSS_DS08a-009 · Engine 1,8,578.56415,1347.1498,1647.7714,1149.328,14.497871,11.388736,14.718651,17.752012,262.64682,267.39993,11.562242,1937.6476,8293.806,2.8147407,10951.066,0.47261637,56.05434,501.33408,64.0,1,1,-2.53479,581.43933,4.811157,1345.3921,15.816284,1636.6431,-2.9118652,1152.4253,-0.75679874,15.24951,-0.7549591,12.11731,-0.76832294,15.481736,-0.76719856,18.526598,-4.675995,268.5399,-4.8561096,273.50266,-0.7562418,12.275993,46.398926,1902.9045,20.515625,8285.913,-0.036349773,2.8561008,N-CMAPSS_DS08a-009,1
N-CMAPSS_DS08a-009 · Engine 1,9,584.71405,1354.215,1649.1509,1161.5929,15.740592,12.495978,15.980296,19.12943,278.2661,283.39038,12.70248,1913.1001,8314.088,2.9687526,8090.279,0.4481552,52.24231,509.622,63.0,1,1,6.1499023,581.80316,7.0651855,1346.3723,1.3795166,1638.0328,12.264893,1153.4438,1.2427206,15.304074,1.1072426,12.159384,1.2616453,15.537131,1.3774185,18.593578,15.619293,269.62057,15.990448,274.6013,1.1402388,12.32338,-24.547485,1904.0374,20.282227,8289.044,0.15401196,2.8686178,N-CMAPSS_DS08a-009,1
N-CMAPSS_DS08a-009 · Engine 1,10,580.9866,1345.4347,1638.4369,1156.8795,15.353406,12.183006,15.587215,18.644926,271.69846,276.66592,12.494734,1897.0913,8283.406,2.9087958,8643.986,0.43523422,52.26939,506.52716,62.0,1,1,-3.727478,581.7215,-8.780273,1346.2786,-10.713989,1638.0732,-4.713379,1153.7875,-0.38718605,15.309008,-0.31297207,12.161746,-0.3930807,15.54214,-0.4845047,18.598713,-6.5676575,269.82837,-6.724457,274.80774,-0.2077465,12.340516,-16.00879,1903.3428,-30.68164,8288.48,-0.05995679,2.8726356,N-CMAPSS_DS08a-009,1
N-CMAPSS_DS08a-009 · Engine 1,11,578.8205,1337.934,1625.6107,1141.8452,14.734714,11.73383,14.959101,17.91129,257.8424,262.62393,11.730893,1899.6903,8260.583,2.7250564,10441.2295,0.4837612,52.665703,504.55188,61.0,1,1,-2.1660767,581.0879,-7.5007324,1344.9337,-12.826172,1636.3165,-15.034302,1152.5251,-0.6186924,15.225902,-0.44917583,12.098634,-0.6281147,15.457768,-0.73363686,18.494156,-13.856049,268.18335,-14.041992,273.1346,-0.7638407,12.277468,2.598999,1902.2119,-22.823242,8283.943,-0.18373942,2.8518205,N-CMAPSS_DS08a-009,1
N-CMAPSS_DS08a-009 · Engine 1,12,584.28845,1351.6923,1646.4069,1152.4142,15.285192,12.125239,15.517959,18.647371,270.11176,275.08948,12.0479355,1923.3523,8306.246,2.8822343,9819.769,0.5016447,53.892605,508.29147,60.0,1,1,5.4679565,582.0157,13.758301,1346.9497,20.796143,1639.3171,10.56897,1152.6526,0.550478,15.25172,0.39140892,12.112491,0.5588579,15.48398,0.7360821,18.549393,12.269348,268.97632,12.465546,273.93747,0.31704235,12.226045,23.661987,1908.3372,45.663086,8290.481,0.15717793,2.864288,N-CMAPSS_DS08a-009,1
N-CMAPSS_DS08a-009 · Engine 1,13,580.2235,1338.0062,1621.4219,1151.7844,15.50925,12.446764,15.74543,18.699297,266.80176,271.8001,12.635284,1868.7968,8257.437,2.8083625,8028.579,0.43471643,48.920635,508.6205,59.0,1,1,-4.0649414,581.477,-13.686035,1345.1545,-24.984985,1636.2703,-0.62976074,1151.9634,0.22405815,15.239976,0.32152462,12.118988,0.22747135,15.472056,0.05192566,18.515617,-3.3099976,267.95706,-3.2893677,272.90643,0.58734894,12.244125,-54.555542,1902.8367,-48.80957,8284.006,-0.07387185,2.8493764,N-CMAPSS_DS08a-009,1
N-CMAPSS_DS08a-009 · Engine 1,14,584.29816,1351.936,1646.2675,1152.2292,15.28506,12.125239,15.517826,18.647167,270.19522,275.1642,12.04737,1923.3525,8306.167,2.881595,9819.769,0.5016447,53.892605,508.29147,58.0,1,1,4.074646,581.4904,13.92981,1345.0874,24.845581,1636.2102,0.44482422,1151.3796,-0.22418976,15.209233,-0.32152462,12.092743,-0.22760391,15.4408455,-0.052129745,18.48527,3.3934631,267.50137,3.3641052,272.43866,-0.58791447,12.196477,54.555786,1903.6255,48.73047,8283.699,0.07323241,2.845265,N-CMAPSS_DS08a-009,1
N-CMAPSS_DS08a-009 · Engine 1,15,581.2012,1343.2837,1630.6056,1157.1642,15.60628,12.469662,15.84394,18.835344,271.22766,276.29678,12.809089,1881.3877,8279.475,2.8564303,7578.456,0.4074807,49.44916,508.57312,57.0,1,1,-3.0969849,581.7309,-8.652344,1345.6351,-15.661865,1636.7573,4.9349365,1152.9562,0.3212204,15.296351,0.34442234,12.1663265,0.3261137,15.529291,0.18817711,18.57779,1.0324402,268.8366,1.1325684,273.80215,0.76171875,12.30426,-41.964844,1901.7952,-26.692383,8285.519,-0.025164604,2.8584445,N-CMAPSS_DS08a-009,1
N-CMAPSS_DS08a-009 · Engine 1,16,580.9687,1345.4772,1637.8733,1156.4753,15.352973,12.183006,15.586776,18.643005,271.76453,276.7345,12.494992,1897.0913,8284.012,2.907948,8643.986,0.43523422,52.26939,506.52716,56.0,1,1,-0.23248291,581.5164,2.1934814,1345.7467,7.2677,1637.55,-0.6888428,1153.1953,-0.25330734,15.262001,-0.28665543,12.129516,-0.257164,15.494417,-0.19233894,18.542906,0.53686523,268.78775,0.43771362,273.74213,-0.31409645,12.28435,15.703613,1903.2759,4.5371094,8285.851,0.051517725,2.8605006,N-CMAPSS_DS08a-009,1
N-CMAPSS_DS08a-009 · Engine 1,17,581.0914,1342.4901,1632.1426,1152.4479,15.254029,12.143695,15.486324,18.517916,267.35104,272.2777,12.318275,1891.2487,8272.876,2.851216,9010.299,0.45440573,51.88142,507.0913,55.0,1,1,0.122680664,581.5157,-2.9870605,1345.7618,-5.730713,1637.5687,-4.027466,1153.2161,-0.09894371,15.261936,-0.03931141,12.129516,-0.10045147,15.494351,-0.12508965,18.542776,-4.4134827,268.7906,-4.456787,273.7443,-0.1767168,12.284329,-5.8426514,1903.2759,-11.135742,8285.81,-0.05673194,2.8605132,N-CMAPSS_DS08a-009,1
N-CMAPSS_DS08a-009 · Engine 1,18,577.8884,1337.6796,1627.5858,1143.0563,14.656746,11.654325,14.879944,17.823433,257.8106,262.5617,11.699114,1902.3389,8259.112,2.7296972,10552.7295,0.4789385,52.801556,503.51273,54.0,1,1,-3.202942,581.4481,-4.810547,1344.8148,-4.5567627,1635.5502,-9.391602,1152.5889,-0.59728336,15.277824,-0.48937035,12.156075,-0.60638046,15.510481,-0.6944828,18.549917,-9.540436,268.30695,-9.716003,273.26047,-0.6191616,12.298017,11.09021,1899.745,-13.763672,8282.34,-0.12151885,2.8520088,N-CMAPSS_DS08a-009,1
N-CMAPSS_DS08a-009 · Engine 1,19,580.22955,1338.0001,1621.814,1152.1865,15.508885,12.446764,15.74506,18.699614,266.76172,271.7548,12.634972,1868.7968,8257.238,2.808691,8028.579,0.43471643,48.920635,508.6205,53.0,1,1,2.3411255,580.99963,0.32055664,1343.1934,-5.7718506,1632.8165,9.130249,1151.6483,0.8521395,15.254654,0.79243946,12.151154,0.8651161,15.486958,0.87618065,18.506937,8.951111,267.15652,9.193085,272.09692,0.9358578,12.2912655,-33.542114,1895.3147,-1.8740234,8276.655,0.0789938,2.8360026,N-CMAPSS_DS08a-009,1
N-CMAPSS_DS08a-009 · Engine 1,20,578.58154,1347.2247,1648.9607,1150.3422,14.49718,11.388736,14.717951,17.751904,262.60663,267.3442,11.561699,1937.6476,8293.155,2.8163288,10951.066,0.47261637,56.05434,501.33408,52.0,1,1,-1.6480103,580.75916,9.224609,1343.3724,27.146729,1633.8689,-1.8443604,1150.9945,-1.0117054,15.169031,-1.0580282,12.071726,-1.0271091,15.400031,-0.94771004,18.417633,-4.1550903,266.24734,-4.4105835,271.16473,-1.0732727,12.197963,68.85083,1899.3702,35.916992,8277.63,0.007637739,2.826756,N-CMAPSS_DS08a-009,1
N-CMAPSS_DS08a-009 · Engine 1,21,577.923,1337.7341,1628.3589,1143.5615,14.656703,11.654325,14.879901,17.82581,257.652,262.4008,11.697873,1902.3389,8258.292,2.7300897,10552.7295,0.4789385,52.801556,503.51273,51.0,1,1,-0.65856934,580.6694,-9.490601,1343.3524,-20.601807,1634.1437,-6.7806396,1151.1661,0.15952301,15.16123,0.26558876,12.063775,0.16195011,15.392111,0.073905945,18.409086,-4.9546204,266.2283,-4.9434204,271.14243,0.1361742,12.19466,-35.308716,1899.6351,-34.86328,8277.401,-0.0862391,2.8272593,N-CMAPSS_DS08a-009,1
N-CMAPSS_DS08a-009 · Engine 1,22,578.5939,1347.4089,1649.3387,1150.5687,14.497095,11.388736,14.717862,17.751837,262.6371,267.36948,11.561644,1937.6476,8292.834,2.817046,10951.066,0.47261637,56.05434,501.33408,50.0,1,1,0.67089844,580.0999,9.674805,1342.9241,20.979858,1634.4369,7.007202,1150.9817,-0.15960789,15.08242,-0.26558876,11.990125,-0.1620388,15.312101,-0.0739727,18.319532,4.985077,265.48083,4.968689,270.37042,-0.13622952,12.146031,35.308716,1901.0647,34.541992,8276.06,0.08695626,2.8207405,N-CMAPSS_DS08a-009,1
N-CMAPSS_DS08a-009 · Engine 1,23,584.17065,1352.9109,1648.5936,1159.5557,15.591301,12.387691,15.828732,18.949081,274.80963,279.8724,12.523785,1915.4645,8309.063,2.9258125,8602.582,0.46106967,52.60351,508.9583,49.0,1,1,5.576782,580.4946,5.501953,1344.4146,-0.7451172,1637.154,8.986938,1151.7588,1.0942059,15.090626,0.9989548,11.984218,1.1108694,15.320432,1.1972446,18.344511,12.172546,266.28162,12.50293,271.17767,0.96214104,12.134881,-22.183105,1905.7314,16.229492,8281.223,0.108766556,2.8324854,N-CMAPSS_DS08a-009,1
N-CMAPSS_DS08a-009 · Engine 1,24,585.27625,1358.1271,1657.6558,1167.2028,15.796023,12.490299,16.036572,19.209301,281.54544,286.68927,12.83072,1919.9998,8328.514,3.0141423,7837.6934,0.42610982,52.856384,509.31158,48.0,1,1,1.1055908,580.59247,5.2161865,1345.0337,9.062134,1638.2928,7.6470947,1153.2561,0.2047224,15.141722,0.10260868,12.020723,0.20783997,15.372306,0.26021957,18.400724,6.7358093,267.41663,6.816864,272.33017,0.3069353,12.213216,4.5352783,1905.3961,19.450195,8283.457,0.08832979,2.84574,N-CMAPSS_DS08a-009,1
N-CMAPSS_DS08a-009 · Engine 1,25,584.15814,1352.933,1648.0504,1159.1471,15.591069,12.387691,15.828497,18.947392,274.94803,280.00574,12.524108,1915.4645,8309.73,2.9250581,8602.582,0.46106967,52.60351,508.9583,47.0,1,1,-1.118103,580.8881,-5.194092,1345.9985,-9.605347,1640.0374,-8.055664,1153.4543,-0.20495415,15.140201,-0.10260868,12.0125265,-0.20807457,15.370762,-0.26190948,18.41193,-6.597412,267.78867,-6.6835327,272.70105,-0.306612,12.184718,-4.5352783,1908.8038,-18.783203,8286.482,-0.08908415,2.852603,N-CMAPSS_DS08a-009,1
N-CMAPSS_DS08a-009 · Engine 1,26,575.03613,1331.9282,1617.816,1152.3529,15.025958,11.986675,15.254777,18.093506,262.29355,267.14703,12.562218,1862.0999,8241.126,2.760081,8069.0356,0.36492738,48.783405,503.40094,46.0,1,1,-9.122009,580.2949,-21.00476,1344.6437,-30.234375,1638.0316,-6.7941895,1153.0421,-0.56511116,15.107499,-0.40101528,11.992893,-0.57372,15.337562,-0.85388565,18.35698,-12.65448,266.84158,-12.858704,271.7423,0.03810978,12.191441,-53.364624,1905.3047,-68.60449,8282.194,-0.16497707,2.8378162,N-CMAPSS_DS08a-009,1
N-CMAPSS_DS08a-009 · Engine 1,27,581.0211,1345.6523,1640.1619,1158.3718,15.352544,12.183006,15.586339,18.644901,271.6613,276.61304,12.494855,1897.0912,8283.543,2.9119515,8643.986,0.43523422,52.26939,506.52716,45.0,1,1,5.9849854,580.28784,13.724121,1344.96,22.345825,1638.8336,6.018921,1153.6345,0.32658577,15.117351,0.19633102,11.996824,0.33156204,15.347564,0.5513954,18.369678,9.367737,267.27258,9.466003,272.17584,-0.067362785,12.209099,34.991333,1905.8889,42.416992,8283.261,0.15187049,2.8438897,N-CMAPSS_DS08a-009,1
N-CMAPSS_DS08a-009 · Engine 1,28,584.169,1352.8918,1648.278,1159.3033,15.590934,12.387691,15.82836,18.94828,274.8792,279.9328,12.523263,1915.4645,8309.185,2.9247684,8602.582,0.46106967,52.60351,508.9583,44.0,1,1,3.1478882,580.9159,7.239502,1346.4811,8.116089,1640.9028,0.93151855,1155.2593,0.23838997,15.21077,0.20468426,12.070161,0.2420206,15.442405,0.30337906,18.482162,3.217926,268.97946,3.3197632,273.91296,0.02840805,12.291513,18.373291,1907.2015,25.641602,8288.268,0.012816906,2.863397,N-CMAPSS_DS08a-009,1
N-CMAPSS_DS08a-009 · Engine 1,29,583.1359,1344.6554,1631.8273,1155.662,15.695141,12.551113,15.934155,18.990515,272.3668,277.4141,12.694057,1882.2844,8281.047,2.890808,8074.4424,0.45158243,50.40673,510.08594,43.0,1,1,-1.033081,581.20654,-8.23645,1347.1466,-16.450684,1641.9042,-3.6413574,1155.6068,0.10420704,15.229395,0.16342258,12.080596,0.10579586,15.461314,0.04223442,18.511253,-2.5124207,269.53998,-2.5187073,274.47888,0.17079449,12.297422,-33.180054,1908.5503,-28.137695,8290.648,-0.033960342,2.8716087,N-CMAPSS_DS08a-009,1
N-CMAPSS_DS08a-009 · Engine 1,30,581.00684,1345.6179,1639.3187,1157.7252,15.352174,12.183006,15.585961,18.6433,271.75024,276.7096,12.495602,1897.0912,8284.086,2.9109936,8643.986,0.43523422,52.26939,506.52716,42.0,1,1,-2.1290894,581.4491,0.9625244,1346.986,7.491455,1640.94,2.0632324,1156.3451,-0.34296703,15.314894,-0.36810684,12.160023,-0.34819412,15.548116,-0.34721565,18.600391,-0.61654663,270.4543,-0.7044983,275.41544,-0.19845581,12.390812,14.806763,1904.4946,3.0390625,8289.742,0.02018547,2.8810751,N-CMAPSS_DS08a-009,1
N-CMAPSS_DS08a-009 · Engine 1,31,585.2743,1358.2771,1658.1826,1167.7148,15.795584,12.490299,16.036125,19.207952,281.61615,286.75348,12.831457,1919.9998,8328.497,3.015701,7837.6934,0.42610982,52.856384,509.31158,41.0,1,0,4.267456,582.1842,12.65918,1349.0403,18.863892,1643.9224,9.989624,1158.7605,0.44340992,15.428782,0.30729294,12.243621,0.45016384,15.663738,0.5646534,18.738605,9.865906,272.85074,10.043884,277.8507,0.33585548,12.50417,22.90857,1906.2607,44.411133,8296.763,0.10470748,2.9096363,N-CMAPSS_DS08a-009,1
N-CMAPSS_DS08a-009 · Engine 1,32,584.71014,1354.3955,1650.306,1162.7839,15.738199,12.495978,15.977867,19.126617,278.2452,283.34607,12.701627,1913.1003,8313.816,2.9699175,8090.279,0.4481552,52.24231,509.622,40.0,1,0,-0.56414795,582.79584,-3.8815918,1349.7389,-7.876587,1644.019,-4.930908,1159.9819,-0.05738449,15.552893,0.0056791306,12.354345,-0.058258057,15.789739,-0.08133507,18.876085,-3.3709412,274.41156,-3.4074097,279.44836,-0.12983036,12.618169,-6.899414,1903.806,-14.680664,8298.86,-0.04578352,2.9249234,N-CMAPSS_DS08a-009,1
N-CMAPSS_DS08a-009 · Engine 1,33,584.73773,1354.5248,1650.9374,1163.1082,15.739844,12.495978,15.979537,19.129246,278.27942,283.3773,12.702056,1913.1001,8313.736,2.9716794,8090.279,0.4481552,52.24231,509.622,39.0,1,0,0.02758789,582.85254,0.12927246,1349.9003,0.63134766,1644.2534,0.32421875,1160.3372,0.0016450882,15.567747,0.0,12.365173,0.0016698837,15.804819,0.0026283264,18.8941,0.034210205,274.75854,0.031219482,279.79883,0.00042915344,12.635996,-0.00024414062,1903.5696,-0.080078125,8299.328,0.0017619133,2.92951,N-CMAPSS_DS08a-009,1
N-CMAPSS_DS08a-009 · Engine 1,34,581.23065,1343.6077,1632.2325,1158.5436,15.604587,12.469662,15.842221,18.8363,271.1873,276.22064,12.806993,1881.3877,8278.286,2.8574982,7578.456,0.4074807,49.44916,508.57312,38.0,1,0,-3.50708,582.448,-10.917114,1348.4484,-18.704834,1641.711,-4.564575,1159.4713,-0.13525772,15.548603,-0.026316643,12.36311,-0.13731575,15.785384,-0.29294586,18.8568,-7.0921326,273.72272,-7.1566467,278.75198,0.1049366,12.633623,-31.712402,1899.7084,-35.450195,8294.306,-0.11418128,2.9138458,N-CMAPSS_DS08a-009,1
N-CMAPSS_DS08a-009 · Engine 1,35,581.02185,1345.5492,1640.2137,1158.4637,15.352221,12.183006,15.586011,18.645222,271.6449,276.58914,12.494214,1897.0912,8283.105,2.9114187,8643.986,0.43523422,52.26939,506.52716,37.0,1,0,-0.20880127,582.1344,1.9415283,1347.71,7.981201,1640.9274,-0.079833984,1159.403,-0.25236607,15.524718,-0.28665543,12.342642,-0.25621033,15.761135,-0.19107819,18.826584,0.45761108,273.3924,0.36849976,278.4103,-0.31277847,12.630634,15.703491,1897.871,4.819336,8291.643,0.053920507,2.9124818,N-CMAPSS_DS08a-009,1
N-CMAPSS_DS08a-009 · Engine 1,36,580.2455,1338.2947,1622.9226,1153.1019,15.50851,12.446764,15.74468,18.699713,266.8197,271.7922,12.634648,1868.7968,8257.315,2.8104246,8028.579,0.43471643,48.920635,508.6205,36.0,1,0,-0.7763672,582.6553,-7.2545166,1348.3467,-17.291138,1641.4381,-5.3618164,1159.4779,0.1562891,15.572973,0.2637577,12.388651,0.15866947,15.810125,0.054491043,18.887205,-4.8251953,273.84503,-4.796936,278.87485,0.14043427,12.637877,-28.294434,1898.5408,-25.79004,8293.262,-0.10099411,2.9175162,N-CMAPSS_DS08a-009,1
N-CMAPSS_DS08a-009 · Engine 1,37,584.72284,1354.5424,1650.9236,1163.3383,15.737652,12.495978,15.977312,19.128067,278.1844,283.27994,12.701149,1913.1001,8313.507,2.970591,8090.279,0.4481552,52.24231,509.622,35.0,1,0,4.477356,583.02545,16.24768,1349.2356,28.000977,1642.5143,10.236328,1159.9745,0.22914219,15.611485,0.049214363,12.419948,0.23263168,15.849223,0.42835426,18.93552,11.364685,274.4973,11.487732,279.54153,0.066500664,12.658506,44.303345,1900.1416,56.191406,8296.258,0.1601665,2.9233801,N-CMAPSS_DS08a-009,1
N-CMAPSS_DS08a-009 · Engine 1,38,583.1536,1344.8638,1633.2494,1156.8534,15.695926,12.551113,15.934951,18.992443,272.32724,277.364,12.694229,1882.2844,8280.185,2.893547,8074.4424,0.45158243,50.40673,510.08594,34.0,1,0,-1.5692139,582.92395,-9.678589,1348.4329,-17.674194,1641.0114,-6.4848633,1159.7295,-0.041726112,15.621984,0.055134773,12.43629,-0.04236126,15.859882,-0.13562393,18.939938,-5.857147,274.24213,-5.915924,279.28464,-0.006919861,12.675603,-30.815674,1896.8236,-33.322266,8293.358,-0.07704401,2.920258,N-CMAPSS_DS08a-009,1
N-CMAPSS_DS08a-009 · Engine 1,39,575.055,1332.2766,1618.8927,1153.311,15.025828,11.986675,15.254648,18.094837,262.41403,267.2434,12.562177,1862.0999,8240.901,2.7618752,8069.0356,0.36492738,48.783405,503.40094,33.0,1,0,-8.098633,582.11584,-12.587158,1347.195,-14.356689,1639.7179,-3.5423584,1159.4944,-0.67009735,15.555053,-0.56443787,12.379847,-0.6803026,15.791931,-0.8976059,18.85037,-9.913208,273.24686,-10.120605,278.26758,-0.13205242,12.6624155,-20.18457,1894.8052,-39.283203,8289.344,-0.1316719,2.9073646,N-CMAPSS_DS08a-009,1
N-CMAPSS_DS08a-009 · Engine 1,40,584.3671,1352.4731,1649.057,1154.5374,15.285384,12.125239,15.518157,18.649923,270.3493,275.28207,12.048451,1923.3525,8306.184,2.887453,9819.769,0.5016447,53.892605,508.29147,32.0,1,0,9.312134,582.4519,20.196533,1347.8805,30.164307,1640.6918,1.2263184,1159.1757,0.25955582,15.548373,0.13856411,12.374069,0.2635088,15.785151,0.55508614,18.851032,7.935272,273.10675,8.038666,278.12482,-0.5137253,12.617701,61.252686,1897.4313,65.28223,8291.554,0.12557793,2.9050107,N-CMAPSS_DS08a-009,1
N-CMAPSS_DS08a-009 · Engine 1,41,585.662,1356.7195,1656.0833,1162.2374,15.626599,12.381785,15.86457,19.038668,277.1735,282.23273,12.455509,1923.8016,8321.75,2.965996,8757.58,0.47375408,53.426548,509.61856,31.0,1,0,1.2948608,582.49066,4.246338,1347.7247,7.026245,1640.4818,7.7000732,1158.6279,0.34121513,15.531475,0.25654602,12.363218,0.34641266,15.767996,0.38874435,18.834103,6.824188,272.6625,6.950653,277.67276,0.40705776,12.580105,0.44909668,1897.8115,15.566406,8290.879,0.07854295,2.9000401,N-CMAPSS_DS08a-009,1
N-CMAPSS_DS08a-009 · Engine 1,42,583.292,1345.0862,1632.913,1160.5149,15.881669,12.711878,16.123522,19.181377,274.93353,280.01953,12.964211,1874.673,8279.698,2.9182842,7366.344,0.42994505,49.41956,510.7968,30.0,1,0,-2.369995,582.3488,-11.633301,1346.7938,-23.170288,1638.7426,-1.7225342,1158.401,0.25506973,15.545822,0.33009243,12.384808,0.25895214,15.782561,0.14270973,18.83958,-2.2399597,272.33133,-2.2131958,277.3401,0.5087023,12.606363,-49.128662,1893.9688,-42.051758,8287.467,-0.04771185,2.8948767,N-CMAPSS_DS08a-009,1
N-CMAPSS_DS08a-009 · Engine 1,43,581.2399,1343.5825,1632.9742,1159.195,15.604769,12.469662,15.842405,18.836382,271.19595,276.22455,12.807653,1881.3877,8278.314,2.8593807,7578.456,0.4074807,49.44916,508.57312,29.0,1,0,-2.052063,581.999,-1.5036621,1345.6996,0.061279297,1636.9462,-1.3199463,1158.0096,-0.2769003,15.532314,-0.24221611,12.382176,-0.2811165,15.768847,-0.3449955,18.810293,-3.7375793,271.623,-3.794983,276.62482,-0.15655804,12.616923,6.7147217,1890.7975,-1.3837891,8283.925,-0.058903456,2.883647,N-CMAPSS_DS08a-009,1
N-CMAPSS_DS08a-009 · Engine 1,44,583.2935,1344.8121,1633.264,1160.852,15.880435,12.711878,16.122269,19.180544,274.78705,279.871,12.963336,1874.673,8279.199,2.918093,7366.344,0.42994505,49.41956,510.7968,28.0,1,0,2.0535889,582.2053,1.2296143,1345.8201,0.28979492,1637.0493,1.6571045,1158.2405,0.27566624,15.559899,0.24221611,12.406398,0.27986336,15.796852,0.344162,18.844717,3.591095,271.98297,3.6464539,276.98987,0.15568256,12.632558,-6.7147217,1890.126,0.8847656,8284.016,0.058712244,2.8897064,N-CMAPSS_DS08a-009,1
N-CMAPSS_DS08a-009 · Engine 1,45,581.1623,1343.1539,1636.0624,1155.8344,15.252926,12.143695,15.485204,18.52041,267.39474,272.26566,12.317695,1891.2488,8271.967,2.8575525,9010.299,0.45440573,51.88142,507.0913,27.0,1,0,-2.1312256,582.21936,-1.6582031,1345.5804,2.7983398,1636.6343,-5.0177,1157.9775,-0.6275091,15.54997,-0.56818295,12.402467,-0.63706493,15.786772,-0.66013336,18.832237,-7.3923035,271.55795,-7.6053467,276.5575,-0.6456413,12.614906,16.575806,1889.5417,-7.232422,8282.902,-0.060540438,2.8843198,N-CMAPSS_DS08a-009,1
N-CMAPSS_DS08a-009 · Engine 1,46,578.6408,1347.8174,1652.3304,1153.2721,14.495425,11.388736,14.7161665,17.752398,262.73367,267.41583,11.561319,1937.6476,8292.265,2.8217075,10951.066,0.47261637,56.05434,501.33408,26.0,1,0,-2.5214844,582.0589,4.663452,1346.5327,16.268066,1639.575,-2.5622559,1157.9946,-0.75750065,15.448662,-0.7549591,12.296664,-0.76903725,15.68392,-0.768013,18.737505,-4.661072,271.14935,-4.849823,276.11987,-0.7563753,12.507573,46.398804,1896.4269,20.297852,8286.396,-0.03584504,2.885448,N-CMAPSS_DS08a-009,1
N-CMAPSS_DS08a-009 · Engine 1,47,583.1702,1344.7689,1634.4309,1157.9393,15.692902,12.551113,15.931881,18.991138,272.37637,277.3634,12.691721,1882.2845,8278.828,2.893395,8074.4424,0.45158243,50.40673,510.08594,25.0,1,0,4.529419,581.9036,-3.048462,1345.5554,-17.899536,1637.9258,4.6672363,1157.4547,1.1974764,15.444186,1.1623774,12.302177,1.2157145,15.679378,1.2387409,18.723812,9.6427,270.56854,9.947571,275.52823,1.1304016,12.50663,-55.363037,1893.3453,-13.436523,8282.929,0.07168746,2.8777285,N-CMAPSS_DS08a-009,1
N-CMAPSS_DS08a-009 · Engine 1,48,583.17944,1345.0814,1635.1692,1158.6332,15.693717,12.551113,15.932709,18.992018,272.43256,277.42105,12.693154,1882.2845,8279.061,2.8958943,8074.4424,0.45158243,50.40673,510.08594,24.0,1,0,0.009216309,581.90625,0.3125,1345.5771,0.73828125,1638.1177,0.69384766,1157.6327,0.00081539154,15.443966,0.0,12.302177,0.0008277893,15.679153,0.0008792877,18.72377,0.05618286,270.57907,0.057647705,275.53394,0.0014333725,12.506523,0.0,1893.3453,0.23242188,8282.816,0.002499342,2.877963,N-CMAPSS_DS08a-009,1
N-CMAPSS_DS08a-009 · Engine 1,49,585.2299,1352.2296,1648.7385,1159.4263,15.562201,12.364951,15.799188,18.956656,274.32428,279.3012,12.360046,1910.9995,8304.453,2.9418743,9034.825,0.4876599,53.027596,509.85233,23.0,1,0,2.050476,582.9237,7.1481934,1347.5725,13.569336,1641.1023,0.7930908,1158.2441,-0.13151646,15.497602,-0.186162,12.340005,-0.13352108,15.733607,-0.035362244,18.809952,1.8917236,271.77008,1.8801575,276.73972,-0.33310795,12.48631,28.714966,1898.2352,25.392578,8289.172,0.045979977,2.895963,N-CMAPSS_DS08a-009,1
N-CMAPSS_DS08a-009 · Engine 1,50,584.22174,1353.6661,1652.2501,1162.9442,15.589073,12.387691,15.82647,18.948969,275.13278,280.1158,12.523794,1915.4647,8308.053,2.9320917,8602.582,0.46106967,52.60351,508.9583,22.0,1,0,-1.0081787,582.9092,1.4365234,1347.6918,3.5115967,1641.4216,3.5179443,1159.0848,0.026872635,15.527971,0.02273941,12.36625,0.027282715,15.764439,-0.007686615,18.839855,0.8085022,272.24844,0.8146057,277.22308,0.16374779,12.533844,4.46521,1897.4465,3.5996094,8289.358,-0.009782553,2.9004269,N-CMAPSS_DS08a-009,1
N-CMAPSS_DS08a-009 · Engine 1,51,585.6915,1356.9961,1657.6348,1163.8113,15.623752,12.381785,15.861676,19.037638,277.49918,282.49234,12.454635,1923.8016,8321.263,2.9677231,8757.58,0.47375408,53.426548,509.61856,21.0,1,0,1.4697876,582.9121,3.329956,1347.7195,5.3846436,1641.5768,0.8670654,1159.2423,0.03467846,15.527687,-0.0059051514,12.36625,0.03520584,15.764149,0.08866882,18.839752,2.366394,272.281,2.3765259,277.24902,-0.06915951,12.533756,8.336914,1897.4465,13.209961,8289.311,0.03563142,2.9005997,N-CMAPSS_DS08a-009,1
N-CMAPSS_DS08a-009 · Engine 1,52,575.12024,1332.3918,1622.9456,1156.8105,15.023891,11.986675,15.252682,18.097687,262.41217,267.16687,12.56014,1862.0999,8238.898,2.7669845,8069.0356,0.36492738,48.783405,503.40094,20.0,1,0,-10.571289,582.095,-24.604248,1346.45,-34.68921,1640.5801,-7.0007324,1158.8718,-0.5998602,15.441909,-0.39511013,12.29373,-0.6089945,15.677065,-0.93995094,18.731384,-15.087006,271.02887,-15.32547,275.96378,0.10550499,12.493349,-61.701782,1896.1892,-82.36426,8285.23,-0.20073867,2.8854697,N-CMAPSS_DS08a-009,1
N-CMAPSS_DS08a-009 · Engine 1,53,584.4023,1352.8414,1653.3052,1158.326,15.282365,12.125239,15.515091,18.6492,270.4604,275.3071,12.04657,1923.3525,8304.223,2.8932242,9819.769,0.5016447,53.892605,508.29147,19.0,1,0,9.282043,582.4112,20.449585,1347.3759,30.35962,1642.6132,1.5155029,1158.7849,0.2584734,15.409669,0.13856411,12.259288,0.2624092,15.644334,0.5515137,18.712666,8.048218,270.95532,8.140228,275.87204,-0.51356983,12.417241,61.252686,1900.3856,65.32422,8287.821,0.12623978,2.888854,N-CMAPSS_DS08a-009,1
N-CMAPSS_DS08a-009 · Engine 1,54,585.2899,1352.6302,1651.0068,1161.305,15.561614,12.364951,15.798593,18.959164,274.57056,279.4861,12.359123,1910.9996,8303.716,2.9451878,9034.825,0.4876599,53.027596,509.85233,18.0,1,0,0.8876343,582.61084,-0.21118164,1348.1577,-2.2983398,1644.3875,2.979004,1158.8302,0.2792492,15.377787,0.23971176,12.224595,0.28350163,15.611966,0.30996323,18.690527,4.1101685,270.93365,4.179016,275.83353,0.3125534,12.35682,-12.352905,1904.0183,-0.50683594,8290.272,0.051963568,2.8915634,N-CMAPSS_DS08a-009,1
N-CMAPSS_DS08a-009 · Engine 1,55,583.3828,1345.4647,1638.145,1165.0437,15.87786,12.711878,16.119656,19.183771,275.02133,279.99612,12.961031,1874.6731,8277.496,2.9248555,7366.344,0.42994505,49.41956,510.7968,17.0,1,0,-1.9071045,582.8329,-7.1655273,1348.3888,-12.861816,1644.5957,3.7386475,1159.7512,0.31624603,15.44028,0.3469267,12.281413,0.32106304,15.675411,0.22460747,18.756865,0.45077515,271.69632,0.51000977,276.6066,0.60190773,12.421153,-36.326538,1902.3607,-26.219727,8290.825,-0.020332336,2.8982937,N-CMAPSS_DS08a-009,1
N-CMAPSS_DS08a-009 · Engine 1,56,583.2225,1345.4083,1638.7404,1161.8995,15.690269,12.551113,15.929207,18.991756,272.4883,277.40344,12.691293,1882.2845,8278.444,2.9004543,8074.4424,0.45158243,50.40673,510.08594,16.0,1,0,-0.16033936,583.2911,-0.056396484,1348.1478,0.5953369,1643.2367,-3.144165,1160.6139,-0.1875906,15.559765,-0.1607647,12.397651,-0.19044876,15.796715,-0.1920147,18.8808,-2.53302,272.67178,-2.592682,277.60535,-0.2697382,12.534151,7.61145,1896.8245,0.9482422,8289.443,-0.024401188,2.9061685,N-CMAPSS_DS08a-009,1
N-CMAPSS_DS08a-009 · Engine 1,57,578.70917,1348.4205,1657.6005,1158.0343,14.492793,11.388736,14.713497,17.753778,263.0606,267.63675,11.56082,1937.6476,8291.392,2.829994,10951.066,0.47261637,56.05434,501.33408,15.0,1,0,-4.5133057,582.845,3.012207,1348.5131,18.860107,1645.5536,-3.8652344,1160.6234,-1.1974764,15.439754,-1.1623774,12.281413,-1.2157097,15.674877,-1.237978,18.757063,-9.427704,271.7402,-9.766693,276.6327,-1.1304731,12.421061,55.363037,1902.3607,12.947266,8290.7,-0.07046032,2.8998284,N-CMAPSS_DS08a-009,1
N-CMAPSS_DS08a-009 · Engine 1,58,581.38873,1344.6696,1641.1221,1166.2725,15.601998,12.469662,15.839595,18.841433,271.6199,276.49158,12.806482,1881.3877,8276.368,2.8726904,7578.456,0.4074807,49.44916,508.57312,14.0,1,0,2.6795654,582.6659,-3.7509766,1348.4718,-16.478394,1646.1489,8.238159,1161.3873,1.1092052,15.430582,1.080926,12.273268,1.1260977,15.6655655,1.0876541,18.742004,8.559296,271.65894,8.854828,276.53973,1.2456627,12.432393,-56.259888,1902.2711,-15.0234375,8290.431,0.042696476,2.897508,N-CMAPSS_DS08a-009,1
N-CMAPSS_DS08a-009 · Engine 1,59,585.43097,1359.4827,1667.6614,1176.1359,15.791369,12.490299,16.031847,19.213072,282.0703,287.02112,12.829874,1920.0,8326.208,3.0312846,7837.6934,0.42610982,52.856384,509.31158,13.0,1,0,4.0422363,582.686,14.81311,1349.1971,26.539307,1648.0411,9.863403,1163.0583,0.18937111,15.453499,0.020637512,12.285803,0.19225216,15.688831,0.37163925,18.767647,10.450409,272.43356,10.529541,277.31174,0.023391724,12.479376,38.612305,1903.1711,49.839844,8292.606,0.15859413,2.906449,N-CMAPSS_DS08a-009,1
N-CMAPSS_DS08a-009 · Engine 1,60,585.80475,1357.5607,1664.4073,1169.7528,15.620233,12.381785,15.858104,19.041739,277.5992,282.4678,12.452065,1923.8016,8319.473,2.9775088,8757.58,0.47375408,53.426548,509.61856,12.0,1,0,0.3737793,582.8443,-1.9219971,1349.5867,-3.2540283,1649.2568,-6.3830566,1163.7391,-0.17113686,15.4566145,-0.10851383,12.2852125,-0.17374325,15.691995,-0.17133331,18.776924,-4.4711,272.6802,-4.553314,277.54694,-0.37780857,12.472203,3.8016357,1904.0049,-6.7353516,8293.748,-0.053775787,2.9109907,N-CMAPSS_DS08a-009,1
N-CMAPSS_DS08a-009 · Engine 1,61,578.0967,1339.2297,1640.4895,1154.2971,14.651224,11.654325,14.874339,17.829262,258.27853,262.79465,11.695927,1902.3391,8255.908,2.748471,10552.7295,0.4789385,52.801556,503.51273,11.0,1,0,-7.708069,582.0848,-18.330933,1347.8099,-23.917847,1647.5424,-15.455688,1162.7877,-0.96900845,15.359362,-0.72746086,12.212466,-0.98376465,15.593261,-1.2124767,18.656086,-19.320679,270.75812,-19.673157,275.57715,-0.7561388,12.396333,-21.462524,1901.8585,-63.564453,8287.213,-0.22903776,2.8890655,N-CMAPSS_DS08a-009,1
N-CMAPSS_DS08a-009 · Engine 1,62,584.3879,1354.7335,1661.7715,1171.2108,15.58557,12.387691,15.822914,18.954874,275.54095,280.34537,12.522206,1915.4647,8306.538,2.9475794,8602.582,0.46106967,52.60351,508.9583,10.0,1,0,6.2911987,583.0116,15.503784,1350.0442,21.281982,1651.4249,16.913696,1164.2278,0.9343462,15.415529,0.733366,12.252568,0.948575,15.650284,1.1256123,18.741804,17.26242,272.071,17.55072,276.89502,0.82627964,12.392539,13.12561,1907.1951,50.629883,8293.977,0.19910836,2.907125,N-CMAPSS_DS08a-009,1
N-CMAPSS_DS08a-009 · Engine 1,63,584.9227,1356.1807,1664.362,1175.3376,15.730986,12.495978,15.970545,19.13249,278.94537,283.76782,12.699367,1913.1006,8310.115,2.9928215,8090.279,0.4481552,52.24231,509.622,9.0,1,0,0.5348511,583.0636,1.4471436,1350.378,2.5905762,1652.5306,4.126831,1165.929,0.1454153,15.460392,0.10828781,12.289641,0.14763069,15.695829,0.17761612,18.790134,3.404419,272.9195,3.4224548,277.7411,0.17716026,12.457819,-2.3641357,1906.1699,3.5771484,8294.565,0.04524207,2.9170847,N-CMAPSS_DS08a-009,1
N-CMAPSS_DS08a-009 · Engine 1,64,575.2807,1333.8228,1633.9517,1166.5656,15.0206,11.986675,15.249339,18.103199,262.99078,267.54333,12.559382,1862.1002,8236.686,2.7849839,8069.0356,0.36492738,48.783405,503.40094,8.0,1,0,-9.642029,582.0627,-22.35791,1348.4973,-30.4104,1650.8252,-8.772095,1166.455,-0.7103853,15.40629,-0.5093031,12.251814,-0.7212057,15.640904,-1.0292912,18.704536,-15.95459,271.76154,-16.224487,276.5468,-0.13998413,12.477844,-51.000366,1901.2799,-73.42969,8287.863,-0.20783758,2.9010644,N-CMAPSS_DS08a-009,1
N-CMAPSS_DS08a-009 · Engine 1,65,585.5756,1360.5598,1675.7776,1183.1637,15.790695,12.490299,16.031162,19.220575,282.66312,287.45703,12.83049,1920.0002,8325.647,3.0465195,7837.6934,0.42610982,52.856384,509.31158,7.0,1,0,10.294922,582.282,26.73706,1350.0068,41.825928,1654.5884,16.598145,1168.267,0.7700949,15.397573,0.50362396,12.229656,0.78182316,15.632055,1.1173763,18.708218,19.672333,272.5257,19.913696,277.29288,0.27110767,12.46479,57.900024,1905.8126,88.961914,8292.678,0.26153564,2.9132307,N-CMAPSS_DS08a-009,1
N-CMAPSS_DS08a-009 · Engine 1,66,584.4837,1355.326,1667.1637,1176.2048,15.582036,12.387691,15.819326,18.958563,275.88043,280.5717,12.521649,1915.465,8305.601,2.9562097,8602.582,0.46106967,52.60351,508.9583,6.0,1,0,-1.091919,582.4081,-5.2337646,1350.9985,-8.613892,1657.4307,-6.9588623,1169.6975,-0.20865917,15.38675,-0.10260868,12.213314,-0.21183586,15.621067,-0.26201248,18.704899,-6.7826843,272.86493,-6.8853455,277.6097,-0.30884075,12.447826,-4.5352783,1909.1306,-20.046875,8295.394,-0.09030986,2.9188063,N-CMAPSS_DS08a-009,1
N-CMAPSS_DS08a-009 · Engine 1,67,580.9004,1344.4141,1652.2559,1164.8177,14.986109,11.945001,15.214326,18.23329,263.536,268.02008,11.908385,1903.1328,8269.942,2.8077068,9888.501,0.48435667,52.16701,506.38358,5.0,1,0,-3.583313,582.6272,-10.911987,1350.5979,-14.907837,1656.8962,-11.387085,1170.3759,-0.59592724,15.436082,-0.4426899,12.268941,-0.6050005,15.67115,-0.72527313,18.75285,-12.344421,272.91248,-12.551605,277.64804,-0.6132641,12.482583,-12.332153,1905.6792,-35.658203,8293.249,-0.14850283,2.9165776,N-CMAPSS_DS08a-009,1
N-CMAPSS_DS08a-009 · Engine 1,68,576.2692,1327.7264,1626.2529,1157.4874,14.7449,11.844383,14.969442,17.83844,254.59854,258.91278,11.877727,1855.7712,8210.237,2.709124,9890.086,0.46799394,49.575123,504.789,4.0,1,0,-4.6311646,582.11523,-16.687622,1348.9037,-26.00293,1655.4093,-7.3303223,1169.4973,-0.24120903,15.350372,-0.10061741,12.206412,-0.24488354,15.584134,-0.39484978,18.65255,-8.9374695,271.21033,-9.1073,275.89017,-0.030658722,12.389708,-47.361572,1903.1176,-59.70508,8286.636,-0.098582745,2.9002209,N-CMAPSS_DS08a-009,1
N-CMAPSS_DS08a-009 · Engine 1,69,583.62964,1347.8857,1656.098,1181.2498,15.873837,12.711878,16.11557,19.193094,276.375,281.01328,12.964656,1874.6736,8276.139,2.959542,7366.344,0.42994505,49.41956,510.7968,3.0,1,0,7.3604126,581.9351,20.159302,1347.7439,29.845093,1654.253,23.76233,1170.0088,1.1289377,15.358619,0.8674946,12.228571,1.1461277,15.592506,1.3546543,18.650553,21.776459,270.6408,22.100494,275.28937,1.0869293,12.403186,18.902344,1898.585,65.90137,8281.629,0.25041795,2.8930466,N-CMAPSS_DS08a-009,1
N-CMAPSS_DS08a-009 · Engine 1,70,578.32745,1341.3007,1655.6062,1168.0648,14.646437,11.654325,14.869479,17.837381,259.37125,263.6144,11.698462,1902.3394,8254.315,2.774973,10552.7295,0.4789385,52.801556,503.51273,2.0,1,0,-5.302185,581.1874,-6.585083,1346.1179,-0.4918213,1653.3729,-13.184937,1169.84,-1.2274008,15.261239,-1.0575533,12.155825,-1.2460909,15.493645,-1.3557129,18.530117,-17.003754,268.818,-17.398865,273.40405,-1.2661943,12.327826,27.665771,1896.4387,-21.823242,8275.113,-0.18456912,2.8727932,N-CMAPSS_DS08a-009,1
N-CMAPSS_DS08a-009 · Engine 1,71,581.5421,1346.5697,1662.9645,1180.0939,15.243791,12.143695,15.475928,18.532778,269.2659,273.62527,12.320316,1891.2493,8267.825,2.9053998,9010.299,0.45440573,51.88142,507.0913,1.0,1,0,3.2146606,581.5319,5.269043,1346.8519,7.3582764,1655.6204,12.029053,1172.4197,0.59735394,15.320496,0.48937035,12.2047615,0.6064491,15.553803,0.6953964,18.600468,9.894653,269.91675,10.010864,274.48712,0.6218548,12.3902645,-11.090088,1895.3297,13.509766,8276.305,0.13042688,2.888486,N-CMAPSS_DS08a-009,1
N-CMAPSS_DS08a-009 · Engine 1,72,584.8024,1356.0112,1680.4447,1183.0404,15.271592,12.125239,15.504153,18.661875,272.12732,276.48047,12.049627,1923.3531,8301.715,2.941476,9819.769,0.5016447,53.892605,508.29147,0.0,1,0,3.260315,581.5734,9.441528,1346.9797,17.480225,1657.4877,2.9465332,1173.6025,0.027801514,15.289099,-0.018455505,12.178516,0.028224945,15.521927,0.12909698,18.571169,2.8614197,269.57538,2.855194,274.10062,-0.270689,12.343006,32.10388,1896.1185,33.88965,8275.822,0.036076307,2.8878756,N-CMAPSS_DS08a-009,1
N-CMAPSS_DS08a-009 · Engine 5,1,570.0845,1334.6057,1641.6151,1129.9226,12.945496,10.064324,13.142635,15.99252,239.3618,243.62357,10.103757,1964.8173,8251.611,2.5704932,15355.068,0.5285012,60.729637,490.34897,55.0,2,1,0.0,570.0845,0.0,1334.6057,0.0,1641.6151,0.0,1129.9226,0.0,12.945496,0.0,10.064324,0.0,13.142635,0.0,15.99252,0.0,239.3618,0.0,243.62357,0.0,10.103757,0.0,1964.8173,0.0,8251.611,0.0,2.5704932,N-CMAPSS_DS08a-009,5
N-CMAPSS_DS08a-009 · Engine 5,2,574.2024,1328.0625,1611.6892,1144.1705,14.694155,11.722039,14.917922,17.744156,256.1077,260.86826,12.126574,1865.0033,8226.944,2.6974983,9230.605,0.40087605,49.797062,502.22714,54.0,2,1,4.11792,572.14343,-6.543213,1331.3341,-29.925903,1626.6521,14.247925,1137.0466,1.7486591,13.819825,1.6577148,10.893182,1.7752867,14.030279,1.7516356,16.868338,16.745895,247.73474,17.24469,252.24591,2.0228167,11.115166,-99.813965,1914.9103,-24.666992,8239.277,0.1270051,2.6339958,N-CMAPSS_DS08a-009,5
N-CMAPSS_DS08a-009 · Engine 5,3,562.6619,1306.6322,1590.8047,1106.7699,12.6013775,10.010865,12.793277,15.357859,221.87473,225.9815,9.878811,1898.8574,8159.3193,2.3054328,15371.952,0.5197367,54.34183,489.23834,53.0,2,1,-11.540466,568.9829,-21.430298,1323.1001,-20.884521,1614.703,-37.400635,1126.9543,-2.0927773,13.413676,-1.711174,10.599076,-2.1246452,13.617945,-2.3862972,16.364845,-34.23297,239.11475,-34.88675,243.4911,-2.2477627,10.703047,33.854126,1909.5593,-67.625,8212.625,-0.39206553,2.5244749,N-CMAPSS_DS08a-009,5
N-CMAPSS_DS08a-009 · Engine 5,4,554.6137,1296.0251,1585.7883,1108.2277,11.868716,9.314532,12.049458,14.500171,215.52676,219.37508,9.650787,1884.6545,8122.554,2.2826781,15877.587,0.44387552,56.171597,480.71725,52.0,2,1,-8.048218,565.3906,-10.607056,1316.3314,-5.0163574,1607.4744,1.4577637,1122.2727,-0.73266125,13.027436,-0.69633293,10.277941,-0.74381924,13.225822,-0.85768795,15.898676,-6.3479614,233.21774,-6.60643,237.4621,-0.22802353,10.439982,-14.202881,1903.3331,-36.765137,8190.1074,-0.02275467,2.4640255,N-CMAPSS_DS08a-009,5
N-CMAPSS_DS08a-009 · Engine 5,5,574.7518,1342.1694,1647.2885,1139.0117,13.736155,10.74634,13.945334,16.890913,250.55939,255.06801,10.7962265,1957.8607,8275.713,2.6828837,13461.345,0.5128349,58.8886,495.84964,51.0,2,1,20.138062,567.2629,46.144287,1321.499,61.500122,1615.4371,30.784058,1125.6205,1.8674383,13.16918,1.4318075,10.37162,1.8958769,13.369725,2.3907423,16.097124,35.032623,236.68608,35.692932,240.98328,1.1454391,10.511231,73.20618,1914.2386,153.15869,8207.229,0.4002056,2.5077972,N-CMAPSS_DS08a-009,5
N-CMAPSS_DS08a-009 · Engine 5,6,572.07806,1328.3472,1621.2968,1130.8193,13.692658,10.819198,13.901175,16.741526,244.2785,248.72241,10.811794,1913.4856,8226.713,2.5979626,13169.154,0.5093236,55.373646,496.5164,50.0,2,1,-2.673706,568.06537,-13.822266,1322.6404,-25.9917,1616.4138,-8.192383,1126.4869,-0.043496132,13.256426,0.07285786,10.446217,-0.04415989,13.4583,-0.14938736,16.204525,-6.280884,237.95148,-6.3455963,242.27313,0.01556778,10.561325,-44.375122,1914.1132,-49.0,8210.476,-0.08492112,2.5228248,N-CMAPSS_DS08a-009,5
N-CMAPSS_DS08a-009 · Engine 5,7,579.8728,1342.4993,1633.5936,1156.2291,15.312824,12.1765785,15.546015,18.542253,268.9767,273.94885,12.564968,1888.6487,8274.757,2.8553061,8315.011,0.41099468,51.020016,506.17673,49.0,2,1,7.794739,569.75214,14.1521,1325.4773,12.296875,1618.868,25.40979,1130.7358,1.6201658,13.550198,1.3573809,10.693411,1.6448402,13.756545,1.8007278,16.538485,24.698212,242.38365,25.22644,246.79823,1.7531738,10.84756,-24.836914,1910.4753,48.043945,8219.659,0.25734353,2.570322,N-CMAPSS_DS08a-009,5
N-CMAPSS_DS08a-009 · Engine 5,8,571.578,1332.6918,1631.6089,1136.3875,13.597815,10.681218,13.804889,16.642832,245.7625,250.20572,10.878299,1927.9797,8244.086,2.6182253,12949.762,0.47435725,56.68104,494.67798,48.0,2,1,-8.2948,569.9804,-9.807495,1326.3792,-1.9847412,1620.4607,-19.841675,1131.4423,-1.7150097,13.5561495,-1.4953604,10.691887,-1.7411261,13.7625885,-1.8994217,16.551529,-23.214218,242.80602,-23.743134,247.22418,-1.6866693,10.851402,39.331055,1912.6635,-30.670898,8222.712,-0.23708081,2.5763102,N-CMAPSS_DS08a-009,5
N-CMAPSS_DS08a-009 · Engine 5,9,574.94116,1341.6005,1645.8735,1132.7686,13.476219,10.538309,13.681441,16.617882,245.9615,250.39343,10.371626,1967.1638,8275.86,2.6219182,14408.603,0.5479862,59.3418,495.67398,47.0,2,1,3.3631592,570.5316,8.908691,1328.0704,14.264648,1623.2843,-3.6188965,1131.5896,-0.12159538,13.547268,-0.14290905,10.674823,-0.12344742,13.7535715,-0.024950027,16.5589,0.19900513,243.15662,0.18771362,247.57631,-0.50667286,10.798094,39.184082,1918.719,31.774414,8228.617,0.0036928654,2.5813775,N-CMAPSS_DS08a-009,5
N-CMAPSS_DS08a-009 · Engine 5,10,571.3501,1337.7814,1647.9529,1127.0756,12.723427,9.853822,12.917184,15.802233,237.03505,241.19986,9.720811,1982.137,8260.627,2.5622637,16638.547,0.57398754,63.068886,489.9106,46.0,2,1,-3.5910645,570.61346,-3.8190918,1329.0415,2.0793457,1625.7511,-5.692993,1131.1382,-0.75279236,13.464884,-0.68448734,10.592723,-0.76425743,13.669933,-0.81564903,16.483234,-8.926453,242.54446,-9.193573,246.93867,-0.650815,10.690365,14.973145,1925.0608,-15.233398,8231.818,-0.059654474,2.5794663,N-CMAPSS_DS08a-009,5
N-CMAPSS_DS08a-009 · Engine 5,11,574.9507,1341.5436,1645.9912,1132.851,13.476091,10.538309,13.681311,16.61815,245.89531,250.332,10.371558,1967.1638,8275.763,2.6220515,14408.603,0.5479862,59.3418,495.67398,45.0,2,1,3.600586,571.10004,3.762207,1329.7354,-1.9616699,1626.1887,5.7753906,1131.431,0.75266457,13.517943,0.68448734,10.640121,0.7641268,13.723801,0.81591797,16.545797,8.86026,243.19781,9.132141,247.60951,0.6507473,10.717146,-14.973145,1925.2954,15.135742,8234.233,0.05978775,2.5846221,N-CMAPSS_DS08a-009,5
N-CMAPSS_DS08a-009 · Engine 5,12,567.34064,1333.7361,1648.7418,1121.9955,12.1652,9.376873,12.350457,15.132837,228.59998,232.59857,9.290316,1995.081,8249.787,2.4647918,18237.4,0.58091164,65.05716,484.79245,44.0,2,1,-7.6100464,570.4139,-7.807495,1330.3026,2.7506104,1629.894,-10.855469,1129.2136,-1.3108912,13.265048,-1.1614361,10.405604,-1.3308535,13.467054,-1.4853134,16.284666,-17.295334,240.44704,-17.733429,244.78255,-1.0812426,10.433519,27.917236,1938.3032,-25.975586,8236.518,-0.1572597,2.5613513,N-CMAPSS_DS08a-009,5
N-CMAPSS_DS08a-009 · Engine 5,13,572.8732,1338.6792,1644.58,1136.5929,13.398062,10.452963,13.602096,16.500513,245.78693,250.16423,10.549731,1954.819,8262.987,2.6441443,14235.232,0.5141021,59.797264,493.53223,43.0,2,1,5.532593,571.435,4.943115,1333.5073,-4.161865,1635.2715,14.597412,1132.1959,1.2328615,13.344717,1.0760899,10.449814,1.2516384,13.5479355,1.3676758,16.398932,17.18695,242.83826,17.565659,247.20082,1.2594156,10.500611,-40.262085,1943.8994,13.200195,8246.885,0.17935252,2.5952225,N-CMAPSS_DS08a-009,5
N-CMAPSS_DS08a-009 · Engine 5,14,570.80145,1334.5833,1640.6451,1132.1396,13.1214695,10.232625,13.32129,16.189957,241.37317,245.64478,10.254297,1956.3618,8246.844,2.6003773,15015.889,0.5309409,60.38167,491.57748,42.0,2,1,-2.0717773,573.0538,-4.0959473,1337.3632,-3.9348145,1640.7572,-4.453247,1134.587,-0.27659225,13.469992,-0.22033787,10.541623,-0.2808056,13.675119,-0.3105564,16.56791,-4.4137573,245.4229,-4.519455,249.82779,-0.295434,10.560963,1.5428467,1951.0701,-16.143555,8259.313,-0.043766975,2.6269925,N-CMAPSS_DS08a-009,5
N-CMAPSS_DS08a-009 · Engine 5,15,576.3487,1351.747,1670.1075,1139.3542,13.117991,10.081306,13.317758,16.371405,248.34052,252.64226,9.996261,2004.454,8305.38,2.720982,16111.212,0.57896763,65.018715,492.51932,41.0,2,1,5.547241,573.2135,17.163696,1338.3209,29.462402,1643.0392,7.2145996,1134.6213,-0.0034780502,13.408175,-0.15131855,10.475121,-0.0035324097,13.612362,0.18144798,16.515959,6.967346,245.20102,6.9974823,249.5852,-0.2580366,10.480967,48.092163,1955.7295,58.536133,8262.28,0.12060475,2.6308024,N-CMAPSS_DS08a-009,5
N-CMAPSS_DS08a-009 · Engine 5,16,573.4982,1337.1249,1640.0635,1131.2433,13.383184,10.4791565,13.586989,16.49076,243.61723,247.9949,10.338638,1956.4048,8258.942,2.6039436,14519.73,0.54496986,59.0033,494.85648,40.0,2,1,-2.8504639,573.35547,-14.62207,1339.1987,-30.044067,1644.9158,-8.110962,1134.6637,0.265193,13.377229,0.39785004,10.441116,0.2692318,13.580943,0.119356155,16.490883,-4.723282,245.13489,-4.647354,249.51247,0.34237766,10.433651,-48.049194,1960.0214,-46.4375,8265.503,-0.11703849,2.6314003,N-CMAPSS_DS08a-009,5
N-CMAPSS_DS08a-009 · Engine 5,17,565.72046,1317.8068,1611.1461,1120.2068,12.893099,10.178983,13.089441,15.760175,230.52754,234.71559,10.199897,1915.8021,8194.619,2.4302895,14651.537,0.5022506,56.420033,490.28226,39.0,2,1,-7.777771,571.94025,-19.318115,1336.7295,-28.917358,1642.671,-11.036499,1131.0615,-0.4900856,13.135256,-0.30017376,10.241357,-0.4975481,13.335285,-0.73058605,16.212675,-13.089691,241.28998,-13.279312,245.58914,-0.1387415,10.197144,-40.60266,1962.7367,-64.32324,8257.489,-0.17365408,2.5888987,N-CMAPSS_DS08a-009,5
N-CMAPSS_DS08a-009 · Engine 5,18,570.5579,1335.3159,1644.3734,1128.7423,12.785183,9.921083,12.97988,15.843407,237.20178,241.37173,9.860813,1969.5105,8249.897,2.564859,16256.186,0.5584079,62.131863,489.9055,38.0,2,1,4.8374634,571.83826,17.509155,1336.9918,33.227295,1643.9475,8.535522,1130.297,-0.10791588,13.053992,-0.25789928,10.165343,-0.10956097,13.252785,0.083231926,16.132732,6.67424,240.4339,6.656143,244.70573,-0.33908367,10.095395,53.708374,1966.8898,55.27832,8258.07,0.1345694,2.5835621,N-CMAPSS_DS08a-009,5
N-CMAPSS_DS08a-009 · Engine 5,19,577.2802,1342.946,1641.5745,1148.2974,14.465814,11.393321,14.686106,17.670177,260.22775,264.94473,11.596019,1924.5398,8278.289,2.7736456,10726.354,0.4577774,54.635307,501.06744,37.0,2,0,6.72229,572.07214,7.630127,1337.1265,-2.7989502,1643.5176,19.555054,1131.8499,1.6806307,13.152952,1.4722376,10.250844,1.7062254,13.353251,1.8267708,16.23796,23.02597,241.86052,23.572998,246.16086,1.7352057,10.217834,-44.970703,1962.6274,28.391602,8258.313,0.20878673,2.5987349,N-CMAPSS_DS08a-009,5
N-CMAPSS_DS08a-009 · Engine 5,20,571.8751,1336.7959,1644.947,1133.6155,13.112147,10.196053,13.311824,16.213554,242.51859,246.78491,10.203887,1960.1902,8255.025,2.627491,15214.76,0.54024357,61.10619,491.88904,36.0,2,0,-5.4050903,572.12463,-6.1501465,1337.0278,3.3725586,1643.217,-14.681885,1132.5039,-1.3536663,13.191824,-1.1972685,10.285068,-1.3742819,13.392715,-1.4566231,16.279093,-17.709167,242.40887,-18.15982,246.71938,-1.3921318,10.266142,35.65039,1960.4327,-23.263672,8257.754,-0.14615464,2.6052575,N-CMAPSS_DS08a-009,5
N-CMAPSS_DS08a-009 · Engine 5,21,574.94507,1333.7412,1625.1696,1136.8761,14.151593,11.231774,14.3671,17.231434,249.77385,254.36787,11.251849,1910.8242,8246.404,2.629872,11694.499,0.48511326,53.6519,500.0957,35.0,2,0,3.0699463,572.1241,-3.0546875,1336.2476,-19.777466,1641.1349,3.26062,1132.9064,1.0394459,13.259375,1.0357218,10.354414,1.0552759,13.461294,1.0178795,16.340422,7.2552643,242.79674,7.582962,247.12296,1.0479622,10.354171,-49.365967,1954.7987,-8.621094,8254.817,0.0023810863,2.6060395,N-CMAPSS_DS08a-009,5
N-CMAPSS_DS08a-009 · Engine 5,22,572.2316,1337.0209,1644.1398,1128.9597,13.037431,10.166335,13.2359705,16.11444,239.21973,243.49596,10.001792,1969.4999,8257.96,2.566308,15694.056,0.56281126,60.788155,492.3428,34.0,2,0,-2.71344,572.6132,3.279663,1336.576,18.970215,1640.6747,-7.916382,1133.6028,-1.1141624,13.346598,-1.0654392,10.43336,-1.1311293,13.549846,-1.116993,16.438581,-10.554123,243.8587,-10.871918,248.21269,-1.2500572,10.425319,58.67566,1952.2406,11.555664,8255.635,-0.06356406,2.6161911,N-CMAPSS_DS08a-009,5
N-CMAPSS_DS08a-009 · Engine 5,23,570.56964,1335.3536,1644.7758,1129.1349,12.784917,9.921083,12.9796095,15.843213,237.24959,241.41254,9.861153,1969.5112,8250.1045,2.5656803,16256.186,0.5584079,62.131863,489.9055,33.0,2,0,-1.6619873,572.3828,-1.6672363,1336.2435,0.6359863,1640.6942,0.1751709,1132.8569,-0.2525139,13.285283,-0.24525166,10.380172,-0.256361,13.4875965,-0.27122784,16.372852,-1.9701385,243.00497,-2.0834198,247.33752,-0.1406393,10.356461,0.011352539,1953.7098,-7.8554688,8254.347,-0.0006277561,2.6083448,N-CMAPSS_DS08a-009,5
N-CMAPSS_DS08a-009 · Engine 5,24,565.54816,1325.6116,1632.7218,1120.4075,12.396636,9.648759,12.585417,15.310828,228.69478,232.74895,9.605173,1963.58,8221.83,2.4452043,16900.48,0.54559124,61.72581,486.04352,32.0,2,0,-5.0214844,571.85754,-9.742065,1335.3464,-12.053955,1639.9019,-8.727417,1131.6837,-0.38828087,13.212799,-0.27232456,10.321785,-0.3941927,13.414009,-0.5323849,16.284939,-8.55481,241.73714,-8.6635895,246.04794,-0.25597954,10.291548,-5.9312744,1954.4316,-28.274414,8251.846,-0.12047601,2.5928276,N-CMAPSS_DS08a-009,5
N-CMAPSS_DS08a-009 · Engine 5,25,577.81714,1349.857,1659.6843,1146.3715,13.962025,10.886855,14.174644,17.210537,256.6997,261.28412,10.899193,1969.1301,8302.431,2.762006,12814.534,0.5135627,59.120087,498.22604,31.0,2,0,12.268982,572.00433,24.245483,1335.1573,26.962524,1638.8596,25.96399,1132.3855,1.5653887,13.297203,1.2380962,10.40234,1.5892277,13.499699,1.8997087,16.368853,28.004929,242.57306,28.535172,246.91212,1.2940197,10.381842,5.550171,1950.8993,80.600586,8251.551,0.3168018,2.59693,N-CMAPSS_DS08a-009,5
N-CMAPSS_DS08a-009 · Engine 5,26,570.2845,1333.7633,1640.966,1125.236,12.770995,9.950717,12.965479,15.789698,234.76743,238.9484,9.785587,1970.8246,8249.05,2.507156,16121.37,0.5605332,60.963974,490.4747,30.0,2,0,-7.532654,571.683,-16.09375,1334.8213,-18.718384,1638.9498,-21.135498,1131.7848,-1.1910295,13.235984,-0.93613815,10.349497,-1.2091656,13.437547,-1.4208393,16.298746,-21.932281,241.68808,-22.335724,246.00748,-1.1136055,10.326536,1.694458,1952.3413,-53.38086,8250.561,-0.25485015,2.5872512,N-CMAPSS_DS08a-009,5
N-CMAPSS_DS08a-009 · Engine 5,27,567.91046,1332.0193,1643.4858,1128.1097,12.6381035,9.806863,12.830563,15.624546,234.57866,238.69159,9.874842,1969.7732,8241.438,2.5297098,16620.867,0.5425978,62.81188,487.12714,29.0,2,0,-2.3740234,571.902,-1.7440186,1336.2424,2.5198975,1642.1838,2.8737793,1132.5751,-0.13289165,13.2104845,-0.14385414,10.312284,-0.1349163,13.411659,-0.1651516,16.285183,-0.18876648,242.09319,-0.25680542,246.40508,0.08925438,10.294031,-1.0513916,1957.7384,-7.611328,8255.243,0.02255392,2.5971932,N-CMAPSS_DS08a-009,5
N-CMAPSS_DS08a-009 · Engine 5,28,570.1138,1337.2069,1650.9862,1130.5511,12.716104,9.841696,12.90975,15.773729,237.3658,241.51636,9.822996,1981.8772,8258.895,2.5676167,16445.031,0.5544522,63.185886,488.66473,28.0,2,0,2.203308,571.85754,5.187622,1336.4316,7.500366,1642.8451,2.4414062,1132.756,0.07800007,13.203576,0.034832954,10.304346,0.07918739,13.404646,0.14918327,16.278215,2.78714,242.10959,2.824768,246.41954,-0.05184555,10.290249,12.104004,1958.9751,17.456055,8256.143,0.037906885,2.5974689,N-CMAPSS_DS08a-009,5
N-CMAPSS_DS08a-009 · Engine 5,29,570.11334,1337.4087,1650.8286,1130.4199,12.716468,9.841696,12.91012,15.774087,237.50623,241.64684,9.823137,1981.8772,8258.687,2.5674918,16445.031,0.5544522,63.185886,488.66473,27.0,2,0,-0.0004272461,571.14087,0.20178223,1335.8778,-0.15759277,1643.7705,-0.13122559,1130.9681,0.0003643036,13.028642,0.0,10.149183,0.00037002563,13.227048,0.00035762787,16.088606,0.14042664,239.83743,0.1304779,244.08975,0.0001411438,10.112961,0.0,1964.7087,-0.20800781,8254.183,-0.00012493134,2.5768535,N-CMAPSS_DS08a-009,5
N-CMAPSS_DS08a-009 · Engine 5,30,578.73474,1340.1267,1632.5746,1145.1799,14.770069,11.757123,14.994993,17.951874,259.0989,263.86194,11.769295,1908.91,8266.192,2.733389,10434.371,0.4811129,52.786076,504.1716,26.0,2,0,8.621399,571.82684,2.7180176,1336.2109,-18.254028,1642.5332,14.76001,1132.1246,2.0536013,13.194434,1.9154272,10.30529,2.0848732,13.395365,2.1777868,16.262438,21.592682,241.49547,22.215103,245.79745,1.9461575,10.269502,-72.96716,1959.5808,7.5058594,8255.299,0.16589713,2.5874434,N-CMAPSS_DS08a-009,5
N-CMAPSS_DS08a-009 · Engine 5,31,577.67615,1335.6216,1624.7728,1147.0436,14.840301,11.840808,15.066296,17.977966,258.54803,263.3117,11.998157,1886.1239,8249.649,2.725022,9628.1455,0.44699135,50.965427,504.47363,25.0,2,0,-1.0585938,572.1,-4.505127,1336.3989,-7.801758,1642.4935,1.8636475,1133.1414,0.07023144,13.263305,0.08368492,10.366194,0.071302414,13.465284,0.02609253,16.337091,-0.5508728,242.37288,-0.55023193,246.69183,0.22886181,10.344132,-22.786133,1957.1107,-16.542969,8255.624,-0.008366823,2.5969584,N-CMAPSS_DS08a-009,5
N-CMAPSS_DS08a-009 · Engine 5,32,576.40735,1351.6139,1673.3596,1141.9982,13.114935,10.081306,13.314655,16.370832,248.12526,252.38588,9.993307,2004.4545,8303.531,2.7241104,16111.212,0.57896763,65.018715,492.51932,24.0,2,0,-1.2687988,572.5175,15.99231,1337.8583,48.586792,1645.4155,-5.04541,1134.4452,-1.7253656,13.271055,-1.7595015,10.357691,-1.7516403,13.473152,-1.6071339,16.362732,-10.422775,243.26344,-10.925827,247.58083,-2.0048494,10.343284,118.33057,1960.6062,53.881836,8260.181,-0.00091171265,2.6127386,N-CMAPSS_DS08a-009,5
N-CMAPSS_DS08a-009 · Engine 5,33,570.4898,1335.1655,1644.4596,1130.185,12.934189,10.062684,13.131156,15.980504,238.91354,243.1153,10.023569,1968.1459,8252.853,2.5598807,15504.85,0.5365296,60.66391,490.71222,23.0,2,0,-5.9175415,572.5095,-16.448364,1337.8395,-28.900024,1645.3839,-11.81311,1134.5503,-0.18074608,13.285982,-0.018622398,10.371851,-0.18349934,13.488307,-0.3903284,16.376461,-9.211716,243.42984,-9.270584,247.7511,0.030261993,10.359526,-36.308594,1960.4696,-50.67871,8260.455,-0.16422963,2.6121588,N-CMAPSS_DS08a-009,5
N-CMAPSS_DS08a-009 · Engine 5,34,569.418,1337.61,1656.2839,1130.3743,12.432085,9.567538,12.621406,15.486375,234.86131,238.89095,9.513053,1992.1731,8257.581,2.5536642,17428.506,0.5727685,64.476135,486.89374,22.0,2,0,-1.0717773,572.89655,2.444458,1339.0393,11.824341,1647.7401,0.18920898,1135.5469,-0.5021038,13.289527,-0.4951458,10.363729,-0.50975037,13.491906,-0.49412918,16.394014,-4.052231,244.0465,-4.22435,248.36531,-0.51051617,10.350313,24.027222,1963.329,4.7285156,8264.03,-0.006216526,2.6230047,N-CMAPSS_DS08a-009,5
N-CMAPSS_DS08a-009 · Engine 5,35,564.9918,1328.9642,1645.204,1122.8489,12.152927,9.387475,12.337998,15.096987,228.38661,232.3181,9.348244,1985.7885,8230.548,2.4629805,17941.59,0.5611006,64.27296,483.4759,21.0,2,0,-4.4262085,571.614,-8.645752,1336.95,-11.079956,1646.2921,-7.5253906,1133.1947,-0.27915764,13.108618,-0.18006325,10.213791,-0.2834072,13.308242,-0.38938808,16.18266,-6.474701,241.21518,-6.5728455,245.4687,-0.16480923,10.195219,-6.3846436,1964.9948,-27.033203,8256.843,-0.0906837,2.593102,N-CMAPSS_DS08a-009,5
N-CMAPSS_DS08a-009 · Engine 5,36,570.8914,1334.4398,1644.4624,1135.253,13.116924,10.232625,13.316675,16.189743,241.17433,245.38124,10.249846,1956.3643,8244.73,2.6029725,15015.889,0.5309409,60.38167,491.57748,20.0,2,0,5.899597,571.6747,5.475586,1337.0177,-0.74157715,1646.6417,12.404175,1134.1964,0.9639969,13.14321,0.84515,10.2419815,0.9786768,13.343361,1.0927563,16.222664,12.78772,241.85587,13.063141,246.11198,0.90160275,10.241645,-29.424194,1963.5488,14.182617,8256.41,0.139992,2.6026838,N-CMAPSS_DS08a-009,5
N-CMAPSS_DS08a-009 · Engine 5,37,571.26495,1323.7233,1613.1238,1140.622,14.152546,11.276844,14.368068,17.13032,247.89122,252.39801,11.546825,1874.5637,8210.795,2.601865,10434.208,0.42138648,50.45521,499.07065,19.0,2,0,0.37353516,572.01013,-10.716553,1336.1881,-31.338623,1643.6056,5.3688965,1135.4476,1.0356216,13.294655,1.044219,10.38898,1.0513926,13.497111,0.94057655,16.373241,6.7168884,243.18712,7.0167694,247.48264,1.296979,10.408843,-81.80054,1954.0278,-33.935547,8253.346,-0.0011074543,2.6098993,N-CMAPSS_DS08a-009,5
N-CMAPSS_DS08a-009 · Engine 5,38,578.7978,1337.0388,1629.5521,1147.0353,14.778468,11.787123,15.00352,17.965033,258.06177,262.74146,11.772454,1894.2797,8250.585,2.7368927,10264.728,0.48356205,52.151432,504.89142,18.0,2,0,7.532837,572.87854,13.315552,1336.1713,16.428345,1641.4622,6.41333,1137.096,0.6259222,13.500891,0.5102787,10.583522,0.6354523,13.706489,0.834713,16.592373,10.1705475,245.25671,10.343445,249.60513,0.22562885,10.603788,19.715942,1945.2681,39.79004,8252.516,0.13502765,2.6268268,N-CMAPSS_DS08a-009,5
N-CMAPSS_DS08a-009 · Engine 5,39,571.45624,1337.992,1654.3049,1132.3036,12.716437,9.853822,12.910088,15.799603,236.8188,240.88419,9.714785,1982.137,8256.176,2.5676591,16638.547,0.57398754,63.068886,489.9106,17.0,2,0,-7.3415527,573.0128,0.953125,1336.2296,24.752808,1641.8098,-14.731689,1137.2844,-2.0620308,13.500888,-1.933301,10.584735,-2.0934324,13.706486,-2.165429,16.594923,-21.242966,245.18797,-21.85727,249.52887,-2.0576696,10.592954,87.8573,1945.2941,5.5908203,8252.264,-0.16923356,2.6268437,N-CMAPSS_DS08a-009,5
N-CMAPSS_DS08a-009 · Engine 5,40,572.8538,1332.8118,1635.7076,1136.5144,13.54635,10.675965,13.75264,16.606352,243.09355,247.40756,10.637907,1931.9258,8239.199,2.5895278,13643.143,0.51702696,56.875496,495.79425,16.0,2,0,1.397583,572.42474,-5.180176,1335.498,-18.59729,1642.123,4.2108154,1136.4178,0.8299122,13.378516,0.82214355,10.476619,0.8425522,13.582251,0.8067484,16.460371,6.2747498,243.58745,6.5233765,247.88344,0.9231224,10.479815,-50.21118,1947.5956,-16.976562,8249.564,0.021868706,2.6124575,N-CMAPSS_DS08a-009,5
N-CMAPSS_DS08a-009 · Engine 5,41,570.7797,1333.8602,1644.5243,1136.2487,13.054923,10.198941,13.253728,16.081968,239.00304,243.14783,10.232592,1953.0996,8244.26,2.5578718,14811.668,0.517205,59.393612,491.8014,15.0,2,0,-2.0740967,571.7351,1.0484619,1335.3219,8.81665,1644.0983,-0.26574707,1135.3384,-0.49142647,13.199979,-0.47702408,10.312432,-0.49891186,13.400993,-0.52438354,16.270771,-4.090515,241.63295,-4.259735,245.86705,-0.4053154,10.303258,21.173828,1954.2932,5.060547,8249.025,-0.031656027,2.5957425,N-CMAPSS_DS08a-009,5
N-CMAPSS_DS08a-009 · Engine 5,42,577.95984,1350.0203,1666.2216,1151.7603,13.951667,10.886855,14.164129,17.206932,256.61816,261.06802,10.892284,1969.1301,8298.406,2.767372,12814.534,0.5135627,59.120087,498.22604,14.0,2,0,7.1801147,571.8903,16.160034,1335.1626,21.697266,1643.3844,15.511597,1136.3146,0.8967438,13.283651,0.6879139,10.392987,0.91040134,13.485941,1.1249638,16.354382,17.615128,242.48224,17.920197,246.73526,0.65969276,10.393156,16.030518,1950.7607,54.146484,8248.514,0.20950007,2.6000686,N-CMAPSS_DS08a-009,5
N-CMAPSS_DS08a-009 · Engine 5,43,573.76025,1332.9124,1635.0444,1139.002,13.780529,10.899665,13.990384,16.853004,245.79807,250.1565,10.817836,1925.3796,8241.11,2.6001165,12668.636,0.5042492,54.898357,497.98358,13.0,2,0,-4.199585,572.2174,-17.10791,1334.9373,-31.177124,1642.4429,-12.758301,1137.1963,-0.17113781,13.368286,0.012809753,10.476686,-0.17374516,13.571863,-0.3539276,16.441631,-10.820099,243.17068,-10.91153,247.43939,-0.074448586,10.472583,-43.75049,1946.4841,-57.2959,8247.339,-0.1672554,2.6040921,N-CMAPSS_DS08a-009,5
N-CMAPSS_DS08a-009 · Engine 5,44,577.31384,1339.8795,1645.11,1149.7356,14.279783,11.282236,14.497242,17.473293,255.42664,259.89914,11.293573,1922.1761,8260.193,2.7394428,11628.72,0.49652347,55.31957,500.96957,12.0,2,0,3.5535889,573.00696,6.967163,1335.1642,10.065552,1641.3256,10.733643,1139.1323,0.49925423,13.553056,0.38257122,10.648155,0.5068579,13.759447,0.62028885,16.640324,9.628571,245.22722,9.742645,249.5402,0.47573757,10.650635,-3.2034912,1939.4844,19.083008,8247.601,0.13932633,2.6226702,N-CMAPSS_DS08a-009,5
N-CMAPSS_DS08a-009 · Engine 5,45,576.0691,1328.8624,1620.6165,1146.0121,14.61004,11.715261,14.832528,17.681715,251.88191,256.42078,11.727504,1874.0803,8221.863,2.643226,10102.466,0.46192172,49.92651,503.94748,11.0,2,0,-1.244751,574.1147,-11.01709,1335.154,-24.49353,1638.8667,-3.7235107,1141.4487,0.33025646,13.798767,0.43302536,10.880934,0.33528614,14.0089,0.2084217,16.898796,-3.5447235,247.57675,-3.478363,251.95047,0.4339304,10.88856,-48.095825,1928.3136,-38.33008,8246.731,-0.09621692,2.6406946,N-CMAPSS_DS08a-009,5
N-CMAPSS_DS08a-009 · Engine 5,46,581.04474,1343.5526,1646.7026,1159.1113,15.0094385,11.946762,15.238008,18.277437,263.83005,268.46674,11.984458,1903.5044,8267.643,2.8242333,9822.48,0.47866884,52.950558,506.05994,10.0,2,0,4.975647,575.13,14.690186,1336.0653,26.086182,1639.0908,13.099243,1143.8345,0.3993988,13.988018,0.23150063,11.052347,0.40547943,14.201034,0.5957222,17.107565,11.948135,249.84232,12.045959,254.25902,0.2569542,11.062022,29.424072,1923.0276,45.779297,8249.023,0.18100739,2.6628208,N-CMAPSS_DS08a-009,5
N-CMAPSS_DS08a-009 · Engine 5,47,573.1535,1344.1478,1671.1528,1141.732,12.805151,9.900498,13.000153,15.942494,240.12875,244.13426,9.7484665,1997.0458,8275.427,2.6092591,16430.98,0.57311535,63.726135,490.53177,9.0,2,0,-7.8912354,575.3189,0.59521484,1338.1078,24.450195,1644.8937,-17.379272,1143.9456,-2.2042875,13.853279,-2.0462637,10.914713,-2.237855,14.064241,-2.3349428,16.988783,-23.701294,249.06607,-24.332474,253.43265,-2.2359915,10.882186,93.54138,1935.2759,7.7841797,8255.486,-0.21497416,2.6635602,N-CMAPSS_DS08a-009,5
N-CMAPSS_DS08a-009 · Engine 5,48,574.46643,1347.1985,1676.8187,1149.9733,13.141741,10.174895,13.341867,16.32376,245.75793,249.84341,10.153762,1992.6873,8282.438,2.6789036,15425.437,0.549241,63.24118,492.00027,8.0,2,0,1.3129272,574.88574,3.0506592,1339.1238,5.6658936,1649.6204,8.241211,1144.2393,0.3365898,13.689606,0.2743969,10.75349,0.34171486,13.898077,0.3812647,16.824656,5.629181,247.8357,5.709152,252.14284,0.40529537,10.720317,-4.3585205,1945.1166,7.0117188,8258.672,0.06964445,2.657761,N-CMAPSS_DS08a-009,5
N-CMAPSS_DS08a-009 · Engine 5,49,572.1184,1334.7305,1653.4249,1141.8928,13.129256,10.273374,13.329193,16.20762,239.98834,244.02136,10.178077,1954.9171,8239.791,2.5899842,15036.028,0.5428714,59.650852,492.89868,7.0,2,0,-2.3480225,574.95197,-12.468018,1338.7976,-23.393799,1649.5323,-8.080444,1145.1982,-0.0124845505,13.730887,0.09847832,10.795445,-0.012674332,13.939987,-0.11613846,16.865458,-5.7695923,248.15265,-5.822052,252.45656,0.02431488,10.766645,-37.77014,1942.3947,-42.64746,8257.033,-0.0889194,2.6599936,N-CMAPSS_DS08a-009,5
N-CMAPSS_DS08a-009 · Engine 5,50,570.1981,1330.422,1649.7853,1145.4263,13.163716,10.318941,13.364179,16.192219,239.67397,243.69263,10.410416,1939.2123,8225.023,2.5848255,14438.901,0.5054609,58.441864,491.92334,6.0,2,0,-1.9202881,574.6864,-4.3084717,1338.5586,-3.6396484,1650.9401,3.5334473,1146.0895,0.034460068,13.692624,0.045567513,10.759743,0.034985542,13.901141,-0.01540184,16.824045,-0.31437683,247.81068,-0.32873535,252.08507,0.2323389,10.7438965,-15.704834,1943.1233,-14.767578,8255.615,-0.005158663,2.6595235,N-CMAPSS_DS08a-009,5
N-CMAPSS_DS08a-009 · Engine 5,51,579.1006,1337.3595,1644.0753,1158.8848,14.76187,11.787123,14.9866705,17.962114,257.6612,262.10532,11.761745,1894.2797,8243.385,2.752869,10264.728,0.48356205,52.151432,504.89142,5.0,2,0,8.902466,575.5185,6.9375,1338.9086,-5.709961,1650.8953,13.458496,1148.353,1.5981541,13.863319,1.4681816,10.918561,1.6224918,14.074435,1.7698956,17.012058,17.987228,249.6765,18.41269,253.98082,1.3513298,10.896812,-44.932617,1937.2412,18.361328,8255.528,0.16804338,2.6790233,N-CMAPSS_DS08a-009,5
N-CMAPSS_DS08a-009 · Engine 5,52,576.80725,1351.7246,1692.2843,1157.2864,13.088998,10.081306,13.288322,16.361088,247.52133,251.46797,9.97369,2004.4514,8291.852,2.7401516,16111.212,0.57896763,65.018715,492.51932,4.0,2,0,-2.293335,575.4032,14.365112,1339.079,48.208984,1653.5015,-1.5983887,1148.9056,-1.6728725,13.777052,-1.7058163,10.838006,-1.698348,13.986855,-1.6010265,16.927475,-10.139862,248.76682,-10.637344,253.02081,-1.7880554,10.804953,110.17175,1940.7734,48.466797,8254.873,-0.012717247,2.6763012,N-CMAPSS_DS08a-009,5
N-CMAPSS_DS08a-009 · Engine 5,53,571.0566,1335.2902,1667.4076,1147.3987,12.755794,9.921083,12.950046,15.833655,236.50099,240.30635,9.839594,1969.5084,8236.333,2.5846303,16256.186,0.5584079,62.131863,489.9055,3.0,2,0,-5.7506714,575.1329,-16.434448,1339.3168,-24.876709,1656.7378,-9.887695,1149.7454,-0.33320427,13.674579,-0.160223,10.740149,-0.33827686,13.882821,-0.52743244,16.825539,-11.02034,247.83711,-11.161621,252.0358,-0.13409615,10.707129,-34.942993,1945.1863,-55.518555,8254.395,-0.1555214,2.6747525,N-CMAPSS_DS08a-009,5
N-CMAPSS_DS08a-009 · Engine 5,54,579.35315,1348.5991,1679.3787,1166.2634,14.117437,11.0873995,14.332423,17.395391,256.31427,260.51337,11.032309,1956.3091,8280.501,2.78824,12510.733,0.5191117,58.233196,499.9683,2.0,2,0,8.29657,575.3368,13.30896,1340.1887,11.971069,1660.1647,18.864746,1151.3981,1.3616438,13.658344,1.166316,10.720664,1.3823776,13.866339,1.5617361,16.817749,19.813278,247.92587,20.207016,252.09721,1.1927147,10.681002,-13.199341,1948.5996,44.16797,8256.426,0.2036097,2.6796322,N-CMAPSS_DS08a-009,5
N-CMAPSS_DS08a-009 · Engine 5,55,574.69977,1343.687,1685.9507,1165.6487,13.315366,10.334998,13.518138,16.5465,248.62982,252.52338,10.413943,1969.7247,8259.053,2.760049,14608.595,0.52942157,62.24471,492.90723,1.0,2,0,-4.6533813,575.1998,-4.9121094,1341.6711,6.5720215,1666.6981,-0.6147461,1153.3618,-0.8020716,13.528877,-0.75240135,10.582638,-0.8142853,13.7348995,-0.8488922,16.704227,-7.6844482,247.60066,-7.98999,251.70747,-0.6183653,10.549646,13.415649,1958.1641,-21.448242,8260.145,-0.028190851,2.6913145,N-CMAPSS_DS08a-009,5
N-CMAPSS_DS08a-009 · Engine 5,56,570.40686,1328.885,1661.8641,1153.1445,12.975475,10.177095,13.173073,16.022556,236.7312,240.46878,10.146892,1940.0978,8209.769,2.5890472,15198.939,0.5344808,59.524887,491.43573,0.0,2,0,-4.2929077,574.13605,-14.802002,1340.2045,-24.086548,1668.2142,-12.50415,1152.7651,-0.33989048,13.32548,-0.15790272,10.405671,-0.34506512,13.528406,-0.52394295,16.47874,-11.898621,244.89078,-12.054596,248.90768,-0.2670517,10.36589,-29.626953,1961.8234,-49.28418,8254.357,-0.17100191,2.667796,N-CMAPSS_DS08a-009,5
N-CMAPSS_DS08a-009 · Engine 9,1,578.85974,1338.1362,1625.3586,1141.5634,14.734859,11.73383,14.9592495,17.915955,257.6809,262.46686,11.72888,1899.6903,8258.674,2.7229347,10441.2295,0.4837612,52.665703,504.55188,94.0,1,1,0.0,578.85974,0.0,1338.1362,0.0,1625.3586,0.0,1141.5634,0.0,14.734859,0.0,11.73383,0.0,14.9592495,0.0,17.915955,0.0,257.6809,0.0,262.46686,0.0,11.72888,0.0,1899.6903,0.0,8258.674,0.0,2.7229347,N-CMAPSS_DS08a-009,9
N-CMAPSS_DS08a-009 · Engine 9,2,585.19916,1351.6774,1643.0448,1154.3114,15.565151,12.364951,15.802185,18.961056,274.0968,279.15472,12.358039,1910.9993,8303.577,2.930139,9034.825,0.4876599,53.027596,509.85233,93.0,1,1,6.3394165,582.0294,13.541138,1344.9067,17.686157,1634.2017,12.748047,1147.9374,0.83029175,15.150005,0.6311207,12.049391,0.84293556,15.380717,1.0451012,18.438505,16.415894,265.88885,16.687866,270.8108,0.629159,12.043459,11.30896,1905.3447,44.90332,8281.125,0.20720434,2.826537,N-CMAPSS_DS08a-009,9
N-CMAPSS_DS08a-009 · Engine 9,3,584.359,1351.8477,1645.6366,1151.5905,15.285257,12.125239,15.518029,18.654018,269.90573,274.88992,12.044772,1923.3525,8303.629,2.878256,9819.769,0.5016447,53.892605,508.29147,92.0,1,1,-0.8401489,582.80597,0.17028809,1347.2205,2.5917969,1638.0133,-2.7209473,1149.155,-0.27989388,15.195089,-0.23971176,12.074674,-0.28415585,15.426488,-0.30703735,18.510344,-4.1910706,267.2278,-4.264801,272.1705,-0.31326675,12.043897,12.3532715,1911.3474,0.051757812,8288.627,-0.051882982,2.8437767,N-CMAPSS_DS08a-009,9
N-CMAPSS_DS08a-009 · Engine 9,4,584.3336,1351.899,1645.4885,1151.48,15.285139,12.125239,15.517906,18.652952,269.9491,274.92838,12.044509,1923.3523,8303.592,2.8778224,9819.769,0.5016447,53.892605,508.29147,91.0,1,1,-0.025390625,583.18787,0.0513916,1348.3901,-0.14807129,1639.8821,-0.11047363,1149.7363,-0.000118255615,15.217602,0.0,12.087315,-0.00012302399,15.449343,-0.0010662079,18.545996,0.04336548,267.90814,0.03845215,272.86,-0.0002632141,12.04405,-0.00024414062,1914.3486,-0.037109375,8292.368,-0.0004336834,2.852288,N-CMAPSS_DS08a-009,9
N-CMAPSS_DS08a-009 · Engine 9,5,583.1681,1344.5906,1630.7601,1154.7275,15.696109,12.551113,15.935136,18.997345,272.07272,277.14117,12.691588,1882.2844,8278.357,2.8866458,8074.4424,0.45158243,50.40673,510.08594,90.0,1,1,-1.1655273,583.1839,-7.3084717,1347.6301,-14.728394,1638.0577,3.2475586,1150.7345,0.41096973,15.313303,0.42587376,12.180075,0.41722965,15.546501,0.34439278,18.636265,2.1236267,268.74106,2.212799,273.71622,0.64707947,12.173557,-41.06787,1907.9358,-25.234375,8289.565,0.008823395,2.8591597,N-CMAPSS_DS08a-009,9
N-CMAPSS_DS08a-009 · Engine 9,6,578.87494,1338.1372,1626.0825,1142.1597,14.734561,11.73383,14.958944,17.91615,257.65378,262.431,11.728611,1899.6903,8258.662,2.7239501,10441.2295,0.4837612,52.665703,504.55188,89.0,1,1,-4.293152,582.46576,-6.453369,1346.048,-4.6776123,1636.0619,-12.567871,1149.3054,-0.96154785,15.216846,-0.8172827,12.1057005,-0.9761915,15.448575,-1.0811958,18.516247,-14.418945,266.8932,-14.710175,271.83533,-0.9629774,12.0994,17.405884,1906.5615,-19.695312,8284.415,-0.16269565,2.8366246,N-CMAPSS_DS08a-009,9
N-CMAPSS_DS08a-009 · Engine 9,7,575.99304,1325.0657,1603.1997,1136.8469,14.753981,11.844383,14.978661,17.834816,253.20744,257.93936,11.876222,1855.7706,8211.99,2.6701074,9890.086,0.46799394,49.575123,504.789,88.0,1,1,-2.881897,581.5411,-13.071533,1343.0505,-22.882812,1631.3673,-5.312744,1147.5256,0.01941967,15.1507225,0.11055279,12.06837,0.019716263,15.381444,-0.08133316,18.4189,-4.446335,264.93808,-4.491638,269.8502,0.14761066,12.067517,-43.919678,1899.3057,-46.671875,8274.068,-0.053842783,2.8128364,N-CMAPSS_DS08a-009,9
N-CMAPSS_DS08a-009 · Engine 9,8,578.65106,1347.279,1648.387,1149.6785,14.497469,11.388736,14.718244,17.758116,262.4677,267.20688,11.559192,1937.6473,8291.177,2.8132966,10951.066,0.47261637,56.05434,501.33408,87.0,1,1,2.65802,581.1798,22.213379,1343.5791,45.187256,1633.4948,12.831543,1147.7947,-0.2565117,15.069066,-0.45564747,11.983416,-0.26041698,15.298544,-0.07670021,18.3363,9.260269,264.62927,9.267517,269.51978,-0.31702995,12.003977,81.87671,1904.0984,79.18652,8276.207,0.14318919,2.812894,N-CMAPSS_DS08a-009,9
N-CMAPSS_DS08a-009 · Engine 9,9,583.1456,1344.3928,1630.3275,1154.3711,15.695791,12.551113,15.934813,18.995426,272.08356,277.15143,12.691332,1882.2843,8278.671,2.8856664,8074.4424,0.45158243,50.40673,510.08594,86.0,1,1,4.494568,581.39825,-2.8862305,1343.6696,-18.059448,1633.1428,4.692627,1148.5254,1.1983223,15.138702,1.1623774,12.046493,1.216569,15.369241,1.2373104,18.409536,9.615845,265.45752,9.94455,270.36774,1.1321402,12.080349,-55.363037,1901.6746,-12.505859,8276.481,0.072369814,2.8209798,N-CMAPSS_DS08a-009,9
N-CMAPSS_DS08a-009 · Engine 9,10,581.0429,1345.5447,1638.5017,1156.8861,15.3529625,12.183006,15.586764,18.650658,271.5105,276.47488,12.492255,1897.0912,8281.678,2.9067004,8643.986,0.43523422,52.26939,506.52716,85.0,1,1,-2.1027222,581.36273,1.1518555,1343.857,8.174194,1633.6787,2.5150146,1149.3615,-0.34282875,15.160128,-0.36810684,12.060144,-0.3480482,15.390993,-0.34476852,18.43365,-0.5730591,266.06284,-0.6765442,270.97845,-0.19907665,12.12154,14.806885,1901.2163,3.006836,8277.001,0.021034002,2.829552,N-CMAPSS_DS08a-009,9
N-CMAPSS_DS08a-009 · Engine 9,11,581.14154,1342.6442,1632.2289,1152.5178,15.253956,12.143695,15.48625,18.524042,267.16595,272.08936,12.315785,1891.2485,8270.585,2.8491273,9010.299,0.45440573,51.88142,507.0913,84.0,1,1,0.09863281,581.5909,-2.9005127,1344.3079,-6.272827,1634.3657,-4.368286,1150.4569,-0.09900665,15.212038,-0.03931141,12.1011305,-0.10051441,15.443693,-0.12661552,18.494457,-4.3445435,267.01132,-4.3855286,271.9407,-0.1764698,12.18023,-5.8426514,1900.3721,-11.092773,8278.191,-0.05757308,2.8421712,N-CMAPSS_DS08a-009,9
N-CMAPSS_DS08a-009 · Engine 9,12,577.95,1337.9556,1627.8265,1143.0659,14.656793,11.654325,14.879993,17.829742,257.55347,262.29956,11.6955,1902.3387,8256.49,2.727171,10552.7295,0.4789385,52.801556,503.51273,83.0,1,1,-3.1915283,580.86597,-4.6885986,1342.9357,-4.4023438,1632.8439,-9.451904,1149.3324,-0.5971632,15.1212015,-0.48937035,12.030068,-0.6062565,15.351474,-0.6942997,18.381327,-9.612488,265.357,-9.789795,270.2552,-0.62028503,12.1139765,11.09021,1899.506,-14.094727,8273.483,-0.12195635,2.8218744,N-CMAPSS_DS08a-009,9
N-CMAPSS_DS08a-009 · Engine 9,13,580.2757,1338.3231,1621.9353,1152.1788,15.508859,12.446764,15.745033,18.70501,266.65063,271.63596,12.6327,1868.7964,8255.017,2.8069258,8028.579,0.43471643,48.920635,508.6205,82.0,1,1,2.3256836,580.45764,0.3675537,1341.5833,-5.8912354,1630.4738,9.112915,1149.3912,0.85206604,15.143562,0.79243946,12.062221,0.8650398,15.374174,0.875267,18.386425,9.097168,265.0315,9.336395,269.9298,0.9371996,12.17277,-33.54236,1894.0504,-1.4736328,8268.622,0.07975483,2.8147414,N-CMAPSS_DS08a-009,9
N-CMAPSS_DS08a-009 · Engine 9,14,583.2867,1344.8224,1630.2041,1158.1324,15.882306,12.711878,16.124168,19.184837,274.66568,279.79062,12.961746,1874.6729,8278.441,2.9111843,7366.344,0.42994505,49.41956,510.7968,81.0,1,1,3.0109863,580.35297,6.4992676,1340.8755,8.268799,1628.9453,5.9536133,1150.0565,0.37344742,15.203279,0.26511383,12.120884,0.37913513,15.434801,0.47982788,18.439613,8.015045,265.50314,8.154663,270.41602,0.32904625,12.264493,5.876465,1889.1825,23.424805,8266.106,0.10425854,2.8180776,N-CMAPSS_DS08a-009,9
N-CMAPSS_DS08a-009 · Engine 9,15,584.2159,1352.9744,1647.8123,1158.8496,15.591278,12.387691,15.828708,18.95522,274.59686,279.6583,12.520205,1915.4645,8306.497,2.9212363,8602.582,0.46106967,52.60351,508.9583,80.0,1,1,0.9291992,580.45776,8.151978,1341.7139,17.608154,1630.6505,0.7171631,1150.4688,-0.29102802,15.192796,-0.32418728,12.104542,-0.2954607,15.424158,-0.22961807,18.435402,-0.06881714,265.75555,-0.13232422,270.66772,-0.44154167,12.2473545,40.791626,1892.5005,28.055664,8268.921,0.010051966,2.8215365,N-CMAPSS_DS08a-009,9
N-CMAPSS_DS08a-009 · Engine 9,16,585.6711,1356.4126,1652.8877,1159.539,15.625389,12.381785,15.863338,19.042368,276.91287,281.99673,12.451143,1923.8016,8319.648,2.9563293,8757.58,0.47375408,53.426548,509.61856,79.0,1,1,1.4552002,581.1373,3.4382324,1343.5415,5.0754395,1633.331,0.68933105,1152.2067,0.034111023,15.281878,-0.0059051514,12.169337,0.034630775,15.514597,0.08714867,18.548023,2.3160095,267.68146,2.33844,272.6243,-0.06906128,12.319608,8.337158,1894.9116,13.151367,8275.02,0.03509307,2.8447745,N-CMAPSS_DS08a-009,9
N-CMAPSS_DS08a-009 · Engine 9,17,583.271,1344.8868,1630.344,1158.2441,15.882066,12.711878,16.123924,19.183527,274.74008,279.8569,12.961832,1874.6729,8278.159,2.911572,7366.344,0.42994505,49.41956,510.7968,78.0,1,1,-2.4000854,581.8652,-11.525757,1345.5236,-22.543701,1636.0455,-1.2947998,1154.3463,0.25667667,15.394687,0.33009243,12.256087,0.26058578,15.629124,0.14115906,18.682894,-2.1727905,269.83472,-2.1398315,274.81607,0.5106888,12.428169,-49.128784,1896.8019,-41.489258,8281.637,-0.044757366,2.8689208,N-CMAPSS_DS08a-009,9
N-CMAPSS_DS08a-009 · Engine 9,18,584.3515,1352.1316,1647.0356,1152.9082,15.284295,12.125239,15.517052,18.652689,269.95328,274.91653,12.044923,1923.3525,8303.765,2.880778,9819.769,0.5016447,53.892605,508.29147,77.0,1,1,1.0805054,582.4352,7.244751,1346.0088,16.69165,1635.9104,-5.3359375,1154.6693,-0.5977707,15.47337,-0.58663845,12.329738,-0.60687256,15.709004,-0.530838,18.772352,-4.786804,270.58328,-4.9403687,275.58704,-0.9169092,12.476742,48.679688,1895.3723,25.605469,8282.8955,-0.030793905,2.875669,N-CMAPSS_DS08a-009,9
N-CMAPSS_DS08a-009 · Engine 9,19,583.1579,1344.5906,1631.0485,1154.9758,15.695249,12.551113,15.934261,18.995638,272.0477,277.10687,12.690807,1882.2843,8278.165,2.8865323,8074.4424,0.45158243,50.40673,510.08594,76.0,1,1,-1.1936035,582.4364,-7.5410156,1346.0286,-15.987183,1635.9824,2.067627,1154.7297,0.41095352,15.473315,0.42587376,12.329738,0.41720963,15.708949,0.3429489,18.772373,2.0944214,270.5797,2.1903381,275.58258,0.6458845,12.476689,-41.068237,1895.3723,-25.59961,8282.845,0.0057542324,2.8757558,N-CMAPSS_DS08a-009,9
N-CMAPSS_DS08a-009 · Engine 9,20,581.28467,1343.834,1631.3776,1157.6879,15.6056595,12.469662,15.8433075,18.84254,271.0535,276.1008,12.805395,1881.3877,8276.882,2.8545425,7578.456,0.4074807,49.44916,508.57312,75.0,1,1,-1.87323,582.4606,-0.7565918,1345.8575,0.32910156,1635.27,2.7120361,1154.8099,-0.08958912,15.498585,-0.081451416,12.358403,-0.09095383,15.734604,-0.15309715,18.791561,-0.99420166,270.534,-1.006073,275.54517,0.114587784,12.508003,-0.89660645,1893.802,-1.2832031,8282.365,-0.031989813,2.87054,N-CMAPSS_DS08a-009,9
N-CMAPSS_DS08a-009 · Engine 9,21,580.2816,1338.4495,1622.4056,1152.6598,15.508394,12.446764,15.74456,18.704657,266.62363,271.60904,12.632982,1868.7965,8255.076,2.8079176,8028.579,0.43471643,48.920635,508.6205,74.0,1,1,-1.0030518,582.37463,-5.3845215,1345.438,-8.971924,1634.2877,-5.028076,1154.8242,-0.09726524,15.524029,-0.02289772,12.38871,-0.09874725,15.760435,-0.13788414,18.809624,-4.4298706,270.47977,-4.4917603,275.49713,-0.17241287,12.539723,-12.591187,1891.5568,-21.805664,8280.814,-0.0466249,2.8664188,N-CMAPSS_DS08a-009,9
N-CMAPSS_DS08a-009 · Engine 9,22,585.3334,1358.6001,1658.1016,1167.5265,15.79574,12.490299,16.036283,19.215384,281.44354,286.5706,12.827878,1920.0,8325.955,3.012462,7837.6934,0.42610982,52.856384,509.31158,73.0,1,1,5.051758,583.1129,20.150635,1347.5024,35.695923,1637.3152,14.866699,1157.2703,0.2873459,15.637923,0.043535233,12.472307,0.29172325,15.876063,0.5107269,18.948187,14.819916,272.86877,14.961548,277.92422,0.19489574,12.652961,51.20349,1893.3229,70.87891,8287.761,0.2045443,2.894948,N-CMAPSS_DS08a-009,9
N-CMAPSS_DS08a-009 · Engine 9,23,575.0894,1332.2488,1618.1749,1152.5798,15.02578,11.986675,15.2546,18.099104,262.08914,266.9395,12.559805,1862.0999,8238.622,2.758518,8069.0356,0.36492738,48.783405,503.40094,72.0,1,1,-10.2439575,582.5943,-26.351318,1346.895,-39.926636,1636.9392,-14.946655,1157.3103,-0.7699604,15.589616,-0.50362396,12.426298,-0.7816839,15.827021,-1.1162796,18.887596,-19.3544,272.41263,-19.631073,277.4546,-0.26807308,12.645672,-57.900146,1892.6533,-87.33301,8286.121,-0.25394392,2.8901072,N-CMAPSS_DS08a-009,9
N-CMAPSS_DS08a-009 · Engine 9,24,585.6793,1356.7081,1653.7991,1160.3809,15.624804,12.381785,15.862742,19.041088,276.98206,282.05783,12.452064,1923.8016,8320.393,2.9587045,8757.58,0.47375408,53.426548,509.61856,71.0,1,1,10.589905,582.83356,24.45935,1348.0836,35.624146,1639.2987,7.8010254,1157.5352,0.5990238,15.563866,0.39511013,12.39329,0.60814285,15.800878,0.9419842,18.873222,14.892914,272.64426,15.118317,277.6813,-0.107741356,12.594704,61.701782,1897.5662,81.77051,8290.316,0.20018649,2.8948593,N-CMAPSS_DS08a-009,9
N-CMAPSS_DS08a-009 · Engine 9,25,577.95544,1338.2042,1628.5869,1143.8558,14.655932,11.654325,14.879117,17.829735,257.64957,262.3778,11.695658,1902.3389,8256.519,2.7284448,10552.7295,0.4789385,52.801556,503.51273,70.0,1,1,-7.723877,582.2075,-18.503906,1346.6067,-25.212158,1637.3761,-16.525024,1156.0358,-0.9688711,15.470331,-0.72746086,12.319953,-0.9836254,15.705918,-1.2113533,18.760674,-19.332489,270.94952,-19.680023,275.95325,-0.75640583,12.512249,-21.462769,1896.2535,-63.874023,8285.318,-0.23025966,2.87558,N-CMAPSS_DS08a-009,9
N-CMAPSS_DS08a-009 · Engine 9,26,581.0559,1345.9031,1639.9012,1158.1154,15.352044,12.183006,15.585832,18.64938,271.5747,276.51556,12.492094,1897.0912,8281.464,2.909064,8643.986,0.43523422,52.26939,506.52716,69.0,1,1,3.1004639,581.74603,7.6988525,1345.5557,11.314331,1636.0775,14.2595215,1155.8934,0.6961117,15.442996,0.52868176,12.300075,0.70671463,15.678168,0.8196449,18.721375,13.92514,270.4157,14.137756,275.40515,0.7964363,12.516344,-5.2476807,1893.5825,24.945312,8281.5,0.18061924,2.8708537,N-CMAPSS_DS08a-009,9
N-CMAPSS_DS08a-009 · Engine 9,27,585.2482,1352.0183,1645.7543,1156.6941,15.563666,12.364951,15.800677,18.96244,274.06146,279.08502,12.357613,1910.9995,8302.716,2.9345462,9034.825,0.4876599,53.027596,509.85233,68.0,1,1,4.192322,581.9437,6.1152344,1346.2688,5.8530273,1637.6185,-1.4212646,1155.7384,0.21162224,15.411157,0.18194485,12.265382,0.21484566,15.6458435,0.31306076,18.699265,2.4867554,270.34787,2.569458,275.32794,-0.13448143,12.455922,13.908325,1897.2152,21.251953,8283.955,0.025482178,2.873151,N-CMAPSS_DS08a-009,9
N-CMAPSS_DS08a-009 · Engine 9,28,580.6275,1342.1906,1631.7543,1146.4612,14.993851,11.945001,15.222182,18.228922,262.3328,267.1815,11.906348,1903.1324,8271.567,2.7717779,9888.501,0.48435667,52.16701,506.38358,67.0,1,1,-4.6207275,581.57135,-9.827759,1345.2747,-14.0,1636.0903,-10.23291,1155.0938,-0.56981564,15.382112,-0.4199505,12.247358,-0.578495,15.616356,-0.7335186,18.656889,-11.728668,269.58582,-11.903534,274.55444,-0.45126438,12.442064,-7.8670654,1895.1932,-31.148438,8280.736,-0.16276836,2.862251,N-CMAPSS_DS08a-009,9
N-CMAPSS_DS08a-009 · Engine 9,29,584.7946,1354.6425,1651.2328,1163.3046,15.73895,12.495978,15.978629,19.134642,278.07053,283.1605,12.699231,1913.1001,8311.259,2.969688,8090.279,0.4481552,52.24231,509.622,66.0,1,1,4.1671143,581.735,12.451904,1346.2799,19.478516,1638.1089,16.843384,1155.9266,0.74509907,15.386482,0.5509777,12.241844,0.75644684,15.620793,0.90571976,18.67079,15.737732,270.18808,15.979004,275.15982,0.7928829,12.442906,9.967651,1898.2748,39.691406,8284.045,0.19791007,2.8705666,N-CMAPSS_DS08a-009,9
N-CMAPSS_DS08a-009 · Engine 9,30,581.04755,1346.043,1639.5278,1157.8296,15.351773,12.183006,15.585556,18.64862,271.58514,276.5288,12.49185,1897.0912,8281.521,2.9081678,8643.986,0.43523422,52.26939,506.52716,65.0,1,0,-3.7470703,581.7113,-8.599487,1346.5009,-11.704956,1638.9238,-5.4749756,1155.9408,-0.3871765,15.3610935,-0.31297207,12.213179,-0.39307308,15.595018,-0.48602104,18.651398,-6.485382,270.24127,-6.6316833,275.2026,-0.20738125,12.411552,-16.008911,1899.8451,-29.737305,8284.509,-0.0615201,2.875929,N-CMAPSS_DS08a-009,9
N-CMAPSS_DS08a-009 · Engine 9,31,585.25836,1352.0576,1645.7687,1156.6711,15.562664,12.364951,15.799657,18.962337,274.00433,279.01935,12.356031,1910.9995,8302.576,2.9332821,9034.825,0.4876599,53.027596,509.85233,64.0,1,0,4.2108154,582.209,6.0146484,1347.8616,6.2408447,1641.2601,-1.1584473,1156.3419,0.21089077,15.36652,0.18194485,12.204998,0.21410084,15.600528,0.3137169,18.677166,2.4191895,270.97934,2.4905396,275.94363,-0.13581848,12.383857,13.908325,1904.0654,21.054688,8289.259,0.025114298,2.8884654,N-CMAPSS_DS08a-009,9
N-CMAPSS_DS08a-009 · Engine 9,32,584.78485,1354.7067,1651.0638,1163.2018,15.738768,12.495978,15.978443,19.133913,278.07053,283.15796,12.698738,1913.1,8311.396,2.968926,8090.279,0.4481552,52.24231,509.622,63.0,1,0,-0.47351074,582.1541,2.6490479,1347.4723,5.295166,1640.5564,6.5306396,1155.9094,0.17610359,15.360823,0.13102722,12.205565,0.17878628,15.594744,0.17157555,18.669018,4.0661926,270.64203,4.138611,275.6024,0.34270668,12.370943,2.1004639,1903.3755,8.8203125,8287.804,0.035643816,2.884112,N-CMAPSS_DS08a-009,9
N-CMAPSS_DS08a-009 · Engine 9,33,578.68243,1347.8047,1650.5435,1151.5895,14.495848,11.388736,14.716599,17.758778,262.46683,267.1723,11.558071,1937.6476,8290.494,2.8159957,10951.066,0.47261637,56.05434,501.33408,62.0,1,0,-6.102417,582.5134,-6.9019775,1349.0278,-0.52038574,1643.7932,-11.612305,1155.8104,-1.2429199,15.30783,-1.1072426,12.145772,-1.2618437,15.540943,-1.3751354,18.634985,-15.603699,270.6798,-15.985657,275.62567,-1.140667,12.27077,24.547607,1910.9302,-20.902344,8292.99,-0.15293026,2.8898597,N-CMAPSS_DS08a-009,9
N-CMAPSS_DS08a-009 · Engine 9,34,583.31836,1345.1984,1632.2775,1159.8884,15.880804,12.711878,16.122644,19.185843,274.72852,279.8105,12.960535,1874.673,8277.516,2.9139163,7366.344,0.42994505,49.41956,510.7968,61.0,1,0,4.6359253,582.27734,-2.6063232,1347.877,-18.265991,1641.6411,8.29895,1155.7611,1.3849564,15.33343,1.323142,12.1787815,1.406045,15.566934,1.4270649,18.649462,12.261688,270.45444,12.638184,275.40094,1.4024639,12.321617,-62.97461,1906.0173,-12.978516,8288.703,0.097920656,2.885381,N-CMAPSS_DS08a-009,9
N-CMAPSS_DS08a-009 · Engine 9,35,576.0313,1325.5818,1605.4677,1138.7705,14.752218,11.844383,14.976872,17.835007,253.20212,257.89914,11.874971,1855.7708,8211.039,2.672898,9890.086,0.46799394,49.575123,504.789,60.0,1,0,-7.2870483,582.0849,-19.616577,1346.6146,-26.809814,1639.3291,-21.11792,1155.2526,-1.1285858,15.343059,-0.8674946,12.197787,-1.145772,15.57671,-1.3508358,18.649988,-21.526398,270.0097,-21.911346,274.95306,-1.0855637,12.339548,-18.902222,1901.3605,-66.47656,8284.155,-0.2410183,2.8798263,N-CMAPSS_DS08a-009,9
N-CMAPSS_DS08a-009 · Engine 9,36,585.6644,1356.6566,1654.2935,1160.8645,15.623633,12.381785,15.861556,19.040289,276.92816,281.98608,12.450521,1923.8016,8319.555,2.9582744,8757.58,0.47375408,53.426548,509.61856,59.0,1,0,9.633118,582.5458,31.07483,1347.69,48.825806,1640.7683,22.093994,1155.5276,0.87141514,15.370217,0.53740215,12.217665,0.8846836,15.604281,1.2052822,18.68908,23.726044,270.54504,24.086945,275.50012,0.5755501,12.335391,68.03088,1904.0316,108.515625,8287.964,0.2853763,2.8847473,N-CMAPSS_DS08a-009,9
N-CMAPSS_DS08a-009 · Engine 9,37,580.33936,1338.7446,1624.495,1154.2798,15.508402,12.446764,15.744571,18.707249,266.64117,271.5962,12.632365,1868.7968,8254.557,2.811204,8028.579,0.43471643,48.920635,508.6205,58.0,1,0,-5.3250732,582.0549,-17.911987,1346.3627,-29.798462,1638.6425,-6.584717,1155.2861,-0.115231514,15.364691,0.0649786,12.225846,-0.11698532,15.598671,-0.33304024,18.663559,-10.286987,269.803,-10.389893,274.75122,0.18184376,12.362866,-55.004883,1899.8113,-64.99805,8283.148,-0.14707041,2.872413,N-CMAPSS_DS08a-009,9
N-CMAPSS_DS08a-009 · Engine 9,38,581.19586,1343.1597,1634.4712,1154.3789,15.251842,12.143695,15.484102,18.524715,267.13025,272.01498,12.313814,1891.2488,8269.809,2.8514473,9010.299,0.45440573,51.88142,507.0913,57.0,1,0,0.85650635,582.1117,4.415039,1346.4596,9.976196,1638.9142,0.099121094,1156.0779,-0.25656033,15.390491,-0.3030691,12.245715,-0.26046848,15.624863,-0.18253326,18.69314,0.4890747,270.28275,0.41879272,275.2346,-0.31855106,12.403613,22.452026,1898.6229,15.251953,8282.973,0.040243387,2.88038,N-CMAPSS_DS08a-009,9
N-CMAPSS_DS08a-009 · Engine 9,39,584.80334,1354.8331,1652.188,1164.1666,15.737,12.495978,15.97665,19.133514,277.97437,283.04047,12.6970005,1913.1,8310.147,2.9694521,8090.279,0.4481552,52.24231,509.622,56.0,1,0,3.607483,582.1126,11.673462,1346.4786,17.716797,1639.0096,9.78772,1156.1641,0.48515892,15.390295,0.35228348,12.245715,0.492548,15.624665,0.608799,18.693027,10.844116,270.27313,11.025482,275.22256,0.38318634,12.40339,21.851196,1898.6229,40.338867,8282.861,0.1180048,2.8803563,N-CMAPSS_DS08a-009,9
N-CMAPSS_DS08a-009 · Engine 9,40,580.6584,1342.6083,1633.4296,1147.8279,14.993919,11.945001,15.222254,18.229727,262.4189,267.24637,11.906764,1903.1324,8271.707,2.775096,9888.501,0.48435667,52.16701,506.38358,55.0,1,0,-4.1449585,582.07367,-12.2248535,1346.1351,-18.758423,1638.3998,-16.338745,1155.164,-0.7430811,15.354509,-0.5509777,12.221915,-0.75439644,15.588335,-0.9037876,18.651136,-15.55545,269.3565,-15.794098,274.29434,-0.7902365,12.344881,-9.967529,1899.227,-38.44043,8281.88,-0.1943562,2.8670492,N-CMAPSS_DS08a-009,9
N-CMAPSS_DS08a-009 · Engine 9,41,585.698,1356.979,1655.2153,1161.6718,15.622885,12.381785,15.860798,19.040874,276.91534,281.9675,12.450679,1923.8016,8320.05,2.9600184,8757.58,0.47375408,53.426548,509.61856,54.0,1,0,5.039612,582.1176,14.370728,1346.6273,21.785767,1639.3445,13.843872,1155.664,0.6289654,15.360532,0.43678474,12.2235985,0.6385441,15.594449,0.8111477,18.65899,14.496429,269.6476,14.72113,274.58914,0.5439148,12.354346,20.66919,1900.5072,48.342773,8283.627,0.18492246,2.8697228,N-CMAPSS_DS08a-009,9
N-CMAPSS_DS08a-009 · Engine 9,42,578.8994,1338.844,1628.7927,1144.6608,14.731474,11.73383,14.955811,17.91414,257.7132,262.44296,11.727458,1899.6903,8257.907,2.727426,10441.2295,0.4837612,52.665703,504.55188,53.0,1,0,-6.798584,581.5291,-18.13501,1345.041,-26.422607,1637.1174,-17.010986,1153.8098,-0.8914108,15.259803,-0.64795494,12.147384,-0.90498734,15.492186,-1.1267338,18.537014,-19.202148,267.61188,-19.524536,272.51764,-0.7232208,12.257218,-24.111328,1899.1663,-62.14258,8278.278,-0.23259234,2.845573,N-CMAPSS_DS08a-009,9
N-CMAPSS_DS08a-009 · Engine 9,43,578.64685,1348.0092,1651.0068,1152.1816,14.494247,11.388736,14.7149725,17.75378,262.5615,267.25577,11.558647,1937.6476,8290.769,2.8171453,10951.066,0.47261637,56.05434,501.33408,52.0,1,0,-0.25256348,581.5255,9.165161,1345.0615,22.214111,1637.1637,7.520874,1153.8691,-0.23722649,15.259643,-0.34509468,12.147384,-0.24083805,15.492023,-0.16036034,18.536514,4.848297,267.62134,4.812805,272.526,-0.16881084,12.257276,37.957275,1899.1663,32.86133,8278.306,0.089719296,2.8456879,N-CMAPSS_DS08a-009,9
N-CMAPSS_DS08a-009 · Engine 9,44,585.24963,1352.3259,1646.8967,1157.7662,15.559649,12.364951,15.7965975,18.958431,273.9831,278.97235,12.354591,1910.9994,8301.55,2.9340208,9034.825,0.4876599,53.027596,509.85233,51.0,1,0,6.602783,581.7186,4.3167725,1345.7742,-4.1101074,1638.6256,5.5845947,1153.6569,1.065402,15.227527,0.97621536,12.112691,1.081625,15.459418,1.2046509,18.513773,11.4216,267.5468,11.716583,272.44217,0.7959442,12.196681,-26.648193,1902.799,10.78125,8280.709,0.11687541,2.8476982,N-CMAPSS_DS08a-009,9
N-CMAPSS_DS08a-009 · Engine 9,45,581.18823,1343.7119,1635.1014,1155.0702,15.250541,12.143695,15.482782,18.522192,267.28476,272.14856,12.313766,1891.2487,8269.825,2.852409,9010.299,0.45440573,51.88142,507.0913,50.0,1,0,-4.0614014,582.2344,-8.614014,1347.5873,-11.795288,1641.589,-2.696045,1155.2869,-0.30910873,15.277359,-0.22125626,12.142622,-0.31381512,15.51001,-0.43623924,18.58249,-6.6983337,268.95508,-6.8237915,273.86713,-0.040825844,12.240561,-19.750732,1906.3467,-31.72461,8286.588,-0.08161187,2.8656492,N-CMAPSS_DS08a-009,9
N-CMAPSS_DS08a-009 · Engine 9,46,585.2421,1352.5868,1647.271,1158.0942,15.559657,12.364951,15.796606,18.957798,274.08884,279.06543,12.354691,1910.9994,8302.348,2.9348254,9034.825,0.4876599,53.027596,509.85233,49.0,1,0,4.053894,582.19214,8.874878,1347.1803,12.169556,1640.8867,3.0240479,1155.0098,0.30911636,15.270962,0.22125626,12.140939,0.3138237,15.503514,0.435606,18.574242,6.804077,268.67114,6.91687,273.57507,0.040925026,12.230978,19.750732,1905.0665,32.52246,8284.867,0.082416534,2.8633044,N-CMAPSS_DS08a-009,9
N-CMAPSS_DS08a-009 · Engine 9,47,585.27106,1352.6632,1647.7563,1158.4565,15.559862,12.364951,15.796813,18.958317,274.0637,279.04602,12.355466,1910.9994,8302.571,2.936366,9034.825,0.4876599,53.027596,509.85233,48.0,1,0,0.028930664,582.6853,0.076416016,1348.5721,0.48535156,1643.2129,0.3623047,1155.4275,0.00020503998,15.276108,0.0,12.132757,0.00020694733,15.5087385,0.0005187988,18.59935,-0.025146484,269.4134,-0.01940918,274.32004,0.0007753372,12.203287,0.0,1909.2867,0.22363281,8289.668,0.0015406609,2.8758206,N-CMAPSS_DS08a-009,9
N-CMAPSS_DS08a-009 · Engine 9,48,584.7753,1355.2325,1652.1204,1164.593,15.732594,12.495978,15.972177,19.128744,278.15186,283.19064,12.696366,1913.1,8310.513,2.9682546,8090.279,0.4481552,52.24231,509.622,47.0,1,0,-0.49572754,583.0432,2.569336,1349.7794,4.3640137,1644.9778,6.1364746,1156.4489,0.1727314,15.3241825,0.13102722,12.167986,0.17536354,15.557546,0.17042732,18.659752,4.0881653,270.51556,4.144623,275.43762,0.34090042,12.241543,2.100586,1911.4719,7.9414062,8293.738,0.031888485,2.8875012,N-CMAPSS_DS08a-009,9
N-CMAPSS_DS08a-009 · Engine 9,49,585.2697,1352.5155,1647.8804,1158.7302,15.557427,12.364951,15.794343,18.957344,273.98334,278.95074,12.353691,1910.9994,8300.846,2.9348655,9034.825,0.4876599,53.027596,509.85233,46.0,1,0,0.49438477,583.08984,-2.717041,1349.5476,-4.23999,1644.5471,-5.862793,1155.9053,-0.17516613,15.306226,-0.13102722,12.154883,-0.17783356,15.539315,-0.17140007,18.642136,-4.168518,270.11646,-4.2398987,275.02863,-0.3426752,12.2072115,-2.100586,1911.2618,-9.666992,8292.809,-0.03338909,2.8840427,N-CMAPSS_DS08a-009,9
N-CMAPSS_DS08a-009 · Engine 9,50,580.65546,1342.8145,1634.722,1149.1106,14.989389,11.945001,15.217653,18.225199,262.3331,267.11835,11.903361,1903.1324,8271.001,2.7742937,9888.501,0.48435667,52.16701,506.38358,45.0,1,0,-4.614258,583.0896,-9.70105,1349.5682,-13.158325,1644.6763,-9.619629,1156.0336,-0.568038,15.305773,-0.4199505,12.154883,-0.5766897,15.538856,-0.7321453,18.641682,-11.650238,270.10788,-11.832397,275.01584,-0.45032978,12.206872,-7.8669434,1911.2618,-29.844727,8292.738,-0.16057181,2.8839624,N-CMAPSS_DS08a-009,9
N-CMAPSS_DS08a-009 · Engine 9,51,584.80286,1355.3678,1653.1761,1165.339,15.731882,12.495978,15.971453,19.128197,278.0635,283.0843,12.6946945,1913.1001,8310.622,2.9689088,8090.279,0.4481552,52.24231,509.622,44.0,1,0,4.1474,583.00006,12.553345,1349.4071,18.454102,1644.4724,16.228394,1156.4003,0.7424927,15.316672,0.5509777,12.166303,0.75379944,15.549921,0.902998,18.650414,15.730408,270.2227,15.965942,275.1275,0.7913332,12.231274,9.967651,1910.1917,39.621094,8291.795,0.19461513,2.8848515,N-CMAPSS_DS08a-009,9
N-CMAPSS_DS08a-009 · Engine 9,52,584.7704,1355.2087,1652.9374,1165.3148,15.730647,12.495978,15.9702,19.126614,277.94513,282.97137,12.694119,1913.1,8310.499,2.967807,8090.279,0.4481552,52.24231,509.622,43.0,1,0,-0.032470703,583.58716,-0.15905762,1351.0436,-0.23876953,1646.8868,-0.024169922,1158.4657,-0.0012350082,15.41659,0.0,12.242517,-0.001253128,15.65136,-0.0015830994,18.771662,-0.118377686,272.24588,-0.11291504,277.18036,-0.0005750656,12.327939,-0.00012207031,1911.5326,-0.123046875,8297.055,-0.0011017323,2.9088895,N-CMAPSS_DS08a-009,9
N-CMAPSS_DS08a-009 · Engine 9,53,581.0753,1346.7366,1642.7515,1160.9406,15.344186,12.183006,15.577854,18.643372,271.53906,276.40332,12.487455,1897.0912,8280.146,2.9097946,8643.986,0.43523422,52.26939,506.52716,42.0,1,0,-3.6950684,583.83,-8.472168,1350.9164,-10.185913,1646.0613,-4.3742676,1159.3416,-0.38646126,15.501583,-0.31297207,12.321944,-0.39234543,15.737648,-0.48324203,18.86062,-6.406067,273.14365,-6.568054,278.0951,-0.20666409,12.42082,-16.00879,1907.477,-30.35254,8295.992,-0.058012486,2.9181545,N-CMAPSS_DS08a-009,9
N-CMAPSS_DS08a-009 · Engine 9,54,584.80316,1355.3402,1654.3433,1166.4093,15.731058,12.495978,15.970616,19.127,277.99484,283.00705,12.694838,1913.1001,8310.356,2.9710948,8090.279,0.4481552,52.24231,509.622,41.0,1,0,3.7278442,583.78534,8.603638,1351.2178,11.591797,1646.806,5.46875,1160.2058,0.3868723,15.518724,0.31297207,12.335047,0.39276218,15.75505,0.48362923,18.877478,6.45578,273.5448,6.6037292,278.49857,0.2073822,12.454844,16.008911,1907.687,30.20996,8296.873,0.061300278,2.921862,N-CMAPSS_DS08a-009,9
N-CMAPSS_DS08a-009 · Engine 9,55,580.28455,1339.202,1625.4017,1155.7765,15.498541,12.446764,15.734559,18.69528,266.595,271.48404,12.627285,1868.7964,8254.922,2.8076541,8028.579,0.43471643,48.920635,508.6205,40.0,1,0,-4.5186157,583.695,-16.138184,1350.7668,-28.941528,1645.836,-10.6328125,1160.2765,-0.23251724,15.543525,-0.049214363,12.365354,-0.23605728,15.780228,-0.43172073,18.894787,-11.399841,273.47583,-11.52301,278.43213,-0.06755257,12.4861965,-44.30371,1905.4419,-55.43457,8295.383,-0.1634407,2.9173865,N-CMAPSS_DS08a-009,9
N-CMAPSS_DS08a-009 · Engine 9,56,584.40784,1353.4371,1651.8201,1157.4479,15.273046,12.125239,15.50563,18.643354,270.04678,274.8824,12.038529,1923.3523,8302.319,2.883452,9819.769,0.5016447,53.892605,508.29147,39.0,1,0,4.123291,583.6116,14.235107,1350.8518,26.418335,1646.2909,1.6713867,1160.2118,-0.22549534,15.514863,-0.32152462,12.341383,-0.22892952,15.75113,-0.05192566,18.863342,3.4517822,273.07162,3.398346,278.01382,-0.5887556,12.45458,54.55591,1906.6771,47.39746,8295.38,0.075797796,2.912249,N-CMAPSS_DS08a-009,9
N-CMAPSS_DS08a-009 · Engine 9,57,580.6623,1343.0337,1635.7423,1150.3574,14.982457,11.945001,15.210615,18.219404,262.29932,267.03094,11.899277,1903.1324,8269.897,2.7721655,9888.501,0.48435667,52.16701,506.38358,38.0,1,0,-3.7455444,583.1507,-10.403442,1349.8889,-16.077759,1645.0895,-7.090454,1159.402,-0.29058838,15.457123,-0.18023872,12.299388,-0.29501438,15.69251,-0.4239502,18.789452,-7.747467,271.8952,-7.8514404,276.81232,-0.13925266,12.408961,-20.219849,1905.8904,-32.421875,8292.112,-0.1112864,2.895829,N-CMAPSS_DS08a-009,9
N-CMAPSS_DS08a-009 · Engine 9,58,581.18933,1344.2281,1638.1354,1158.0568,15.24279,12.143695,15.474915,18.513731,267.29617,272.0736,12.309189,1891.2487,8270.043,2.8535416,9010.299,0.45440573,51.88142,507.0913,37.0,1,0,0.5270386,582.7921,1.194458,1348.7885,2.3930664,1643.691,7.699341,1158.7483,0.26033306,15.408142,0.19869423,12.264159,0.2642994,15.642784,0.29432678,18.72795,4.9968567,270.80963,5.0426636,275.70062,0.4099121,12.370244,-11.883789,1903.7053,0.14550781,8288.065,0.081376076,2.8843577,N-CMAPSS_DS08a-009,9
N-CMAPSS_DS08a-009 · Engine 9,59,583.2033,1345.9917,1636.78,1160.5516,15.681655,12.551113,15.920463,18.984259,272.07968,276.9912,12.683577,1882.2844,8277.211,2.8899329,8074.4424,0.45158243,50.40673,510.08594,36.0,1,0,2.013977,582.58545,1.7635498,1348.136,-1.3553467,1642.5809,2.494873,1158.9304,0.4388647,15.420565,0.40741825,12.282776,0.44554806,15.6553955,0.47052765,18.73064,4.7835083,270.61926,4.9176025,275.50467,0.37438774,12.403233,-8.964233,1900.8337,7.1679688,8285.702,0.03639126,2.8798645,N-CMAPSS_DS08a-009,9
N-CMAPSS_DS08a-009 · Engine 9,60,577.9799,1339.3136,1633.6791,1148.7433,14.64294,11.654325,14.865929,17.816473,257.60797,262.20078,11.687629,1902.3387,8255.108,2.7298803,10552.7295,0.4789385,52.801556,503.51273,35.0,1,0,-5.2233887,582.3179,-6.6781006,1347.786,-3.1009521,1642.4767,-11.80835,1158.8937,-1.0387154,15.385921,-0.8967886,12.253708,-1.054534,15.620223,-1.1677856,18.689768,-14.47171,270.14676,-14.790436,275.0129,-0.99594784,12.3816595,20.054321,1900.7544,-22.10254,8284.112,-0.16005254,2.8754232,N-CMAPSS_DS08a-009,9
N-CMAPSS_DS08a-009 · Engine 9,61,580.6261,1343.2277,1636.7098,1151.4637,14.978193,11.945001,15.206288,18.212608,262.27545,266.9794,11.897693,1903.1324,8270.464,2.7722943,9888.501,0.48435667,52.16701,506.38358,34.0,1,0,2.6461792,581.9002,3.9140625,1346.5719,3.0307617,1640.8301,2.720459,1157.5062,0.33525372,15.310552,0.29067612,12.19861,0.3403597,15.543707,0.39613533,18.59821,4.6674805,268.56793,4.7786255,273.4024,0.21006393,12.301959,0.7937012,1899.7577,15.355469,8280.097,0.04241395,2.8557618,N-CMAPSS_DS08a-009,9
N-CMAPSS_DS08a-009 · Engine 9,62,576.0433,1326.733,1610.3351,1143.7888,14.73695,11.844383,14.9613695,17.820286,253.24971,257.79745,11.866716,1855.7706,8210.541,2.673286,9890.086,0.46799394,49.575123,504.789,33.0,1,0,-4.5828247,581.0275,-16.494629,1343.7244,-26.374756,1636.5698,-7.6749268,1155.3536,-0.24124336,15.211182,-0.10061741,12.1334505,-0.24491882,15.442823,-0.39232254,18.467577,-9.025742,266.0984,-9.181946,270.885,-0.030976295,12.219219,-47.361816,1894.0248,-59.92285,8270.101,-0.09900832,2.8263097,N-CMAPSS_DS08a-009,9
N-CMAPSS_DS08a-009 · Engine 9,63,584.4226,1353.813,1653.4674,1159.2483,15.264496,12.125239,15.49695,18.63524,269.99612,274.7635,12.033344,1923.3523,8302.014,2.8815973,9819.769,0.5016447,53.892605,508.29147,32.0,1,0,8.3793335,581.36224,27.079956,1344.432,43.132324,1637.6414,15.459473,1155.1843,0.5275459,15.203213,0.28085613,12.127674,0.53558064,15.434733,0.81495476,18.466764,16.746414,265.9441,16.966034,270.72104,0.16662788,12.173807,67.581665,1896.6509,91.47266,8272.287,0.20831132,2.82349,N-CMAPSS_DS08a-009,9
N-CMAPSS_DS08a-009 · Engine 9,64,583.3435,1346.5812,1637.984,1165.7229,15.862428,12.711878,16.103989,19.16821,274.60583,279.5146,12.949779,1874.6729,8275.617,2.9138525,7366.344,0.42994505,49.41956,510.7968,31.0,1,0,-1.0791016,581.21625,-7.2318115,1343.5562,-15.483398,1636.0055,6.4746094,1155.1157,0.59793186,15.21635,0.58663845,12.149263,0.6070385,15.448071,0.5329685,18.470884,4.6097107,265.6052,4.7510986,270.3718,0.9164343,12.199302,-48.679443,1892.8081,-26.396484,8268.813,0.032255173,2.8177657,N-CMAPSS_DS08a-009,9
N-CMAPSS_DS08a-009 · Engine 9,65,584.8255,1356.3639,1657.881,1170.1566,15.717654,12.495978,15.957009,19.114975,278.03876,282.92197,12.687224,1913.1,8309.666,2.970118,8090.279,0.4481552,52.24231,509.622,30.0,1,0,1.4819946,581.67035,9.782715,1345.2723,19.896973,1639.2534,4.433716,1156.5537,-0.14477348,15.238261,-0.21589947,12.154185,-0.14697933,15.470316,-0.0532341,18.512854,3.4329224,266.74957,3.4073792,271.5156,-0.26255417,12.205296,38.427124,1897.2385,34.04883,8274.288,0.056265593,2.834012,N-CMAPSS_DS08a-009,9
N-CMAPSS_DS08a-009 · Engine 9,66,584.2797,1355.1229,1656.4934,1167.4615,15.567563,12.387691,15.804632,18.933361,274.76257,279.57523,12.508164,1915.4644,8304.97,2.925284,8602.582,0.46106967,52.60351,508.9583,29.0,1,0,-0.54577637,581.65753,-1.2409668,1345.4409,-1.3875732,1639.7207,-2.6950684,1157.555,-0.15009117,15.267713,-0.10828781,12.18043,-0.15237713,15.500216,-0.18161392,18.541855,-3.276184,267.22116,-3.3467407,271.98486,-0.17905998,12.252259,2.36438,1896.4497,-4.696289,8274.553,-0.044834137,2.8381953,N-CMAPSS_DS08a-009,9
N-CMAPSS_DS08a-009 · Engine 9,67,584.25464,1355.3606,1657.1262,1168.1266,15.567164,12.387691,15.804228,18.9305,274.87885,279.68082,12.509063,1915.4644,8306.085,2.927148,8602.582,0.46106967,52.60351,508.9583,28.0,1,0,-0.02508545,582.0168,0.2376709,1346.6736,0.6328125,1641.8591,0.66503906,1159.332,-0.00039863586,15.326183,0.0,12.224699,-0.0004043579,15.559577,-0.002861023,18.612965,0.11627197,268.47913,0.10559082,273.24985,0.0008983612,12.313238,0.0,1897.6829,1.1152344,8278.172,0.0018641949,2.8536935,N-CMAPSS_DS08a-009,9
N-CMAPSS_DS08a-009 · Engine 9,68,576.0245,1327.3923,1612.4637,1146.1345,14.727629,11.844383,14.951908,17.808752,253.23831,257.71408,11.86207,1855.7705,8210.421,2.6724696,9890.086,0.46799394,49.575123,504.789,27.0,1,0,-8.230164,581.5003,-27.968262,1344.99,-44.662476,1639.292,-21.992065,1158.1398,-0.8395357,15.274667,-0.5433073,12.194768,-0.8523197,15.507277,-1.121748,18.542467,-21.640533,267.07333,-21.966736,271.8139,-0.6469927,12.268526,-59.693848,1894.135,-95.66406,8272.21,-0.2546785,2.8355863,N-CMAPSS_DS08a-009,9
N-CMAPSS_DS08a-009 · Engine 9,69,580.3322,1340.5312,1631.4824,1161.7711,15.481527,12.446764,15.717287,18.680523,266.7415,271.42728,12.616755,1868.7964,8252.711,2.8082073,8028.579,0.43471643,48.920635,508.6205,26.0,1,0,4.3077393,581.2132,13.138916,1344.444,19.018677,1638.7622,15.636597,1158.2617,0.7538986,15.254654,0.60238075,12.184333,0.76537895,15.486959,0.87177086,18.512093,13.503174,266.53952,13.713196,271.2575,0.75468445,12.261844,13.025879,1892.7863,42.29004,8269.76,0.13573766,2.8274138,N-CMAPSS_DS08a-009,9
N-CMAPSS_DS08a-009 · Engine 9,70,584.8095,1357.1494,1660.6324,1173.1436,15.7076235,12.495978,15.946825,19.103878,278.2016,282.97745,12.6820545,1913.1,8308.559,2.969969,8090.279,0.4481552,52.24231,509.622,25.0,1,0,4.477295,581.8962,16.618164,1346.2275,29.150024,1641.4575,11.372437,1160.7018,0.22609615,15.361123,0.049214363,12.268498,0.22953796,15.595049,0.4233551,18.640833,11.460114,268.59888,11.550171,273.33517,0.06529999,12.361286,44.30359,1893.8624,55.847656,8275.1045,0.16176176,2.8514225,N-CMAPSS_DS08a-009,9
N-CMAPSS_DS08a-009 · Engine 9,71,578.9226,1340.9066,1637.8109,1153.9854,14.702183,11.73383,14.926074,17.88556,257.73322,262.17905,11.710506,1899.6901,8255.395,2.726894,10441.2295,0.4837612,52.665703,504.55188,24.0,1,0,-5.886902,581.7258,-16.242798,1345.9954,-22.821533,1641.5676,-19.158203,1160.954,-1.0054407,15.333522,-0.7621479,12.247381,-1.020751,15.567027,-1.2183189,18.608128,-20.468384,268.14465,-20.7984,272.85513,-0.9715481,12.342567,-13.409912,1893.5182,-53.164062,8273.598,-0.24307513,2.8468826,N-CMAPSS_DS08a-009,9
N-CMAPSS_DS08a-009 · Engine 9,72,576.07184,1328.0837,1615.6748,1149.3174,14.7193365,11.844383,14.943489,17.803663,253.37416,257.74307,11.8567295,1855.7705,8208.982,2.6728003,9890.086,0.46799394,49.575123,504.789,23.0,1,0,-2.850769,581.72864,-12.822876,1346.1305,-22.136108,1642.1017,-4.6679688,1161.5068,0.01715374,15.33176,0.11055279,12.247381,0.017415047,15.565239,-0.08189583,18.606466,-4.3590546,268.1571,-4.435974,272.8497,0.14622307,12.341569,-43.919556,1893.5181,-46.41211,8273.441,-0.0540936,2.846834,N-CMAPSS_DS08a-009,9
N-CMAPSS_DS08a-009 · Engine 9,73,581.3462,1346.6686,1644.0233,1170.4514,15.571262,12.469662,15.808388,18.811575,271.241,275.89758,12.785755,1881.3875,8273.16,2.8576458,7578.456,0.4074807,49.44916,508.57312,22.0,1,0,5.274353,581.421,18.584839,1345.416,28.34851,1641.1572,21.134033,1162.6271,0.85192585,15.362437,0.6252785,12.281824,0.8648987,15.596383,1.0079117,18.6241,17.866837,268.2816,18.15451,272.9631,0.92902565,12.41681,25.616943,1889.3217,64.177734,8270.557,0.18484545,2.8444388,N-CMAPSS_DS08a-009,9
N-CMAPSS_DS08a-009 · Engine 9,74,583.40247,1348.1128,1644.6511,1172.5726,15.842372,12.711878,16.083626,19.150608,274.73804,279.4341,12.939049,1874.6726,8274.774,2.9151657,7366.344,0.42994505,49.41956,510.7968,21.0,1,0,2.0562744,581.42694,1.4442139,1345.5692,0.6278076,1641.824,2.1212158,1163.312,0.27110958,15.360432,0.24221611,12.281824,0.27523804,15.594347,0.33903313,18.62234,3.4970398,268.2948,3.5365295,272.95508,0.15329361,12.415737,-6.7148438,1889.3217,1.6142578,8270.473,0.057519913,2.8445702,N-CMAPSS_DS08a-009,9
N-CMAPSS_DS08a-009 · Engine 9,75,585.71924,1359.5056,1666.4882,1173.5897,15.578095,12.381785,15.815326,18.995975,276.99176,281.62122,12.424526,1923.8013,8316.178,2.9556887,8757.58,0.47375408,53.426548,509.61856,20.0,1,0,2.3167725,581.5163,11.392822,1345.8834,21.837036,1642.6847,1.0170898,1163.6554,-0.2642765,15.346476,-0.33009243,12.270405,-0.26830006,15.580178,-0.15463257,18.61044,2.2537231,268.1901,2.1871033,272.82498,-0.51452255,12.389467,49.128662,1890.3917,41.40332,8271.123,0.040523052,2.8431273,N-CMAPSS_DS08a-009,9
N-CMAPSS_DS08a-009 · Engine 9,76,585.33057,1355.3038,1660.2902,1171.6039,15.514079,12.364951,15.750334,18.916721,273.96637,278.52637,12.328584,1910.999,8298.328,2.9336445,9034.825,0.4876599,53.027596,509.85233,19.0,1,0,-0.38867188,581.6214,-4.201782,1345.9015,-6.197998,1643.0643,-1.9858398,1164.0696,-0.06401634,15.341127,-0.016834259,12.26813,-0.06499195,15.574748,-0.07925415,18.608776,-3.0253906,268.11047,-3.0948486,272.7201,-0.0959425,12.37151,-12.802246,1889.9452,-17.84961,8270.459,-0.022044182,2.8439634,N-CMAPSS_DS08a-009,9
N-CMAPSS_DS08a-009 · Engine 9,77,576.08093,1328.9736,1619.9064,1153.8734,14.704044,11.844383,14.927961,17.78797,253.39624,257.6297,11.848946,1855.7705,8208.254,2.6722944,9890.086,0.46799394,49.575123,504.789,18.0,1,0,-9.249634,580.804,-26.3302,1343.2628,-40.38379,1639.3423,-17.730469,1162.6443,-0.81003475,15.254815,-0.5205679,12.213799,-0.82237244,15.487122,-1.1287518,18.494522,-20.57013,265.96222,-20.896667,270.51498,-0.4796381,12.305497,-55.228516,1883.9758,-90.07422,8260.676,-0.26135015,2.8184779,N-CMAPSS_DS08a-009,9
N-CMAPSS_DS08a-009 · Engine 9,78,580.3825,1342.296,1639.222,1169.94,15.456812,12.446764,15.692195,18.65729,266.86554,271.3141,12.60508,1868.7964,8250.995,2.8096998,8028.579,0.43471643,48.920635,508.6205,17.0,1,0,4.3015747,581.2398,13.322388,1344.7532,19.315674,1642.0182,16.066528,1165.0249,0.75276756,15.327734,0.60238075,12.274038,0.7642336,15.561151,0.8693199,18.579376,13.469299,267.32495,13.684387,271.875,0.75613403,12.379799,13.025879,1885.2784,42.74121,8264.733,0.1374054,2.832201,N-CMAPSS_DS08a-009,9
N-CMAPSS_DS08a-009 · Engine 9,79,581.2334,1347.049,1649.823,1170.865,15.1951475,12.143695,15.426545,18.469374,267.4568,271.79208,12.282104,1891.2479,8265.73,2.847917,9010.299,0.45440573,51.88142,507.0913,16.0,1,0,0.8508911,581.32996,4.7529297,1345.4049,10.600952,1643.8523,0.9250488,1165.9342,-0.2616644,15.299095,-0.3030691,12.243731,-0.2656498,15.532076,-0.1879158,18.558262,0.59124756,267.39648,0.47799683,271.91147,-0.3229761,12.3463335,22.451538,1887.5236,14.735352,8266.035,0.038217306,2.8361719,N-CMAPSS_DS08a-009,9
N-CMAPSS_DS08a-009 · Engine 9,80,585.3389,1355.9355,1663.1592,1175.0682,15.494225,12.364951,15.730178,18.89807,273.9684,278.36563,12.316386,1910.9989,8296.526,2.927232,9034.825,0.4876599,53.027596,509.85233,15.0,1,0,4.10553,581.3829,8.886597,1345.2836,13.336182,1644.1049,4.203247,1166.1267,0.29907703,15.277756,0.22125626,12.230628,0.30363274,15.510411,0.42869568,18.53768,6.511627,266.97314,6.5735474,271.4503,0.034282684,12.309767,19.750977,1887.3135,30.795898,8264.832,0.07931495,2.8318982,N-CMAPSS_DS08a-009,9
N-CMAPSS_DS08a-009 · Engine 9,81,585.43134,1363.3262,1677.8137,1188.1886,15.730866,12.490299,15.970424,19.153694,281.91336,286.37173,12.792466,1919.9996,8321.421,3.0136552,7837.6934,0.42610982,52.856384,509.31158,14.0,1,0,0.09240723,582.03375,7.390625,1347.5255,14.654541,1648.1052,13.120361,1169.547,0.23664188,15.380624,0.12534809,12.306275,0.24024582,15.614846,0.25562477,18.664494,7.9449463,269.39117,8.0061035,273.86957,0.47607994,12.417962,9.000732,1889.3445,24.894531,8271.435,0.08642316,2.8605742,N-CMAPSS_DS08a-009,9
N-CMAPSS_DS08a-009 · Engine 9,82,581.1576,1350.5347,1660.028,1179.4865,15.279989,12.183006,15.512681,18.583248,271.69714,275.94946,12.451317,1897.0906,8275.377,2.905064,8643.986,0.43523422,52.26939,506.52716,13.0,1,0,-4.2737427,582.5423,-12.791504,1349.7706,-17.785767,1652.5405,-8.702148,1172.564,-0.4508772,15.436689,-0.30729294,12.3401375,-0.4577427,15.671765,-0.570446,18.742453,-10.216217,271.22345,-10.422272,275.6902,-0.34114933,12.477421,-22.909058,1893.4764,-46.043945,8278.074,-0.10859108,2.8838007,N-CMAPSS_DS08a-009,9
N-CMAPSS_DS08a-009 · Engine 9,83,584.3294,1358.479,1670.0963,1182.6726,15.5074835,12.387691,15.743639,18.876274,274.98438,279.26544,12.4765625,1915.4641,8300.148,2.9181185,8602.582,0.46106967,52.60351,508.9583,12.0,1,0,3.171814,582.84064,7.944336,1350.9517,10.068359,1655.1478,3.1861572,1173.786,0.22749424,15.430311,0.20468426,12.331941,0.23095798,15.665291,0.29302597,18.748922,3.2872314,271.5978,3.315979,276.02698,0.025245667,12.446502,18.373535,1896.884,24.771484,8280.773,0.013054371,2.889848,N-CMAPSS_DS08a-009,9
N-CMAPSS_DS08a-009 · Engine 9,84,585.4846,1364.1289,1681.7964,1192.5942,15.714141,12.490299,15.953442,19.14098,281.8663,286.16885,12.782014,1919.9994,8319.605,3.0104282,7837.6934,0.42610982,52.856384,509.31158,11.0,1,0,1.1552124,583.0488,5.6499023,1352.5532,11.700073,1658.8623,9.921631,1175.7882,0.20665741,15.417488,0.10260868,12.309782,0.20980263,15.652272,0.26470566,18.74796,6.8819275,272.31064,6.903412,276.70047,0.3054514,12.430799,4.5352783,1901.4167,19.457031,8285.256,0.09230971,2.8993742,N-CMAPSS_DS08a-009,9
N-CMAPSS_DS08a-009 · Engine 9,85,581.1617,1352.0724,1663.283,1183.4628,15.26292,12.183006,15.495349,18.565664,272.15833,276.23944,12.442911,1897.0906,8274.966,2.9021447,8643.986,0.43523422,52.26939,506.52716,10.0,1,0,-4.322937,582.5931,-12.056519,1351.8099,-18.513428,1658.5417,-9.13147,1176.7755,-0.4512205,15.385971,-0.30729294,12.289905,-0.4580927,15.620275,-0.5753155,18.70493,-9.707977,271.82727,-9.929413,276.1623,-0.33910275,12.432637,-22.908813,1898.7457,-44.63965,8281.135,-0.10828352,2.8940198,N-CMAPSS_DS08a-009,9
N-CMAPSS_DS08a-009 · Engine 9,86,585.4838,1365.0052,1684.2343,1195.6975,15.699675,12.490299,15.938755,19.127495,282.0196,286.19485,12.774329,1919.9993,8319.185,3.0069149,7837.6934,0.42610982,52.856384,509.31158,9.0,1,0,4.3221436,582.6084,12.932861,1352.78,20.951294,1660.9363,12.234741,1179.1848,0.43675423,15.404531,0.30729294,12.30244,0.4434061,15.639117,0.5618305,18.726006,9.861267,272.6326,9.955414,276.92914,0.33141804,12.477211,22.908691,1899.6458,44.21875,8283.221,0.10477018,2.901347,N-CMAPSS_DS08a-009,9
N-CMAPSS_DS08a-009 · Engine 9,87,578.06464,1344.5344,1654.677,1172.7019,14.546234,11.654325,14.767751,17.724596,257.77725,261.57062,11.63697,1902.3381,8247.8955,2.7155745,10552.7295,0.4789385,52.801556,503.51273,8.0,1,0,-7.4191895,582.80676,-20.470825,1354.3362,-29.557251,1664.4133,-22.995605,1181.0677,-1.1534405,15.388749,-0.8359747,12.283434,-1.1710043,15.6230955,-1.4028988,18.71967,-24.24234,273.0707,-24.624237,277.3232,-1.1373596,12.456014,-17.661133,1904.3025,-71.28906,8287.185,-0.29134035,2.905675,N-CMAPSS_DS08a-009,9
N-CMAPSS_DS08a-009 · Engine 9,88,576.1037,1332.2662,1631.3839,1167.905,14.639635,11.844383,14.862575,17.725122,253.67108,257.3891,11.815833,1855.77,8204.5625,2.6582744,9890.086,0.46799394,49.575123,504.789,7.0,1,0,-1.9609375,582.3789,-12.268188,1353.3331,-23.29309,1663.6295,-4.796875,1180.8643,0.093400955,15.307032,0.19005871,12.223195,0.09482384,15.540133,0.0005264282,18.626451,-4.1061707,271.75125,-4.1815186,275.93073,0.17886353,12.3770895,-46.568115,1902.9999,-43.333008,8282.542,-0.05730009,2.8905323,N-CMAPSS_DS08a-009,9
N-CMAPSS_DS08a-009 · Engine 9,89,579.00397,1345.8204,1656.7528,1176.1787,14.6062765,11.73383,14.828704,17.791718,258.05838,261.7395,11.661879,1899.6892,8249.543,2.710889,10441.2295,0.4837612,52.665703,504.55188,6.0,1,0,2.9002686,582.15594,13.554199,1353.2103,25.368896,1664.3225,8.273682,1181.3956,-0.033358574,15.248144,-0.11055279,12.182209,-0.033870697,15.48035,0.06659508,18.558685,4.3872986,270.81143,4.350403,274.92548,-0.1539545,12.315066,43.91919,1903.844,44.98047,8280.923,0.05261469,2.8768296,N-CMAPSS_DS08a-009,9
N-CMAPSS_DS08a-009 · Engine 9,90,585.3627,1359.9675,1675.8776,1190.9235,15.415364,12.364951,15.650117,18.817636,274.3719,278.18192,12.278682,1910.998,8293.424,2.9117746,9034.825,0.4876599,53.027596,509.85233,5.0,1,0,6.3587036,582.1583,14.147095,1353.6135,19.124756,1665.5942,14.744751,1182.9811,0.80908775,15.240258,0.6311207,12.182209,0.82141304,15.472343,1.025919,18.550642,16.313507,270.85178,16.442413,274.9071,0.61680317,12.311296,11.308838,1903.8439,43.88086,8280.612,0.20088553,2.8752837,N-CMAPSS_DS08a-009,9
N-CMAPSS_DS08a-009 · Engine 9,91,584.46704,1360.1901,1679.2405,1190.0067,15.118555,12.125239,15.348785,18.489231,270.02908,273.70233,11.959434,1923.3514,8292.93,2.854002,9819.769,0.5016447,53.892605,508.29147,4.0,1,0,-0.8956299,582.0619,0.22253418,1353.2999,3.362915,1665.7369,-0.91674805,1183.163,-0.2968092,15.179028,-0.23971176,12.145703,-0.30133152,15.41018,-0.32840538,18.484196,-4.342804,269.66333,-4.4795837,273.64014,-0.3192482,12.227993,12.353394,1904.1791,-0.49414062,8277.764,-0.057772636,2.8593185,N-CMAPSS_DS08a-009,9
N-CMAPSS_DS08a-009 · Engine 9,92,583.3156,1354.0853,1666.3868,1195.1422,15.533998,12.551113,15.770556,18.840303,272.8893,276.55695,12.6097555,1882.2831,8268.926,2.8669953,8074.4424,0.45158243,50.40673,510.08594,3.0,1,0,-1.1514282,582.2777,-6.1047363,1353.6549,-12.853638,1666.3728,5.135498,1184.7285,0.41544247,15.204428,0.42587376,12.182514,0.42177105,15.435967,0.3510723,18.509903,2.8602295,269.78256,2.8546143,273.7009,0.65032196,12.243837,-41.06836,1902.6984,-24.003906,8277.118,0.012993336,2.8555117,N-CMAPSS_DS08a-009,9
N-CMAPSS_DS08a-009 · Engine 9,93,578.084,1347.559,1664.2101,1185.3998,14.478728,11.654325,14.699215,17.655817,258.04147,261.36447,11.605601,1902.3374,8245.292,2.6992073,10552.7295,0.4789385,52.801556,503.51273,2.0,1,0,-5.2316284,581.6532,-6.526367,1352.563,-2.1767578,1665.7842,-9.742432,1185.0012,-1.0552692,15.101553,-0.8967886,12.109177,-1.0713415,15.331525,-1.1844864,18.387856,-14.847839,268.08826,-15.192474,271.9108,-1.0041542,12.156741,20.054321,1901.3856,-23.63379,8271.633,-0.16778803,2.8336205,N-CMAPSS_DS08a-009,9
N-CMAPSS_DS08a-009 · Engine 9,94,584.4608,1362.1869,1684.359,1197.4506,15.068653,12.125239,15.298125,18.436508,270.04382,273.42966,11.937719,1923.351,8290.96,2.8406,9819.769,0.5016447,53.892605,508.29147,1.0,1,0,6.376831,581.5508,14.62793,1352.3688,20.148926,1666.0405,12.050781,1185.4868,0.5899248,15.0370035,0.47091484,12.072671,0.59891033,15.265993,0.78069115,18.31741,12.00235,266.906,12.065186,270.63687,0.33211803,12.072311,21.01355,1901.7208,45.66797,8268.769,0.14139271,2.8166378,N-CMAPSS_DS08a-009,9
N-CMAPSS_DS08a-009 · Engine 9,95,584.91187,1365.8872,1690.7319,1210.4828,15.52784,12.495978,15.764304,18.926771,279.02945,282.40463,12.595272,1913.0985,8299.176,2.9330003,8090.279,0.4481552,52.24231,509.622,0.0,1,0,0.4510498,581.9258,3.7003174,1353.7502,6.372925,1668.7854,13.032227,1188.1888,0.45918655,15.063496,0.37073898,12.103969,0.4661789,15.292889,0.490263,18.35352,8.985626,267.59314,8.974976,271.25342,0.6575527,12.087547,-10.252441,1903.3217,8.21582,8271.189,0.09240031,2.8197231,N-CMAPSS_DS08a-009,9
N-CMAPSS_DS08c-008 · Engine 1,1,569.71436,1330.2909,1631.2827,1124.4836,12.872299,10.052887,13.068325,15.849426,234.8958,239.1262,10.0501,1950.7905,8240.388,2.5017016,15499.056,0.5310418,59.87355,490.79483,52.0,3,1,0.0,569.71436,0.0,1330.2909,0.0,1631.2827,0.0,1124.4836,0.0,12.872299,0.0,10.052887,0.0,13.068325,0.0,15.849426,0.0,234.8958,0.0,239.1262,0.0,10.0501,0.0,1950.7905,0.0,8240.388,0.0,2.5017016,N-CMAPSS_DS08c-008,1
N-CMAPSS_DS08c-008 · Engine 1,2,561.13666,1320.0597,1629.7163,1100.2727,11.205078,8.618869,11.375713,13.969385,210.63055,214.34633,8.380993,1997.4352,8209.819,2.2469862,21238.17,0.6264231,66.473274,478.4311,51.0,3,1,-8.577698,565.42554,-10.231201,1325.1753,-1.5664062,1630.4995,-24.210938,1112.3782,-1.6672211,12.038689,-1.4340181,9.335878,-1.6926117,12.222019,-1.8800411,14.909406,-24.265244,222.76318,-24.779877,226.73627,-1.6691074,9.215547,46.644653,1974.1128,-30.56836,8225.104,-0.25471544,2.3743439,N-CMAPSS_DS08c-008,1
N-CMAPSS_DS08c-008 · Engine 1,3,560.3527,1322.8817,1640.8235,1101.1307,10.897285,8.305099,11.063235,13.674453,208.7642,212.37851,8.068302,2019.8425,8219.557,2.254065,22563.836,0.64863414,69.95429,475.34094,50.0,3,1,-0.78393555,563.73456,2.8220215,1324.4108,11.107178,1633.9408,0.8580322,1108.629,-0.30779266,11.658221,-0.3137703,8.992285,-0.31247807,11.835758,-0.29493237,14.497755,-1.8663483,218.09685,-1.9678192,221.95035,-0.31269073,8.833132,22.407349,1989.3561,9.737305,8223.255,0.007078886,2.334251,N-CMAPSS_DS08c-008,1
N-CMAPSS_DS08c-008 · Engine 1,4,564.77905,1328.0038,1638.6483,1120.3822,12.157369,9.379103,12.342506,15.087175,228.83452,232.85109,9.437551,1980.0729,8233.807,2.4617033,17368.379,0.5397089,63.672436,483.73483,49.0,3,1,4.4263306,563.9957,5.1220703,1325.3091,-2.175171,1635.1177,19.251465,1111.5674,1.2600832,11.783008,1.0740042,9.088989,1.2792711,11.962445,1.4127226,14.64511,20.070312,220.78127,20.47258,224.67554,1.3692484,8.984237,-39.769653,1987.0353,14.25,8225.893,0.20763826,2.3661141,N-CMAPSS_DS08c-008,1
N-CMAPSS_DS08c-008 · Engine 1,5,561.3925,1325.1932,1642.0115,1108.584,11.301278,8.635685,11.473379,14.1382,216.08005,219.82588,8.5415,2010.3368,8225.269,2.3336682,20833.182,0.6055026,68.37613,477.40198,48.0,3,1,-3.3865356,563.47504,-2.8105469,1325.2859,3.3631592,1636.4965,-11.798218,1110.9707,-0.85609055,11.686662,-0.74341774,8.998328,-0.8691273,11.864632,-0.94897556,14.543728,-12.754471,219.84102,-13.0252075,223.7056,-0.89605045,8.895689,30.263916,1991.6956,-8.538086,8225.768,-0.12803507,2.3596249,N-CMAPSS_DS08c-008,1
N-CMAPSS_DS08c-008 · Engine 1,6,561.19775,1325.9238,1646.04,1105.9847,11.017427,8.378736,11.185205,13.839922,212.41484,216.06445,8.213006,2023.0756,8228.691,2.3020742,21917.938,0.63200504,70.04791,475.95206,47.0,3,1,-0.19476318,563.0955,0.7305908,1325.3922,4.0285645,1638.087,-2.5992432,1110.1396,-0.28385067,11.575123,-0.25694942,8.895063,-0.28817368,11.751394,-0.29827785,14.426427,-3.665207,218.60333,-3.7614288,222.43208,-0.32849407,8.781909,12.73877,1996.9255,3.4228516,8226.255,-0.031594038,2.350033,N-CMAPSS_DS08c-008,1
N-CMAPSS_DS08c-008 · Engine 1,7,555.58655,1305.5916,1608.9542,1091.9952,10.950782,8.484666,11.117544,13.58568,203.33682,206.9443,8.296757,1970.7278,8162.0796,2.1505878,21193.69,0.6000059,64.54699,475.44418,46.0,3,1,-5.611206,562.0228,-20.332275,1322.5635,-37.085815,1633.9252,-13.989502,1107.5476,-0.06664562,11.485931,0.10593033,8.836434,-0.067661285,11.660844,-0.25424194,14.30632,-9.078018,216.4224,-9.120148,220.21954,0.083750725,8.712602,-52.34778,1993.183,-66.61182,8217.087,-0.1514864,2.3215408,N-CMAPSS_DS08c-008,1
N-CMAPSS_DS08c-008 · Engine 1,8,562.5533,1322.0431,1629.2313,1117.1836,12.079406,9.36976,12.263356,14.904134,224.1032,228.0849,9.526623,1964.9677,8214.006,2.3919067,17620.371,0.52509975,62.915916,482.3383,45.0,3,1,6.966736,562.0891,16.451538,1322.4985,20.2771,1633.3385,25.188354,1108.7521,1.128624,11.560116,0.8850937,8.9031,1.145812,11.736158,1.3184538,14.381047,20.766373,217.38249,21.140594,221.20271,1.229866,8.814354,-5.760132,1989.6561,51.92627,8216.702,0.24131894,2.3303366,N-CMAPSS_DS08c-008,1
N-CMAPSS_DS08c-008 · Engine 1,9,567.6098,1326.2218,1626.6779,1119.9294,12.661427,9.878762,12.854239,15.614872,232.25531,236.4235,9.817348,1951.9076,8227.427,2.472027,15865.957,0.5370134,59.790783,489.1914,44.0,3,1,5.0565186,562.7025,4.178711,1322.9122,-2.5534668,1632.5984,2.7458496,1109.994,0.58202076,11.682484,0.5090027,9.011507,0.59088326,11.86039,0.7107382,14.518139,8.152115,219.03503,8.338593,222.8939,0.29072475,8.925797,-13.060059,1985.4618,13.420898,8217.894,0.080120325,2.34608,N-CMAPSS_DS08c-008,1
N-CMAPSS_DS08c-008 · Engine 1,10,568.9235,1325.8442,1621.2937,1129.3374,13.350969,10.499733,13.554283,16.324524,240.82748,245.2033,10.673626,1920.9061,8224.894,2.5520878,13351.06,0.4746277,55.999107,492.96655,43.0,3,1,1.3137207,563.32465,-0.37756348,1323.2053,-5.3841553,1631.4679,9.407959,1111.9283,0.6895428,11.849332,0.6209707,9.16033,0.7000437,12.0297785,0.70965195,14.698777,8.572174,221.21428,8.7798,225.12485,0.8562784,9.10058,-31.001465,1979.0062,-2.5332031,8218.594,0.08006072,2.3666809,N-CMAPSS_DS08c-008,1
N-CMAPSS_DS08c-008 · Engine 1,11,560.429,1320.7697,1633.7551,1105.753,11.325258,8.702412,11.497725,14.120195,214.23126,217.975,8.574995,1997.8531,8211.094,2.2943208,20422.906,0.5971778,66.38296,477.96533,42.0,3,1,-8.494507,562.3961,-5.074585,1322.2533,12.461426,1631.7152,-23.58435,1110.0553,-2.025711,11.694628,-1.7973213,9.025282,-2.0565586,11.872719,-2.2043285,14.525854,-26.596222,219.14783,-27.228287,223.00972,-2.098631,8.95307,76.94702,1983.7125,-13.799805,8215.664,-0.25776696,2.3459427,N-CMAPSS_DS08c-008,1
N-CMAPSS_DS08c-008 · Engine 1,12,575.2168,1343.7439,1648.5233,1135.5543,13.552096,10.568153,13.758474,16.712475,249.13124,253.62059,10.502422,1969.2537,8287.358,2.6587505,13746.868,0.5250118,59.350952,495.9132,41.0,3,1,14.787781,563.8041,22.974243,1324.6217,14.768188,1633.596,29.80127,1113.5835,2.226838,11.92933,1.8657417,9.220211,2.2607498,12.110994,2.5922794,14.800163,34.89998,222.9979,35.645584,226.93715,1.9274273,9.165213,-28.599487,1980.8944,76.26465,8223.418,0.3644297,2.387119,N-CMAPSS_DS08c-008,1
N-CMAPSS_DS08c-008 · Engine 1,13,569.3338,1321.3821,1608.8834,1122.3093,13.344571,10.567961,13.547787,16.27386,236.69788,241.0647,10.538353,1906.3684,8212.022,2.4772108,13271.488,0.49177647,54.151455,494.95407,40.0,3,1,-5.8829956,564.7022,-22.361816,1324.4717,-39.639893,1630.4019,-13.244995,1115.7013,-0.20752525,12.174058,-0.00019264221,9.446497,-0.21068764,12.35945,-0.4386139,15.060103,-12.433365,225.79126,-12.555893,229.80577,0.035930634,9.412218,-62.885254,1969.547,-75.33594,8222.665,-0.18153977,2.4094338,N-CMAPSS_DS08c-008,1
N-CMAPSS_DS08c-008 · Engine 1,14,562.6371,1329.7263,1649.3722,1115.8448,11.542002,8.816363,11.71777,14.430022,221.46414,225.28528,8.809563,2013.511,8240.397,2.3960013,19802.096,0.58028704,68.17508,478.57117,39.0,3,1,-6.6967163,564.48804,8.344238,1324.6439,40.48877,1631.4742,-6.4644775,1115.2476,-1.8025694,12.112522,-1.7515974,9.390223,-1.8300171,12.296976,-1.8438387,14.994389,-15.233734,225.05423,-15.779419,229.0492,-1.7287903,9.34942,107.14258,1972.8907,28.375,8223.324,-0.08120942,2.4028635,N-CMAPSS_DS08c-008,1
N-CMAPSS_DS08c-008 · Engine 1,15,566.63776,1324.8898,1626.4541,1123.5388,12.697305,9.904368,12.890666,15.637426,233.09338,237.25388,9.988101,1943.5847,8220.494,2.4907153,15452.168,0.5122162,59.368008,488.53452,38.0,3,1,4.0006714,565.0125,-4.836548,1324.6136,-22.91809,1629.9186,7.6939697,1116.743,1.155303,12.252125,1.0880051,9.517092,1.1728964,12.438705,1.2074041,15.144311,11.629242,226.75555,11.968597,230.79199,1.1785383,9.49408,-69.92627,1966.2156,-19.90332,8222.847,0.09471393,2.4185681,N-CMAPSS_DS08c-008,1
N-CMAPSS_DS08c-008 · Engine 1,16,556.21124,1308.2089,1614.2839,1094.6228,10.944329,8.460302,11.110993,13.596634,204.21634,207.81734,8.281704,1976.051,8168.936,2.1714349,21400.822,0.60598224,65.33568,475.37198,37.0,3,1,-10.426514,564.5139,-16.680908,1322.8422,-12.170166,1626.7429,-28.916016,1115.6069,-1.7529755,12.244815,-1.444066,9.525248,-1.7796726,12.431284,-2.0407925,15.119983,-28.877045,225.9357,-29.436539,229.96729,-1.706397,9.500949,32.46631,1961.5131,-51.558105,8216.871,-0.3192804,2.4055042,N-CMAPSS_DS08c-008,1
N-CMAPSS_DS08c-008 · Engine 1,17,566.5213,1335.4778,1655.772,1114.002,11.513291,8.783261,11.688621,14.441931,220.13272,223.94882,8.528648,2025.401,8258.531,2.3796241,20687.408,0.6352649,68.52355,481.30338,36.0,3,0,10.310059,565.60736,27.26892,1325.8308,41.488037,1631.4247,19.37915,1117.8076,0.5689621,12.301065,0.32295895,9.555107,0.5776272,12.488392,0.84529686,15.205607,15.916382,227.6153,16.131485,231.66772,0.24694443,9.524138,49.349976,1966.9805,89.595215,8226.516,0.20818925,2.428408,N-CMAPSS_DS08c-008,1
N-CMAPSS_DS08c-008 · Engine 1,18,569.7055,1338.4583,1651.8817,1129.1057,12.583039,9.699987,12.774659,15.628926,236.66257,240.81157,9.737706,1989.0951,8266.762,2.55616,16680.365,0.5478099,64.004395,487.55142,35.0,3,0,3.184204,566.3226,2.9804688,1327.4723,-3.8902588,1633.6897,15.10376,1118.9998,1.0697479,12.351429,0.9167261,9.58813,1.0860386,12.539522,1.1869955,15.278087,16.529846,228.87123,16.862747,232.9404,1.2090578,9.545246,-36.30591,1969.3932,8.230469,8231.792,0.17653584,2.4448333,N-CMAPSS_DS08c-008,1
N-CMAPSS_DS08c-008 · Engine 1,19,564.1558,1326.0962,1637.7065,1114.2626,11.786355,9.096726,11.965844,14.636672,220.40878,224.2863,9.013208,1986.3142,8226.232,2.3622873,19215.09,0.5866004,64.96325,482.13556,34.0,3,0,-5.5496826,565.9772,-12.362061,1327.4597,-14.175171,1634.7926,-14.84314,1118.4331,-0.79668427,12.263922,-0.603261,9.509927,-0.808815,12.450682,-0.99225426,15.180266,-16.253784,227.68658,-16.525269,231.72668,-0.7244978,9.464832,-2.7808838,1972.8339,-40.529297,8231.672,-0.19387269,2.4338593,N-CMAPSS_DS08c-008,1
N-CMAPSS_DS08c-008 · Engine 1,20,560.1159,1315.5028,1621.4506,1108.9191,11.709108,9.073914,11.887421,14.502081,218.1103,221.94647,9.063137,1963.866,8190.5234,2.3337953,18711.248,0.55530816,63.183292,480.2758,33.0,3,0,-4.039917,565.09644,-10.593384,1326.4255,-16.255981,1634.8083,-5.343506,1116.3912,-0.077246666,12.099735,-0.022812843,9.367345,-0.0784235,12.283996,-0.1345911,14.998022,-2.2984772,225.41486,-2.3398285,229.401,0.049928665,9.303783,-22.448242,1977.1299,-35.708984,8228.235,-0.028491974,2.41203,N-CMAPSS_DS08c-008,1
N-CMAPSS_DS08c-008 · Engine 1,21,566.4536,1335.6328,1656.0975,1119.0905,11.773275,9.008222,11.952563,14.728994,224.42181,228.30846,8.866398,2017.3628,8256.99,2.4342217,19804.459,0.6113267,68.088295,481.81873,32.0,3,0,6.3377075,565.69885,20.130005,1327.9119,34.646973,1637.0425,10.171387,1117.725,0.06416702,12.144537,-0.06569195,9.397926,0.06514263,12.32948,0.22691345,15.058903,6.311508,226.43391,6.3619843,230.43434,-0.1967392,9.332924,53.496826,1979.0808,66.4668,8232.825,0.100426435,2.4260201,N-CMAPSS_DS08c-008,1
N-CMAPSS_DS08c-008 · Engine 1,22,561.1339,1311.628,1605.8546,1117.2262,12.527443,9.83254,12.718216,15.331392,227.59248,231.67924,10.020638,1912.8098,8177.8936,2.405915,15015.017,0.46814993,56.55177,485.88116,31.0,3,0,-5.319702,564.2906,-24.00476,1324.7003,-50.24292,1632.7756,-1.8642578,1115.8922,0.75416756,12.042072,0.82431793,9.324365,0.76565266,12.225454,0.6023979,14.920794,3.1706696,224.28004,3.3707886,228.2402,1.1542406,9.284746,-104.55298,1973.4364,-79.09668,8221.878,-0.028306723,2.4007366,N-CMAPSS_DS08c-008,1
N-CMAPSS_DS08c-008 · Engine 1,23,561.411,1325.188,1642.8999,1109.4982,11.2982235,8.635685,11.470277,14.136414,215.97026,219.69858,8.539335,2010.3375,8223.86,2.3332,20833.182,0.6055026,68.37613,477.40198,30.0,3,0,0.2770996,563.4983,13.559937,1325.0809,37.045288,1636.1772,-7.7280273,1114.6111,-1.2292194,11.837437,-1.1968546,9.131137,-1.2479391,12.017703,-1.1949787,14.707049,-11.622223,222.20728,-11.980667,226.10359,-1.4813032,9.084844,97.52771,1983.8333,45.966797,8223.0625,-0.072715044,2.3863354,N-CMAPSS_DS08c-008,1
N-CMAPSS_DS08c-008 · Engine 1,24,564.8249,1333.6682,1654.8555,1117.702,11.623637,8.866898,11.800647,14.565694,223.47902,227.32196,8.76446,2020.367,8252.67,2.424873,19892.771,0.60080826,68.29901,480.25723,29.0,3,0,3.4138794,563.7171,8.480225,1325.4751,11.955566,1636.7256,8.203857,1114.7968,0.3254137,11.845601,0.23121262,9.13619,0.33036995,12.0259905,0.42928028,14.720616,7.5087585,222.40877,7.6233826,226.30727,0.22512436,9.080334,10.029419,1984.5189,28.80957,8224.289,0.091673136,2.3892226,N-CMAPSS_DS08c-008,1
N-CMAPSS_DS08c-008 · Engine 1,25,568.96606,1331.333,1637.2191,1125.7289,12.785385,9.961197,12.980085,15.780923,235.20836,239.39143,9.94016,1962.6985,8241.697,2.5208812,16108.31,0.5456554,61.27119,489.27505,28.0,3,0,4.1411743,563.94995,-2.335205,1326.1194,-17.636353,1637.8021,8.026855,1115.0157,1.1617479,11.854408,1.0942993,9.141873,1.1794386,12.034933,1.215229,14.734966,11.72934,222.62027,12.069473,226.52101,1.1757002,9.07554,-57.668457,1986.4303,-10.972656,8226.409,0.09600806,2.3922393,N-CMAPSS_DS08c-008,1
N-CMAPSS_DS08c-008 · Engine 1,26,569.5485,1333.4515,1640.3086,1133.1776,13.068096,10.191373,13.267102,16.072365,239.9041,244.16782,10.387264,1955.2081,8248.709,2.569388,14917.777,0.5015746,60.4282,490.16812,27.0,3,0,0.5824585,565.2836,2.1185303,1328.6437,3.0894775,1640.4045,7.4487305,1118.8712,0.28271103,12.066786,0.23017597,9.3149805,0.28701687,12.250544,0.29144192,14.982539,4.6957397,226.18904,4.7763824,230.15607,0.44710445,9.286096,-7.4903564,1984.346,7.0117188,8234.387,0.048506737,2.4320345,N-CMAPSS_DS08c-008,1
N-CMAPSS_DS08c-008 · Engine 1,27,563.5263,1321.4218,1626.7258,1114.3638,12.012707,9.318791,12.195641,14.877466,223.22269,227.1572,9.269621,1963.6576,8209.7,2.3878415,17793.68,0.5551963,62.192154,483.79495,26.0,3,0,-6.022217,564.98413,-12.029785,1327.238,-13.582764,1637.5,-18.813843,1118.9075,-1.0553894,12.116727,-0.8725815,9.368533,-1.0714617,12.301246,-1.1948986,15.026093,-16.681412,226.49803,-17.01062,230.4769,-1.1176434,9.360193,8.449463,1978.1716,-39.00879,8229.504,-0.18154645,2.4328563,N-CMAPSS_DS08c-008,1
N-CMAPSS_DS08c-008 · Engine 1,28,565.491,1329.6647,1641.9655,1120.7124,12.142555,9.372551,12.327467,15.085349,228.11275,232.09244,9.367102,1986.2474,8236.699,2.457509,17961.738,0.562289,64.67564,483.7368,25.0,3,0,1.9647217,564.5627,8.24292,1326.3586,15.239624,1636.5083,6.348633,1118.0681,0.12984848,12.072679,0.053759575,9.33579,0.1318264,12.256526,0.20788288,14.971735,4.8900604,225.64305,4.9352417,229.605,0.097480774,9.3231325,22.589844,1977.8868,26.999023,8226.498,0.06966758,2.4229913,N-CMAPSS_DS08c-008,1
N-CMAPSS_DS08c-008 · Engine 1,29,565.9422,1317.9869,1612.0026,1113.4048,12.657371,9.973543,12.850122,15.520602,226.94249,231.059,9.824708,1931.7113,8199.206,2.3873541,16101.987,0.54607725,57.63824,489.4588,24.0,3,0,0.45117188,564.74133,-11.677734,1325.5477,-29.96289,1633.938,-7.307617,1117.9823,0.51481533,12.1597805,0.6009922,9.423471,0.5226555,12.3449545,0.43525314,15.060128,-1.1702576,226.29643,-1.033432,230.28226,0.45760632,9.404283,-54.536133,1972.4266,-37.493164,8223.795,-0.070154905,2.425498,N-CMAPSS_DS08c-008,1
N-CMAPSS_DS08c-008 · Engine 1,30,561.701,1309.0166,1598.33,1112.6456,12.459497,9.839124,12.649236,15.203505,222.72504,226.76367,9.910713,1904.6115,8168.413,2.3266463,15345.611,0.49079368,55.446106,487.21896,23.0,3,0,-4.241211,564.89984,-8.970337,1324.8992,-13.672607,1631.6259,-0.7591553,1118.355,-0.19787312,12.234819,-0.13441944,9.499992,-0.20088673,12.421136,-0.31709766,15.13027,-4.217453,226.7579,-4.295334,230.76398,0.08600521,9.48904,-27.099854,1966.5011,-30.792969,8221.584,-0.060707808,2.424783,N-CMAPSS_DS08c-008,1
N-CMAPSS_DS08c-008 · Engine 1,31,564.72864,1331.6372,1650.2686,1114.4368,11.558481,8.848295,11.734498,14.4623375,220.3827,224.17477,8.671388,2015.381,8245.349,2.3769689,20258.412,0.6151181,67.751434,480.5304,22.0,3,0,3.027649,564.72736,22.620605,1324.4996,51.9386,1631.043,1.7911377,1117.8896,-0.90101624,12.21334,-0.9908285,9.483999,-0.9147377,12.399329,-0.74116707,15.103604,-2.342331,226.35399,-2.5888977,230.35062,-1.2393255,9.469539,110.76953,1966.303,76.93555,8220.42,0.050322533,2.4190576,N-CMAPSS_DS08c-008,1
N-CMAPSS_DS08c-008 · Engine 1,32,564.92084,1327.3632,1639.3607,1118.2809,11.918552,9.194069,12.100054,14.8188305,223.82556,227.7225,9.137008,1983.0208,8230.518,2.4039056,18262.977,0.56611323,64.124985,483.35434,21.0,3,0,0.1921997,565.1061,-4.274048,1326.0731,-10.907837,1634.3936,3.8441162,1117.9951,0.36007118,12.152451,0.3457737,9.420153,0.36555576,12.337513,0.356493,15.052348,3.4428558,225.9773,3.5477295,229.95494,0.46562004,9.381176,-32.36023,1973.3241,-14.831055,8225.682,0.02693677,2.4188569,N-CMAPSS_DS08c-008,1
N-CMAPSS_DS08c-008 · Engine 1,33,567.158,1333.3835,1648.4226,1127.7222,12.345459,9.532259,12.533461,15.312764,231.5549,235.57722,9.610994,1984.2223,8249.223,2.4941015,17212.436,0.54197943,63.89039,485.3272,20.0,3,0,2.2371826,565.6807,6.0203857,1326.8927,9.06189,1634.9459,9.441284,1119.8175,0.4269066,12.2571745,0.33819008,9.5098095,0.43340683,12.443831,0.49393368,15.169984,7.7293396,227.53577,7.854721,231.5428,0.47398663,9.488341,1.2015381,1970.7125,18.705078,8228.219,0.090195894,2.434947,N-CMAPSS_DS08c-008,1
N-CMAPSS_DS08c-008 · Engine 1,34,560.2307,1322.3893,1640.157,1104.7516,11.004317,8.418452,11.171896,13.782232,209.99268,213.59259,8.2065525,2013.3069,8216.678,2.2546904,21743.033,0.6274379,68.32879,476.24573,19.0,3,0,-6.927307,565.2213,-10.994263,1325.7648,-8.265625,1633.4761,-22.970581,1118.5225,-1.3411417,12.195242,-1.1138067,9.464966,-1.3615646,12.380957,-1.5305319,15.091638,-21.562225,226.18713,-21.984634,230.16986,-1.4044418,9.432551,29.084595,1970.0066,-32.54492,8224.619,-0.23941112,2.4179287,N-CMAPSS_DS08c-008,1
N-CMAPSS_DS08c-008 · Engine 1,35,561.88196,1323.4381,1639.301,1108.162,11.243224,8.62857,11.414441,14.059223,213.2086,216.86563,8.412925,2003.1656,8217.011,2.29122,20906.89,0.6197395,67.05023,478.64368,18.0,3,0,1.6512451,564.51294,1.0488281,1324.9753,-0.85595703,1633.6842,3.4104004,1116.7657,0.23890686,12.041026,0.21011734,9.331703,0.24254513,12.224392,0.2769909,14.919468,3.2159271,223.98715,3.2730408,227.91728,0.20637226,9.279827,-10.141235,1974.0532,0.3330078,8222.15,0.03652954,2.3949625,N-CMAPSS_DS08c-008,1
N-CMAPSS_DS08c-008 · Engine 1,36,569.80035,1330.9324,1636.0289,1129.2147,12.859986,10.052887,13.055822,15.842118,234.55644,238.69778,10.042477,1950.7903,8238.951,2.5023954,15499.056,0.5310418,59.87355,490.79483,17.0,3,0,7.918396,564.5381,7.4942627,1324.7234,-3.2720947,1633.2562,21.052734,1116.3695,1.6167622,12.020215,1.4243174,9.317854,1.6413813,12.203264,1.7828951,14.896442,21.34784,223.4524,21.832153,227.37029,1.6295519,9.245349,-52.375366,1973.6115,21.94043,8221.175,0.21117544,2.3882632,N-CMAPSS_DS08c-008,1
N-CMAPSS_DS08c-008 · Engine 1,37,562.6188,1329.3651,1652.1566,1113.9584,11.249986,8.5775795,11.421307,14.119893,216.6035,220.26285,8.432011,2021.3516,8237.826,2.3458288,21009.639,0.6164813,69.0639,477.76242,16.0,3,0,-7.1815796,564.4473,-1.5672607,1325.5177,16.127686,1635.7993,-15.256348,1116.329,-1.6100006,11.943943,-1.4753075,9.243732,-1.6345158,12.125831,-1.7222252,14.820685,-17.952942,222.79047,-18.434937,226.68085,-1.610466,9.161588,70.56128,1979.3809,-1.125,8223.987,-0.15656662,2.384062,N-CMAPSS_DS08c-008,1
N-CMAPSS_DS08c-008 · Engine 1,38,563.6295,1324.4746,1637.7703,1116.8672,11.866582,9.180032,12.047291,14.744539,221.78322,225.62254,9.096483,1983.5282,8220.323,2.3805606,18765.9,0.575184,64.54788,482.12244,15.0,3,0,1.0107422,564.2612,-4.890503,1324.9987,-14.386353,1635.3799,2.9088135,1115.9445,0.6165962,11.916346,0.6024523,9.224481,0.6259842,12.097813,0.6246462,14.786605,5.179718,222.15752,5.3596954,226.03386,0.6644726,9.134526,-37.823364,1979.1089,-17.50293,8222.35,0.034731865,2.376367,N-CMAPSS_DS08c-008,1
N-CMAPSS_DS08c-008 · Engine 1,39,564.84106,1328.2529,1642.2156,1124.5321,12.1382475,9.379103,12.323094,15.074188,228.1578,232.0825,9.424744,1980.0726,8232.302,2.4560952,17368.379,0.5397089,63.672436,483.73483,14.0,3,0,1.2115479,564.15106,3.7783203,1326.0253,4.4453125,1638.4011,7.664917,1117.0571,0.27166557,11.864433,0.19907093,9.165037,0.27580357,12.04511,0.32964897,14.741963,6.374588,222.27905,6.459961,226.1362,0.32826042,9.094529,-3.4555664,1983.9451,11.978516,8225.659,0.07553458,2.3832412,N-CMAPSS_DS08c-008,1
N-CMAPSS_DS08c-008 · Engine 1,40,563.5634,1321.2017,1628.7313,1117.2389,11.994765,9.318791,12.177427,14.866039,222.65843,226.51288,9.258038,1963.6576,8208.501,2.380826,17793.68,0.5551963,62.192154,483.79495,13.0,3,0,-1.2776489,564.33734,-7.0512695,1327.2438,-13.484253,1641.4413,-7.293213,1117.5165,-0.14348221,11.81796,-0.060311317,9.113004,-0.14566708,11.997929,-0.20814896,14.708217,-5.4993744,222.27238,-5.569626,226.11113,-0.16670609,9.029262,-16.41504,1989.8497,-23.800781,8229.668,-0.07526922,2.3886592,N-CMAPSS_DS08c-008,1
N-CMAPSS_DS08c-008 · Engine 1,41,562.6224,1322.2609,1633.4915,1122.1804,12.058669,9.36976,12.242303,14.890344,223.548,227.41234,9.513411,1964.9694,8212.838,2.3869522,17620.371,0.52509975,62.915916,482.3383,12.0,3,0,-0.94104004,564.1267,1.0592041,1326.3062,4.760132,1639.7635,4.9415283,1118.2908,0.06390381,11.867979,0.05096817,9.16515,0.0648756,12.04871,0.02430439,14.751018,0.88957214,222.58891,0.89945984,226.43489,0.255373,9.113464,1.3117676,1984.8085,4.336914,8226.417,0.0061261654,2.3896575,N-CMAPSS_DS08c-008,1
N-CMAPSS_DS08c-008 · Engine 1,42,561.8967,1315.4587,1618.1627,1115.0764,12.061793,9.427767,12.245476,14.879422,221.27148,225.11818,9.395268,1946.057,8189.863,2.3445601,17133.34,0.5329007,60.10145,483.99475,11.0,3,0,-0.725647,563.8243,-6.802124,1325.1157,-15.328735,1637.6438,-7.104004,1117.9703,0.003124237,11.882303,0.05800724,9.18852,0.0031728745,12.0632515,-0.010921478,14.757076,-2.2765198,222.33351,-2.294159,226.17445,-0.11814213,9.13929,-18.912354,1981.1122,-22.975098,8222.352,-0.042392015,2.383723,N-CMAPSS_DS08c-008,1
N-CMAPSS_DS08c-008 · Engine 1,43,568.95886,1326.1564,1625.4039,1134.695,13.324225,10.499733,13.527132,16.30579,240.15738,244.38272,10.657792,1920.9073,8223.563,2.543767,13351.06,0.4746277,55.999107,492.96655,10.0,3,0,7.062134,564.0044,10.697632,1324.3931,7.241211,1635.3419,19.61853,1118.6677,1.2624321,11.98018,1.0719662,9.285267,1.2816563,12.162619,1.4263678,14.856379,18.885895,223.19376,19.264542,227.05501,1.2625237,9.24397,-25.149658,1974.7806,33.700684,8219.785,0.19920683,2.3886895,N-CMAPSS_DS08c-008,1
N-CMAPSS_DS08c-008 · Engine 1,44,564.36206,1331.3516,1653.9124,1117.7726,11.46272,8.786431,11.63728,14.362559,218.50479,222.18085,8.5996895,2019.3422,8244.802,2.3560908,20564.791,0.6179174,68.372955,479.74646,9.0,3,0,-4.5968018,564.4175,5.1951904,1325.2892,28.508423,1636.7174,-16.922363,1119.9697,-1.8615055,12.02602,-1.7133017,9.322065,-1.8898516,12.209157,-1.9432306,14.914412,-21.652588,224.04497,-22.201874,227.91383,-2.0581026,9.283283,98.434814,1975.3842,21.238281,8222.598,-0.18767619,2.3988297,N-CMAPSS_DS08c-008,1
N-CMAPSS_DS08c-008 · Engine 1,45,558.09375,1309.818,1616.9463,1101.3821,11.246123,8.745698,11.417385,13.971976,208.38925,211.9574,8.492769,1972.7056,8173.6074,2.203537,20372.994,0.59828424,63.533615,478.19852,8.0,3,0,-6.2683105,564.0387,-21.53357,1323.9272,-36.966064,1634.4819,-16.390503,1119.2917,-0.2165966,12.02631,-0.040733337,9.333778,-0.21989536,12.209452,-0.39058304,14.905687,-10.11554,223.56303,-10.22345,227.423,-0.10692024,9.291268,-46.636597,1972.3381,-71.194336,8218.258,-0.1525538,2.3900614,N-CMAPSS_DS08c-008,1
N-CMAPSS_DS08c-008 · Engine 1,46,575.2656,1343.7574,1653.516,1142.5367,13.509511,10.568153,13.715239,16.682371,247.83997,252.1311,10.47726,1969.2537,8285.174,2.643443,13746.868,0.5250118,59.350952,495.9132,7.0,3,0,17.171875,564.5852,33.939453,1325.2097,36.569702,1636.2307,41.154663,1120.624,2.2633877,12.091262,1.8224554,9.385304,2.2978535,12.2753935,2.7103949,14.989712,39.450714,224.89139,40.173706,228.76634,1.9844904,9.334746,-3.4519043,1974.1846,111.56641,8222.88,0.43990612,2.404166,N-CMAPSS_DS08c-008,1
N-CMAPSS_DS08c-008 · Engine 1,47,559.56775,1326.6628,1656.8475,1114.1321,10.775393,8.174149,10.939485,13.602169,210.42949,213.85509,8.069704,2037.6449,8230.061,2.2846508,22318.793,0.6209555,71.66572,473.181,6.0,3,0,-15.697876,564.2801,-17.094604,1324.9395,3.331543,1636.6997,-28.404663,1120.6414,-2.7341185,12.043803,-2.3940048,9.344961,-2.775754,12.227211,-3.080202,14.93794,-37.410477,224.27399,-38.276016,228.12556,-2.4075556,9.298515,68.391235,1975.8138,-55.11328,8222.104,-0.3587923,2.3980484,N-CMAPSS_DS08c-008,1
N-CMAPSS_DS08c-008 · Engine 1,48,555.77997,1303.2827,1608.9595,1098.1459,10.881686,8.477682,11.047396,13.514363,200.75325,204.14803,8.242739,1960.8813,8151.042,2.1160822,20935.357,0.5974381,63.494358,476.291,5.0,3,0,-3.7877808,563.4952,-23.380127,1322.8203,-47.88806,1633.8186,-15.986206,1118.7692,0.10629368,11.945313,0.30353355,9.274727,0.10791111,12.127222,-0.08780575,14.814922,-9.676239,222.17099,-9.707062,225.9781,0.17303467,9.213141,-76.76355,1973.5492,-79.018555,8215.175,-0.16856861,2.3716004,N-CMAPSS_DS08c-008,1
N-CMAPSS_DS08c-008 · Engine 1,49,560.3659,1321.5231,1644.3057,1107.9954,10.836431,8.305099,11.001452,13.629534,206.60844,209.99968,8.02244,2019.8414,8212.492,2.22372,22563.836,0.64863414,69.95429,475.34094,4.0,3,0,4.5859375,563.04767,18.240356,1322.1473,35.34619,1634.0277,9.849487,1117.1155,-0.04525566,11.815132,-0.17258358,9.167326,-0.04594326,11.995057,0.11517048,14.670457,5.855194,220.01605,5.851654,223.76982,-0.22029877,9.072911,58.960083,1977.526,61.450195,8213.194,0.10763788,2.348363,N-CMAPSS_DS08c-008,1
N-CMAPSS_DS08c-008 · Engine 1,50,566.3344,1331.4291,1651.0631,1133.6166,12.280653,9.5176325,12.467669,15.27036,230.04697,233.87167,9.603834,1986.2765,8243.108,2.476937,17171.174,0.5350561,64.4328,484.38086,3.0,3,0,5.968506,563.32477,9.906006,1323.17,6.7574463,1636.2609,25.621216,1118.7533,1.4442225,11.84372,1.212534,9.18721,1.4662161,12.024081,1.6408262,14.710889,23.438522,220.7549,23.871994,224.5057,1.5813942,9.107491,-33.56494,1979.788,30.61621,8216.655,0.25321698,2.357974,N-CMAPSS_DS08c-008,1
N-CMAPSS_DS08c-008 · Engine 1,51,558.12573,1306.1364,1612.1495,1102.8975,11.179692,8.747174,11.349941,13.876549,204.51851,207.95634,8.494782,1960.5758,8160.615,2.1606135,20574.201,0.60366166,63.609184,478.38263,2.0,3,0,-8.208679,562.87506,-25.292725,1321.5576,-38.913574,1634.1267,-30.719116,1116.825,-1.1009607,11.755823,-0.7704582,9.124952,-1.1177273,11.934845,-1.3938112,14.609509,-25.528458,218.85196,-25.915329,222.5601,-1.1090517,9.005628,-25.700684,1979.3486,-82.493164,8211.433,-0.31632352,2.3353403,N-CMAPSS_DS08c-008,1
N-CMAPSS_DS08c-008 · Engine 1,52,568.80914,1324.9775,1630.3229,1126.6837,12.609621,9.928815,12.801646,15.598755,228.17223,232.03159,9.695376,1953.8002,8221.466,2.4203248,16248.896,0.5620566,60.116127,490.1578,1.0,3,0,10.683411,563.56635,18.841187,1322.5095,18.17334,1635.3427,23.786255,1117.9857,1.4299288,11.810606,1.1816406,9.175056,1.451705,11.990462,1.7222061,14.681442,23.653717,219.54202,24.075241,223.25145,1.200594,9.035639,-6.775635,1980.1229,60.850586,8214.593,0.25971127,2.3429167,N-CMAPSS_DS08c-008,1
N-CMAPSS_DS08c-008 · Engine 1,53,551.7981,1301.9299,1619.7167,1095.1567,10.139861,7.823386,10.294274,12.721109,191.37366,194.47765,7.5985875,1999.6764,8150.1426,2.0291824,23775.385,0.62967443,69.15346,468.75314,0.0,3,0,-17.011047,561.8502,-23.047607,1320.0869,-10.606201,1634.7739,-31.526978,1114.032,-2.46976,11.492169,-2.1054287,8.907422,-2.507372,11.667177,-2.8776455,14.322974,-36.79857,214.66365,-37.55394,218.26094,-2.096789,8.729718,45.87622,1987.9998,-71.32324,8207.251,-0.39114237,2.2914581,N-CMAPSS_DS08c-008,1
N-CMAPSS_DS08c-008 · Engine 6,1,577.79706,1339.5471,1630.6047,1139.3851,14.439614,11.453428,14.659507,17.598646,255.36673,260.08203,11.394651,1917.6405,8266.233,2.693357,11257.178,0.4963276,53.743977,502.64673,59.0,2,1,0.0,577.79706,0.0,1339.5471,0.0,1630.6047,0.0,1139.3851,0.0,14.439614,0.0,11.453428,0.0,14.659507,0.0,17.598646,0.0,255.36673,0.0,260.08203,0.0,11.394651,0.0,1917.6405,0.0,8266.233,0.0,2.693357,N-CMAPSS_DS08c-008,6
N-CMAPSS_DS08c-008 · Engine 6,2,574.8765,1344.776,1653.1276,1142.2628,13.608911,10.58719,13.816154,16.792389,251.54611,256.00323,10.704657,1963.3195,8280.906,2.7182655,13642.245,0.5092652,59.967514,495.04807,58.0,2,1,-2.9205322,576.3368,5.228882,1342.1616,22.522827,1641.8662,2.8776855,1140.824,-0.83070374,14.024262,-0.8662386,11.020309,-0.8433533,14.23783,-0.80625725,17.195518,-3.8206177,253.45642,-4.0787964,258.04263,-0.6899948,11.049654,45.678955,1940.48,14.672852,8273.57,0.024908543,2.7058113,N-CMAPSS_DS08c-008,6
N-CMAPSS_DS08c-008 · Engine 6,3,567.01337,1330.1533,1639.3989,1124.4382,12.374302,9.571405,12.562743,15.334485,230.97955,235.02272,9.618638,1967.7568,8232.846,2.493349,17022.621,0.546265,62.8096,486.2321,57.0,2,1,-7.863159,573.229,-14.622681,1338.1588,-13.728638,1641.0437,-17.824585,1135.362,-1.2346087,13.474276,-1.0157843,10.537341,-1.2534103,13.679468,-1.4579039,16.575172,-20.566559,245.96413,-20.980515,250.36932,-1.0860186,10.572649,4.437378,1949.5723,-48.060547,8259.995,-0.22491646,2.6349905,N-CMAPSS_DS08c-008,6
N-CMAPSS_DS08c-008 · Engine 6,4,575.19867,1348.4451,1663.5131,1139.9186,13.179437,10.156097,13.380138,16.38762,248.09567,252.4058,10.191327,1988.1549,8292.317,2.7158928,15672.866,0.55804724,64.18976,492.34738,56.0,2,1,8.185303,573.72144,18.291748,1340.7303,24.114136,1646.6611,15.480347,1136.5012,0.8051348,13.400566,0.584692,10.44203,0.8173952,13.604635,1.0531359,16.528286,17.11612,246.49701,17.383087,250.87845,0.57268906,10.477318,20.398071,1959.2179,59.47168,8268.076,0.22254372,2.6552162,N-CMAPSS_DS08c-008,6
N-CMAPSS_DS08c-008 · Engine 6,5,580.76794,1343.3115,1634.6299,1149.0676,15.023519,11.946762,15.252303,18.278208,264.04553,268.9019,11.993718,1903.5042,8273.003,2.8110743,9822.48,0.47866884,52.950558,506.05994,55.0,2,1,5.569275,575.13074,-5.133545,1341.2466,-28.883179,1644.2549,9.149048,1139.0145,1.8440819,13.725157,1.7906647,10.742976,1.8721647,13.934169,1.8905869,16.87827,15.94986,250.00671,16.496078,254.48314,1.802391,10.780599,-84.65076,1948.0752,-19.314453,8269.062,0.095181465,2.6863878,N-CMAPSS_DS08c-008,6
N-CMAPSS_DS08c-008 · Engine 6,6,570.38824,1336.0262,1643.7589,1126.2528,12.737397,9.886539,12.931369,15.78032,236.53665,240.71461,9.773488,1975.1562,8254.399,2.540868,16219.618,0.5594281,61.929127,489.91864,54.0,2,1,-10.3797,574.34033,-7.2852783,1340.3766,9.129028,1644.1721,-22.81482,1136.8876,-2.2861214,13.56053,-2.0602226,10.600237,-2.3209343,13.7670355,-2.4978876,16.695278,-27.50888,247.7617,-28.187271,252.18839,-2.22023,10.612746,71.6521,1952.5886,-18.603516,8266.617,-0.2702062,2.6621344,N-CMAPSS_DS08c-008,6
N-CMAPSS_DS08c-008 · Engine 6,7,570.5656,1327.0906,1620.4023,1123.0447,13.218154,10.42106,13.419446,16.207756,237.25877,241.57446,10.253348,1929.4043,8225.358,2.5055687,14290.396,0.532322,56.540623,494.39618,53.0,2,1,0.17736816,573.8011,-8.935669,1338.4785,-23.356567,1640.7765,-3.20813,1134.91,0.48075676,13.511619,0.53452015,10.57464,0.48807716,13.71738,0.42743587,16.625631,0.7221222,246.26129,0.859848,250.6721,0.4798603,10.561404,-45.751953,1949.2766,-29.041016,8260.724,-0.0352993,2.639768,N-CMAPSS_DS08c-008,6
N-CMAPSS_DS08c-008 · Engine 6,8,566.34686,1321.9133,1618.1124,1121.9502,12.890014,10.131748,13.086308,15.78985,233.00063,237.19818,10.183501,1928.9584,8208.039,2.4618027,14837.58,0.502701,57.196842,489.97833,52.0,2,1,-4.21875,572.86926,-5.177246,1336.408,-2.289917,1637.9435,-1.0944824,1133.29,-0.32814026,13.433918,-0.2893114,10.519279,-0.33313847,13.638496,-0.4179058,16.52116,-4.258148,244.6037,-4.3762817,248.98787,-0.06984711,10.514166,-0.44592285,1946.7368,-17.319336,8254.138,-0.04376602,2.6175222,N-CMAPSS_DS08c-008,6
N-CMAPSS_DS08c-008 · Engine 6,9,570.19183,1334.2822,1639.1886,1123.7501,12.77324,9.950717,12.967757,15.785854,235.24194,239.43039,9.78913,1970.8246,8250.072,2.5073676,16121.37,0.5605332,60.963974,490.4747,51.0,2,1,3.8449707,572.5718,12.3688965,1336.1718,21.076172,1638.0818,1.7999268,1132.23,-0.116773605,13.36051,-0.18103123,10.456105,-0.1185503,13.56397,-0.0039958954,16.439459,2.2413177,243.5635,2.2322083,247.92592,-0.39437103,10.433606,41.86621,1949.4132,42.033203,8253.687,0.04556489,2.6052828,N-CMAPSS_DS08c-008,6
N-CMAPSS_DS08c-008 · Engine 6,10,575.69855,1356.5674,1682.6136,1139.6809,12.771295,9.733315,12.965783,16.008402,245.7107,249.91794,9.648597,2031.9579,8321.676,2.6957915,17372.918,0.5956125,67.79759,489.6629,50.0,2,1,5.506714,572.88446,22.285156,1338.2113,43.42505,1642.535,15.930786,1132.9751,-0.0019454956,13.301588,-0.2174015,10.383826,-0.0019741058,13.50415,0.22254753,16.396353,10.46875,243.77823,10.487549,248.12512,-0.14053345,10.355105,61.1333,1957.6677,71.603516,8260.485,0.18842387,2.6143336,N-CMAPSS_DS08c-008,6
N-CMAPSS_DS08c-008 · Engine 6,11,572.0752,1335.8871,1639.663,1133.0479,13.231233,10.32917,13.432723,16.305779,242.6154,246.91031,10.361156,1950.0164,8250.415,2.6127732,14744.686,0.52961123,60.103542,492.92493,49.0,2,1,-3.623352,572.31226,-20.680298,1337.8452,-42.950684,1643.4408,-6.6330566,1132.3414,0.45993805,13.18075,0.59585476,10.2714,0.46693993,13.381473,0.29737663,16.267067,-3.0952911,242.5031,-3.0076294,246.80795,0.7125597,10.251756,-81.94153,1960.9053,-71.26074,8258.903,-0.0830183,2.6062753,N-CMAPSS_DS08c-008,6
N-CMAPSS_DS08c-008 · Engine 6,12,570.318,1333.8452,1637.1681,1132.4276,13.192958,10.3174305,13.393865,16.22426,241.52385,245.82416,10.3814745,1949.75,8246.119,2.5792563,14284.703,0.50803447,58.970863,492.13617,48.0,2,1,-1.7572021,571.85645,-2.04187,1336.7522,-2.494873,1641.8448,-0.62023926,1131.3579,-0.038274765,13.139154,-0.011739731,10.244425,-0.038858414,13.339244,-0.08151817,16.210253,-1.0915527,241.50087,-1.0861511,245.79004,0.020318031,10.219438,-0.26635742,1959.5483,-4.2958984,8255.425,-0.033516884,2.5923743,N-CMAPSS_DS08c-008,6
N-CMAPSS_DS08c-008 · Engine 6,13,572.8266,1334.8345,1635.2399,1131.7631,13.457404,10.564755,13.662338,16.543331,243.74202,248.11752,10.486567,1943.803,8247.12,2.6058154,14188.078,0.53375256,58.33811,494.9625,47.0,2,1,2.508606,572.43774,0.9892578,1337.2203,-1.9282227,1641.429,-0.6645508,1132.0903,0.26444626,13.247465,0.24732494,10.34376,0.26847363,13.4492035,0.31907082,16.331139,2.2181702,242.77711,2.2933655,247.09953,0.10509205,10.306231,-5.9470215,1957.153,1.0009766,8256.852,0.026559114,2.603621,N-CMAPSS_DS08c-008,6
N-CMAPSS_DS08c-008 · Engine 6,14,571.1797,1334.4478,1638.0247,1134.8068,13.362285,10.445761,13.565771,16.422426,244.43503,248.77832,10.588031,1944.272,8247.363,2.6219876,14127.037,0.5034235,58.855263,492.80194,46.0,2,1,-1.6469116,572.0358,-0.38671875,1335.8206,2.78479,1638.8801,3.0437012,1131.5791,-0.09511948,13.26575,-0.11899471,10.3727255,-0.096567154,13.467766,-0.12090492,16.33462,0.6930084,242.41106,0.6607971,246.73679,0.10146427,10.3459015,0.46899414,1952.7646,0.24316406,8252.356,0.01617217,2.5942307,N-CMAPSS_DS08c-008,6
N-CMAPSS_DS08c-008 · Engine 6,15,570.5818,1327.1277,1621.6199,1124.0654,13.217762,10.42106,13.419048,16.208204,237.21613,241.5179,10.252881,1929.4033,8224.906,2.5070946,14290.396,0.532322,56.540623,494.39618,45.0,2,1,-0.5979004,571.0172,-7.3200684,1334.2021,-16.404785,1637.5791,-10.741333,1129.079,-0.14452267,13.085175,-0.024701118,10.220156,-0.1467228,13.284441,-0.21422195,16.127619,-7.2189026,239.72812,-7.2604218,243.99838,-0.33514977,10.171818,-14.868652,1955.3546,-22.457031,8247.547,-0.11489296,2.5638325,N-CMAPSS_DS08c-008,6
N-CMAPSS_DS08c-008 · Engine 6,16,567.2114,1329.8473,1634.5923,1133.3824,13.014446,10.145393,13.212636,15.988617,240.12096,244.36337,10.434815,1944.7836,8232.689,2.567805,14219.855,0.4671419,58.70317,489.2605,44.0,2,1,-3.3703613,570.6996,2.7196045,1333.5844,12.972412,1636.6625,9.317017,1129.7919,-0.20331573,13.112879,-0.27566624,10.246041,-0.20641232,13.312568,-0.21958733,16.148449,2.904831,240.08655,2.8454742,244.36325,0.18193436,10.23795,15.380249,1952.3174,7.783203,8245.376,0.06071043,2.5665262,N-CMAPSS_DS08c-008,6
N-CMAPSS_DS08c-008 · Engine 6,17,575.247,1348.7614,1665.6035,1141.6189,13.178773,10.156097,13.379464,16.3892,248.03984,252.32709,10.190418,1988.1544,8291.123,2.7186239,15672.866,0.55804724,64.18976,492.34738,43.0,2,1,8.0355835,571.1677,18.914062,1335.7513,31.01123,1641.1826,8.23645,1131.6493,0.16432667,13.108941,0.0107040405,10.219544,0.16682816,13.308569,0.40058327,16.166592,7.9188843,241.16464,7.9637146,245.43852,-0.24439716,10.231657,43.37085,1958.1924,58.433594,8251.952,0.15081882,2.5878317,N-CMAPSS_DS08c-008,6
N-CMAPSS_DS08c-008 · Engine 6,18,569.8382,1336.0068,1645.9302,1132.0251,12.833245,9.956644,13.028675,15.876336,238.8805,243.05019,10.013361,1967.7592,8251.869,2.5820422,15692.979,0.53196645,62.21703,489.36887,42.0,2,1,-5.4088135,571.51685,-12.754517,1337.1608,-19.67334,1643.9644,-9.59375,1132.6569,-0.34552765,13.103264,-0.19945335,10.202034,-0.35078907,13.302806,-0.5128641,16.175241,-9.159348,241.75264,-9.276901,246.02371,-0.17705727,10.2146435,-20.395264,1962.0724,-39.253906,8256.335,-0.13658166,2.5998557,N-CMAPSS_DS08c-008,6
N-CMAPSS_DS08c-008 · Engine 6,19,575.80084,1341.5007,1643.5746,1139.0468,13.815198,10.840895,14.025583,16.966873,250.23851,254.73166,10.81148,1946.1571,8270.642,2.672661,13161.821,0.5176882,57.682983,497.7264,41.0,2,1,5.9626465,572.07776,5.4938965,1337.8826,-2.3555908,1644.403,7.0216064,1134.1865,0.98195267,13.207459,0.88425064,10.291052,0.9969082,13.408588,1.0905371,16.293343,11.358017,243.25229,11.681473,247.55385,0.7981186,10.316878,-21.60205,1959.6057,18.77246,8258.393,0.09061885,2.616385,N-CMAPSS_DS08c-008,6
N-CMAPSS_DS08c-008 · Engine 6,20,576.2956,1352.2932,1671.6656,1140.6743,13.1187315,10.081306,13.318509,16.36836,248.57544,252.86084,9.998856,2004.4517,8304.843,2.7256088,16111.212,0.57896763,65.018715,492.51932,40.0,2,1,0.49475098,572.13745,10.79248,1337.4552,28.091064,1643.3081,1.6275635,1134.2859,-0.69646645,13.242204,-0.75958824,10.325851,-0.70707417,13.443861,-0.59851265,16.329338,-1.6630707,243.53877,-1.8708191,247.84813,-0.812624,10.351904,58.294556,1956.8551,34.20117,8256.709,0.05294776,2.619367,N-CMAPSS_DS08c-008,6
N-CMAPSS_DS08c-008 · Engine 6,21,565.43256,1321.3798,1623.0337,1118.9165,12.454263,9.740407,12.643918,15.331692,227.16173,231.18806,9.720866,1941.7231,8203.133,2.4272945,16749.684,0.54519325,60.439983,487.0329,39.0,2,1,-10.863037,571.47314,-30.913452,1336.0044,-48.631958,1641.6453,-21.757812,1132.8727,-0.66446877,13.164507,-0.34089947,10.266975,-0.67459106,13.364981,-1.0366688,16.23193,-21.413712,241.9934,-21.672775,246.27591,-0.2779894,10.287875,-62.728516,1956.0258,-101.70996,8251.98,-0.29831433,2.6008189,N-CMAPSS_DS08c-008,6
N-CMAPSS_DS08c-008 · Engine 6,22,575.5785,1336.4464,1629.607,1140.9108,14.270819,11.317583,14.488139,17.370317,252.52567,257.1432,11.393697,1912.3901,8252.85,2.6628726,11369.256,0.4741948,53.725216,500.5546,38.0,2,0,10.145935,571.9992,15.06665,1336.2645,6.5733643,1640.8892,21.994263,1133.721,1.816556,13.272293,1.5771761,10.36699,1.8442211,13.474408,2.0386257,16.346537,25.363937,243.09358,25.955124,247.4078,1.6728306,10.389097,-29.333008,1952.2898,49.716797,8252.654,0.23557806,2.6091805,N-CMAPSS_DS08c-008,6
N-CMAPSS_DS08c-008 · Engine 6,23,565.5244,1326.041,1632.8723,1120.4523,12.396915,9.648759,12.585701,15.309586,228.93237,232.97113,9.605873,1963.58,8221.13,2.4461489,16900.48,0.54559124,61.72581,486.04352,37.0,2,0,-10.054077,571.269,-10.4053955,1335.3853,3.2652588,1640.6523,-20.458496,1132.59,-1.8739033,13.166244,-1.6688242,10.275391,-1.9024382,13.366745,-2.060732,16.223162,-23.593292,241.61261,-24.172058,245.89317,-1.7878237,10.301027,51.18982,1954.2675,-31.719727,8250.055,-0.21672368,2.593214,N-CMAPSS_DS08c-008,6
N-CMAPSS_DS08c-008 · Engine 6,24,572.71796,1333.5652,1631.5132,1132.8704,13.5554905,10.675965,13.76192,16.607872,243.54071,247.93518,10.645165,1931.9258,8242.398,2.5889425,13643.143,0.51702696,56.875496,495.79425,36.0,2,0,7.1935425,571.42285,7.52417,1335.297,-1.3591309,1640.0012,12.418091,1132.3962,1.158575,13.185564,1.0272064,10.298411,1.176219,13.386359,1.2982864,16.241705,14.608337,241.52318,14.96405,245.80887,1.0392923,10.306742,-31.654175,1953.0328,21.268555,8249.559,0.14279366,2.5899093,N-CMAPSS_DS08c-008,6
N-CMAPSS_DS08c-008 · Engine 6,25,570.4568,1337.4492,1647.6604,1129.2676,12.818501,9.9557705,13.013706,15.862925,237.69832,241.87175,9.893474,1976.8748,8256.943,2.5558183,16233.463,0.55636483,62.382175,489.65338,35.0,2,0,-2.2611694,571.41034,3.8840332,1336.3291,16.147217,1642.6052,-3.6027832,1132.9165,-0.736989,13.145638,-0.7201948,10.251883,-0.74821377,13.345825,-0.74494743,16.207178,-5.842392,241.57141,-6.063431,245.84424,-0.7516918,10.270801,44.948975,1957.78,14.544922,8252.762,-0.03312421,2.5947819,N-CMAPSS_DS08c-008,6
N-CMAPSS_DS08c-008 · Engine 6,26,580.7793,1343.5099,1636.003,1150.3418,15.0214615,11.946762,15.250215,18.276613,264.12653,268.95047,11.993096,1903.5042,8272.85,2.8128386,9822.48,0.47866884,52.950558,506.05994,34.0,2,0,10.32251,572.7671,6.060669,1337.6953,-11.657349,1642.7463,21.074219,1134.6124,2.20296,13.34634,1.9909916,10.432019,2.2365084,13.549583,2.4136887,16.435978,26.428207,243.97195,27.07872,248.30295,2.0996227,10.426628,-73.370605,1953.652,15.90625,8256.778,0.25702024,2.619285,N-CMAPSS_DS08c-008,6
N-CMAPSS_DS08c-008 · Engine 6,27,570.62115,1330.0444,1629.4177,1129.5482,13.28426,10.434109,13.48656,16.309341,240.35619,244.66745,10.41066,1935.5817,8232.462,2.5578263,14208.84,0.51724654,57.41214,493.50403,33.0,2,0,-10.158142,572.3045,-13.465454,1335.8237,-6.585327,1639.1278,-20.79358,1133.4054,-1.7372017,13.356889,-1.5126534,10.45982,-1.7636547,13.560292,-1.9672718,16.427992,-23.77034,243.2036,-24.28302,247.53699,-1.5824366,10.448652,32.077515,1948.3948,-40.387695,8250.912,-0.25501227,2.6032054,N-CMAPSS_DS08c-008,6
N-CMAPSS_DS08c-008 · Engine 6,28,569.23505,1331.7853,1639.1759,1123.4734,12.586677,9.798834,12.778352,15.56697,231.65129,235.73341,9.653289,1966.85,8238.256,2.4852128,16912.4,0.5726164,61.993717,488.97043,32.0,2,0,-1.3861084,572.2442,1.7408447,1335.4015,9.758179,1638.4524,-6.074829,1132.5502,-0.6975832,13.3322315,-0.6352749,10.444039,-0.7082081,13.53526,-0.74237156,16.397055,-8.704895,242.48068,-8.934036,246.80531,-0.75737095,10.412645,31.26831,1948.3038,5.7939453,8249.551,-0.07261348,2.5935225,N-CMAPSS_DS08c-008,6
N-CMAPSS_DS08c-008 · Engine 6,29,571.8222,1335.1351,1639.7767,1130.5935,13.148629,10.273374,13.348863,16.213799,240.52356,244.78773,10.1919775,1954.9171,8248.405,2.5794325,15036.028,0.5428714,59.650852,492.89868,31.0,2,0,2.5871582,571.8464,3.3498535,1334.7649,0.6008301,1638.0725,7.120117,1131.7048,0.5619526,13.265574,0.47453976,10.387287,0.57051086,13.467588,0.64682865,16.321747,8.872269,241.50919,9.054321,245.81093,0.53868866,10.350696,-11.932861,1949.1798,10.149414,8247.327,0.094219685,2.5841997,N-CMAPSS_DS08c-008,6
N-CMAPSS_DS08c-008 · Engine 6,30,573.8703,1335.5289,1633.8943,1137.1217,13.755264,10.847968,13.964736,16.815468,246.16733,250.61531,10.874247,1928.5216,8250.233,2.6060076,12879.4795,0.49666947,55.832188,497.29602,30.0,2,0,2.0480957,571.6038,0.39379883,1333.0885,-5.8824463,1634.2954,6.5281982,1131.3496,0.6066351,13.329228,0.5745945,10.463953,0.61587334,13.532211,0.6016693,16.366459,5.6437683,241.26837,5.8275757,245.58636,0.6822691,10.438234,-26.395508,1941.5868,1.828125,8241.866,0.026575089,2.5722394,N-CMAPSS_DS08c-008,6
N-CMAPSS_DS08c-008 · Engine 6,31,565.07556,1332.2164,1651.507,1121.9785,11.836551,9.077294,12.016803,14.77673,225.62044,229.48277,9.030744,2001.4137,8241.35,2.448786,18826.605,0.5776019,66.36396,481.9466,29.0,2,0,-8.794739,571.5681,-3.3125,1334.1722,17.61267,1637.1428,-15.143188,1131.6558,-1.9187136,13.267457,-1.7706738,10.397642,-1.9479332,13.4695,-2.0387383,16.310963,-20.54689,241.11424,-21.132538,245.41583,-1.843503,10.369223,72.89209,1947.5559,-8.883789,8245.6875,-0.15722156,2.5743885,N-CMAPSS_DS08c-008,6
N-CMAPSS_DS08c-008 · Engine 6,32,568.84436,1331.8795,1641.2864,1120.6476,12.385778,9.60016,12.574395,15.38553,230.32619,234.34895,9.370552,1978.7963,8239.254,2.4767995,17495.398,0.58742595,62.53941,488.05774,28.0,2,0,3.7687988,570.8947,-0.33691406,1333.7155,-10.220581,1638.3107,-1.3309326,1129.6295,0.5492277,13.078953,0.5228653,10.2259,0.5575924,13.278125,0.6088009,16.112484,4.7057495,238.89429,4.8661804,243.13641,0.33980846,10.166907,-22.617432,1954.1965,-2.0957031,8244.328,0.028013468,2.5557814,N-CMAPSS_DS08c-008,6
N-CMAPSS_DS08c-008 · Engine 6,33,570.45496,1336.1129,1646.3826,1128.3556,12.7332945,9.886539,12.927203,15.778786,236.35106,240.48102,9.769068,1975.1562,8253.245,2.5415862,16219.618,0.5594281,61.929127,489.91864,27.0,2,0,1.6105957,571.38776,4.2333984,1334.7227,5.0961914,1639.6617,7.708008,1130.4198,0.34751606,13.112591,0.2863798,10.249678,0.352808,13.312275,0.39325523,16.159403,6.024872,239.63615,6.132065,243.8874,0.3985157,10.183228,-3.6400146,1955.3541,13.991211,8247.54,0.06478667,2.565325,N-CMAPSS_DS08c-008,6
N-CMAPSS_DS08c-008 · Engine 6,34,572.8348,1332.5386,1631.2173,1129.6083,13.417151,10.570135,13.621473,16.459045,240.65323,244.97601,10.403333,1936.6069,8240.137,2.5479438,14108.647,0.5350621,56.93731,495.831,26.0,2,0,2.3798218,571.3994,-3.5743408,1334.62,-15.165283,1639.6321,1.2526855,1130.0936,0.68385696,13.098757,0.68359566,10.239095,0.69427013,13.29823,0.6802597,16.14452,4.30217,239.34741,4.494995,243.59149,0.63426495,10.159044,-38.549316,1955.8223,-13.108398,8247.313,0.00635767,2.5612252,N-CMAPSS_DS08c-008,6
N-CMAPSS_DS08c-008 · Engine 6,35,571.42737,1338.5057,1652.1036,1130.4108,12.720484,9.853822,12.914198,15.800783,237.02347,241.1355,9.719069,1982.137,8259.021,2.5675359,16638.547,0.57398754,63.068886,489.9106,25.0,2,0,-1.4074097,571.4965,5.967163,1334.7257,20.886353,1640.0764,0.80249023,1130.2079,-0.6966677,13.088955,-0.71631336,10.2289,-0.7072754,13.28828,-0.65826225,16.138306,-3.6297607,239.27992,-3.8405151,243.51787,-0.6842642,10.141603,45.53003,1956.3485,18.884766,8247.521,0.019592047,2.562397,N-CMAPSS_DS08c-008,6
N-CMAPSS_DS08c-008 · Engine 6,36,571.5649,1335.5703,1643.2253,1134.1371,13.150916,10.275238,13.351185,16.206356,240.59175,244.83084,10.256531,1954.7343,8248.688,2.5798867,14822.974,0.5307563,59.674324,492.5276,24.0,2,0,0.1375122,570.5751,-2.9354248,1333.9318,-8.878296,1640.7987,3.7263184,1128.5874,0.43043232,12.9019,0.42141628,10.061748,0.43698692,13.098377,0.4055729,15.931281,3.568283,236.92645,3.695343,241.1059,0.53746223,9.967947,-27.40271,1961.4714,-10.333008,8245.105,0.012350798,2.5391016,N-CMAPSS_DS08c-008,6
N-CMAPSS_DS08c-008 · Engine 6,37,575.10724,1339.1919,1642.3344,1138.5519,13.778124,10.844707,13.987944,16.908825,248.12206,252.54736,10.766642,1943.1271,8260.094,2.6482828,13418.868,0.5272407,57.58607,497.29706,23.0,2,0,3.5423584,571.0237,3.621582,1334.8464,-0.8909912,1642.0903,4.414795,1129.4878,0.62720776,12.951287,0.5694685,10.102807,0.6367588,13.148515,0.7024689,15.991229,7.530304,237.70303,7.716522,241.89389,0.51011086,10.003545,-11.607178,1962.2261,11.405273,8247.868,0.06839609,2.5481474,N-CMAPSS_DS08c-008,6
N-CMAPSS_DS08c-008 · Engine 6,38,567.1261,1330.3958,1644.2101,1128.1869,12.368686,9.571405,12.55704,15.330754,230.74837,234.72252,9.613357,1967.7576,8231.035,2.496922,17022.621,0.546265,62.8096,486.2321,22.0,2,0,-7.98114,570.81274,-8.796143,1334.7075,1.8757324,1642.5938,-10.36499,1129.9592,-1.4094381,12.929488,-1.2733011,10.080064,-1.4309034,13.126384,-1.5780706,15.9676075,-17.373688,237.61275,-17.824844,241.7928,-1.153285,9.999552,24.630493,1962.3168,-29.058594,8247.146,-0.15136075,2.5493183,N-CMAPSS_DS08c-008,6
N-CMAPSS_DS08c-008 · Engine 6,39,578.1685,1352.4562,1668.755,1153.1858,14.013976,10.919772,14.2273855,17.28113,258.16824,262.67108,11.0281515,1972.4644,8302.172,2.7979512,12987.498,0.51071143,60.207962,497.60464,21.0,2,0,11.042419,571.4474,22.060425,1336.4396,24.544922,1645.4916,24.998901,1132.2184,1.6452904,13.016023,1.3483667,10.144704,1.6703453,13.214236,1.9503756,16.07434,27.419876,239.37721,27.948563,243.58113,1.4147949,10.083169,4.706787,1964.0715,71.13672,8252.523,0.3010292,2.57117,N-CMAPSS_DS08c-008,6
N-CMAPSS_DS08c-008 · Engine 6,40,576.07886,1345.1421,1655.1611,1143.0857,13.735355,10.745345,13.944524,16.917343,250.86365,255.26984,10.712163,1962.5159,8280.416,2.6957967,13713.024,0.5294831,59.436344,496.5629,20.0,2,0,-2.0896606,571.6683,-7.314087,1337.4009,-13.593872,1647.6183,-10.100098,1132.8148,-0.27862072,13.014031,-0.17442703,10.134441,-0.2828617,13.212215,-0.3637867,16.084528,-7.304596,239.84685,-7.401245,244.04659,-0.31598854,10.066961,-9.948486,1967.471,-21.75586,8255.541,-0.10215449,2.5801492,N-CMAPSS_DS08c-008,6
N-CMAPSS_DS08c-008 · Engine 6,41,574.1243,1333.5546,1633.1865,1136.4141,13.723897,10.840221,13.93289,16.816483,245.33833,249.69484,10.734957,1924.0111,8238.437,2.6224966,13377.251,0.5280515,56.443478,497.51794,19.0,2,0,-1.9545288,572.5731,-11.587524,1337.5348,-21.97461,1645.7863,-6.671631,1134.2583,-0.011458397,13.202766,0.09487629,10.310735,-0.011633873,13.403824,-0.100860596,16.288504,-5.5253143,241.81863,-5.574997,246.0678,0.02279377,10.237382,-38.50476,1959.7307,-41.979492,8255.25,-0.07330012,2.59752,N-CMAPSS_DS08c-008,6
N-CMAPSS_DS08c-008 · Engine 6,42,575.1645,1338.9817,1645.0997,1140.6542,13.773826,10.844707,13.98358,16.90479,247.68909,252.08214,10.761794,1943.1272,8257.61,2.6490884,13418.868,0.5272407,57.58607,497.29706,18.0,2,0,1.0401611,573.20514,5.427124,1338.245,11.913208,1646.1676,4.2401123,1136.259,0.049928665,13.341571,0.0044851303,10.435189,0.050689697,13.544743,0.088308334,16.44043,2.3507538,243.55493,2.3872986,247.84111,0.026837349,10.376507,19.116089,1956.1638,19.173828,8257.086,0.026591778,2.614749,N-CMAPSS_DS08c-008,6
N-CMAPSS_DS08c-008 · Engine 6,43,575.1806,1339.1146,1645.2834,1140.7181,13.773737,10.844707,13.983489,16.904139,247.73381,252.11972,10.761491,1943.1272,8258.075,2.6492293,13418.868,0.5272407,57.58607,497.29706,17.0,2,0,0.016113281,573.67773,0.13293457,1338.5452,0.18371582,1646.0576,0.063964844,1137.4952,-8.869171e-05,13.445615,0.0,10.531006,-9.059906e-05,13.650371,-0.00065231323,16.552965,0.04472351,244.6932,0.037582397,249.00499,-0.00030326843,10.475749,0.0,1952.9608,0.46484375,8257.568,0.00014090538,2.6255133,N-CMAPSS_DS08c-008,6
N-CMAPSS_DS08c-008 · Engine 6,44,569.6927,1333.8141,1646.9196,1128.0427,12.634825,9.833391,12.827235,15.639728,233.14325,237.17995,9.667131,1973.9222,8243.022,2.499493,16530.61,0.56469697,61.529438,489.38736,16.0,2,0,-5.487915,573.3635,-5.300537,1338.6727,1.6361084,1647.6279,-12.675415,1137.3387,-1.1389122,13.367382,-1.0113153,10.457332,-1.1562538,13.570947,-1.264411,16.471033,-14.590561,243.9422,-14.939774,248.22537,-1.0943594,10.402128,30.795044,1956.6924,-15.052734,8257.857,-0.1497364,2.6206682,N-CMAPSS_DS08c-008,6
N-CMAPSS_DS08c-008 · Engine 6,45,565.6938,1321.5051,1630.0759,1124.043,12.444596,9.740407,12.6341095,15.325647,226.56683,230.49208,9.709987,1941.7228,8199.634,2.4300513,16749.684,0.54519325,60.439983,487.0329,15.0,2,0,-3.9989014,572.79016,-12.30896,1336.9727,-16.843628,1645.425,-3.9997559,1136.7019,-0.19022846,13.339794,-0.0929842,10.44599,-0.19312572,13.542938,-0.31408024,16.42352,-6.576416,242.89655,-6.687866,247.16104,0.042855263,10.40122,-32.199463,1952.651,-43.38867,8251.918,-0.06944156,2.6069198,N-CMAPSS_DS08c-008,6
N-CMAPSS_DS08c-008 · Engine 6,46,582.19696,1351.9026,1659.6909,1164.1439,15.153479,11.994312,15.384245,18.475407,269.49002,274.2657,12.17147,1925.0007,8297.382,2.893786,9558.653,0.46156445,54.122646,505.68182,14.0,2,0,16.503174,573.85333,30.39746,1338.6058,29.61499,1647.0717,40.100952,1139.7026,2.7088823,13.5400505,2.2539053,10.617897,2.7501354,13.746244,3.1497593,16.650425,42.923187,245.78636,43.773605,250.10452,2.461483,10.592714,-16.722046,1949.6776,97.74805,8256.788,0.46373463,2.6383097,N-CMAPSS_DS08c-008,6
N-CMAPSS_DS08c-008 · Engine 6,47,569.2296,1330.7771,1643.455,1134.1061,12.855286,10.046812,13.051051,15.847534,235.23631,239.28172,10.041618,1951.174,8229.418,2.529254,15366.752,0.5276621,59.992622,490.16104,13.0,2,0,-12.967346,573.2656,-21.125488,1337.7644,-16.235962,1647.1837,-30.037842,1139.258,-2.298193,13.447766,-1.9475002,10.538108,-2.3331938,13.6525545,-2.6278725,16.544296,-34.253708,244.49779,-34.983963,248.77795,-2.1298513,10.520212,26.173218,1950.4823,-67.96387,8253.72,-0.364532,2.626407,N-CMAPSS_DS08c-008,6
N-CMAPSS_DS08c-008 · Engine 6,48,579.5091,1341.1674,1642.7731,1155.211,14.833469,11.79675,15.0593605,18.059351,260.8995,265.52368,11.8462305,1902.268,8259.801,2.7915597,10133.512,0.47663715,52.7306,504.67123,12.0,2,0,10.27948,574.5039,10.390259,1338.8416,-0.68188477,1647.04,21.10498,1141.9604,1.9781837,13.694244,1.749938,10.760642,2.0083094,13.902787,2.2118168,16.817156,25.663193,247.51291,26.241959,251.85808,1.8046122,10.7435,-48.906006,1943.9333,30.382812,8256.597,0.26230574,2.6558707,N-CMAPSS_DS08c-008,6
N-CMAPSS_DS08c-008 · Engine 6,49,582.882,1349.9294,1656.4291,1161.7257,15.184849,12.050479,15.416089,18.513248,268.5018,273.2514,12.071782,1919.2728,8292.519,2.8773592,9550.788,0.4788489,53.36811,506.97748,11.0,2,0,3.3729248,574.9752,8.762085,1338.5889,13.656006,1645.8074,6.5146484,1142.8145,0.3513794,13.811332,0.25372887,10.8737135,0.35672855,14.021657,0.45389748,16.940367,7.602295,248.54626,7.727722,252.9161,0.2255516,10.847862,17.004883,1938.6141,32.717773,8255.631,0.085799456,2.6638114,N-CMAPSS_DS08c-008,6
N-CMAPSS_DS08c-008 · Engine 6,50,571.1138,1330.3885,1642.9154,1141.0332,13.328877,10.477115,13.531854,16.361156,240.58652,244.72733,10.5272875,1931.5381,8225.52,2.5941849,14182.435,0.5117353,58.147568,493.20667,10.0,2,0,-11.7682495,574.47876,-19.540894,1337.1135,-13.513672,1644.5829,-20.692505,1142.6093,-1.8559713,13.770684,-1.5733643,10.84689,-1.8842354,13.980391,-2.152092,16.884748,-27.915283,247.51855,-28.524078,251.86185,-1.5444946,10.829374,12.265259,1935.5164,-66.99902,8250.142,-0.28317428,2.6536503,N-CMAPSS_DS08c-008,6
N-CMAPSS_DS08c-008 · Engine 6,51,573.4421,1337.732,1654.6201,1143.9504,13.366389,10.470691,13.569938,16.4616,243.04207,247.18564,10.4537325,1951.9437,8250.133,2.6214175,14298.891,0.52477556,59.308784,494.10648,9.0,2,0,2.328308,574.4105,7.343506,1337.5312,11.704712,1646.7262,2.9172363,1143.3628,0.037511826,13.734933,-0.00642395,10.809937,0.03808403,13.944095,0.10044289,16.84926,2.4555511,247.28893,2.458313,251.61093,-0.07355499,10.801252,20.40564,1938.3097,24.613281,8251.312,0.027232647,2.6535423,N-CMAPSS_DS08c-008,6
N-CMAPSS_DS08c-008 · Engine 6,52,570.98236,1334.0258,1653.4042,1143.9781,13.175037,10.3174305,13.375672,16.217308,240.14519,244.21027,10.358033,1949.7495,8237.73,2.587326,14284.703,0.50803447,58.970863,492.13617,8.0,2,0,-2.4597168,573.9923,-3.7062988,1337.0356,-1.2159424,1647.5566,0.027709961,1143.6952,-0.19135189,13.675055,-0.15326023,10.75721,-0.19426537,13.883305,-0.2442913,16.780512,-2.896881,246.53453,-2.9753723,250.82375,-0.09569931,10.760877,-2.1942139,1938.9719,-12.402344,8249.323,-0.034091473,2.647366,N-CMAPSS_DS08c-008,6
N-CMAPSS_DS08c-008 · Engine 6,53,574.9654,1340.4369,1662.1989,1150.1646,13.5407095,10.603491,13.746914,16.700386,246.61348,250.77429,10.572432,1953.1177,8255.862,2.6825647,13955.705,0.52842075,59.38139,495.31418,7.0,2,0,3.9830322,573.97076,6.411133,1337.1678,8.794678,1649.2482,6.1864014,1144.6399,0.3656721,13.6517515,0.28606033,10.733088,0.37124157,13.859647,0.483078,16.760136,6.468292,246.4225,6.564026,250.68921,0.21439838,10.74197,3.368164,1939.971,18.131836,8249.102,0.095238686,2.6506996,N-CMAPSS_DS08c-008,6
N-CMAPSS_DS08c-008 · Engine 6,54,570.4928,1329.0492,1648.4468,1140.4639,12.988969,10.177095,13.1867695,16.018763,236.11603,240.06126,10.143957,1940.0963,8217.482,2.5670466,15198.939,0.5344808,59.524887,491.43573,6.0,2,0,-4.472595,574.0508,-11.387695,1336.6914,-13.752075,1649.4009,-9.700684,1145.882,-0.55174065,13.687166,-0.42639542,10.767458,-0.5601444,13.8956,-0.68162346,16.79804,-10.497452,246.71977,-10.713028,250.97734,-0.42847443,10.789653,-13.021362,1936.5884,-38.379883,8246.548,-0.11551809,2.657455,N-CMAPSS_DS08c-008,6
N-CMAPSS_DS08c-008 · Engine 6,55,570.70496,1330.5648,1653.2766,1145.8749,13.160152,10.318941,13.360559,16.182499,238.43971,242.44308,10.395421,1939.2122,8224.941,2.5799303,14438.901,0.5054609,58.441864,491.92334,5.0,2,0,0.2121582,574.5519,1.515625,1337.5974,4.829834,1651.721,5.4110107,1148.0652,0.17118359,13.758721,0.1418457,10.825312,0.17378998,13.9682455,0.16373634,16.883724,2.3236847,247.90706,2.3818207,252.17244,0.2514639,10.858196,-0.8841553,1936.3373,7.4589844,8249.079,0.012883663,2.672443,N-CMAPSS_DS08c-008,6
N-CMAPSS_DS08c-008 · Engine 6,56,571.1672,1325.9509,1642.199,1138.6523,13.14433,10.39276,13.344498,16.121758,233.39893,237.37552,10.20849,1927.1373,8209.516,2.4927945,14507.115,0.53211474,56.377968,494.00406,4.0,2,0,0.46221924,573.4489,-4.6138916,1335.0022,-11.077637,1649.9718,-7.222534,1145.516,-0.01582241,13.557807,0.07381916,10.665156,-0.016061783,13.764271,-0.060741425,16.648361,-5.0407867,244.29796,-5.067566,248.48341,-0.18693066,10.661899,-12.074829,1936.5509,-15.425781,8240.292,-0.08713579,2.6323438,N-CMAPSS_DS08c-008,6
N-CMAPSS_DS08c-008 · Engine 6,57,570.4032,1331.4467,1662.7207,1139.7236,12.556696,9.798834,12.747916,15.550711,229.37946,233.14232,9.614715,1966.8512,8226.542,2.493198,16912.4,0.5726164,61.993717,488.97043,3.0,2,0,-0.76397705,573.5663,5.4957275,1335.0692,20.521729,1651.8984,1.0712891,1146.0778,-0.5876341,13.527948,-0.5939264,10.640359,-0.59658146,13.733957,-0.5710468,16.618677,-4.01947,243.71227,-4.2332,247.86948,-0.59377575,10.619208,39.713867,1938.1187,17.026367,8240.005,0.00040340424,2.6287382,N-CMAPSS_DS08c-008,6
N-CMAPSS_DS08c-008 · Engine 6,58,582.08746,1343.6396,1663.4482,1169.4905,14.991166,11.946762,15.219459,18.266428,261.48056,265.9056,11.953778,1903.5044,8261.7295,2.8296144,9822.48,0.47866884,52.950558,506.05994,2.0,2,0,11.684265,573.8241,12.192993,1335.3164,0.72753906,1653.966,29.766846,1147.5057,2.4344702,13.543717,2.1479282,10.65536,2.4715424,13.749967,2.7157173,16.639385,32.101105,243.77037,32.76329,247.90767,2.3390636,10.629963,-63.3468,1938.2423,35.1875,8240.197,0.33641648,2.6325436,N-CMAPSS_DS08c-008,6
N-CMAPSS_DS08c-008 · Engine 6,59,575.57733,1343.6926,1687.0933,1162.9362,13.311929,10.334998,13.514647,16.535015,246.64401,250.56313,10.388942,1969.7256,8260.856,2.744694,14608.595,0.52942157,62.24471,492.90723,1.0,2,0,-6.510132,573.0936,0.052978516,1334.6927,23.64502,1657.0323,-6.5543213,1147.6267,-1.6792374,13.356425,-1.611764,10.483811,-1.704812,13.559822,-1.7314129,16.441563,-14.836548,241.5846,-15.3424835,245.63884,-1.5648365,10.4616785,66.22119,1943.2876,-0.8730469,8237.031,-0.08492041,2.619277,N-CMAPSS_DS08c-008,6
N-CMAPSS_DS08c-008 · Engine 6,60,575.5571,1335.1638,1666.577,1159.305,13.720575,10.847968,13.929518,16.8011,242.85603,246.87119,10.825963,1928.5217,8234.631,2.6215243,12879.4795,0.49666947,55.832188,497.29602,0.0,2,0,-0.020202637,573.53796,-8.528809,1335.1703,-20.516235,1659.3984,-3.6311035,1149.454,0.40864658,13.395596,0.51297,10.520897,0.41487122,13.599589,0.26608467,16.485558,-3.7879791,241.81155,-3.6919403,245.85323,0.43702126,10.491547,-41.203857,1942.986,-26.225586,8237.942,-0.12316966,2.622011,N-CMAPSS_DS08c-008,6
