unit,cycle,T24,T30,T48,T50,P15,P2,P21,P24,Ps30,P40,P50,Nf,Nc,Wf,rul,alt,Mach,TRA,T2,lifecycle_progress,T24_rate,T30_rate,T48_rate,T50_rate,P15_rate,P2_rate,P21_rate,P24_rate,Ps30_rate,P40_rate,P50_rate,Nf_rate,Nc_rate,Wf_rate,T24_rolling_mean_10,T30_rolling_mean_10,T48_rolling_mean_10,T50_rolling_mean_10,P15_rolling_mean_10,P2_rolling_mean_10,P21_rolling_mean_10,P24_rolling_mean_10,Ps30_rolling_mean_10,P40_rolling_mean_10,P50_rolling_mean_10,Nf_rolling_mean_10,Nc_rolling_mean_10,Wf_rolling_mean_10
1.0,1.0,585.5812072616703,1355.4336745344835,1650.0921152631172,1157.1543049345373,15.627399584702035,12.38178497491687,15.865380289037597,19.041010442569064,276.8424870781271,281.9742458867016,12.452562878348033,1923.8016379423154,8320.416060711086,2.9525367204359365,99,8757.580257892396,0.4737541092176234,53.426548538445466,509.6185925112958,0.01,,,,,,,,,,,,,,,585.5812072616703,1355.4336745344835,1650.0921152631172,1157.1543049345373,15.627399584702035,12.38178497491687,15.865380289037597,19.041010442569064,276.8424870781271,281.9742458867016,12.452562878348033,1923.8016379423154,8320.416060711086,2.9525367204359365
1.0,2.0,580.5239016690373,1340.995542805777,1627.5762385117634,1142.8848891752466,14.996844501525015,11.94500059330417,15.225222844187833,18.22798622796208,262.28334332273073,267.1959447415736,11.908096277317092,1903.132362468446,8272.780057269169,2.766110770374584,98,9888.501716738198,0.48435669022056677,52.16701488331152,506.38358819503554,0.02,-5.057305592633043,-14.438131728706594,-22.515876751353744,-14.269415759290723,-0.6305550831770201,-0.43678438161269995,-0.6401574448497644,-0.8130242146069833,-14.559143755396349,-14.778301145128012,-0.5444666010309405,-20.669275473869448,-47.63600344191764,-0.18642595006135254,583.0525544653538,1348.2146086701302,1638.8341768874402,1150.019597054892,15.312122043113526,12.16339278411052,15.545301566612714,18.634498335265572,269.5629152004289,274.5850953141376,12.180329577832563,1913.4670002053808,8296.598058990126,2.85932374540526
1.0,3.0,581.1928589598047,1342.6837985444427,1628.4791867070926,1155.2397175494111,15.607096558390007,12.469662031556044,15.844768079583762,18.840737863123934,270.9531898045489,276.0499782489216,12.806713066263367,1881.3875450402445,8277.27856280845,2.8505462140246474,97,7578.456209150327,0.40748067925624154,49.449162209490325,508.57311834357915,0.03,0.6689572907673664,1.6882557386657027,0.9029481953291452,12.354828374164526,0.6102520568649918,0.524661438251874,0.619545235395929,0.6127516351618532,8.669846481818183,8.854033507347992,0.8986167889462742,-21.744817428201486,4.4985055392808135,0.08443544365006339,582.4326559635041,1346.3710052949011,1635.382513493991,1151.7596372197315,15.410446881539018,12.265482533259027,15.645123737603065,18.703244844551694,270.0263400684689,275.07338962573226,12.389124073976163,1902.7738484836689,8290.158226929569,2.856397901611723
1.0,4.0,583.0819489825554,1343.730500112655,1628.0823062392528,1152.452096097111,15.6968516570736,12.551113970576733,15.935890007181321,18.99476299401012,272.02356090672384,277.1285759899636,12.692099877368438,1882.2842213465747,8279.033724040975,2.88233573550732,96,8074.442717053336,0.4515824717957561,50.40673292552817,510.08590856633896,0.04,1.8890900227507927,1.0467015682122565,-0.3968804678397646,-2.7876214523000726,0.0897550986835931,0.08145193902068826,0.091121927597559,0.1540251308861862,1.0703711021749314,1.0785977410420173,-0.11461318889492844,0.8966763063301642,1.7551612325260066,0.031789521482672445,582.5949792182669,1345.7108789993395,1633.5574616803065,1151.9327519390765,15.482048075422664,12.336890392588455,15.717815304997629,18.7761243819163,270.52564527803264,275.5871862167901,12.464868024824233,1897.651441699395,8287.37710120742,2.8628823600856217
1.0,5.0,578.806005602707,1337.423986791214,1624.166462447548,1140.5058152242073,14.73630073109353,11.733830196678772,14.96071140212541,17.915597564789977,257.63565761722623,262.4432869686238,11.729790689881053,1899.6902800590292,8258.842244879634,2.721766415320207,95,10441.22958843159,0.4837611583767001,52.665701645712176,504.551833574411,0.05,-4.2759433798484,-6.306513321440889,-3.9158437917049014,-11.946280872903799,-0.9605509259800691,-0.8172837738979606,-0.9751786050559108,-1.0791654292201436,-14.387903289497615,-14.685289021339827,-0.962309187487385,17.406058712454524,-20.191479161341704,-0.160569320187113,581.8371844951549,1344.0535005577144,1631.6792618337547,1149.6473645961028,15.332898606556835,12.21627835340652,15.566394524423185,18.604019018491037,267.9476477458714,272.95840636715684,12.317852557835597,1898.0592093713217,8281.670129941862,2.8346591711325386
1.0,6.0,577.8622067158983,1336.9796794642114,1624.8191737529014,1140.5669981203596,14.658489810463651,11.654323854577415,14.881715543617922,17.828746959918714,257.50785809045436,262.29856815238634,11.696803236421093,1902.3387366863808,8257.014225731145,2.7231446103202166,94,10552.7299270073,0.47893852399966025,52.801551254432,503.51272519766474,0.06,-0.9437988868087359,-0.4443073270026616,0.6527113053534777,0.06118289615233152,-0.07781092062987938,-0.07950634210135732,-0.07899585850748814,-0.0868506048712625,-0.12779952677186657,-0.1447188162374573,-0.03298745345995968,2.6484566273516066,-1.828019148488238,0.0013781950000097964,581.1746881986122,1342.8745303754638,1630.5359138202793,1148.1339701834788,15.220497140541307,12.122619270268336,15.45228136095564,18.474807008728984,266.20768280330185,271.1817666646951,12.214344337599846,1898.772463923832,8277.560812573409,2.816073410997152
1.0,7.0,584.6731341393723,1353.4751895599145,1646.6671031276007,1159.528901403326,15.740753867506921,12.495977346247038,15.980460779194843,19.13240890024679,277.9452036864507,283.10364572324625,12.7000566941729,1913.0999900640575,8311.920104551886,2.962000049249415,93,8090.279234399581,0.4481552040070592,52.24230890269047,509.6219964312877,0.07,6.810927423474027,16.49551009570314,21.847929374699333,18.961903282966432,1.08226405704327,0.8416534916696232,1.0987452355769207,1.3036619403280767,20.437345595996362,20.805077570859908,1.003253457751807,10.761253377676667,54.90587882074033,0.23885543892919836,581.6744661901494,1344.388910258957,1632.840369435611,1149.7618175005998,15.294819530107821,12.175956138265292,15.52773556356124,18.56875013608867,267.88447150089456,272.8848922444881,12.283731817110281,1900.8192533724355,8282.46928285605,2.8369200736046176
1.0,8.0,584.6868305031941,1353.429503235758,1647.219651487005,1159.9699875438064,15.740832872462814,12.495977346247038,15.980540987271892,19.133407813980618,277.91285275594186,283.06539261822627,12.699892433564663,1913.0999964381729,8311.54165588094,2.9628811601842604,92,8090.279234399581,0.4481552040070592,52.24230890269047,509.6219964312877,0.08,0.013696363821736668,-0.04568632415657703,0.5525483594042271,0.44108614048036543,7.900495589296952e-05,0.0,8.020807704944843e-05,0.0009989137338273224,-0.03235093050886917,-0.03825310501997592,-0.00016426060823704347,6.374115400831215e-06,-0.3784486709464545,0.0008811109348454416,582.0510117292799,1345.518984381057,1634.637779692035,1151.0378387560006,15.350571197902196,12.21595878926301,15.584336241525072,18.639332345825164,269.1380191577755,274.1574547912054,12.33575189416708,1902.3543462556527,8286.10332948416,2.8526652094270735
1.0,9.0,584.288950823756,1351.1220349565353,1644.2464128150239,1150.415341749619,15.2866271620795,12.125238760435364,15.519418438659391,18.653112954851398,269.89230466524526,274.89633570157775,12.045648906755963,1923.3524068516751,8303.957368535815,2.8765967639101118,91,9819.769385925594,0.5016446974661146,53.89260337150777,508.2914540853993,0.09,-0.39787967943811964,-2.307468279222576,-2.9732386719811075,-9.554645794187309,-0.4542057103833148,-0.37073858581167407,-0.4611225486125008,-0.48029485912922,-8.020548090696593,-8.169056916648515,-0.6542435268087008,10.252410413502275,-7.584287345123812,-0.08628439627414863,582.2996716286661,1346.14154555611,1635.7054055945894,1150.9686724219582,15.34346630503301,12.205878786059937,15.577123152317775,18.640863524605855,269.2218286586055,274.23955267013565,12.303518228899177,1904.687464099655,8288.087111601011,2.8553242710363
1.0,10.0,585.2583747237566,1357.3769239805135,1655.0917960562933,1164.9127552067246,15.79844489866463,12.490298525792026,16.039030353974244,19.215586569630315,281.3105683048834,286.4960556494807,12.829576757331159,1919.999769039718,8326.386797728115,3.0084485122456623,90,7837.6933804388245,0.4261097978979249,52.8563881374372,509.3115813805911,0.1,0.9694239000006064,6.254889023978194,10.845383241269474,14.497413457105495,0.5118177365851313,0.36505976535666207,0.5196119153148526,0.5624736147789164,11.418263639638155,11.59971994790294,0.7839278505751963,-3.352637811957038,22.42942919229972,0.13185174833555058,582.5955419381752,1347.2650833985504,1637.6440446407598,1152.363080700435,15.388964164396171,12.234320760033146,15.623313872483422,18.698335829108302,270.4307026232333,275.4652029680702,12.356124081742376,1906.2186945936614,8291.917080213721,2.870636695157236
1.0,11.0,580.1888968731387,1337.3511712521322,1618.8148888117812,1149.5853201706539,15.510190003119154,12.446764832933708,15.746385789968683,18.702993022328243,266.590008047237,271.62441932499166,12.633965603883963,1868.796386872855,8255.97312194394,2.8024960778869965,89,8028.579301505928,0.43471638756621844,48.92062662656932,508.62048815840467,0.11,-5.069477850617886,-20.02575272838135,-36.27690724451213,-15.32743503607071,-0.28825489554547623,-0.04353369285831832,-0.2926445640055615,-0.5125935473020711,-14.720560257646412,-14.871636324489032,-0.19561115344719582,-51.20338216686309,-70.41367578417521,-0.20595243435866584,582.056310899322,1345.4568330703155,1634.5163219956262,1151.6061822240465,15.377243206237882,12.240818745834831,15.61141442257653,18.664534087084217,269.4054547201442,274.4302203118992,12.37426435429597,1900.7181694867152,8285.472786337008,2.855632630902342
1.0,12.0,585.5982169839057,1355.363313487624,1650.7638317019293,1157.688013378044,15.627500152323753,12.38178497491687,15.865482388145944,19.042242856797053,276.80232035091706,281.92678604850204,12.452352799733438,1923.8016377437434,8319.948503037758,2.953594915027667,88,8757.580257892396,0.4737541092176234,53.426548538445466,509.6185925112958,0.12,5.409320110766998,18.012142235491865,31.948942890148146,8.102693207390075,0.1173101492045987,-0.06497985801683726,0.11909659817726137,0.3392498344688093,10.21231230368005,10.302366723510374,-0.18161280415052516,55.0052508708884,63.975381093818214,0.1510988371406703,582.5637424308089,1346.8936101385,1636.8350813146428,1153.0864946443262,15.440308771317756,12.2844971839961,15.675440376972341,18.745959749967717,270.8573524229629,275.903304442592,12.428690006537604,1902.7850970142451,8290.189630913865,2.87438104536765
1.0,13.0,580.5394063432387,1340.9428120914245,1628.1985585925922,1143.379868753627,14.996935021391039,11.94500059330417,15.225314742528974,18.229070646670813,262.24837478162755,267.1545816325315,11.907913392113032,1903.1323694654432,8272.352270551679,2.767047610746913,87,9888.501716738198,0.48435669022056677,52.16701488331152,506.38358819503554,0.13,-5.058810640666934,-14.420501396199597,-22.565273109337113,-14.308144624416855,-0.6305651309327143,-0.43678438161269995,-0.6401676456169696,-0.8131722101262397,-14.55394556928951,-14.77220441597052,-0.5444394076204055,-20.66926827830025,-47.596232486079316,-0.18654730428075394,582.4983971691523,1346.7195114931983,1636.8070185031927,1151.9005097647478,15.379292617617859,12.232031040170913,15.61349504326686,18.684793028322403,269.9868709206707,275.013764780953,12.33881003912257,1904.959579456765,8289.69700168819,2.866031185039877
1.0,14.0,580.5491367668579,1340.9099270370987,1628.5892091408152,1143.6905908035096,14.996991826124036,11.94500059330417,15.22537241230867,18.22975101828525,262.22643685301085,267.12863282815005,11.907798413697533,1903.132373195919,8272.083957674668,2.76763551000074,86,9888.501716738198,0.48435669022056677,52.16701488331152,506.38358819503554,0.14,0.009730423619203066,-0.03288505432578859,0.39065054822299317,0.3107220498825427,5.6804732997406404e-05,0.0,5.7669779694791146e-05,0.000680371614436126,-0.02193792861669408,-0.02594880438147129,-0.00011497841549967802,3.7304757825040724e-06,-0.2683128770113399,0.0005878992538272954,582.2451159475826,1346.4374541856428,1636.857708793349,1151.0243592353877,15.309306634522903,12.171419702443657,15.542443283779596,18.608291830749916,269.00715851529947,274.01377046477165,12.260379892755479,1907.0443946416995,8289.002025051557,2.854561162489219
1.0,15.0,577.8738818872653,1336.9393989070825,1625.2848718318915,1140.9373065102998,14.658554659565471,11.654323854577415,14.881781380269516,17.829546567989617,257.48205296517466,262.2680595600917,11.696668429954467,1902.3387377402448,8256.694910759748,2.7238327392545343,85,10552.7299270073,0.47893852399966025,52.801551254432,503.51272519766474,0.15,-2.6752548795926714,-3.9705281300161914,-3.3043373089237775,-2.7532842932098447,-0.33843716655856504,-0.2906767387267557,-0.34359103203915353,-0.40020445029563234,-4.744383887836193,-4.860573268058374,-0.21112998374306535,-0.7936354556741207,-15.389046914919163,-0.043802770746205866,582.1519035760384,1346.3889953972293,1636.9695497317832,1151.0675083639971,15.301532027370097,12.163469068233521,15.534550281594008,18.599686731069884,268.99179805009425,273.99624772391843,12.257067666762822,1907.309240409821,8288.787291639568,2.854767794882652
1.0,16.0,585.605738711015,1355.3322777758217,1651.060927400093,1157.9240799334939,15.627544626285852,12.38178497491687,15.8655275393765,19.042787749722017,276.7845628840116,281.9058097816944,12.452259850440905,1923.801639866177,8319.741855521575,2.9540628328332628,84,8757.580257892396,0.4737541092176234,53.426548538445466,509.6185925112958,0.16,7.731856823749695,18.392878868739217,25.776055568201627,16.98677342319411,0.9689899667203807,0.7274611203394556,0.9837461591069836,1.2132411817323998,19.30250991883696,19.637750221602744,0.7555914204864376,21.46290212593226,63.046944761827035,0.23023009357872848,582.9262567755501,1348.2242552283903,1639.5937250965023,1152.8032165453103,15.398437508952316,12.236215180267466,15.632931481169866,18.72109081005021,270.91946852945,275.9569718868492,12.332613328164802,1909.4555307278006,8295.060054618612,2.8778596171339563
1.0,17.0,580.1980554558681,1337.3193357005332,1619.2007788716594,1149.894530518726,15.510238961521104,12.446764832933708,15.746435493930056,18.703648469521212,266.5678626073587,271.59821818454316,12.633853712497832,1868.7963941382686,8255.710162619873,2.8030893763239177,83,8028.579301505928,0.43471638756621844,48.92062662656932,508.62048815840467,0.17,-5.4076832551468215,-18.012942075288493,-31.860148528433683,-8.029549414767871,-0.11730566476474813,0.06497985801683726,-0.11909204544644325,-0.3391392802008042,-10.216700276652944,-10.307591597151259,0.18159386205692662,-55.00524572790846,-64.03169290170263,-0.15097345650934502,582.4787489071996,1346.6086698424522,1636.8470926709083,1151.8397794568505,15.375386018353733,12.231293928936134,15.609528952643387,18.678214766977653,269.7817344215408,274.8064291329789,12.325993029997296,1905.0251711352219,8289.439060425411,2.8619685498414063
1.0,18.0,578.5719738140983,1346.4493720450873,1646.4463020749347,1148.0615874355694,14.498624574595096,11.388736268241438,14.71941581177167,17.757357880301143,262.3579008661497,267.12890637387557,11.559708593459268,1937.647411377131,8291.03989700862,2.8104297112508783,82,10951.066760613,0.4726163523968244,56.05434331378194,501.334078804884,0.18,-1.6260816417698152,9.130036344554128,27.245523203275297,-1.8329430831565787,-1.0116143869260075,-1.05802856469227,-1.027019682158386,-0.9462905892200695,-4.209961741208986,-4.469311810667591,-1.0741451190385636,68.85101723886237,35.329734388747966,0.007340334926960512,581.8672632382901,1345.9106567233853,1636.7697577297015,1150.6489394460268,15.251165188566963,12.120569821135575,15.483416435093364,18.540609773609706,268.22623923256157,273.21278050854386,12.211974645986755,1907.4799126291175,8287.388884538179,2.846723404948068
1.0,19.0,585.1598970200226,1350.882761827869,1642.1889316288211,1153.5424570882865,15.56602923836176,12.364951435491284,15.803075368895188,18.961911007575413,273.9388735483617,279.017199041965,12.35810678330575,1910.999349492545,8303.184560177404,2.9287161468732434,81,9034.824351297406,0.48765988943879,53.02760216861427,509.85232642938337,0.19,6.587923205924312,4.43338978278166,-4.257370446113555,5.480869652717047,1.0674046637666628,0.9762151672498458,1.083659557123518,1.20455312727427,11.580972682212007,11.888292668089434,0.7983981898464823,-26.648061884586014,12.144663168783154,0.11828643562236518,581.9543578579166,1345.8867294105187,1636.5640096110812,1150.9616509798934,15.279105396195188,12.144541088641166,15.511782128116945,18.571489578882108,268.6308961208732,273.62486684258255,12.243220433641735,1906.2446068932045,8287.31160370234,2.8519353432443815
1.0,20.0,584.7028947351731,1353.376557306587,1647.8680358841889,1160.4876243344493,15.740925484799432,12.495977346247038,15.980635009948662,19.13457918104799,277.87493295573773,283.02054839673906,12.699699300243758,1913.099997912628,8311.098356962426,2.9639148571209444,80,8090.279234399581,0.4481552040070592,52.24230890269047,509.6219964312877,0.2,-0.45700228484952277,2.4937954787180843,5.679104255367747,6.945167246162782,0.17489624643767243,0.13102591075575454,0.17755964105347388,0.17266817347257657,3.9360594073760353,4.003349354774059,0.3415925169380074,2.100648420082962,7.913796785021987,0.03519871024770094,581.8988098590584,1345.486692743126,1635.8416335938707,1150.519137892666,15.273353454808667,12.145108970686668,15.505942593714385,18.563388840023872,268.28733258595867,273.27731611730843,12.230232687932993,1905.5546297804954,8285.782759625768,2.84748197773191
1.0,21.0,580.5545334809452,1340.8918666973725,1628.8059280781802,1143.8629799322803,14.997023329977518,11.94500059330417,15.225404395916264,18.23012828494782,262.2142808173418,267.1142540466189,11.907734732453628,1903.1323745372881,8271.935255976927,2.7679616231133375,79,9888.501716738198,0.48435669022056677,52.16701488331152,506.38358819503554,0.21,-4.148361254227893,-12.484690609214567,-19.062107806008726,-16.624644402168997,-0.7439021548219138,-0.5509767529428675,-0.7552306140323974,-0.9044508961001689,-15.66065213839596,-15.906294350120163,-0.7919645677901297,-9.967623375339826,-39.16310098549911,-0.1959532340076069,581.935373519839,1345.84076228765,1636.8407375205106,1149.9469038688287,15.222036787494508,12.094932546723713,15.453844454309143,18.516102366285832,267.8497598629691,272.82629958947115,12.15760960078996,1908.988228546939,8287.378973029068,2.8440285322545438
1.0,22.0,584.3041063160331,1351.067151976376,1644.8396494579363,1150.8858403094903,15.286717159424091,12.125238760435364,15.51950980652192,18.654187705231667,269.8578736690882,274.8556652615098,12.045464855778745,1923.3524122955107,8303.549596558247,2.8775098856028722,78,9819.769385925594,0.5016446974661146,53.89260337150777,508.2914540853993,0.22,3.7495728350878608,10.175285279003447,16.033721379756116,7.022860377210009,0.2896938294465734,0.18023816713119345,0.2941054106056562,0.4240594202838466,7.643592851746405,7.7414112148908885,0.1377301233251167,20.22003775822259,31.614340581319993,0.10954826248953475,581.8059624530517,1345.4111461365253,1636.2483192961113,1149.2666865619733,15.18795848820454,12.069277925275562,15.419247196146742,18.477296851129292,267.1553151947862,272.1191875107719,12.116920806394493,1908.9433060021154,8285.739082381117,2.8364200293120643
1.0,23.0,585.2660395746763,1357.347464582413,1655.398355095488,1165.1572018383429,15.798487221583107,12.490298525792026,16.03907332140417,19.216145933001776,281.2920867839927,286.4742382636338,12.829481882775514,1919.9997706967647,8326.173265247779,3.0089389879758253,77,7837.6933804388245,0.4261097978979249,52.8563881374372,509.3115813805911,0.23,0.961933258643171,6.280312606037114,10.558705637551611,14.271361528852594,0.511770062159016,0.36505976535666207,0.5195635148822504,0.5619582277701092,11.434213114904537,11.618573002124037,0.7840170269967697,-3.352641598746004,22.62366868953177,0.13142910237295302,582.2786257761954,1347.051611385624,1638.9682989464006,1151.4444198704448,15.268113708223746,12.123807718524349,15.500623054034264,18.576004379762388,269.0596863950228,274.05115317388214,12.20907765546074,1910.6300461252479,8291.121181850725,2.860609167034956
1.0,24.0,581.1035166185396,1341.8747990330194,1630.9211548740109,1151.2850644415382,15.255594617858192,12.143695760730015,15.487913317622532,18.525203357224207,267.0726835294233,272.0189032071454,12.316052484140737,1891.248599762603,8270.365542312747,2.847195867560917,76,9010.299160671462,0.45440570165892297,51.88141916638656,507.0913265126612,0.24,-4.162522956136627,-15.472665549393696,-24.477200221477005,-13.872137396804646,-0.5428926037249155,-0.34660276506201093,-0.5511600037816393,-0.6909425757775693,-14.219403254569443,-14.455335056488423,-0.5134293986347771,-28.75117093416179,-55.80772293503105,-0.16174312041490824,582.3340637613636,1347.1480985852163,1639.2014935197203,1152.2038672342476,15.293973987397163,12.143677235266932,15.526877144565649,18.605549613656287,269.544311062664,274.54018021178166,12.24990306250506,1909.4416687819162,8290.949340314535,2.868565202790973
1.0,25.0,583.2417120327261,1343.8369436147484,1628.8568339191813,1156.8916341854451,15.883429679476732,12.711878454585548,16.125309319265718,19.185677159494304,274.52530488911214,279.6738545939718,12.961797390910943,1874.6727904586578,8277.687894824403,2.9088894641213385,75,7366.343733333333,0.42994505874315897,49.41956220957439,510.79678974834883,0.25,2.138195414186498,1.962144581729035,-2.0643209548295545,5.606569743906903,0.6278350616185406,0.5681826938555332,0.6373960016431859,0.6604738022700971,7.452621359688862,7.654951386826383,0.6457449067702061,-16.575809303945107,7.322352511655481,0.061693596560421504,582.8708467759097,1347.8378530559828,1639.5586897284495,1153.799300001762,15.416461489388288,12.249432695267746,15.651229938465267,18.741162672806755,271.24863625505776,276.28075971516967,12.376415958600708,1906.6750740537573,8293.048638721,2.8870708752776535
1.0,26.0,581.2083694787999,1342.6297257225438,1629.1287885155957,1155.7602544717245,15.607176836605053,12.469662031556044,15.844849580309695,18.84185060276943,270.9153480012388,276.0052476438702,12.80652254404588,1881.3875540048855,8276.830135115484,2.8515578748183015,74,7578.456209150327,0.40748067925624154,49.449162209490325,508.57311834357915,0.26,-2.033342553926218,-1.2072178922046533,0.271954596414389,-1.131379713720662,-0.2762528428716795,-0.24221642302950386,-0.28045973895602216,-0.34382655672487417,-3.609956887873352,-3.668606950101605,-0.15527484686506376,6.714763546227687,-0.8577597089188203,-0.057331589303037056,582.4311098526883,1346.567597850655,1637.3654758399996,1153.5829174555852,15.41442471042021,12.258220400931664,15.649162142558586,18.721068958111495,270.66171476678045,275.69070350138725,12.411842227961206,1902.433665467628,8288.757466680392,2.8768203794761575
1.0,27.0,575.9274071086829,1324.2919329704657,1601.5071460701156,1135.3915662158183,14.755128617023242,11.844384070609077,14.979826007130196,17.834120837191787,253.16953939017674,257.92548097297123,11.87686916529852,1855.770688900428,8212.190873308193,2.6678728611963205,73,9890.086406743942,0.46799397030482176,49.57512289404995,504.7889948798681,0.27,-5.280962370116981,-18.33779275207803,-27.62164244548012,-20.368688255906136,-0.8520482195818104,-0.625277960946967,-0.8650235731794993,-1.0077297655776434,-17.745808611062046,-18.079766670898948,-0.9296533787473589,-25.616865104457474,-64.6392618072914,-0.18368501362198097,582.0040450179697,1345.2648575776482,1635.5961125598453,1152.1326210252944,15.338913675970423,12.1979823246992,15.572501193878603,18.634116194878555,269.3218824450622,274.3234297802301,12.336143773241274,1901.1310949438441,8284.405537749224,2.863298727963398
1.0,28.0,578.5837551100692,1346.4035780177667,1646.8973154028236,1148.418691742721,14.498688727355496,11.388736268241438,14.719480941477661,17.75816347084647,262.33217022172204,267.0985803669495,11.55957262593442,1937.647411308731,8290.723445632108,2.8111027753085294,72,10951.066760613,0.4726163523968244,56.05434331378194,501.334078804884,0.28,2.6563480013862772,22.111645047300954,45.390169332707956,13.027125526902637,-0.256439889667746,-0.4556478023676398,-0.260345065652535,-0.07595736634531747,9.1626308315453,9.173099393978248,-0.31729653936410074,81.87672240830307,78.53257232391479,0.14322991411220887,582.0052231475668,1345.260278174916,1635.6412138926341,1152.1683314560096,15.338920091246461,12.1979823246992,15.572507706849203,18.634196753933086,269.31930938061953,274.3203971795375,12.33613017648879,1901.1310949370043,8284.373892611573,2.863366034369163
1.0,29.0,580.2144758254832,1337.2624030076706,1619.8929199999307,1150.4491662725502,15.510326656829214,12.446764832933708,15.74652452469971,18.704823310331218,266.5281548321169,271.5512504103255,12.63365269691479,1868.7964018896575,8255.23892288528,2.8041531687628196,71,8028.579301505928,0.43471638756621844,48.92062662656932,508.62048815840467,0.29,1.630720715413986,-9.141175010096049,-27.004395402892897,2.0304745298292346,1.011637929473718,1.05802856469227,1.0270435832220493,0.9466598394847487,4.1959846103948735,4.452670043376031,1.0740800709803704,-68.85100941907353,-35.48452274682677,-0.006949606545709752,581.5106810281129,1343.8982422928962,1633.411612729745,1151.859002374436,15.333349833093205,12.206163664443443,15.566852622429654,18.608487984208665,268.578237508995,273.57380231637353,12.363684767849694,1896.9108001767156,8279.579328882359,2.8509097365581204
1.0,30.0,575.9320758354821,1324.2746162119122,1601.701641615588,1135.5472449299493,14.755154563734813,11.844384070609077,14.979852348969354,17.834445894800652,253.1589327505792,257.91291306031314,11.876814492086517,1855.7706914302585,8212.059728470424,2.668158861526378,70,9890.086406743942,0.46799397030482176,49.57512289404995,504.7889948798681,0.3,-4.282399990001068,-12.987786795758439,-18.191278384342695,-14.901921342600872,-0.7551720930944015,-0.6023807623246302,-0.7666721757303563,-0.8703774155305659,-13.369222081537714,-13.638337350012364,-0.7568382048282736,-13.025710459399079,-43.17919441485719,-0.1359943072364418,580.6335991381438,1340.9880481834289,1628.794973302885,1149.364964433986,15.234772740986747,12.141004336879648,15.466774356331722,18.478474655583934,266.1066374884792,271.0630387827309,12.281396287033969,1891.1778695284786,8269.675466033159,2.821334136998664
1.0,31.0,575.0261488450183,1330.9173024539712,1615.9628225959998,1150.6995488436612,15.027075387324086,11.986675919632917,15.255914098806178,18.100277001706434,261.8637087177403,266.7512118953193,12.559807907035568,1862.0996938432104,8238.163280583307,2.754647890401446,69,8069.0352826510725,0.3649273622977106,48.78340399892707,503.4009432496073,0.31,-0.905926990463854,6.642686242058971,14.261180980411837,15.152303913711876,0.27192082358927294,0.14229184902383984,0.2760617498368241,0.2658311069057824,8.704775967161083,8.838298835006128,0.6829934149490509,6.3290024129519225,26.103552112883335,0.08648902887506837,580.080760674551,1339.9905917590888,1627.510662754667,1150.0486213251243,15.237777946721403,12.145171869512522,15.469825326620713,18.465489527259795,266.07158027851904,271.02673456760095,12.346603604492163,1887.0746014590707,8266.298268493796,2.820002763727475
1.0,32.0,580.9935360926459,1344.5745001930843,1637.1960171337435,1155.751674536193,15.353955385923127,12.183006599223047,15.587771965404192,18.65092753526011,271.33938461234266,276.330133747989,12.492398915911204,1897.0911778625557,8280.988790176,2.9045198287452423,68,8643.986015981734,0.43523421977140586,52.26939155739736,506.52718337864513,0.32,5.967387247627585,13.657197739113144,21.233194537743657,5.0521256925317175,0.3268799985990416,0.19633067959012962,0.3318578665980141,0.5506505335536751,9.475675894602375,9.578921852669737,-0.06740899112436338,34.99148401934531,42.82550959269247,0.14987193834379609,579.7497036522124,1339.3413265807594,1626.7462995222477,1150.5352047477943,15.244501769371306,12.150948653391291,15.476651542508941,18.465163510262638,266.2197313728445,271.17418141624887,12.391297010505408,1884.4484780157752,8264.042187855574,2.822703758041712
1.0,33.0,584.6982599718916,1353.391747203812,1647.680930176554,1160.3382423001738,15.740898770103877,12.495977346247038,15.980607888430331,19.13424125305878,277.8858699695876,283.03348249886966,12.69975498226428,1913.0999982194635,8311.226181474549,2.963616595852005,67,8090.279234399581,0.4481552040070592,52.24230890269047,509.6219964312877,0.33,3.704723879245762,8.81724701072767,10.484913042810604,4.586567763980838,0.3869433841807499,0.3129707470239911,0.3928359230261389,0.4833137177986693,6.546485357244933,6.70334875088065,0.2073560663530749,16.00882035690779,30.237391298549483,0.059096767106762815,579.6929256919339,1338.9457548428993,1625.9745570303544,1150.0533087939775,15.238742924223383,12.151516535436791,15.470804999211555,18.456973042268338,265.8791096914039,270.8301058397725,12.378324320454286,1883.758500768045,8262.54747947825,2.81817151882933
1.0,34.0,584.7161151867617,1353.3335431259848,1648.401846556423,1160.9138306074547,15.741001714700083,12.495977346247038,15.980712400710743,19.135543049485133,277.8437353719138,282.9836693560894,12.699540293989036,1913.100004077301,8310.734086073,2.964765743429192,66,8090.279234399581,0.4481552040070592,52.24230890269047,509.6219964312877,0.34,0.017855214870110103,-0.05820407782721304,0.7209163798688678,0.5755883072808956,0.00010294459620574514,0.0,0.00010451228041219451,0.0013017964263539739,-0.042134597673793905,-0.04981314278023774,-0.00021468827524273593,5.857837550138356e-06,-0.49209540154879505,0.0011491475771867599,580.0541855487561,1340.0916292521958,1627.7226261985957,1151.0161854105693,15.287283633907572,12.186744693988494,15.52008490752038,18.51800701149443,266.956214875653,271.92658245466686,12.416673101439116,1885.943641199515,8266.584333854275,2.8299285064161572
1.0,35.0,584.3101617055684,1351.0452494682872,1645.0767755393313,1151.0739167765078,15.286753126542372,12.125238760435364,15.519546321362814,18.65461693636374,269.84411943850915,274.8394180081617,12.045391314095054,1923.3524164866647,8303.38672402187,2.877874807914808,65,9819.769385925594,0.5016446974661146,53.89260337150777,508.2914540853993,0.35,-0.4059534811933645,-2.2882936576975226,-3.325071017091659,-9.839913830946898,-0.45424858815771074,-0.37073858581167407,-0.4611660793479295,-0.48092611312139155,-7.999615933404641,-8.144251347927707,-0.6541489798939821,10.252412409363615,-7.347362051130403,-0.08689093551438365,580.1610305160403,1340.8124598375498,1629.3446203606104,1150.4344136696755,15.227615978614136,12.128080724573476,15.45950860773009,18.464900989181373,266.48809633059267,271.44313879608586,12.325032493757528,1890.8116038023152,8269.154216774023,2.8268270407955045
1.0,36.0,584.7128204632604,1353.3442106893347,1648.2688102361235,1160.8076086266608,15.740982703679844,12.495977346247038,15.980693100182584,19.135302843093722,277.8515077476631,282.9928554819248,12.699579872467474,1913.0999989241486,8310.824806379813,2.9645536996893203,64,8090.279234399581,0.4481552040070592,52.24230890269047,509.6219964312877,0.36,0.40265875769205195,2.2989612210474206,3.192034696792234,9.733691850153036,0.4542295771374718,0.37073858581167407,0.46114677881977073,0.4806859067299811,8.007388309153953,8.153437473763063,0.6541885583724198,-10.25241756251603,7.438082357943131,0.08667889177451205,580.5114756144864,1341.8839083342289,1631.2586225326634,1150.939149085169,15.240996565321614,12.130712256042575,15.473092959717377,18.494246213213806,267.1817123052351,272.14189957989134,12.314338226599686,1893.9828482942419,8272.553683900453,2.838126623282606
1.0,37.0,584.3235030677057,1350.997053440406,1645.599571424078,1151.4885922516523,15.28683236823564,12.125238760435364,15.519626769782375,18.65556224958087,269.81380993278685,274.80361645501597,12.045229153354393,1923.3524224338528,8303.027880359246,2.8786792255797025,63,9819.769385925594,0.5016446974661146,53.89260337150777,508.2914540853993,0.37,-0.3893173955547127,-2.3471572489286245,-2.669238812045478,-9.31901637500846,-0.45415033544420425,-0.37073858581167407,-0.46106633040020917,-0.4797405935128509,-8.037697814876253,-8.189239026908808,-0.6543507191130811,10.252423509704158,-7.796926020566389,-0.0858744741096178,581.3510852103886,1344.554420381223,1635.6678650680594,1152.5488516887524,15.294166940442855,12.158797725025202,15.527073035982593,18.576390354452712,268.8461393594962,273.82971312809576,12.331174225405274,1900.7410216475844,8281.637384605561,2.8592072597209444
1.0,38.0,584.3109787513257,1351.042295005119,1645.108780837241,1151.09930182459,15.286757979861772,12.125238760435364,15.51955124859063,18.654674849604078,269.8422635980367,274.83722560185583,12.0453813959582,1923.3524168809915,8303.364746194502,2.8779240603482443,62,9819.769385925594,0.5016446974661146,53.89260337150777,508.2914540853993,0.38,-0.01252431637999507,0.04524156471302376,-0.4907905868369653,-0.3892904270624058,-7.43883738678619e-05,0.0,-7.552119174469851e-05,-0.0008873999767935459,0.02845366524985593,0.033609146839864934,0.00015224260380719556,-5.552861239266349e-06,0.336865835255594,-0.0007551652314581325,581.9238075745143,1345.0182920799582,1635.4890116115012,1152.8169126969392,15.372973865693481,12.232447974244597,15.607080066693891,18.666041492328475,269.59714869712764,274.6035776515865,12.379755102407652,1899.3115222048102,8282.901514661799,2.865889388224916
1.0,39.0,584.3161691395865,1351.0235373285298,1645.3121415878297,1151.2606010491504,15.28678881003007,12.125238760435364,15.51958254825388,18.655042650290067,269.83047201170467,274.8232970362385,12.045318348824122,1923.3524197594895,8303.225130718054,2.878236984896811,61,9819.769385925594,0.5016446974661146,53.89260337150777,508.2914540853993,0.39,0.005190388260757572,-0.01875767658930272,0.2033607505886721,0.16129922456048007,3.083016829741325e-05,0.0,3.129966324877387e-05,0.0003678006859892946,-0.011791586332037696,-0.013928565617334243,-6.304713407878637e-05,2.878497980418615e-06,-0.13961547644794337,0.0003129245485666843,582.3339769059246,1346.3944055120442,1638.0309337702913,1152.8980561745993,15.350620081013568,12.200295366994762,15.584385869049308,18.661063426324358,269.9273804150864,274.9307823141777,12.320921667598585,1904.7671239917938,8287.700135445075,2.873297769838315
1.0,40.0,580.2234928744344,1337.231243817194,1620.2731410434994,1150.753863793971,15.510374748035156,12.446764832933708,15.746573348259044,18.705468248243566,266.5063665158924,271.52546847198556,12.633542202378678,1868.7964073934957,8254.980305360616,2.80473734871823,60,8028.579301505928,0.43471638756621844,48.92062662656932,508.62048815840467,0.4,-4.092676265152022,-13.792293511335856,-25.039000544330293,-0.5067372551793596,0.22358593800508686,0.32152607249834375,0.22699080000516503,0.05042559795349888,-3.324105495812262,-3.2978285642529386,0.5882238535545561,-54.556012365993865,-48.24482535743846,-0.07349963617858091,582.7631186098199,1347.6900682725723,1639.8880837130826,1154.4187180610015,15.4261420994436,12.260533443227224,15.661057968978275,18.748165661668647,271.2621237916177,276.292037855345,12.396594438627801,1906.0696955881172,8291.992193134096,2.8869556185575
1.0,41.0,577.9029566481604,1336.8393637042739,1626.445353423196,1141.8601961309182,14.658716096505648,11.654323854577415,14.881945275640252,17.831537273630545,257.4178229942724,262.1921236227747,11.696332719096,1902.3387416557534,8255.900289133564,2.725546917526619,59,10552.7299270073,0.47893852399966025,52.801551254432,503.51272519766474,0.41,-2.3205362262740437,-0.39188011292003466,6.172212379696475,-8.893667663052838,-0.8516586515295081,-0.7924409783562929,-0.8646280726187925,-0.873930974613021,-9.08854352162001,-9.333344849210846,-0.9372094832826772,33.54233426225778,0.9199837729483988,-0.07919043119161095,583.0507993901341,1348.2822743976026,1640.936336795802,1153.5347827897272,15.389306170361758,12.227298236721674,15.623661086661684,18.72129168886106,270.81753521927095,275.8361290280905,12.310246919833844,1910.0936003693719,8293.765893989123,2.884045521270018
1.0,42.0,583.2449306407993,1343.825321383903,1628.9916488396934,1156.9998289572393,15.883447198383355,12.711878454585548,16.12532710495772,19.185913334966827,274.51743939182995,279.6645395247389,12.961757758963971,1874.6727918258534,8277.596447953461,2.9091031895700574,58,7366.343733333333,0.42994505874315897,49.41956220957439,510.79678974834883,0.42,5.341973992638941,6.985957679629109,2.5462954164975145,15.139632826321076,1.2247311018777065,1.0575546000081335,1.2433818293174674,1.354376061336282,17.099616397557554,17.47241590196421,1.2654250398679707,-27.6659498299,21.69615881989739,0.18355627204343827,583.2759388449493,1348.2073565166845,1640.1158999663971,1153.6595982318318,15.44225535160778,12.280185422257924,15.677416600617036,18.774790268831733,271.13534069721965,276.16956960576556,12.357182804139121,1907.8517617657012,8293.426659766867,2.8845038573524993
1.0,43.0,578.8412684340543,1337.293889453629,1625.5802912864601,1141.631433833846,14.73649941702668,11.733830196678772,14.960913113732671,17.918023402387842,257.55762371065475,262.3509278459027,11.729386208643538,1899.6903027145352,8257.876214220343,2.7238632683939095,57,10441.22958843159,0.4837611583767001,52.665701645712176,504.551833574411,0.43,-4.403662206745025,-6.531431930274039,-3.4113575532333016,-15.368395123393384,-1.1469477813566744,-0.9780482579067762,-1.1644139912250484,-1.267889932578985,-16.9598156811752,-17.313611678836253,-1.2323715503204333,25.017510888681727,-19.72023373311822,-0.18523992117614796,582.6902396911657,1346.5975707416662,1637.9058360773874,1151.7889173851988,15.341815416300062,12.203970707301098,15.57544712314727,18.653168483764638,269.10251607132636,274.10131414046884,12.260145926777046,1906.5107922152085,8288.091663041447,2.8605285246066896
1.0,44.0,580.2152353744237,1337.259776646479,1619.924946976204,1150.474831105031,15.510330708780737,12.446764832933708,15.746528638356079,18.70487764162185,266.52631959223265,271.54907867914164,12.633643372617254,1868.7964020501806,8255.217134094375,2.8042023835090912,56,8028.579301505928,0.43471638756621844,48.92062662656932,508.62048815840467,0.44,1.373966940369428,-0.034112807149995206,-5.655344310256169,8.84339727118504,0.7738312917540568,0.7129346362549356,0.7856155246234078,0.7868542392340068,8.9686958815779,9.19815083323897,0.9042571639737158,-30.893900664354533,-2.659080125968103,0.08033911511518177,582.2401517099319,1344.9901940937157,1635.0581461193656,1150.7450174349565,15.31874831570813,12.199049455969764,15.552028746911805,18.61010194297831,267.9707744933583,272.95785507277407,12.253556234639868,1902.0804320124964,8282.539967843584,2.8444721886146795
1.0,45.0,575.9387751541329,1324.2497938523802,1601.9808079500037,1135.770715332254,14.755191787293699,11.844384070609077,14.979890139384464,17.83491228737824,253.143716910429,257.8948828761272,11.876736119492524,1855.7706926010355,8211.871583332859,2.6685693323483317,55,9890.086406743942,0.46799397030482176,49.57512289404995,504.7889948798681,0.45,-4.276460220290801,-13.009982794098732,-17.94413902620022,-14.704115772776959,-0.7551389214870383,-0.6023807623246302,-0.7666384989716146,-0.8699653542436074,-13.382602681803661,-13.654195803014431,-0.7569072531247301,-13.025709449145097,-43.34555076151628,-0.13563305116075952,581.4030130547883,1342.3106485321248,1630.748549360433,1149.2146972905311,15.265592181783258,12.170963986987136,15.49806312871397,18.528131478079764,266.30073424055024,271.2634015595706,12.236690715179616,1895.3222596239334,8273.388453774684,2.8235416410580316
1.0,46.0,575.9428023603634,1324.234884035777,1602.148672957035,1135.9050903364205,14.755214163215054,11.844384070609077,14.979912856055892,17.835192634396684,253.13457380955964,257.88404756278624,11.876689045380934,1855.7706941361419,8211.758507361033,2.6688161425641583,54,9890.086406743942,0.46799397030482176,49.57512289404995,504.7889948798681,0.46,0.004027206230489355,-0.01490981660322177,0.167865007031196,0.13437500416648618,2.2375921355788364e-05,0.0,2.2716671427502888e-05,0.0002803470184424839,-0.009143100869351883,-0.010835313340976427,-4.707411159010633e-05,1.5351063211710425e-06,-0.11307597182531026,0.00024681021582662055,580.5260112444987,1339.3997158667692,1626.136535632524,1146.724445461507,15.167015327736783,12.10580465942334,15.397985104301302,18.398120457210055,263.82904084673993,268.75252076765673,12.154401632470961,1889.5893291451332,8263.481823872806,2.7939678853455154
1.0,47.0,585.1887574869395,1350.777297851967,1643.330654559955,1154.4512644008144,15.566197655103782,12.364951435491284,15.803246350359169,18.96400055238719,273.8719609221125,278.93813580938166,12.357752775522627,1910.9993740595542,8302.404635464374,2.930509316770799,53,9034.824351297406,0.48765988943879,53.02760216861427,509.85232642938337,0.47,9.245955126576064,26.542413816189992,41.18198160292013,18.54617406439388,0.8109834918887273,0.520567364882206,0.8233334943032773,1.1288079179905068,20.73738711255288,21.054088246595427,0.48106373014169357,55.2286799234123,90.64612810334074,0.26169317420664084,580.612536686422,1339.3777403079253,1625.9096439461118,1147.0207126764235,15.194951856423595,12.129775926928932,15.42634706235898,18.42896428749069,264.23485594567245,269.1659727030933,12.185653994687785,1888.354024307703,8263.419499383319,2.799150894464625
1.0,48.0,581.2291495630509,1342.5580173899632,1629.999691162064,1156.458243298557,15.607284341674069,12.469662031556044,15.844958722511743,18.843341082907294,270.8646987479461,275.9453832090725,12.806268147822179,1881.3875593416915,8276.230094539182,2.852914154672733,52,7578.456209150327,0.40748067925624154,49.449162209490325,508.57311834357915,0.48,-3.9596079238885977,-8.21928046200378,-13.330963397891082,2.006978897742556,0.0410866865702868,0.10471059606476096,0.04171237215257406,-0.12065946947989659,-3.007262174166442,-2.9927526003091884,0.44851537229955163,-29.61181471786267,-26.17454092519256,-0.07759516209806616,580.3043537675945,1338.5293125464095,1624.3987349785941,1147.5566068238202,15.227004492604825,12.164218254041,15.45888780975109,18.44783091082101,264.3370994606634,269.27678846381497,12.261742669874184,1884.1575385537733,8260.706034217787,2.796649903897074
1.0,49.0,585.6298405126618,1355.2338179096064,1652.0131181231604,1158.680714022496,15.627687138469282,12.38178497491687,15.865672221796226,19.04453334633228,276.7277297453769,281.83867551292917,12.451961440708585,1923.8016543931383,8319.080380577221,2.955562113207985,51,8757.580257892396,0.4737541092176234,53.426548538445466,509.6185925112958,0.49,4.400690949610862,12.67580051964319,22.013426961096457,2.222470723939068,0.020402796795213618,-0.087877056639174,0.02071349928448285,0.20119226342498564,5.863030997430826,5.893292303856697,-0.3543067071135937,42.41409505144679,42.850286038039485,0.10264795853525177,580.435720904902,1338.9503406045174,1625.0688326321272,1148.2986181211547,15.261094325448743,12.189872875489149,15.493496777105326,18.486779980425233,265.02682523403064,269.978326311484,12.30240697906263,1884.2024620171378,8262.291559203704,2.8043824167281914
1.0,50.0,585.2060134108115,1350.7162545882038,1644.0131686771192,1154.9945733429295,15.566298406269327,12.364951435491284,15.803348635806422,18.965249399129807,273.8320481427917,278.89098334263184,12.357541466245765,1910.999397204557,8301.939460276491,2.931581021304619,50,9034.824351297406,0.48765988943879,53.02760216861427,509.85232642938337,0.5,-0.4238271018502928,-4.5175633214025765,-7.999949446041228,-3.686140679566506,-0.06138873219995489,-0.016833539425586963,-0.062323585989803476,-0.07928394720247312,-2.8956816025852277,-2.94769217029733,-0.09441997446282002,-12.80225718858128,-17.140920300729704,-0.023981091903365837,580.9339729585397,1340.2988416816183,1627.442835395489,1148.7226890760505,15.266686691272165,12.181691535744907,15.499174305860066,18.512758095513856,265.7593933967206,270.7148777985486,12.274806905449339,1888.422760998244,8266.98747469529,2.8170667839868306
1.0,51.0,578.8519808851603,1337.2545057904945,1626.0101145339104,1141.9736743394146,14.73655976177389,11.733830196678772,14.960974377435424,17.918760002035366,257.53391854700897,262.32288445599977,11.729263298150597,1899.6903115001905,8257.582985743646,2.7245004560794417,49,10441.22958843159,0.4837611583767001,52.665701645712176,504.551833574411,0.51,-6.354032525651178,-13.461748797709333,-18.00305414320883,-13.020899003514842,-0.8297386444954373,-0.6311212388125114,-0.8423742583709988,-1.0464893970944402,-16.29812959578271,-16.56809888663207,-0.6282781680951679,-11.309085704366453,-44.35647453284582,-0.20708056522517726,581.0288753822398,1340.3403558902403,1627.3993115065605,1148.7340368969003,15.274471057798987,12.189642169955043,15.507077216039582,18.52148036835434,265.7710029519942,270.7279538818712,12.278099963354796,1888.1579179826876,8267.155744356298,2.816962137842112
1.0,52.0,577.9204999657675,1336.7791728816057,1627.1461235527354,1142.4175662884052,14.658813467205839,11.654323854577415,14.882044129142983,17.832738020933025,257.3790704305653,262.14632694920306,11.69613000838904,1902.3387443558279,8255.421182312588,2.72658164869749,48,10552.7299270073,0.47893852399966025,52.801551254432,503.51272519766474,0.52,-0.9314809193928113,-0.47533290888873125,1.136009018825007,0.4438919489905402,-0.07774629456805116,-0.07950634210135732,-0.07893024829244055,-0.08602198110234127,-0.15484811644364527,-0.176557506796712,-0.033133289761556384,2.6484328556373384,-2.161803431057706,0.0020811926180481777,580.4964323147366,1339.6357410400105,1627.2147589778647,1147.2758106300166,15.152007684681237,12.08388670995423,15.382748918458109,18.386162836950955,264.05716605586775,268.97613262431753,12.151537188297304,1890.9245132356853,8264.938217792213,2.7987099837548555
1.0,53.0,581.1301457947155,1341.7819131588763,1632.0016511803844,1152.149055239205,15.25574047587046,12.143695760730015,15.488061396822804,18.52709750105969,267.01164593979644,271.9466407317243,12.315736636321226,1891.2486050600492,8269.636488661463,2.8488565486318875,47,9010.299160671462,0.45440570165892297,51.88141916638656,507.0913265126612,0.53,3.209645828948055,5.0027402772705045,4.855527627649053,9.731488950799758,0.5969270086646219,0.4893719061526003,0.606017267679821,0.6943594801266642,9.632575509231117,9.800313782521243,0.6196066279321855,-11.090139295778727,14.215306348874947,0.12227489993439766,580.7253200508027,1340.0845434105354,1627.8568949672572,1148.3275727705527,15.203931790565614,12.124873266359355,15.435463746767121,18.447070246818143,265.00256827878195,269.9357039128997,12.210172231065073,1890.0803434702368,8266.114245236324,2.8112093117786534
1.0,54.0,578.8701860599796,1337.1876230472687,1626.7411146528273,1142.5557735380974,14.736662313048242,11.733830196678772,14.961078490404306,17.92001104206739,257.4936412523467,262.2752249820657,11.729054431756008,1899.690324653329,8257.084739235019,2.725583853253269,46,10441.22958843159,0.4837611583767001,52.665701645712176,504.551833574411,0.54,-2.2599597347359577,-4.594290111607506,-5.2605365275571785,-9.593281701107571,-0.5190781628222183,-0.40986556405124297,-0.5269829064184979,-0.6070864589922991,-9.518004687449718,-9.671415749658593,-0.5866822045652178,8.441719593279913,-12.551749426444076,-0.12327269537861874,580.5908151193582,1340.0773280506141,1628.5385117349194,1147.5356670138594,15.126564950992364,12.05357980273386,15.356918731971941,18.368583586862695,264.09930044479336,269.0083185431921,12.119713336978949,1893.1697357305516,8266.301005750387,2.8033474587530716
1.0,55.0,585.6435632583863,1355.1785471417213,1652.5554559537404,1159.1116938948007,15.62776822769409,12.38178497491687,15.865754545882327,19.045526914276156,276.6953925536071,281.8004863264649,12.451790368142872,1923.8016509990712,8318.704152982906,2.9564156906027415,45,8757.580257892396,0.4737541092176234,53.426548538445466,509.6185925112958,0.55,6.773377198406706,17.990924094452566,25.814341300913156,16.555920356703382,0.8911059146458484,0.6479547782380983,0.9046760554780207,1.1255158722087657,19.2017513012604,19.525261344399212,0.7227359363868633,24.1113263457421,61.61941374788694,0.23083183734947266,581.5612939297837,1343.1702033795484,1633.5959765352932,1149.869764870114,15.213822595032402,12.10731989316464,15.445505172621731,18.489645049552486,266.4544680091111,271.3988788882259,12.177218761843985,1899.9728315703549,8276.984262715392,2.8321320945785122
1.0,56.0,580.2513415365297,1337.13547499823,1621.4480724219998,1151.6954981435674,15.510523130019607,12.446764832933708,15.746723989867622,18.707459313338124,266.43908910667875,271.44587744680393,12.633200705612571,1868.7964235930347,8254.182249077463,2.806541575114135,44,8028.579301505928,0.43471638756621844,48.92062662656932,508.62048815840467,0.56,-5.392221721856572,-18.043072143491372,-31.107383531740652,-7.416195751233317,-0.1172450976744841,0.06497985801683726,-0.11903055601470491,-0.33806760093803234,-10.25630344692837,-10.354608879660987,0.1814103374696998,-55.00522740603651,-64.52190390544274,-0.1498741154886063,581.9921478474002,1344.4602624757938,1635.5259164817896,1151.4488056508287,15.289353491712856,12.167557969397103,15.522186286002903,18.576871717446632,267.78491953882303,272.7550618766277,12.252869927867147,1901.2754045160443,8281.226636887037,2.84590463783351
1.0,57.0,581.1466737379175,1341.7245189724617,1632.672720821142,1152.6857196368203,15.255830974405194,12.143695760730015,15.488153273507812,18.528272746756922,266.97375532228756,271.90181198262354,12.315540379089853,1891.2486081522031,8269.184386150373,2.8498874737724025,43,9010.299160671462,0.45440570165892297,51.88141916638656,507.0913265126612,0.57,0.8953322013877596,4.589043974231799,11.224648399142325,0.990221493252875,-0.2546921556144124,-0.3030690722036926,-0.25857071635980944,-0.17918656658120113,0.5346662156088087,0.4559345358196083,-0.31766032652271825,22.452184559168472,15.002137072910045,0.04334589865826732,581.5879394724981,1343.5549845878434,1634.4601231079082,1151.2722511744291,15.258316823643,12.145432401920976,15.490676978317769,18.533298936883604,267.09509897884055,272.05142949395184,12.24864868822387,1899.3003279253091,8277.904611955635,2.8378424535336704
1.0,58.0,583.288950437769,1343.6701659440728,1630.8363025057731,1158.4804451098535,15.88368678752688,12.711878454585548,16.125570342666883,19.18914252135727,274.410053372284,279.5373480782202,12.96121621109977,1874.67283673564,8276.349369077689,2.9120269158330654,42,7366.343733333333,0.42994505874315897,49.41956220957439,510.79678974834883,0.58,2.14227669985155,1.9456469716110405,-1.8364183153689737,5.794725473033168,0.6278558131216858,0.5681826938555332,0.6374170691590706,0.6608697746003465,7.436298049996424,7.635536095596649,0.6456758320099176,-16.575771416563157,7.164982927315577,0.06213944206066291,581.7939195599699,1343.666199443254,1634.5437842422793,1151.4744713555588,15.285957068228281,12.169654044223927,15.518738140333284,18.567879080728602,267.4496344412743,272.41062598086666,12.264143494551629,1898.628855664704,8277.916539409485,2.8437537296497037
1.0,59.0,584.3547381758824,1350.8845519179229,1646.824947896272,1152.4607466439252,15.28701782234356,12.125238760435364,15.519815048064531,18.657774245258054,269.74289387786763,274.7198482730188,12.044849969065387,1923.3524197121023,8302.188259177126,2.8805643359369077,41,9819.769385925594,0.5016446974661146,53.89260337150777,508.2914540853993,0.59,1.0657877381133858,7.214385973850085,15.98864539049896,-6.019698465928286,-0.5966689651833192,-0.5866396941501844,-0.6057552946023517,-0.5313682760992151,-4.667159494416353,-4.8174998052014075,-0.9163662420343837,48.67958297646237,25.838890099437776,-0.03146257989615764,581.6664093262918,1343.2312728440857,1634.0249672195903,1150.8524746177018,15.25189013661571,12.143999422775774,15.484152422960111,18.52920317062118,266.7511508545234,271.6987432568756,12.223432347387309,1898.5839321966007,8276.227327269477,2.836253951922596
1.0,60.0,583.2951386328963,1343.6488773735634,1631.095609125192,1158.6885858581168,15.883720420243344,12.711878454585548,16.125604487556696,19.189596282131284,274.3949624807286,279.5194835430572,12.961139579518145,1874.6728392239709,8276.174565984764,2.91243781100321,40,7366.343733333333,0.42994505874315897,49.41956220957439,510.79678974834883,0.6,-1.0595995429861205,-7.235674544359426,-15.729338771080165,6.22783921419159,0.5967025978997835,0.5866396941501844,0.605789439492165,0.5318220368732298,4.652068602860993,4.799635270038436,0.9162896104527576,-48.67958048813148,-26.013693192362553,0.03187347506630234,581.4753218485005,1342.5245351226217,1632.7332112643976,1151.2218758692206,15.283632338013112,12.178692124685202,15.516378008135138,18.551637858921328,266.8074422883171,271.7615932769181,12.283792158714547,1894.9512763985417,8273.650837840305,2.834339630892455
1.0,61.0,575.0864472527472,1330.7053344307878,1618.5244304942278,1152.7578621935202,15.027344703802347,11.986675919632917,15.256187516550607,18.104472003415726,261.7184447456135,266.57964371463123,12.559084857695181,1862.0997117902934,8236.390411583023,2.758507385970803,39,8069.0352826510725,0.3649273622977106,48.78340399892707,503.4009432496073,0.61,-8.208691380149048,-12.943542942775593,-12.571178630964141,-5.930723664596599,-0.8563757164409971,-0.725202534952631,-0.8694169710060891,-1.0851242787155577,-12.676517735115112,-12.939839828425988,-0.40205472182296376,-12.573127433677428,-39.784154401741034,-0.15393042503240695,581.0987684852591,1341.869617986651,1631.9846428604294,1152.3002946546312,15.312710832215956,12.203976696980618,15.545899322046656,18.570209059059366,267.22589490817757,272.1872692027813,12.366774314669005,1891.1922164275522,8271.531580424242,2.837740323881591
1.0,62.0,581.0649742743573,1344.3135764899223,1640.0690509775357,1158.0467824865577,15.35432816561309,12.183006599223047,15.588150421942224,18.656039776271594,271.17163154705673,276.1321526510884,12.491529695602694,1897.0911539563517,8279.02333690359,2.908989413936632,38,8643.986015981734,0.43523421977140586,52.26939155739736,506.52718337864513,0.62,5.978527021610034,13.608242059134454,21.54462048330788,5.288920293037563,0.3269834618107428,0.19633067959012962,0.33196290539161666,0.5515677728558686,9.453186801443223,9.552508936457173,-0.06755516209248746,34.99144216605828,42.632925320567665,0.150482027965829,581.4132159161181,1342.6230583474826,1633.2769356029096,1153.8632162744466,15.382262302056683,12.256844971445181,15.61650995132658,18.652539234593224,268.60515101982674,273.5858517729698,12.44631428339037,1890.6674573876048,8273.89179588334,2.8559811004055056
1.0,63.0,583.1854195534643,1343.3282471792577,1632.346940700324,1155.8649210704425,15.697437061744704,12.551113970576733,15.936484326644367,19.002295528576454,271.77505864026966,276.83437787155674,12.690827370398445,1882.284297182027,8276.127146583198,2.889025763684765,37,8074.442717053336,0.4515824717957561,50.40673292552817,510.08590856633896,0.63,2.1204452791070025,-0.9853293106646106,-7.722110277211641,-2.1818614161152254,0.3431088961316142,0.36810737135368576,0.34833390470214276,0.3462557523048595,0.6034270932129289,0.7022252204683355,0.19929767479575133,-14.806856774324615,-2.896190320392634,-0.019963650251867193,581.618743291993,1342.7776917495207,1633.3114645549033,1154.2348028575702,15.426431960644106,12.29758679242985,15.66135224430874,18.700059037344896,269.08149228987406,274.0746254869531,12.483823356798094,1889.7710265998023,8274.540861675514,2.859998021910793
1.0,64.0,581.1781031554119,1341.615623322894,1633.949661993531,1153.707012716242,15.256002958507924,12.143695760730015,15.488327876657793,18.53050682075447,266.90174521946886,271.81660307872465,12.315167187745388,1891.248606885443,8268.325308557432,2.851848245932591,36,9010.299160671462,0.45440570165892297,51.88141916638656,507.0913265126612,0.64,-2.007316398052353,-1.7126238563637344,1.6027212932069688,-2.157908354200572,-0.4414341032367801,-0.4074182098467176,-0.44815644998657334,-0.47178870782198246,-4.873313420800798,-5.0177747928320855,-0.375660182653057,8.964309703415893,-7.801838025765392,-0.037177517752173816,581.8495350015362,1343.2204917770835,1634.0323192889737,1155.3499267753846,15.478366025190075,12.338573348834977,15.714077182934087,18.761108615213608,270.0223026865863,275.02876329661893,12.54243463239703,1888.9268548230139,8275.664918607757,2.872624461178725
1.0,65.0,584.4043597562849,1350.7111378423804,1648.7758056538134,1154.0090509498673,15.287312544835567,12.125238760435364,15.52011425871631,18.661283816500216,269.6305327230171,274.5871104322869,12.044248270722505,1923.352435961879,8300.859011049288,2.883564193712375,35,9819.769385925594,0.5016446974661146,53.89260337150777,508.2914540853993,0.65,3.2262566008729436,9.095514519486414,14.826143660282469,0.3020382336253533,0.03130958632764269,-0.018457000294651138,0.03178638205851669,0.13077699574574453,2.728787503548233,2.770507353562266,-0.2709189170228825,32.103829076436114,32.533702491855365,0.031715947779783704,581.725614651326,1342.7737508471494,1633.6543542589811,1154.8396624808913,15.444320456904222,12.312918727386826,15.679513154217485,18.72268430543601,269.3158167035273,274.30742570720116,12.501680422654994,1888.8819333192946,8273.880404414394,2.865339311489689
1.0,66.0,584.3955362696621,1350.7414732123814,1648.428525032441,1153.733390090301,15.287260119367566,12.125238760435364,15.520061034890928,18.660660326048788,269.65049089778915,274.6106887685653,12.044355199140465,1923.3524325651308,8301.094979006375,2.8830303706223006,34,9819.769385925594,0.5016446974661146,53.89260337150777,508.2914540853993,0.66,-0.008823486622759447,0.030335370001012052,-0.3472806213724198,-0.27566085956618736,-5.242546800054981e-05,0.0,-5.322382538253123e-05,-0.0006234904514279549,0.01995817477205719,0.023578336278376355,0.00010692841796000607,-3.396748297745944e-06,0.2359679570872686,-0.0005338230900742147,582.1400341246392,1344.1343506685644,1636.3523995200253,1155.0434516755645,15.42199415583902,12.280766120136992,15.656846858719817,18.718004406707077,269.6369568826383,274.6239068393773,12.442795872007784,1894.337534216504,8278.571677407284,2.8729881910405055
1.0,67.0,578.6818527061953,1346.029701898964,1650.6572629456653,1151.3964567434289,14.499222061731084,11.388736268241438,14.720022397696534,17.76486696660493,262.11804116806076,266.84635732286563,11.558440702406367,1937.6474646801576,8288.097169327713,2.8167089508521257,33,10951.066760613,0.4726163523968244,56.05434331378194,501.334078804884,0.67,-5.713683563466816,-4.71177131341733,2.228737913224222,-2.336933346872229,-0.7880380576364825,-0.7365024921939263,-0.8000386371943939,-0.8957933594438572,-7.532449729728398,-7.764331445699668,-0.4859144967340985,14.295032115026743,-12.997809678661724,-0.06632141977017492,581.893552021467,1344.5648689612146,1638.1508537324776,1154.9145253862255,15.346333264571607,12.205270170888134,15.580033771138687,18.64166382869188,269.1513854672156,274.1183613734015,12.367085904339435,1898.9774198692999,8280.46295572502,2.8696703387484774
1.0,68.0,575.1181365357135,1330.5955259571963,1619.8719041641637,1153.840843496554,15.027486087077884,11.986675919632917,15.256331052870948,18.10667535540265,261.64214473791395,266.4895723868665,12.558705199171662,1862.0997244025423,8235.461391258206,2.7605365966016366,32,8069.0352826510725,0.3649273622977106,48.78340399892707,503.4009432496073,0.68,-3.5637161704818254,-15.434175941767762,-30.7853587815016,2.4443867531251726,0.5282640253468003,0.5979396513914796,0.5363086551744143,0.3418083887977197,-0.47589643014680405,-0.3567849359991442,1.0002644967652952,-75.54774027761528,-52.63577806950707,-0.056172354250489054,581.0764706312615,1343.257404962527,1637.0544138983164,1154.4505652248956,15.260713194526707,12.132749917392871,15.493109842159091,18.533417112096416,267.8745946037786,272.81358380426616,12.326834803146625,1897.7201086359898,8276.374157943072,2.8545213068253346
1.0,69.0,583.3431517624501,1343.4858914636122,1633.1079117227216,1160.304075192451,15.883981468340929,12.711878454585548,16.12586951100602,19.193115925438413,274.2779830378719,279.38105652749465,12.960549094093059,1874.672881258016,8274.821419880313,2.9156264286368745,31,7366.343733333333,0.42994505874315897,49.41956220957439,510.79678974834883,0.69,8.225015226736673,12.890365506415947,13.236007558557958,6.463231695896866,0.8564953812630449,0.725202534952631,0.8695384581350716,1.0864405700357622,12.635838299957925,12.891484140628165,0.40184389492139694,12.573156855473826,39.360028622106256,0.15508983203523785,580.9753119899183,1342.5175389170959,1635.6827102809616,1155.2348980797483,15.320409559126443,12.19141388680789,15.553715288453242,18.586951280114455,268.32810351977906,273.2797046297137,12.418404715649391,1892.852154790581,8273.63747401339,2.8580275160953312
1.0,70.0,578.7226253017716,1345.8787619781388,1652.2224926765414,1152.6364666984716,14.499443105966987,11.388736268241438,14.72024680808831,17.767650710693527,262.029126497122,266.7416596121183,11.557969397103886,1937.6474898207327,8287.010426905392,2.819040288772614,30,10951.066760613,0.4726163523968244,56.05434331378194,501.334078804884,0.7,-4.620526460678548,2.392870514526521,19.114580953819768,-7.667608493979287,-1.3845383623739416,-1.3231421863441106,-1.405622702917709,-1.4254652147448859,-12.248856540749898,-12.639396915376324,-1.4025796969891733,62.97460856271664,12.189007025079263,-0.09658613986426046,580.5180606568058,1342.7405273775535,1637.7953986360965,1154.6296861637836,15.181981827698806,12.059099668173477,15.413179520506404,18.444756722970677,267.09151992141835,272.0019222366198,12.278087697407965,1899.1496198502577,8274.721060105452,2.8486877638722716
1.0,71.0,583.232949413649,1343.150455320304,1634.3054853447843,1157.4324995486368,15.697704984188764,12.551113970576733,15.936756329125645,19.005751032591967,271.660863799255,276.6995132517878,12.690241382770067,1882.284355453366,8274.799463951613,2.8920952363042316,29,8074.442717053336,0.4515824717957561,50.40673292552817,510.08590856633896,0.71,4.510324111877367,-2.7283066578347643,-17.917007331757077,4.7960328501651475,1.1982618782217767,1.162377702335295,1.2165095210373345,1.2381003218984397,9.631737302133047,9.957853639669452,1.132271985666181,-55.36313436736668,-12.210962953779017,0.07305494753161756,581.332710872896,1343.985039466505,1639.3735041211523,1155.0971498992953,15.249017855737453,12.11554347326786,15.481236401763908,18.534884625888303,268.0857618267825,273.0139091903355,12.291203349915454,1901.1680842165647,8278.561965342311,2.8620465489056146
1.0,72.0,583.383980774139,1343.349728685107,1634.81902192083,1161.6778959428916,15.884203103982212,12.711878454585548,16.126094521809353,19.196107007430818,274.17853422114445,279.2634485690899,12.960047170919584,1874.6729038486353,8273.674297888132,2.9183370687526753,28,7366.343733333333,0.42994505874315897,49.41956220957439,510.79678974834883,0.72,0.15103136049003751,0.19927336480304803,0.5135365760456807,4.24539639425484,0.18649811979344832,0.1607644840088156,0.18933819268370833,0.1903559748388517,2.51767042188942,2.563935317302139,0.26980578814951706,-7.611451604730746,-1.1251660634807195,0.02624183244844369,581.5646115228741,1343.8886546860235,1638.8485012154815,1155.4602612449287,15.302005349574364,12.168430658804109,15.535030811750621,18.58889134900422,268.38645209419127,273.3270387821357,12.338055097447143,1898.926259205793,8278.027061440767,2.862981314387219
1.0,73.0,578.7448794700607,1345.7969923205378,1653.077225972908,1153.3136874727302,14.49956361590434,11.388736268241438,14.720369153202375,17.769169784001406,261.98056945452356,266.68450486180404,11.557711829861836,1937.6475008422437,8286.418198562835,2.820313082565728,27,10951.066760613,0.4726163523968244,56.05434331378194,501.334078804884,0.73,-4.639101304078281,2.4472636354307724,18.2582040520781,-8.36420847016143,-1.3846394880778732,-1.3231421863441106,-1.4057253686069782,-1.4269372234294124,-12.197964766620885,-12.578943707285873,-1.4023353410577482,62.97459699360843,12.743900674702672,-0.09802398618694719,581.1205575145339,1344.1355292001515,1640.92152974274,1155.2051378851575,15.182218004990327,12.05219288857058,15.41341929440642,18.46557877454672,267.4070031756167,272.3120514811604,12.224743543393481,1904.4625795718148,8279.056166638731,2.8561100462753153
1.0,74.0,575.1743941170192,1330.406705220161,1622.2661798074153,1155.7656455706947,15.027736795011304,11.986675919632917,15.256585578691679,18.11058573391668,261.5068847789122,266.3299311776264,12.558031370135538,1862.0997539466061,8233.819175754874,2.764141964022503,26,8069.0352826510725,0.3649273622977106,48.78340399892707,503.4009432496073,0.74,-3.5704853530414766,-15.390287100376781,-30.811046165492826,2.451958097964507,0.5281731791069646,0.5979396513914796,0.5362164254893038,0.34141594991527313,-0.4736846756113664,-0.35457368417763746,1.0003195402737024,-75.5477468956376,-52.599022807960864,-0.056171118543224985,580.5201866106945,1343.0146373898783,1639.7531815241284,1155.4110011706027,15.159391388640662,12.03649090446087,15.39024506460981,18.42358666586294,266.867517131561,271.76338429105056,12.249029961632496,1901.5476942779308,8275.605553358473,2.8473394180843066
1.0,75.0,584.3303561534453,1351.4733488558036,1653.0145911503262,1162.8536082498365,15.594597997706682,12.387690913772316,15.832079185489016,18.96816157515877,274.156718646959,279.182207069212,12.520116613924905,1915.4644755520992,8302.245053055527,2.9308084138821022,25,8602.58208955224,0.46106971523222207,52.60351166911739,508.95825551844223,0.75,9.155962036426104,21.06664363564255,30.748411342910913,7.08796267914181,0.5668612026953781,0.40101499413939834,0.5754936067973375,0.8575758412420917,12.649833868046812,12.852275891585577,-0.03791475621063256,53.36472160549306,68.42587730065316,0.1666664498595991,580.5127862504105,1343.0908584912206,1640.1770600737796,1156.2954569005997,15.190119933927775,12.062736119794566,15.421441557287078,18.454274441728796,267.32013572395516,272.22289395474303,12.296616795952737,1900.758898236953,8275.744157559098,2.8520638401012794
1.0,76.0,583.4184258475364,1343.2369623268175,1636.2625297218049,1162.8369681847335,15.884389754398576,12.711878454585548,16.126284014617845,19.198629058882428,274.09464758697465,279.16431859621304,12.959623112570606,1874.6729093176996,8272.709559814513,2.9206232899030917,24,7366.343733333333,0.42994505874315897,49.41956220957439,510.79678974834883,0.76,-0.9119303059089816,-8.236386528986031,-16.7520614285213,-0.016640065103047164,0.28979175669189416,0.32418754081323264,0.2942048291288284,0.23046748372365755,-0.06207105998436191,-0.01788847299894769,0.43950649864570046,-40.791566234399625,-29.535493241013683,-0.010185123979010502,580.415075208198,1342.3404074026644,1638.9604605427162,1157.205814710043,15.249832897430878,12.121400089209583,15.482063855259772,18.50807131501216,267.7645513928738,272.67825693750785,12.38814358729575,1895.89094591221,8272.905615639913,2.855823132029358
1.0,77.0,583.4333422667044,1343.1893764517472,1636.8873996613086,1163.3387341423982,15.884470570695168,12.711878454585548,16.12636606161946,19.19972094129881,274.05831399852747,279.12145071758584,12.959439393593867,1874.6729134684788,8272.29333761518,2.921613011968762,23,7366.343733333333,0.42994505874315897,49.41956220957439,510.79678974834883,0.77,0.014916419168002903,-0.04758587507035372,0.6248699395036965,0.501765957664702,8.081629659173473e-05,0.0,8.20470016158481e-05,0.0010918824163823615,-0.036333588447178045,-0.04286787862719166,-0.00018371897673929993,4.150779204792343e-06,-0.416222199333788,0.0009897220656704953,580.8902241642488,1342.0563748579425,1637.5834742142804,1158.4000424499397,15.388357748327286,12.253714307843996,15.622698221652064,18.651556712481547,268.9585786759204,273.9057662769799,12.5282434564145,1889.5934907910419,8271.325232468658,2.866313538141022
1.0,78.0,581.1958351303153,1343.8488334943331,1645.3403410344517,1162.2595881909865,15.35500870791148,12.183006599223047,15.588841327828915,18.665395803906545,270.86438453289054,275.76991978161544,12.489937068349805,1897.091135757248,8275.444965995765,2.9171859160379214,22,8643.986015981734,0.43523421977140586,52.26939155739736,506.52718337864513,0.78,-2.237507136389013,0.6594570425859274,8.452941373143176,-1.0791459514116468,-0.5294618627836876,-0.5288718553625014,-0.537524733790546,-0.5343251373922655,-3.193929465636927,-3.351530935970402,-0.4695023252440613,22.41822228876913,3.1516283805849525,-0.004427095930840785,581.4979940237091,1343.3817056116563,1640.1303179013091,1159.2419169193831,15.421110010410644,12.27334737580301,15.655949249147863,18.707428757331936,269.8808026554181,274.83380101645474,12.521366643332314,1893.0926319265127,8275.323589942414,2.8819784700846505
1.0,79.0,584.5361978813385,1350.2707817175472,1654.0117831814534,1158.1678869110985,15.288100687941855,12.125238760435364,15.520914404001884,18.67051308368542,269.3314039557444,274.23377442597376,12.042642970272885,1923.3524849483078,8297.33151152936,2.8916048916679227,21,9819.769385925594,0.5016446974661146,53.89260337150777,508.2914540853993,0.79,3.3403627510231217,6.421948223214031,8.671442147001699,-4.091701279887957,-0.0669080199696257,-0.05776783878768299,-0.0679269238270308,0.005117279778875883,-1.5329805771461338,-1.536145355641679,-0.4472940980769202,26.261349191059935,21.88654553359629,-0.02558102436999876,581.617298635598,1344.0601946370498,1642.2207050471825,1159.0282980912477,15.361521932370739,12.21468340638799,15.595453738447446,18.655168473156635,269.3861447472053,274.31907280630264,12.429576030950297,1897.960592295542,8277.574599107318,2.8795763163877552
1.0,80.0,575.2422551401808,1330.1861692536327,1625.1593458853952,1158.0926812399193,15.028038760436964,11.986675919632917,15.256892142575598,18.115301669865925,261.3440272579133,266.1377491905796,12.557221586978267,1862.099774237837,8231.847974710729,2.7685014975539852,20,8069.0352826510725,0.3649273622977106,48.78340399892707,503.4009432496073,0.8,-9.293942741157707,-20.084612463914482,-28.85243729605827,-0.07520567117921928,-0.260061927504891,-0.13856284080244663,-0.2640222614262857,-0.5552114138194959,-7.98737669783111,-8.096025235394166,0.5145786167053821,-61.252710710470865,-65.48353681863227,-0.12310339411393745,581.2692616194388,1342.4909353645992,1639.5143903680678,1159.5739195453925,15.414381497817734,12.274477371527137,15.649118271896176,18.68993356907388,269.31763482328444,274.2586817641488,12.529501249937734,1890.405820737252,8272.058353887853,2.8745224372658926
1.0,81.0,583.4866759623476,1343.0230104137443,1639.1207027647763,1165.1321784164675,15.88475945106059,12.711878454585548,16.126659341178264,19.20362439565642,273.92852619543834,278.96825506499033,12.958783148050612,1874.6729753604004,8270.81082334259,2.9251513323961564,19,7366.343733333333,0.42994505874315897,49.41956220957439,510.79678974834883,0.81,8.24442082216683,12.83684116011159,13.961356879381128,7.039497176548139,0.8567206906236269,0.725202534952631,0.8697671986026663,1.0883227257904942,12.58449893752504,12.830505874410733,0.4015615610723451,12.573201122563432,38.96284863186156,0.1566498348421712,581.2946342743087,1342.478190873943,1639.995912110067,1160.3438874321757,15.433086944504916,12.29055381992802,15.66810857310144,18.709720905380323,269.5444010629028,274.48555594546906,12.556355426465789,1889.6446827279556,8271.65948982695,2.8778280468750848
1.0,82.0,583.5094599464404,1342.9529089903658,1640.075263461257,1165.8988373499515,15.884882762700206,12.711878454585548,16.126784530660107,19.20529120693605,273.87311793085735,278.90285049889195,12.958501956192864,1874.6729964846331,8270.178766927507,2.9266633091759764,18,7366.343733333333,0.42994505874315897,49.41956220957439,510.79678974834883,0.82,0.02278398409282545,-0.07010142337844627,0.9545606964807121,0.7666589334839955,0.00012331163961576408,0.0,0.00012518948184236933,0.0016668112796303092,-0.05540826458098991,-0.06540456609837975,-0.0002811918577485528,2.1124232716829283e-05,-0.6320564150828432,0.0015119767798199568,581.3071821915389,1342.438508904469,1640.5215362641097,1160.7659815728816,15.433154910376718,12.290553819928018,15.668177573986515,18.710639325330845,269.513859433874,274.44949613844926,12.55620090499312,1889.6446919915554,8271.309936730888,2.878660670917415
1.0,83.0,578.1872366061463,1335.8962531192096,1637.931939456961,1151.005893850831,14.66030209276004,11.654323854577415,14.88355542412187,17.85081412976515,256.78856220057764,261.4483996485822,11.693041604286988,1902.3388718545182,8248.146840064923,2.7424777564939906,17,10552.7299270073,0.47893852399966025,52.801551254432,503.51272519766474,0.83,-5.322223340294158,-7.056655871156181,-2.143324004296119,-14.89294349912052,-1.224580669940167,-1.0575546000081335,-1.2432291065382373,-1.3544770771708983,-17.084555730279703,-17.45445085030974,-1.265460351905876,27.665875369885043,-22.03192686258444,-0.18418555268198578,581.2514179051474,1341.4484349843362,1639.007007612515,1160.5352022106918,15.449228758062285,12.317112578561616,15.684496201078463,18.71880375990722,268.9946587084795,273.92588561712705,12.569733882435633,1886.113829092783,8267.482800881096,2.870877138310241
1.0,84.0,581.5158251700849,1341.7287771676274,1642.0533654078686,1166.1282112854194,15.608767023512852,12.469662031556044,15.846463983261778,18.863859345505357,270.17338993982935,275.12881668823866,12.80278359093256,1881.387669416474,8268.105627712164,2.871668765995284,16,7578.456209150327,0.40748067925624154,49.449162209490325,508.57311834357915,0.84,3.328588563938638,5.832524048417781,4.121425950907678,15.122317434588467,0.948464930752813,0.8153381769786296,0.9629085591399082,1.0130452157402061,13.384827739251705,13.680417039656447,1.109741986645572,-20.95120243804422,19.95878764724148,0.12919100950129359,581.885561010454,1342.5806421790828,1640.9857261725604,1161.5714587821642,15.507331780912441,12.365411189753932,15.743484041535476,18.794131121066087,269.8613092245712,274.8057741681883,12.594209104515336,1888.0426206397692,8270.911446076825,2.8816298185075193
1.0,85.0,580.8940114103161,1339.8863928913352,1642.4900488221358,1154.7564419516673,14.99900423254069,11.94500059330417,15.227415464508315,18.2537837142334,261.4555135360072,266.217647687083,11.903733715392868,1903.132513471531,8262.711050534963,2.7884947566090132,15,9888.501716738198,0.48435669022056677,52.16701488331152,506.38358819503554,0.85,-0.6218137597687701,-1.8423842762922504,0.436683414267236,-11.371769333752127,-0.6097627909721623,-0.524661438251874,-0.6190485187534627,-0.6100756312719575,-8.717876403822174,-8.911169001155656,-0.8990498755396921,21.744844055057,-5.394577177201427,-0.08317400938627095,581.5419265361411,1341.421946582636,1639.9332719397412,1160.7617421523473,15.447772404395844,12.321142157707115,15.683017669437405,18.72269333497355,268.5911887134761,273.50931822997535,12.532570814662133,1886.809424431713,8266.95804582477,2.8673984527802103
1.0,86.0,585.5510188947526,1349.7197710145435,1657.6748624755776,1165.8745533879073,15.5683119184639,12.364951435491284,15.805392810623248,18.99011978498422,273.040969715206,277.9584396260668,12.353297848320754,1910.9996178597544,8292.82162061211,2.9529962395330727,14,9034.824351297406,0.48765988943879,53.02760216861427,509.85232642938337,0.86,4.657007484436463,9.833378123208377,15.184813653441779,11.118111436240042,0.56930768592321,0.419950842187113,0.5779773461149329,0.73633607075082,11.585456179198843,11.740791938983818,0.4495641329278861,7.867104388223424,30.110570077147713,0.16450148292405942,581.7551858408626,1342.0702274514085,1642.0745052151185,1161.0655006726645,15.416164620802373,12.286449455797689,15.650928549037943,18.70184240758373,268.48582092629914,273.3887303329608,12.471938288237146,1890.4420952859182,8268.96925190453,2.8706357477432087
1.0,87.0,584.5406090399531,1350.8536403916817,1661.544915905876,1169.6645509755188,15.595842062128185,12.387690913772316,15.833342195053994,18.983194663096764,273.6690168461609,278.6063096748822,12.517616253663208,1915.4645720486394,8296.56297524512,2.944214232781473,13,8602.58208955224,0.46106971523222207,52.60351166911739,508.95825551844223,0.87,-1.0104098547994909,1.1338693771381259,3.8700534302984124,3.789997587611424,0.027530143664284523,0.022739478281032177,0.02794938443074635,-0.006925121887455532,0.628047130954883,0.6478700488153777,0.16431840534245445,4.464954188885031,3.7413546330099052,-0.008782006751599791,581.8659125181875,1342.8366538454022,1644.5402568395752,1161.6980823559768,15.387301769945676,12.254030701716365,15.621626162381398,18.680189779763523,268.4468912110625,273.3372162286904,12.427755974244082,1894.5212611439342,8271.396215667522,2.8728958698244798
1.0,88.0,585.6794123357936,1356.013526487788,1671.9725462749711,1178.3850987861795,15.800768091772662,12.490298525792026,16.041388925657525,19.246233233027553,280.3061472261547,285.31201016706666,12.824349393196016,1919.9998845145572,8314.902755090501,3.03541592548185,12,7837.6933804388245,0.4261097978979249,52.8563881374372,509.3115813805911,0.88,1.1388032958404892,5.159886096106447,10.42763036909514,8.720547810660719,0.20492602964447748,0.10260761201971036,0.20804673060353096,0.26303856993078867,6.637130379993778,6.705700492184462,0.3067331395328079,4.535312465917741,18.33977984538069,0.09120169270037692,582.3142702387354,1344.0531231447476,1647.2034773636274,1163.3106334154959,15.431877708331793,12.284759894373263,15.666880922164257,18.738273522675627,269.39106748038887,274.29142526723547,12.461197206728702,1896.812136019665,8275.341994576997,2.8847188707688725
1.0,89.0,584.7366209510111,1349.6297781386786,1662.2901274810688,1164.7490357604602,15.289345735518829,12.125238760435364,15.522178411694245,18.683827353738184,268.8582603608049,273.67625275666177,12.040081151382308,1923.352572406333,8291.867075185452,2.904283919814991,11,9819.769385925594,0.5016446974661146,53.89260337150777,508.2914540853993,0.89,-0.9427913847824811,-6.38374834910951,-9.682418793902343,-13.636063025719295,-0.5114223562538331,-0.36505976535666207,-0.5192105139632801,-0.5624058792893685,-11.447886865349801,-11.635757410404892,-0.7842682418137077,3.3526878917757585,-23.03567990504962,-0.131132005666859,582.3343125457027,1343.9890227868607,1648.0313117935887,1163.9687483004323,15.43200221308949,12.284759894373263,15.667007322933495,18.739604949680903,269.343753120895,274.2356731003043,12.460941024839645,1896.8121447654678,8274.795550942606,2.8859867735835794
1.0,90.0,581.0094618488005,1339.577965905846,1647.2191953547654,1158.5247047604769,14.999685470929538,11.94500059330417,15.228107077085829,18.2616730383108,261.19492476491826,265.9103681627761,11.90235079972867,1903.1325629306073,8259.594075529052,2.795568410261084,10,9888.501716738198,0.48435669022056677,52.16701488331152,506.38358819503554,0.9,-3.727159102210635,-10.051812232832617,-15.070932126303433,-6.2243309999832945,-0.2896602645892905,-0.18023816713119345,-0.2940713346084163,-0.4221543154273846,-7.663335595886622,-7.765884593885687,-0.137730351653639,-20.220009475725647,-32.272999656399406,-0.10871550955390674,582.9110332165646,1344.9282024520821,1650.2372967405256,1164.011950652488,15.429166884138748,12.280592361740387,15.664128816384519,18.75424208652539,269.32884287159544,274.212934997524,12.395453946114683,1900.9154236347447,8277.570161024438,2.8886934648542892
1.0,91.0,583.5921366467109,1342.1153266753074,1649.0916474380763,1169.2717255855866,15.699720935509806,12.551113970576733,15.938802980213001,19.03176140933636,270.8110530414593,275.6971269194144,12.685816888634918,1882.2845187705595,8265.009194010596,2.915210281128198,9,8074.442717053336,0.4515824717957561,50.40673292552817,510.08590856633896,0.91,2.5826747979103857,2.5373607694614293,1.8724520833109182,10.747020825109757,0.7000354645802673,0.6061133772725622,0.7106959031271725,0.7700883710255617,9.61612827654102,9.786758756638335,0.7834660889062484,-20.84804416004772,5.415118481543686,0.11964187086711409,582.9215792850009,1344.8374340782382,1651.2343912078559,1164.4259053693997,15.41066303258367,12.264515913339507,15.64534318028799,18.737055787893382,269.01709555619755,273.88582218296636,12.368157320173115,1901.6765779757607,8276.98999809124,2.887699359727493
1.0,92.0,584.6844610131617,1350.4535718317065,1667.4653816834593,1174.3951309567617,15.596700504468236,12.387690913772316,15.834213710120038,18.993313559137157,273.3331284635805,278.2100469571167,12.515881861571874,1915.4646363599243,8292.675376312807,2.953481047081965,8,8602.58208955224,0.46106971523222207,52.60351166911739,508.95825551844223,0.92,1.092324366450839,8.338245156399125,18.373734245383048,5.123405371175068,-0.10302043104156944,-0.16342305680441704,-0.10458927009296382,-0.038447850199204936,2.5220754221212474,2.5129200377022585,-0.16993502706304398,33.18011758936473,27.666182302211382,0.03827076595376688,583.0390793916731,1345.5875003623726,1653.9734030300758,1165.2755347300808,15.381844806760473,12.232097159258185,15.616086098233984,18.715858023113494,268.9630966094699,273.81654182878884,12.323895310711015,1905.7557419632897,8279.239659029769,2.890381133518092
1.0,93.0,581.1057657349563,1339.3162060852355,1651.2612254521603,1161.7472684505983,15.000265926261093,11.94500059330417,15.228696371838673,18.26805409485772,260.97213489324605,265.647893237163,11.901162817858674,1903.1325943345469,8256.953884227185,2.801600884649727,7,9888.501716738198,0.48435669022056677,52.16701488331152,506.38358819503554,0.93,-3.578695278205373,-11.137365746471005,-16.204156231299066,-12.647862506163392,-0.596434578207143,-0.44269032046814516,-0.6055173382813646,-0.7252594642794357,-12.360993570334472,-12.562153719953699,-0.6147190437131993,-12.332042025377405,-35.72149208562223,-0.15188016243223812,583.330932304554,1345.9294956589752,1655.3063316295961,1166.3496721900576,15.41584119011058,12.26116483313086,15.650600193005664,18.757582019622753,269.3814538787367,274.23649118764695,12.344707432068185,1905.8351142112926,8280.120363445996,2.896293446333666
1.0,94.0,581.6791552459954,1339.9890786715596,1654.5200218034427,1170.1701452205364,15.258759086952399,12.143695760730015,15.491125976601419,18.565587577219112,265.73895604665944,270.44552981239013,12.30913335418903,1891.2488298633016,8254.748451758524,2.8833596200492226,6,9010.299160671462,0.45440570165892297,51.88141916638656,507.0913265126612,0.94,0.5733895110390677,0.672872586324047,3.258796351282399,8.422876769938057,0.25849316069130523,0.1986951674258446,0.2624296047627457,0.2975334823613913,4.766821153413389,4.797636575227159,0.40797053633035496,-11.883764471245286,-2.2054324686614564,0.08175873539949574,583.347265312145,1345.7555258093682,1656.5529972691534,1166.7538655835692,15.380840396454534,12.228568206048255,15.615066392339628,18.727754842794127,268.93801048941975,273.76816250006203,12.295342408393832,1906.8212302559755,8278.78464585063,2.8974625317390594
1.0,95.0,586.2456566457424,1353.4846018792791,1676.6235913838705,1178.2685938052227,15.631348228507749,12.38178497491687,15.869389064474873,19.088463186144292,275.2979219616702,280.15399609944114,12.444270814884142,1923.801933059353,8302.648684935552,2.994188120496595,5,8757.580257892396,0.4737541092176234,53.426548538445466,509.6185925112958,0.95,4.56650139974704,13.495523207719543,22.103569580427802,8.098448584686366,0.37258914155535017,0.23808921418685536,0.37826308787345475,0.5228756089251796,9.558965915010788,9.70846628705101,0.13513746069511257,32.553103196051325,47.900233177027985,0.11082850044737258,583.8824298356878,1347.1153467081626,1659.966351525327,1169.1050807689248,15.44407479605124,12.272246644209527,15.679263752336283,18.811222789985216,270.322251331986,275.1617973412979,12.349396118342959,1908.8881722147576,8282.77840929069,2.9180318681278177
1.0,96.0,581.2029086360599,1339.0459406777122,1655.4732719779788,1165.1073314039309,15.000869972781052,11.94500059330417,15.2293096170366,18.27419891487383,260.7398403454433,265.3744418300704,11.89991359839981,1903.1326339923526,8254.22970340015,2.807871115901304,4,9888.501716738198,0.48435669022056677,52.16701488331152,506.38358819503554,0.96,-5.042748009682555,-14.438661201566902,-21.15031940589165,-13.161262401291879,-0.6304782557266968,-0.43678438161269995,-0.6400794474382732,-0.8142642712704635,-14.5580816162269,-14.779554269370749,-0.5443572164843324,-20.66929906700034,-48.418981535402054,-0.1863170045952911,583.4476188098186,1346.0479636744794,1659.7461924755669,1169.0283585705272,15.387330601482955,12.230251559990815,15.621655432977622,18.739630702974175,269.0921383950098,273.9033975616982,12.304057693350865,1908.1014738280173,8278.919217569495,2.903519355764641
1.0,97.0,583.7987065183044,1341.5474698797716,1657.6752067608172,1176.1518481949986,15.70087449105823,12.551113970576733,15.939974102597187,19.04660134586102,270.32313577902386,275.1221902751269,12.683261184306835,1882.2846286784254,8259.426183880743,2.928555335402643,3,8074.442717053336,0.4515824717957561,50.40673292552817,510.08590856633896,0.97,2.595797882244483,2.5015292020593733,2.201934782838407,11.044516791067736,0.7000045182771775,0.6061133772725622,0.7106644855605868,0.7724024309871922,9.583295433580531,9.747748445056516,0.7833475859070251,-20.84800531392716,5.196480480593891,0.12068421950133867,583.3734285576536,1345.1173466232883,1659.359221561061,1169.6770882924752,15.397833844375958,12.246593865671256,15.632318623731939,18.745971371250604,268.7575502882961,273.5549856217227,12.320622186415227,1904.7834794909963,8275.205538433056,2.9019534660267583
1.0,98.0,580.9245216053298,1334.9144291478647,1650.0198733201612,1174.6217833696699,15.51402651335482,12.446764832933708,15.750280724218092,18.755300618947572,264.81195133896745,269.52661430780205,12.624921693567519,1868.7968624854234,8235.197643494002,2.8501546188818256,2,8028.579301505928,0.43471638756621844,48.92062662656932,508.62048815840467,0.98,-2.874184912974556,-6.633040731906931,-7.6553334406560225,-1.5300648253287363,-0.18684797770341,-0.104349137643025,-0.18969337837909528,-0.2913007269134482,-5.511184440056411,-5.595575967324862,-0.05833949073931599,-13.487766193002017,-24.22854038674086,-0.07840071652081715,582.8979394846072,1343.007436889296,1657.16395426558,1169.3007567508243,15.369159686534175,12.242240496385424,15.603207803587997,18.696878109842604,267.2081306995773,271.9764460357963,12.300679416452379,1899.6631772880824,8267.235027273407,2.8834273353667554
1.0,99.0,585.1000056177104,1348.5561414101467,1677.7479406194398,1177.0580314128545,15.291651868620482,12.125238760435364,15.524519663574093,18.707023153899467,267.98235884772254,272.64651821281547,12.035315327187709,1923.3527067904024,8281.900755241677,2.927888682984658,1,9819.769385925594,0.5016446974661146,53.89260337150777,508.2914540853993,0.99,4.175484012380593,13.641712262281999,27.728067299278564,2.436248043184605,-0.22237464473433732,-0.32152607249834375,-0.2257610606439986,-0.04827746504810548,3.1704075087550905,3.119903905013416,-0.5896063663798099,54.55584430497902,46.703111747674484,0.07773406410283235,582.9342779512772,1342.9000732164427,1658.7097355794172,1170.5316563160636,15.36939029984434,12.242240496385426,15.603441928775982,18.699197689858735,267.1205405482691,271.87347258141165,12.300202834032918,1899.6631907264896,8266.23839527903,2.885787811683722
1.0,100.0,583.9363623994656,1341.154838352873,1663.706466329737,1180.9913467931688,15.701682045284832,12.551113970576733,15.940793954603889,19.05583860403431,269.9808636954728,274.7192942207377,12.681436282503395,1882.2847142428093,8255.570270620774,2.9378909754375853,0,8074.442717053336,0.4515824717957561,50.40673292552817,510.08590856633896,1.0,-1.1636432182448289,-7.401303057273708,-14.041474289702819,3.9333153803142977,0.4100301766643497,0.42587521014136875,0.4162742910297954,0.3488154501348433,1.9985048477502687,2.0727760079222435,0.6461209553156859,-41.06799254759312,-26.330484620903007,0.010002292452927275,583.2269680063437,1343.0577604611458,1660.358462676914,1172.778320519333,15.43958995727987,12.302851834112682,15.674710616527786,18.778614246431083,267.99913444132454,272.7543651872078,12.37811138231039,1897.57840585771,8265.836014788201,2.900020068201372
2.0,1.0,554.2246218715516,1305.5165680075747,1612.6250194020097,1091.4245243493667,10.722028262571529,8.252463738494235,10.885307880783278,13.360383032229919,202.0913314607554,205.62978839516205,8.10613263690578,1979.860252947152,8159.39044483754,2.1610389847634783,74,22049.179195028115,0.6089894299492676,66.65791238754873,472.8456810357112,0.013333333333333334,,,,,,,,,,,,,,,554.2246218715516,1305.5165680075747,1612.6250194020097,1091.4245243493667,10.722028262571529,8.252463738494235,10.885307880783278,13.360383032229919,202.0913314607554,205.62978839516205,8.10613263690578,1979.860252947152,8159.39044483754,2.1610389847634783
2.0,2.0,576.7113969672228,1357.4041982136848,1679.0324151105276,1146.2101604752934,13.337438692685518,10.241802933118468,13.540546896127431,16.57343610470683,252.59394274480297,257.02985152190394,10.414995182727328,2014.6262498089702,8329.159868967165,2.7504789221966766,73,15369.019405987458,0.538697061281545,65.68052577803142,492.09784332495616,0.02666666666666667,22.48677509567119,51.88763020611009,66.40739570851792,54.78563612592666,2.6154104301139895,1.9893391946242325,2.6552390153441525,3.21305307247691,50.50261128404756,51.400063126741884,2.3088625458215475,34.76599686181817,169.7694241296249,0.5894399374331982,565.4680094193872,1331.4603831106297,1645.8287172562686,1118.8173424123302,12.029733477628524,9.247133335806351,12.212927388455356,14.966909568468374,227.34263710277918,231.329819958533,9.260563909816554,1997.2432513780611,8244.275156902353,2.4557589534800774
2.0,3.0,551.3428319747128,1306.1247224459664,1623.0742481400348,1096.0921693303121,10.593108836855217,8.058353744771853,10.754425215081437,13.269637306754808,204.9479862858534,208.4472635382652,8.116955099699943,1996.071704579266,8160.169786641628,2.2299405882141174,72,22737.187466928717,0.5876404840989992,70.07150925464647,468.0194282035065,0.04,-25.36856499250996,-51.279475767718395,-55.95816697049281,-50.11799114498126,-2.7443298558303013,-2.1834491883466143,-2.7861216810459943,-3.3037987979520214,-47.64595645894957,-48.582587983638746,-2.2980400830273844,-18.554545229704217,-168.9900823255366,-0.5205383339825591,560.759616937829,1323.0151628890753,1638.243894217524,1111.242284718324,11.550858597370755,8.850873472128185,11.726759997330715,14.401152147897186,219.87775349713726,223.70230115177705,8.879360973111018,1996.8527357784626,8216.24003348211,2.3804861650580906
2.0,4.0,564.146341612853,1325.87259881263,1635.291078371665,1111.9798616628207,11.789322122689686,9.096726736876793,11.968854946893082,14.639919445854394,220.47173484127586,224.37585337583332,9.013922502379216,1986.3143286036916,8225.97322028566,2.3595703646510815,71,19215.088337568544,0.5866004560654441,64.9632457088018,482.13553970266446,0.05333333333333334,12.803509638140213,19.747876366663604,12.216830231630183,15.88769233250855,1.1962132858344692,1.0383729921049394,1.214429731811645,1.3702821390995865,15.523748555422458,15.928589837568126,0.8969674026792731,-9.757375975574405,65.80343364403143,0.12962977643696405,561.606298106585,1323.729521869964,1637.5056902560593,1111.426678954448,11.610474478700487,8.912336788315336,11.787283734721306,14.460843972386488,220.0262488331719,223.87068920779112,8.913001355428067,1994.21813398477,8218.673330182999,2.3752572149563385
2.0,5.0,565.2905703202762,1335.7135101576566,1657.4753996553736,1118.9761739356939,11.62728446841618,8.845028741186034,11.804349714128103,14.574245749881285,224.44559258866806,228.31593686033122,8.816879512349459,2022.9706858719733,8258.947429890948,2.4405979644535516,70,19844.887717560494,0.5942712847749094,68.88515152680887,480.105703744433,0.06666666666666667,1.1442287074231672,9.840911345026598,22.18432128370864,6.996312272873183,-0.16203765427350625,-0.25169799569075835,-0.16450523276497897,-0.06567369597310879,3.973857747392202,3.9400834844979045,-0.19704299002975745,36.65635726828168,32.974209605288706,0.0810275998024701,562.3431525493232,1326.1263195275026,1641.499632135922,1112.9365779506975,11.613836476643627,8.898875178889478,11.790696930602667,14.483524327885448,220.91011758427112,224.75973873829918,8.893776986812345,1999.9686443622109,8226.728150124589,2.388325364855781
2.0,6.0,570.4371500580589,1331.6291367443475,1632.259130456679,1121.6835119568852,12.940357668509685,10.107427313692327,13.13741895280171,15.966111740707543,236.7295268352005,241.01037165574243,9.946867724937501,1960.7478100653225,8245.102397456665,2.519181243874008,69,15583.146176089342,0.5528142415570266,59.89203482295143,491.61245932263927,0.08,5.1465797377827585,-4.084373413309095,-25.21626919869459,2.70733802119139,1.3130732000935055,1.2623985725062923,1.3330692386736072,1.3918659908262576,12.283934246532425,12.694434795411212,1.1299882125880423,-62.22287580665079,-13.845032434282984,0.07858327942045662,563.6921521341125,1327.04345573031,1639.9595485227148,1114.394400285062,11.834923341954635,9.100300534689952,12.015150600969173,14.730622230022462,223.54668579275938,227.46817755787302,9.069292109833205,1993.4318386460627,8229.790524679935,2.4101346780254858
2.0,7.0,562.4494975064525,1329.9618128027826,1650.7670678117993,1112.2637692939222,11.354304069268498,8.636949716820295,11.527212253064466,14.24420388277632,219.3288918529141,223.10964778088643,8.568081400540201,2022.988654835996,8240.387858016322,2.381431702326553,68,20737.26155821918,0.6046098359715891,69.45571147034703,477.4295682346503,0.09333333333333334,-7.987652551606402,-1.6673239415649732,18.507937355120248,-9.419742662963017,-1.586053599241188,-1.4704775968720316,-1.610206699737244,-1.7219078579312228,-17.40063498228639,-17.900723874856,-1.3787863243973,62.24084477067345,-4.714539440343287,-0.13774954154745522,563.5146300444468,1327.4603638835204,1641.503479849727,1114.090024429185,11.766263445856618,9.034107560708572,11.945445122697071,14.661133894701587,222.9441438013529,226.84553044687496,8.997690579934204,1997.6542409589103,8231.304429442276,2.406034252925638
2.0,8.0,552.2591858829092,1301.0729890308821,1607.5341350037722,1082.2229728005423,10.39645464549017,7.994802786251242,10.554776289837736,12.979326391508241,195.8648921596594,199.30683912850327,7.711035126165673,1987.0231261092895,8146.819687649035,2.0809576872077162,67,23381.797376617153,0.6372409499824675,67.03469628035651,470.7362244978499,0.10666666666666667,-10.19031162354338,-28.888823771900434,-43.232932808027044,-30.040796493379958,-0.9578494237783275,-0.6421469305690533,-0.9724359632267294,-1.264877491268079,-23.463999693254692,-23.802808652383163,-0.857046274374528,-35.96552872670645,-93.56817036728717,-0.30047401511883676,562.1076995242546,1324.1619420269406,1637.2573117439827,1110.1066429756045,11.59503734581081,8.904194463901407,11.771611518589655,14.450907956802418,219.5592373461412,223.4031940320785,8.836858648213138,1996.3253516027075,8220.74383671812,2.365399682210898
2.0,9.0,564.7994017993209,1327.9761410567742,1638.0980187141067,1119.7295126878596,12.159953844758347,9.379103089662342,12.345130806861263,15.091191959752114,228.82711912675825,232.8565143218446,9.437950198573214,1980.0733722715263,8232.752662675368,2.461334542407854,66,17368.37880764214,0.5397089401420515,63.672437245048386,483.7348136049269,0.12,12.54021591641174,26.90315202589204,30.563883710334494,37.50653988731733,1.7634991992681766,1.3843003034111003,1.7903545170235269,2.111865568243873,32.96222696709884,33.54967519334133,1.7269150724075404,-6.949753837763183,85.93297502633322,0.38037685520013786,562.4067775548176,1324.5857419191443,1637.350723629552,1111.1758507214106,11.65780584569387,8.956962088985954,11.835335883953167,14.522050623796828,220.589001988432,224.4535629531636,8.903646598253147,1994.5195761214652,8222.07815071337,2.3760591111216707
2.0,10.0,562.639611144301,1329.5071304136798,1648.4533782660205,1114.9424763284396,11.5454439172975,8.816362925811863,11.72126286020051,14.434279262782587,221.49405028539476,225.33503115817368,8.811231834214777,2013.5120200572383,8239.09179230439,2.3959706371822227,65,19802.095678452704,0.5802870247327298,68.17508004627476,478.571168515245,0.13333333333333333,-2.159790655019833,1.530989356905593,10.355359551913807,-4.787036359419972,-0.6145099274608459,-0.5627401638504796,-0.623867946660754,-0.6569126969695276,-7.333068841363485,-7.521483163670922,-0.6267183643584371,33.438647785711964,6.339129629022864,-0.0653639052256314,562.4300609137659,1325.0778807685979,1638.4609890931988,1111.5525132821135,11.646569652854234,8.942902172668544,11.823928581577901,14.513273487695404,220.67950681812826,224.54170977366462,8.894405121849308,1996.4188205150426,8223.779514872473,2.378050263727726
2.0,11.0,560.1078570199709,1315.2121622623251,1619.8490291803148,1107.3544381056236,11.712619196792685,9.073913308242302,11.890983956134706,14.505904875497533,218.1610391201681,222.02289501327496,9.064755113212495,1963.8666176762983,8189.881222287678,2.3328651498786197,64,18711.247024047294,0.5553081884874249,63.183289676997546,480.275759501678,0.14666666666666667,-2.5317541243301775,-14.294968151354624,-28.604349085705735,-7.588038222816067,0.16717527949518463,0.2575503824304395,0.1697210959341966,0.07162561271494639,-3.333011165226651,-3.312136144898716,0.25352327899771865,-49.64540238093991,-49.21057001671306,-0.06310548730360299,563.0183844286078,1326.0474401940728,1639.1833900710292,1113.1455046577394,11.74562874627635,9.025047129643351,11.924496189113045,14.627825672022166,222.28647758406956,226.18102043547592,8.99026736947998,1994.8194569879572,8226.828592617485,2.39523288023924
2.0,12.0,564.5176307523352,1332.3965931982787,1651.543645068055,1113.4921933146359,11.482248668455062,8.74351861354898,11.6571052471625,14.402745848723265,221.06028010905052,224.88281770868238,8.623864512329446,2020.5007240540401,8248.550316171224,2.3995738164110034,63,20403.91056627429,0.6118604311676853,68.856883714265,479.60734949029035,0.16,4.409773732364329,17.184430935953515,31.694615887740156,6.137755209012312,-0.23037052833762317,-0.3303946946933216,-0.23387870897220608,-0.10315902677426791,2.8992409888824113,2.8599226954074197,-0.44089060088304954,56.63410637774177,58.66909388354634,0.06670866653238372,561.7990078071191,1323.5466796925325,1636.434513066782,1109.8737079416737,11.560109743853303,8.875218697686403,11.736152024216551,14.410756646423811,219.1331113204943,222.96631705415376,8.811154302440192,1995.4069044124644,8218.76763733789,2.3601423696606725
2.0,13.0,562.1351855874472,1311.9332725300644,1602.4557484493027,1118.434758081778,12.721758739379155,10.020048942332263,12.915491105968686,15.50558164097799,228.86270393502477,233.0440787875414,10.295944749862235,1903.8563809313805,8179.966148425759,2.402906060209891,62,14157.612942438327,0.4473544463914848,55.263151348579086,487.6335653074536,0.17333333333333334,-2.382445164888054,-20.463320668214237,-49.08789661875221,4.94256476714213,1.2395100709240925,1.2765303287832825,1.2583858588061858,1.1028357922547247,7.802423825974245,8.161261078859013,1.6720802375327892,-116.64434312265962,-68.58416774546549,0.0033322437988876352,562.8782431683925,1324.127534700942,1634.372663097709,1112.10796681682,11.772974734105699,9.071388217442443,11.952258613305276,14.634351079846127,221.5245830854114,225.42599857908135,9.029053267456423,1986.1853720476756,8220.747273516306,2.37743891686025
2.0,14.0,560.2071427263683,1321.9030983855753,1637.4784298954933,1101.6718193077159,11.016896282450931,8.418452521259224,11.184666276599929,13.793716654829835,210.2317771617976,213.89554415964687,8.213499656133896,2013.3073086317731,8215.19016660593,2.2566731838228695,61,21743.03446223761,0.6274378987468958,68.32879226709748,476.2457380144574,0.18666666666666668,-1.928042861078893,9.969825855510862,35.02268144619052,-16.76293877406215,-1.7048624569282236,-1.6015964210730385,-1.730824829368757,-1.7118649861481554,-18.630926773227173,-19.14853462789452,-2.0824450937283387,109.45092770039264,35.22401818017079,-0.14623287638702154,562.4843232797441,1323.7305846582365,1634.591398250092,1111.0771625813097,11.69573215008182,9.003560795880688,11.87383974627596,14.54973080074367,220.5005873174636,224.3779676574627,8.94901098283189,1988.8846700504837,8219.668968148331,2.3671491987774287
2.0,15.0,554.3941626313609,1310.084610764419,1623.6707921140003,1091.6663130665888,10.480276109355819,7.983482415041347,10.639874222696264,13.151732948004454,201.76015041922594,205.24225165640854,7.812682029609612,2005.2099478667303,8175.7561008677385,2.1706470598338843,60,22905.586282492954,0.6238180865641861,68.73158678245365,471.1330968359911,0.2,-5.812980095007333,-11.818487621156237,-13.807637781492986,-10.005506241127023,-0.5366201730951126,-0.4349701062178779,-0.5447920539036648,-0.6419837068253802,-8.471626742571658,-8.653292503238333,-0.400817626524284,-8.097360765042822,-39.43406573819084,-0.08602612398898524,561.3946825108526,1321.167694718913,1631.2109374959543,1108.346176494399,11.581031314175785,8.917406163266218,11.757392197132777,14.40747952055599,218.23204310051938,222.07059913707047,8.848591234557905,1987.1085962499594,8211.34983524601,2.3401541083154624
2.0,16.0,564.8131223059397,1327.9243596231856,1638.5862330192972,1120.1005934038708,12.160021667352654,9.379103089662342,12.345199662286959,15.091998717028677,228.80259020679213,232.8276881162511,9.437817262680499,1980.072625937061,8232.405958001205,2.461967825089451,59,17368.37880764214,0.5397089401420515,63.672437245048386,483.7348136049269,0.21333333333333335,10.418959674578787,17.839748858766598,14.915440905296919,28.43428033728196,1.679745557996835,1.3956206746209956,1.7053254395906947,1.9402657690242222,27.042439787566195,27.585436459842555,1.6251352330708864,-25.13732192966927,56.64985713346687,0.2913207652555667,560.8322797356407,1320.7972170067967,1631.8436477522162,1108.1878846390978,11.502997714060083,8.84457374086322,11.6781702680813,14.320068218188103,217.43934943767854,221.2523307831213,8.797686188332204,1989.0410778371333,8210.080191300465,2.3344327664370064
2.0,17.0,551.3523872320127,1306.0913886147653,1623.3898793120306,1096.3332444310574,10.59315336611948,8.058353744771853,10.754470422456325,13.270139094048654,204.93349453444188,208.43029825560816,8.116877134356244,1996.071286137627,8159.943272243354,2.230307924299978,58,22737.187466928717,0.5876404840989992,70.07150925464647,468.0194282035065,0.22666666666666666,-13.460735073927026,-21.832971008420373,-15.196353707266553,-23.767348972813352,-1.566868301233173,-1.3207493448904888,-1.5907292398306332,-1.821859622980023,-23.869095672350255,-24.39738986064293,-1.3209401283242546,15.998660200566064,-72.46268575785143,-0.23165990078947285,559.7225687081966,1318.4101745879948,1629.1059289022394,1106.5948321528113,11.426882643745179,8.786714143658376,11.600896085020487,14.222661739315333,215.99980970583132,219.7843958305935,8.752565761713807,1986.3493409672963,8202.035732723169,2.319320388634349
2.0,18.0,578.9723217963922,1348.6686748179036,1651.9477705645888,1146.780039932655,14.340309425235818,11.240597664656748,14.558689771813015,17.602822727514685,260.2003569694079,264.9214842748692,11.339755726718272,1951.576816282996,8298.204007700439,2.790033100948844,57,11871.5272048917,0.49602666666797063,57.72286129185592,500.3810032306233,0.24,27.61993456437949,42.57728620313833,28.557891252558193,50.446795501597535,3.747156059116337,3.182243919884895,3.804219349356689,4.332683633466031,55.266862434966015,56.49118601926105,3.2228785923620276,-44.49446985463101,138.2607354570846,0.559725176648866,562.3938822995449,1323.1697431666971,1633.547292458321,1113.0505388660226,11.821268121719745,9.111293631498926,12.001287433218016,14.68501137291598,222.4333561868062,226.34586034523008,9.115437821769069,1982.8047099846674,8217.174164728309,2.3902279300084617
2.0,19.0,560.4271709553786,1320.7241008523288,1632.6744230485476,1104.748097357062,11.329184944246483,8.702411343476125,11.501710603295924,14.123814189619711,214.37916924137505,218.14349203922163,8.577865810030467,1997.8529505202935,8210.827646558924,2.2949516138746784,56,20422.90649288533,0.5971777823914128,66.38296039010667,477.965320869913,0.25333333333333335,-18.545150841013538,-27.94457396557482,-19.273347516041213,-42.03194257559289,-3.0111244809893343,-2.538186321180623,-3.05697916851709,-3.4790085378949733,-45.82118772803284,-46.77799223564759,-2.761889916687805,46.276134237297356,-87.37636114151428,-0.49508148707416577,561.9566592151507,1322.4445391462525,1633.004932891765,1111.5523973329427,11.738191231668559,9.043624456880305,11.916945412861482,14.58827359590274,220.98856119826786,224.87455811696776,9.029429382914794,1984.582667809544,8214.981663116665,2.373589637155144
2.0,20.0,564.8840973478644,1327.150221259016,1636.8369526279166,1115.5858568553344,11.929173245879392,9.194069194505007,12.110835782618674,14.82743844046989,224.1346996061841,228.08614270034946,9.143411835207326,1983.0207712102654,8230.21681867575,2.4055334844714737,55,18262.97610676616,0.5661132536412072,64.12498371342961,483.3543320621905,0.26666666666666666,4.456926392485798,6.426120406687232,4.162529579368993,10.837759498272362,0.5999883016329086,0.49165785102888115,0.6091251793227492,0.7036242508501793,9.755530364809061,9.942650661127828,0.5655460251768591,-14.832179310028096,19.389172116825648,0.11058187059679536,562.181107835507,1322.2088482307863,1631.8432903279547,1111.6167353856322,11.776564164526746,9.08139508374962,11.955902705103298,14.62758951367147,221.25262613034678,225.14966927118536,9.062647383014049,1981.5335429248466,8214.0941657538,2.3745459218840694
2.0,21.0,568.9909273867095,1330.9036087374336,1635.2740717911838,1123.670895316252,12.791235278988621,9.961196775927606,12.98602566394784,15.788874915550213,235.3321364732568,239.54760500805648,9.942664532671353,1962.6967169921043,8240.693782766362,2.5200955717436444,54,16108.308724258737,0.5456554041574585,61.27119524943608,489.27505007369064,0.28,4.1068300388450325,3.753387478417608,-1.562880836732802,8.08503846091753,0.862062033109229,0.7671275814225993,0.8751898813291668,0.9614364750803226,11.197436867072696,11.461462307707023,0.799252697464027,-20.32405421816111,10.476964090612455,0.11456208727217065,563.0694148721808,1323.777992878297,1633.3857945890416,1113.248381106695,11.884425772746342,9.17012343051815,12.065406875884612,14.755886517676737,222.96973586565568,226.9021402706635,9.150438324959936,1981.416552856427,8219.175421801669,2.3932689640705718
2.0,22.0,554.1038051499708,1304.026459088001,1609.092710497259,1095.3953103121783,10.988007306010696,8.498623789995833,11.15533736650832,13.62720771041108,205.31807214274056,208.93255482504227,8.456702010543335,1965.149050397549,8154.2527919492995,2.1885353686059914,53,20689.834050052872,0.570234829208403,64.87081847259769,474.1454028157906,0.29333333333333333,-14.887122236738719,-26.877149649432567,-26.181361293924738,-28.27558500407372,-1.8032279729779255,-1.4625729859317733,-1.8306882974395204,-2.1616672051391337,-30.01406433051625,-30.615050183014205,-1.485962522128018,2.452333405444733,-86.44099081706281,-0.331560203137653,562.0280323119443,1320.9409794672692,1629.140701131962,1111.4386928064491,11.835001636501904,9.145633948162835,12.015230087819194,14.678332703845518,221.39551506902467,225.3071139822995,9.133722074781323,1975.8813854907778,8209.745669379477,2.3721651192900706
2.0,23.0,561.0922898060718,1318.8695773744873,1627.873461376502,1103.7167850547833,11.371513703036456,8.767486112926505,11.544683962473561,14.15193128929965,213.16672522402197,216.92577230048698,8.589448735015292,1986.7127656532316,8203.661152586421,2.277385889995527,52,20262.64670697196,0.6029259478402592,65.35934591734964,479.34572946003425,0.30666666666666664,6.988484656101036,14.843118286486288,18.780750879242987,8.321474742605005,0.3835063970257604,0.2688623229306728,0.38934659596524135,0.5247235788885707,7.848653081281412,7.993217475444709,0.13274672447195712,21.56371525568261,49.408360637121405,0.08885052138953542,561.9237427338069,1321.6346099517116,1631.6824724246821,1109.9668955037498,11.699977132867634,9.02037766522226,11.87814937346968,14.542967668677687,219.8259171979244,223.6952833335941,8.96307247329663,1984.1670239629632,8212.115169795541,2.3596131022686344
2.0,24.0,570.8124685737861,1327.7966149739837,1620.8386877334772,1124.1433125394822,13.391012450730358,10.563445478277748,13.594936498203408,16.393737430405427,239.95366809269038,244.3736811778471,10.449440706920566,1931.1108088429883,8233.787466304137,2.5215233953807505,51,13641.480483505415,0.5134973422457106,55.85899677707297,494.9520606210708,0.32,9.720178767714287,8.927037599496316,-7.0347736430248915,20.42652748469891,2.019498747693902,1.7959593653512425,2.0502525357298467,2.2418061411057764,26.786942868668405,27.447908877360106,1.8599919719052735,-55.60195681024334,30.126313717715675,0.24413750538522372,562.9842753185487,1322.2239616105524,1630.0184982084802,1112.2140448269263,11.937388749695577,9.234876960924112,12.11917639563003,14.802969746235245,222.79810629101365,226.7430970354141,9.186666578375297,1975.9473739840846,8213.974899765362,2.3860981234244223
2.0,25.0,569.7638705429608,1330.3787269461184,1631.8569896596332,1124.7567356627098,12.8755078621107,10.052886844264577,13.071581585899189,15.854749773092454,234.93987496019108,239.1755354064289,10.051588475099209,1950.7904403224225,8238.917197257893,2.5038256477774503,50,15499.054743898247,0.5310418254482291,59.87354365768775,490.79478870854473,0.3333333333333333,-1.0485980308252465,2.582111972134726,11.018301926156028,0.6134231232276761,-0.5155045886196579,-0.5105586340131705,-0.5233549123042192,-0.5389876573129726,-5.013793132499302,-5.198145771418183,-0.3978522318213571,19.679631479434192,5.129730953756734,-0.01769774760330023,564.5212461097087,1324.2533732287225,1630.8371179630437,1115.5230870865385,12.176911924971066,9.441817403846434,12.36234713195032,15.073271428744041,226.1160787451102,230.13642541041614,9.410557222924258,1970.5054232296538,8220.29100940438,2.419415982218779
2.0,26.0,554.251657688085,1305.4183880362625,1613.5927039116477,1092.158519836148,10.72216062463551,8.252463738494235,10.885442258513208,13.361800835660093,202.05023234383978,205.58122648904168,8.105929301840169,1979.8596286743564,8158.729259444778,2.162175067468437,49,22049.179195028115,0.6089894299492676,66.65791238754873,472.8456810357112,0.3466666666666667,-15.512212854875884,-24.960338909855864,-18.26428574798547,-32.598215826561955,-2.15334723747519,-1.8004231057703421,-2.1861393273859804,-2.4929489374323612,-32.889642616351296,-33.594308917387224,-1.94565917325904,29.069188351933917,-80.18793781311524,-0.3416505803090133,563.4650996479231,1322.00277607003,1628.3377650522787,1112.7288797297663,12.033125820699352,9.329153468729624,12.216371391572945,14.900251640607184,223.44084295881493,227.41177924769516,9.277368426840223,1970.4841235033837,8212.923339548735,2.3894367064566775
2.0,27.0,561.8111402992421,1321.8883494212523,1634.6138128655316,1106.2960562105322,11.373645244962681,8.733619400341043,11.546847964429118,14.192224142448019,214.97519692048746,218.7340233186967,8.570210480119899,1995.3854209668198,8212.699250138334,2.3133945298406244,48,20657.11138196137,0.6134321175818817,66.74186605208739,478.9272004628606,0.36,7.5594826111571365,16.4699613849898,21.021108953883868,14.137536374384354,0.6514846203271709,0.4811556618468078,0.6614057059159091,0.8304233067879263,12.924964576647682,13.152796829655017,0.46428117827973026,15.525792292463393,53.9699906935557,0.15121946237218742,564.5109749546461,1323.5824721506788,1629.4601584076286,1113.7251609077136,12.111175008583672,9.396680034286543,12.295609145770225,14.992460145447122,224.44501319741954,228.44215175400404,9.322701761416587,1970.4155369863026,8218.198937338235,2.3977453670107423
2.0,28.0,565.5546981063748,1329.2715954941573,1641.7761515741288,1119.8113500353872,12.15218302567115,9.372551024984844,12.337241650427561,15.097635010088213,228.25926973988808,232.27117147199476,9.371889286096001,1986.247958417499,8235.975997839612,2.461328980730562,47,17961.73865527973,0.562289016530389,64.67563407286693,483.73676087923945,0.37333333333333335,3.7435578071326745,7.383246072904967,7.16233870859719,13.515293824855007,0.7785377807084686,0.638931624643801,0.7903936859984437,0.9054108676401942,13.28407281940062,13.537148153298062,0.8016788059761026,-9.137462549320844,23.27674770127851,0.14793445088993762,563.1692125856443,1321.6427642183041,1628.4429965085828,1111.028291917987,11.892362368627204,9.209875370319352,12.07346433363168,14.741941373704474,221.25090447446755,225.1771204737166,9.125915117354362,1973.882651199753,8211.97613635215,2.364874954988914
2.0,29.0,570.4714861526152,1331.5021054225583,1633.5190092268829,1122.6697901110692,12.940550642375618,10.107427313692327,13.137614865355955,15.968240027990277,236.66394601878383,240.93309679936303,9.946503949361325,1960.7478189797928,8244.212234016632,2.52087455909014,46,15583.146176089342,0.5528142415570266,59.89203482295143,491.61245932263927,0.38666666666666666,4.916788046240413,2.230509928401034,-8.257142347245917,2.858440075681983,0.788367616704468,0.7348762887074827,0.8003732149283938,0.8706050179020632,8.40467627889575,8.661925327368266,0.574614663265324,-25.50013943770614,8.236236177019236,0.059545578359577966,564.173644105368,1322.720564675327,1628.5274551264163,1112.8204611933877,12.053498938440118,9.350376967340972,12.237054759837685,14.926383957541532,223.4793821522084,227.45608094973073,9.262778931287448,1970.1721380457027,8215.314595097921,2.3874672495104603
2.0,30.0,561.4532255690094,1324.9601768444718,1643.1219098656932,1109.2394622356655,11.304772066057524,8.635685639474032,11.476925955388351,14.144634826664417,216.1048606701634,219.84906079619398,8.542992913518315,2010.338436395985,8223.51042314889,2.3364106276026546,45,20833.1806788158,0.6055026534659843,68.37613303912833,477.4019941128892,0.4,-9.018260583605752,-6.541928578086527,9.602900638810297,-13.430327875403691,-1.6357785763180939,-1.4717416742182952,-1.6606889099676039,-1.8236052013258597,-20.559085348620442,-21.084036003169047,-1.4035110358430103,49.59061741619212,-20.701810867742097,-0.1844639314874854,563.8305569274825,1322.5015602338726,1629.155950850194,1112.1858217314207,11.991058820457932,9.294538611837876,12.173663777114651,14.858103596160984,222.67639825860633,226.6323727593152,9.202737039118546,1972.9039045642749,8214.643955545234,2.3805549638235783
2.0,31.0,575.5483380653766,1342.1360125189603,1644.661656407996,1139.448889324347,13.863013130406333,10.857789588704458,14.074125005488662,17.018615945235254,252.1389672932759,256.71318237768315,10.92305311273081,1951.6119114775192,8279.57585808147,2.687666657016225,44,12692.819726835325,0.4968239321469817,57.686764192973435,497.4102968693145,0.41333333333333333,14.095112496367165,17.175835674488553,1.539746542302737,30.209427088681423,2.5582410643488096,2.2221039492304264,2.5971990501003113,2.8739811185708373,36.03410662311251,36.86412158148917,2.3800601992124957,-58.72652491846566,56.06543493258141,0.3512560294135705,564.4862979953493,1323.6248006120254,1630.0947093118752,1113.7636211322301,12.098236605599704,9.38419789311556,12.282473711268732,14.98107769912949,224.35708134060823,228.34893049627786,9.300775897124492,1971.7954240128165,8218.532163076747,2.3973120723508363
2.0,32.0,569.1813711023734,1332.2771569603292,1640.0965912705753,1123.478615024121,12.710590723884756,9.886023484819964,12.904153019172345,15.720462014130298,234.2505414087302,238.4310188983696,9.803162768658593,1973.3745023693632,8244.469094127175,2.512524466833027,43,16678.75265709491,0.5630396476809756,62.299571346351954,488.6611592036832,0.4266666666666667,-6.366966963003165,-9.858855558631149,-4.565065137420561,-15.970274300226038,-1.152422406521577,-0.9717661038844945,-1.1699719863163178,-1.298153931104956,-17.88842588454571,-18.282163479313567,-1.1198903440722177,21.762590891843956,-35.106763954296184,-0.1751421901831982,565.9940545905895,1326.449870399258,1633.1950973892067,1116.5719516034246,12.270494947387109,9.522937862597974,12.457355276535136,15.190403129501409,227.2503282672072,231.2987769036106,9.435421972936018,1972.6179692099981,8227.553793294534,2.42971098217354
2.0,33.0,564.6272629615404,1329.1139076245852,1645.5235463257557,1112.1565274874051,11.613500310608366,8.903062627195428,11.790355645287681,14.513769398959166,220.35357721446925,224.1998975501553,8.71343061521571,2008.3538519195665,8237.508108745924,2.3743635701954466,42,19957.581636942294,0.6104163056696842,66.86255032337729,481.12097652857517,0.44,-4.554108140833023,-3.1632493357440126,5.426955055180315,-11.322087536715799,-1.0970904132763906,-0.9829608576245352,-1.1137973738846636,-1.2066926151711321,-13.896964194260931,-14.231121348214288,-1.089732153442883,34.979349550203324,-6.960985381250794,-0.13816089663758024,566.3475519061365,1327.4743034242679,1634.9601058841322,1117.4159258466866,12.2946936081443,9.536495514024868,12.481922444816549,15.22658694046736,227.96901346625197,232.02618942857742,9.44782016095606,1974.7820778366313,8230.938488910486,2.4394087501935315
2.0,34.0,563.5980929589549,1324.1824860456727,1634.9500284769645,1113.2509245809824,11.88649254055436,9.180032670409707,12.067505117314072,14.760772330843517,222.3888768706768,226.30921525571043,9.108471321098918,1983.5278853907582,8220.156979463562,2.386523596489233,41,18765.901328517994,0.5751839499369477,64.54788684709663,482.1223965230683,0.4533333333333333,-1.029170002585488,-4.931421578912477,-10.573517848791198,1.0943970935772995,0.27299222994599504,0.27697004321427876,0.27714947202639095,0.24700293188435118,2.035299656207542,2.109317705555128,0.3950407058832077,-24.825966528808294,-17.351129282362308,0.01216002629378643,565.6261143446533,1327.1128905314367,1636.3712399584808,1116.3266870508369,12.1442416171267,9.398154233238062,12.329179306727614,15.06329043051117,226.21253434405057,230.21974283636374,9.313723222373895,1980.023785491408,8229.575440226427,2.42590877030438
2.0,35.0,570.4940128982062,1331.4193370345552,1634.3463716270403,1123.3175635018865,12.94067722200023,10.107427313692327,13.137743372589066,15.969635411368278,236.6209327156612,240.8824182587724,9.946265021656092,1960.747820947249,8243.628826652333,2.521986057939421,40,15583.146176089342,0.5528142415570266,59.89203482295143,491.61245932263927,0.4666666666666667,6.895919939251257,7.236850988882452,-0.6036568499241639,10.066638920904097,1.0541846814458697,0.9273946432826197,1.0702382552749938,1.208863080524761,14.232055844984416,14.573203003061963,0.8377937005571745,-22.780064443509218,23.47184718877179,0.1354624614501878,565.6991285801778,1327.2169515402804,1636.6201781552215,1116.1827698347545,12.150758553115654,9.403608280180837,12.335795485396602,15.074778994338754,226.3806401195976,230.39043112159806,9.303190877029582,1981.019523553891,8230.04660316587,2.427724811320577
2.0,36.0,557.2142671236616,1310.5094176578782,1618.6433609506992,1098.3606455278616,11.108942516615231,8.572572533688726,11.278114230066224,13.813150439667597,208.14928110451427,211.81115618051658,8.429963211396993,1978.5926442225343,8176.138891122989,2.2186997585783725,39,20695.35841968127,0.5923737703883445,64.93133996881326,476.3921338599996,0.48,-13.279745774544608,-20.909919376676953,-15.703010676341137,-24.95691797402492,-1.8317347053849993,-1.5348547800036005,-1.8596291425228415,-2.1564849717006815,-28.47165161114694,-29.071262078255813,-1.5163018102590993,17.844823275285307,-67.48993552934462,-0.30328629936104834,565.9953895237355,1327.7260545024421,1637.1252438591268,1116.8029824039259,12.189436742313625,9.435619159700286,12.375062682551903,15.119913954739506,226.990544995665,231.0134240907456,9.335594267985266,1980.8928251087084,8231.787566333693,2.4333772804315705
2.0,37.0,569.4745791535024,1339.0532201890546,1658.3044621880879,1127.3307616397142,12.375933154804535,9.509306779852457,12.564399141933539,15.430513831702699,234.10585844391065,238.18627985492193,9.436095283204263,2005.6375022629393,8267.163479286426,2.5409623258186214,38,17816.414543812105,0.5803346764212163,65.7483406935281,486.08524040358617,0.49333333333333335,12.260312029840861,28.543802531176425,39.66110123738872,28.970116111852576,1.266990638189304,0.9367342461637307,1.2862849118673143,1.6173633920351023,25.956577339396375,26.37512367440536,1.0061320718072704,27.04485804040496,91.02458816343733,0.3222625672402488,566.7617334091615,1329.4425415792223,1639.4943087913823,1118.906452946844,12.28966553329781,9.513187897651427,12.476817800302346,15.243742923664973,228.90361114800734,232.95864974436807,9.422182748293704,1981.9180332383207,8237.2339892485,2.4561340600293704
2.0,38.0,572.4554329353605,1334.2789810256543,1636.557531656278,1132.625718283149,13.489205814114634,10.573846123492707,13.69462519199455,16.55709222212638,244.55244902422703,248.97644330365543,10.615647625789542,1945.9483244177693,8252.275071250546,2.6056871349179773,37,13907.359572029041,0.510684168612087,57.928725068642976,494.5119662411866,0.5066666666666667,2.980853781858059,-4.7742391634003525,-21.746930531809994,5.294956643434716,1.1132726593100983,1.0645393436402504,1.1302260500610117,1.1265783904236795,10.446590580316382,10.790163448733495,1.1795523425852785,-59.68917784516998,-14.888408035880275,0.06472480909935596,567.4518068920601,1329.943280132372,1638.9724467995973,1120.1878897716201,12.423367812142159,9.633317407502215,12.612556154459044,15.389688644868787,230.53292907644126,234.62917692753422,9.546558582263057,1977.8880698383477,8238.863896589595,2.4705698754481116
2.0,39.0,565.5009863408621,1328.558213790555,1643.6398063732354,1119.6135132777888,12.010847641004425,9.244415839180052,12.1937539502583,14.958194194837695,226.45149228285987,230.39187366076945,9.201938514837384,1987.6843422801717,8231.232686998634,2.4578206792862844,36,18625.533068305023,0.5803280756696062,65.55958662336383,483.0486083987451,0.52,-6.954446594498336,-5.720767235099174,7.0822747169574995,-13.012205005360101,-1.478358173110209,-1.3294302843126555,-1.5008712417362506,-1.5988980272886835,-18.100956741367156,-18.58456964288598,-1.4137091109521585,41.73601786240238,-21.042384251912154,-0.14786645563169287,566.9547569108847,1329.6488909691716,1639.9845265142326,1119.8822620882922,12.33039751200504,9.547016260050986,12.518170062949277,15.288684061553528,229.51168370284887,233.5750546136748,9.472102038810663,1980.5817221683858,8237.565941887795,2.464264487467726
2.0,40.0,558.4005678723853,1317.6273014396297,1635.4556213759556,1103.7632460753111,10.988669091991829,8.405536890341926,11.156009230448557,13.739588964642381,209.40390514039925,213.02756441832162,8.287520684459677,2003.6754810134335,8199.566530119248,2.2546543589224575,35,21530.01872925557,0.6085498055585361,68.12978859273332,474.9804132744975,0.5333333333333333,-7.100418468476846,-10.930912350925382,-8.184184997279772,-15.850267202477653,-1.0221785490125956,-0.8388789488381256,-1.0377447198097425,-1.2186052301953136,-17.04758714246063,-17.36430924244783,-0.9144178303777064,15.991138733261778,-31.666156879386108,-0.20316632036382698,566.6494911412224,1328.9156034286875,1639.2178976652588,1119.3346404722568,12.298787214598471,9.524001385137776,12.486078390455301,15.248179475351327,228.84158814987245,232.89290497588757,9.446554815904799,1979.9154266301302,8235.17155258483,2.456088860599707
2.0,41.0,567.0418688625132,1323.2758240892617,1624.8865040132844,1120.4480415075402,12.68247236980821,9.915160419232324,12.875606466810368,15.614418988792043,231.29290748570412,235.4474206424833,9.857642099227611,1944.8260352625898,8216.549028593949,2.4587232686669727,34,15603.864603481625,0.528716675317495,58.78810766651738,489.36483949857893,0.5466666666666666,8.641300990127888,5.648522649632014,-10.56911736267125,16.684795432229066,1.6938032778163805,1.5096235288903976,1.7195972363618104,1.8748300241496612,21.889002345304874,22.41985622416169,1.570121414767934,-58.84944575084364,16.98249847470106,0.2040689097445152,565.798844220936,1327.0295845857177,1637.2403824257876,1117.434555690576,12.180733138538658,9.42973846819056,12.36622653658747,15.107759779707004,226.75698216911528,230.7663288023676,9.340013714554479,1979.2368390086372,8228.868869636079,2.4331945217647815
2.0,42.0,559.5187731299574,1318.1106555468764,1634.708101702719,1109.0035073254885,11.3863244375659,8.745965862694563,11.559720241183655,14.197634685973322,215.59982596424197,219.3328869907049,8.701426648402347,1991.7010973176684,8198.519283600948,2.332439621175131,33,20369.036763499098,0.5880043746879999,66.87892356952698,477.05120588667825,0.56,-7.5230957325558165,-5.165168542385345,9.821597689434611,-11.444534182051711,-1.2961479322423095,-1.1691945565377608,-1.3158862256267128,-1.416784302818721,-15.693081521462148,-16.1145336517784,-1.1562154508252647,46.875062055078615,-18.02974499300035,-0.12628364749184184,564.8325844236945,1325.6129344443723,1636.7015334690018,1115.9870449207126,12.048306509906773,9.315732705978021,12.231783258788601,14.955477046891307,224.89191062466642,228.8565156116011,9.229840102528854,1981.069498503468,8224.273888583455,2.4151860371989917
2.0,43.0,564.9139122222845,1327.5487991905127,1642.136707747984,1122.878945683861,12.160534704910233,9.379103089662342,12.345720512599222,15.097918450214443,228.6226206141663,232.61644827884774,9.436810938759589,1980.072953743295,8229.87829841327,2.466543374431253,32,17368.37880764214,0.5397089401420515,63.672437245048386,483.7348136049269,0.5733333333333334,5.395139092327099,9.438143643636295,7.428606045265042,13.875438358372548,0.7742102673443334,0.6331372269677793,0.7860002714155669,0.9002837642411219,13.022794649924322,13.283561288142835,0.7353842903572421,-11.628143574373325,31.35901481232213,0.134103753256122,564.8612493497687,1325.456423600965,1636.3628496112246,1117.0592867403584,12.10300994933696,9.363336752224715,12.287319745519754,15.013891952016838,225.71881496463615,229.69817068447037,9.302178134883242,1978.2414086858412,8223.51090755019,2.4244040176225723
2.0,44.0,565.550937715089,1328.3814026443895,1645.3521284726712,1120.9500754258042,12.011109392187754,9.244415839180052,12.194019687500257,14.961093773391378,226.36520237452143,230.29087813037484,9.201444858440112,1987.6839626198284,8230.028860683082,2.4600082974856003,31,18625.533068305023,0.5803280756696062,65.55958662336383,483.0486083987451,0.5866666666666667,0.6370254928045824,0.8326034538767999,3.215420724687192,-1.9288702580568042,-0.14942531272247983,-0.13468725048229047,-0.1517008250989651,-0.13682467682306587,-2.2574182396448634,-2.325570148472906,-0.23536608031947637,7.611008876533333,0.15056226981141663,-0.006535076945652474,565.0565338253822,1325.8763152608367,1637.4030596107955,1117.8292018248405,12.115471634500299,9.369775069101747,12.299971202538373,15.033924096271623,226.11644751502064,230.0963369719368,9.311475488617361,1978.657016408748,8224.498095672143,2.431752487722209
2.0,45.0,562.3061638563829,1336.0853160245447,1674.881109195328,1114.3446186535054,10.633035050098565,7.945060604721319,10.794959441724432,13.505304794428827,211.62918831899458,215.14831334413802,7.800765860009271,2067.030522547514,8260.00113352313,2.3319296209492713,30,23626.054830556557,0.6621060647701057,75.21779057992742,472.7373024467727,0.6,-3.2447738587061394,7.7039133801552,29.528980722656797,-6.605456772298794,-1.3780743420891888,-1.2993552344587327,-1.399060245775825,-1.4557889789625502,-14.736014055526852,-15.142564786236818,-1.4006789984308412,79.34655992768558,29.97227284004839,-0.1280786765363291,564.2377489211998,1326.3429131598357,1641.4565333676244,1116.9319073400025,11.884707417310132,9.153538398204647,12.06569280945191,14.787491034577675,223.61727307535392,227.52292648047342,9.09692557245268,1989.2852865687742,8226.135326359221,2.4127468440231943
2.0,46.0,569.2535201144174,1331.5123604765492,1641.9086895090347,1130.2834091969178,12.813981606240183,9.96155770653827,13.009118381969731,15.823511249799276,236.29570086124562,240.4794013078333,10.019613508670759,1961.0742684635843,8241.37256533409,2.5397129671256793,29,15596.169796371127,0.5248539992897023,60.76438492642804,489.49708628545255,0.6133333333333333,6.9473562580344606,-4.572955547995434,-32.97241968629328,15.938790543412324,2.1809465561416186,2.0164971018169515,2.2141589402452997,2.318206455370449,24.66651254225104,25.331087963695296,2.2188476486614874,-105.95625408392971,-18.62856818904038,0.20778334617640803,565.4416742202754,1328.443207441703,1643.7830662234578,1120.1241837069078,12.055211326272627,9.292436915489601,12.238793224642261,14.988527115590845,226.4319150510271,230.38975099320504,9.255890602180056,1987.5334489928791,8232.658693780333,2.4448481648779246
2.0,47.0,558.5201105911871,1311.6673553078936,1622.3827111555663,1096.197318362718,11.011403827271529,8.494668831772048,11.179090179971094,13.721067711260087,205.7756075171701,209.39437054592818,8.184125413172394,1987.7211520195165,8180.538573455157,2.1888633271826667,28,21507.75013422098,0.627599781802514,65.234386634458,477.0888429059227,0.6266666666666667,-10.733409523230307,-19.84500516865569,-19.525978353468417,-34.086090834199695,-1.8025777789686543,-1.466888874766223,-1.830028201998637,-2.1024435385391893,-30.52009334407552,-31.08503076190513,-1.8354880954983646,26.646883555932163,-60.833991878932466,-0.35084963994301255,564.3462273640439,1325.7046209535868,1640.1908911202056,1117.0108393792084,11.918758393519328,9.19097312068156,12.100262328446016,14.81758250354658,223.59888995835303,227.5105600623057,9.130693615176869,1985.7418139685371,8223.996203197206,2.409638265014329
2.0,48.0,569.5529976320007,1338.7799199050855,1661.0255079288854,1129.436416875645,12.376363790014468,9.509306779852457,12.56483633504007,15.435122629745097,233.96586510527857,238.02223103072438,9.435283935425756,2005.63657462439,8265.250303219134,2.5445356413923035,27,17816.414543812105,0.5803346764212163,65.7483406935281,486.08524040358617,0.64,11.032887040813648,27.112564597191977,38.642796773319105,33.23909851292683,1.3649599627429385,1.0146379480804093,1.3857461550689756,1.7140549184850098,28.190257588108466,28.6278604847962,1.2511585222533625,17.915422604873584,84.71172976397702,0.35567231420963674,564.055983833708,1326.1547148415298,1642.6376887474664,1116.691909238458,11.80747419110931,9.084519186317534,11.987283442750568,14.705385544308456,222.54023156645817,226.41513883501256,9.01265724614049,1991.710638989199,8225.293726394064,2.403523115661762
2.0,49.0,563.2295781514704,1325.5438676014899,1646.4959792379602,1112.2837772652747,11.41525487001163,8.757108728233368,11.589091238590486,14.249090163726219,215.4083840930048,219.14483188928736,8.588411273216952,2005.8185927642435,8224.517850625665,2.3221123149759557,26,20751.27533383724,0.6181931862079638,67.36323120816886,479.4221544745526,0.6533333333333333,-6.323419480530333,-13.23605230359567,-14.52952869092519,-17.152639610370215,-0.9611089200028378,-0.7521980516190894,-0.9757450964495842,-1.1860324660188777,-18.55748101227377,-18.877399141437024,-0.8468726622088045,0.18201813985342596,-40.732452593469134,-0.22242332641634777,563.8288430147688,1325.8532802226232,1642.9233060339388,1115.9589356372067,11.747914914010028,9.035788475222867,11.926817171583787,14.634475141197308,221.43592074747266,225.29043465786435,8.951304521978447,1993.5240640376064,8224.622242756766,2.3899522792307293
2.0,50.0,561.9686128977638,1321.3098194075794,1639.982692060851,1110.4561985633036,11.374452608204352,8.733619400341043,11.54766762254249,14.200860450484761,214.7191610896575,218.43388168032436,8.56873357636075,1995.3856814927444,8208.902753251275,2.3198859105436678,25,20657.11138196137,0.6134321175818817,66.74186605208739,478.9272004628606,0.6666666666666666,-1.2609652537065585,-4.234048193910439,-6.513287177109305,-1.827578701971106,-0.04080226180727742,-0.023489327892324496,-0.0414236160479966,-0.04822971324145797,-0.6892230033473083,-0.7109502089629984,-0.019677696856202687,-10.432911271499052,-15.615097374389734,-0.002226404432287943,564.1856475173066,1326.2215320194182,1643.3760131024283,1116.628230886006,11.786493265631282,9.06859672622278,11.96598301079318,14.680602289781547,221.9674463423985,225.83106638406463,8.979425811168554,1992.6950840855377,8225.555865069971,2.3964754343928503
2.0,51.0,568.7360937979471,1332.1746478356017,1648.855628044598,1124.2435076633026,12.329796522773275,9.534065078086885,12.517559921597234,15.332898626501235,229.77321098750775,233.7956839034475,9.36083027395626,1988.2011268040612,8244.156272571618,2.4775863068920208,24,17542.216408324057,0.5798140781183219,63.54791644779882,487.06311176594295,0.68,6.767480900183273,10.864828428022292,8.872935983747084,13.787309099998993,0.9553439145689229,0.8004456777458415,0.9698922990547452,1.132038176016474,15.054049897850263,15.361802223123135,0.792096697595511,-7.184554688683193,35.25351932034209,0.15770039634835298,564.35507001085,1327.1114143940522,1645.7729255055597,1117.007777501582,11.751225680927789,9.030487192108236,11.930178356271867,14.652450253552464,221.81547669257884,225.66589271016105,8.92974462864142,1997.0325932396845,8228.316589467737,2.3983617382153546
2.0,52.0,552.0711499274613,1303.9828144282483,1624.8603077234436,1092.653463179672,10.231428418325184,7.823385427209372,10.387236972918968,12.800639459475645,194.51873248538374,197.8519127829451,7.663874571352941,1999.676167839148,8154.004513678397,2.0860556301856596,23,23775.385039913275,0.6296745087682314,69.15346176212876,468.7531905054473,0.6933333333333334,-16.664943870485786,-28.191833407353442,-23.995320321154395,-31.590044483630663,-2.0983681044480917,-1.7106796508775126,-2.130322948678266,-2.5322591670255896,-35.254478502124016,-35.94377112050239,-1.6969557026033195,11.47504103508686,-90.15175889322018,-0.3915306767063611,563.6103076906004,1325.6986302821895,1644.7881461076322,1115.3727730870005,11.635736079003717,8.938229148559717,11.812930029445399,14.512750730902699,219.707367344693,223.5177952893851,8.825989420936478,1997.8301002918324,8223.865112475482,2.373723339116408
2.0,53.0,552.3778237274395,1304.4781029304897,1627.141628661382,1095.3363291125013,10.344156292004085,7.8913559490000305,10.50168151472496,12.967796760063916,198.06074104241026,201.42174527846805,7.752630847516224,1999.1287740923533,8154.2970499631565,2.1447996113158987,22,23574.42574319653,0.6276210808535193,69.52551317877283,468.9573614100125,0.7066666666666667,0.3066737999781708,0.4952885022414648,2.2813209379382897,2.6828659328293725,0.11272787367890125,0.06797052179065854,0.11444454180599095,0.16715730058827027,3.54200855702652,3.5698324955229452,0.08875627616328341,-0.5473937467947962,0.29253628475908044,0.05874398113023904,562.356698841116,1323.3915606561873,1643.288638198972,1112.6185114298644,11.4540982377131,8.789454434493484,11.628526129657974,14.299738561887642,216.65117938751746,220.39832498934712,8.65757141181214,1999.7356823267382,8216.30698763047,2.3415489628048722
2.0,54.0,568.6300145356063,1336.5367552247997,1662.1765626251088,1122.8614907361643,11.921911735108056,9.131119945893275,12.103463690465032,14.921004657544337,225.9582781134191,229.85798814004923,8.88781298760772,2017.9678786698662,8259.87285737593,2.451228070003219,21,19464.496960393,0.6197880954053602,67.00241337449118,484.1438779983069,0.72,16.2521908081668,32.05865229430992,35.03493396372687,27.525161623663053,1.577755443103971,1.2397639968932443,1.6017821757400732,1.9532078974804215,27.897537071008855,28.436242861581178,1.135182140091496,18.8391045775129,105.57580741277434,0.3064284586873205,562.6646065231677,1324.2070959142281,1644.9710816142156,1112.8096529609004,11.445178472005132,8.778124845164808,11.61947052995445,14.29572965030294,216.6104869614072,220.35503599031455,8.626208224728902,2002.7640739317424,8219.291387299756,2.340670940056634
2.0,55.0,558.3961941736356,1306.972534280125,1617.721836463772,1102.0457848679368,11.25491793946871,8.747174733598227,11.426312628902243,13.946058021667023,206.79187834568418,210.41705931940407,8.544378529782435,1960.5762387236416,8160.412884557832,2.208362566061925,20,20574.200588163214,0.6036617108900865,63.60918874545448,478.38262004022556,0.7333333333333333,-10.23382036197063,-29.564220944674616,-44.454726161336794,-20.815705868227496,-0.6669937956393461,-0.38394521229504797,-0.6771510615627889,-0.9749466358773144,-19.16639976773493,-19.440928820645155,-0.3434344578252855,-57.391639946224586,-99.45997281809923,-0.24286550394129414,562.2736095548928,1321.2958177397863,1639.2551543410602,1111.5797695823435,11.507366760942146,8.858336258052498,11.682605848672232,14.339804973026759,216.12675596407615,219.88191058784113,8.700569491706219,1992.1186455493548,8209.332562403226,2.3283142345678995
2.0,56.0,564.4480969649442,1324.7978517064346,1646.163802994997,1120.438762191552,11.790886292984178,9.096726736876793,11.970442937039774,14.656304677549798,219.94021791151638,223.75290477911358,9.010882066899995,1986.3148265871296,8218.385035794261,2.3730813958564116,19,19215.088337568544,0.5866004560654441,64.9632457088018,482.13553970266446,0.7466666666666667,6.051902791308521,17.82531742630954,28.441966531225034,18.39297732361524,0.535968353515468,0.34955200327856595,0.5441303081375306,0.7102466558827754,13.148339565832202,13.335845459709503,0.46650353711756054,25.738587863487965,57.972151236429454,0.1647188297944866,561.7930672399456,1320.6243668627749,1639.6806656896565,1110.5953048818071,11.405057229616547,8.77185316108635,11.578738304179234,14.22308431580181,214.49120766910323,218.2092609349692,8.599696347529143,1994.6427013617097,8207.033809449242,2.311651077440973
2.0,57.0,562.1492920573542,1314.01372702532,1624.455408884352,1117.9361357562802,12.090473215488643,9.42776678650508,12.274592096942785,14.916812845270277,221.47013182633776,225.3662406378474,9.409061552203006,1946.0567696903065,8183.260433443624,2.366345742525885,18,17133.33918128655,0.5329006707502736,60.10145590598123,483.99472417333055,0.76,-2.2988049075900108,-10.78412468111469,-21.70839411064503,-2.50262643527185,0.2995869225044654,0.33104004962828704,0.3041491599030106,0.260508167720479,1.5299139148213783,1.6133358587338194,0.39817948530301095,-40.258056896823064,-35.12460235063736,-0.006735653330526503,562.1559853865623,1320.8590040345175,1639.887935462535,1112.769186621163,11.512964168438257,8.865162956559653,11.688288495876405,14.342658829202833,216.06066010002002,219.8064479441611,8.722189961432203,1990.4762631287886,8207.305995448089,2.329399318975295
2.0,58.0,573.1455846380098,1337.2338989827101,1653.8772778913278,1145.4242267694167,13.460033386707376,10.498595215051306,13.665008514423732,16.58443018466433,246.35168018444946,250.67984574130824,10.615636667781754,1953.2498821883712,8256.547932496764,2.6631171957304525,17,13682.608466081976,0.5002169853590758,58.96919495777344,494.0676808505752,0.7733333333333333,10.996292580655677,23.22017195739022,29.42186900697584,27.488091013136454,1.3695601712187333,1.0708284285462266,1.3904164174809477,1.667617339394054,24.8815483581117,25.313605103460844,1.2065751155787474,7.193112498064693,73.28749905313998,0.2967714532045673,562.5152440871632,1320.7044019422797,1639.1731124587793,1114.3679676105405,11.621331128107549,8.964091800079538,11.798305713814772,14.457589584694754,217.29924160793706,221.07220941521945,8.840225234667804,1985.2375938851867,8206.435758375852,2.3412574744091095
2.0,59.0,561.5861190196186,1324.7763756434474,1658.5875934129615,1115.5622572389987,11.022789587020903,8.378735220589787,11.190649326924774,13.862994515001459,211.9685459467071,215.52891426112964,8.21252525663675,2023.0758168048444,8219.196957023763,2.319130794509434,16,21917.93783783784,0.6320050463865737,70.04791391694869,475.9520564634346,0.7866666666666666,-11.559465618391187,-12.457523339262707,4.7103155216336745,-29.861969530418037,-2.437243799686474,-2.1198599944615193,-2.4743591874989583,-2.7214356696628723,-34.383134237742354,-35.1509314801786,-2.4031114111450034,69.8259346164732,-37.35097547300029,-0.3439864012210183,562.3508981739781,1320.6276527464756,1640.3822738762792,1114.695815607913,11.582084599808477,8.926254449315179,11.7584615226482,14.41898001982228,216.95525779330734,220.71061765240376,8.802636633009785,1986.9633162892467,8205.903669015663,2.3409593223624574
2.0,60.0,565.2363138312489,1332.008875901051,1666.635617706395,1126.2843623444278,11.631206001900184,8.866897748087663,11.808330966396126,14.593987415467366,222.91681184884527,226.67612746889722,8.762936298161783,2020.3673374015943,8242.125597759794,2.4412818794800755,15,19892.76972000877,0.6008082848995155,68.29901077757977,480.25722359714007,0.8,3.6501948116302856,7.232500257603533,8.0480242934334,10.722105105429137,0.6084164148792812,0.4881625274978756,0.6176816394713516,0.7309929004659068,10.94826590213816,11.147213207767578,0.5504110415250327,-2.7084794032500668,22.928640736030502,0.12215108497064131,562.6776682673265,1321.6975583958229,1643.0475664408339,1116.2786319860252,11.60775993917806,8.939582284089841,11.784527857033563,14.458292716320537,217.7750228692261,221.53484223126102,8.822056905189886,1989.4614818801315,8209.225953466514,2.353098919256098
2.0,61.0,566.8522454312346,1333.6413045207298,1668.4349684691354,1128.3866106091243,11.779342628763345,9.008221192496821,11.958723480978016,14.75651774740314,223.81191599941616,227.5984516206318,8.863787713948742,2017.363037594572,8246.191297047082,2.4505327955941922,14,19804.459258208637,0.6113266539348794,68.08829080435446,481.818725916978,0.8133333333333334,1.615931599985629,1.6324286196788762,1.7993507627404597,2.1022482646965273,0.14813662686316142,0.14132344440915823,0.15039251458189007,0.16253033193577515,0.8951041505708872,0.9223241517345855,0.10085141578695911,-3.004299807022335,4.065699287288226,0.00925091611411677,562.4892834306554,1321.8442240643355,1645.0055004832873,1116.6929422806074,11.552714549777066,8.886997895530836,11.728644212971641,14.400654628410729,217.17889337041692,220.91511900297942,8.772352649189134,1992.3776729591827,8209.42945591406,2.3503935681263153
2.0,62.0,569.2747801086321,1327.0996672189149,1643.3399343993567,1133.2684475895207,12.88466353117247,10.076320162916906,13.08087668139337,15.871837133989128,233.90052890415132,238.01874019399696,10.028607733467274,1953.000801380103,8224.213580921934,2.5082944935769493,13,15513.548961872404,0.5337710748779949,59.24046732296625,490.5419863438419,0.8266666666666667,2.4225346773974934,-6.541637301814944,-25.09503406977865,4.881836980396429,1.1053209024091242,1.0680989704200847,1.1221532004153545,1.1153193865859876,10.088612904735157,10.420288573365156,1.1648200195185314,-64.36223621446902,-21.97771612514771,0.0577616979827571,564.2096464487724,1324.155909343402,1646.8534631508787,1120.7544407215923,11.818038061061795,9.112291369101587,11.998008183819081,14.707774395862078,221.1170730122937,224.93180174408462,9.008825965400568,1987.7101363132783,8216.450362638414,2.3926174544654444
2.0,63.0,575.9460673664221,1340.6368740463722,1659.7451927244,1151.3493120181622,13.865183908590968,10.857789588704458,14.076328841209104,17.04461924185518,251.31427250141942,255.74189427324345,10.918652602747299,1951.6119438649448,8269.062637330735,2.70921978557763,12,12692.819726835325,0.4968239321469817,57.686764192973435,497.4102968693145,0.84,6.671287257790027,13.53720682745734,16.405258325043405,18.080864428641462,0.9805203774184985,0.7814694257875523,0.9954521598157342,1.1727821078660519,17.41374359726811,17.723154079246484,0.8900448692800254,-1.388857515158179,44.84905640880061,0.20092529200068077,566.5664708126707,1327.7717864549904,1650.1138195571807,1126.3557390121584,12.170140822720484,9.408934733072032,12.355472916467495,15.115456644041206,226.44242615819462,230.3638166435622,9.325428140923677,1982.9584532905374,8227.926921375172,2.449059471891618
2.0,64.0,554.5689740225932,1302.3487447660964,1625.6956467673663,1108.3211600504437,10.990275077006794,8.498623789995833,11.157639672088116,13.65164649101536,204.54899976944483,208.03211712157227,8.45236268941473,1965.149361543078,8142.583774725973,2.2078586526194908,11,20689.834050052872,0.570234829208403,64.87081847259769,474.1454028157906,0.8533333333333334,-21.377093343828847,-38.288129280275825,-34.04954595703384,-43.028151967718486,-2.8749088315841735,-2.3591657987086254,-2.918689169120988,-3.392972750839821,-46.76527273197459,-47.709777151671176,-2.4662899133325684,13.537417678133124,-126.47886260476207,-0.5013611329581393,565.1603667613692,1324.35298540912,1646.4657279714065,1124.9017059435864,12.076977156910356,9.345685117482287,12.260890514629804,14.988520827388305,224.3014983237972,228.1812295417145,9.281883111104376,1977.6766015778583,8216.198013110175,2.4247225301532445
2.0,65.0,565.8379565500065,1333.7910977686593,1676.2583443425626,1133.5121206203596,11.63014816633061,8.845028741186034,11.807257021655444,14.603995188408218,223.50586672281014,227.21967432833517,8.811295794761506,2022.9709004764788,8245.767371410686,2.4639665796148313,10,19844.887717560494,0.5942712847749094,68.88515152680887,480.105703744433,0.8666666666666667,11.2689825274133,31.442353002562868,50.56269757519635,25.190960569915887,0.6398730893238156,0.34640495119020187,0.6496173495673272,0.9523486973928588,18.956866953365306,19.187557206762904,0.35893310534677525,57.821538933400916,103.18359668471294,0.2561079269953406,565.9045429990065,1327.0348417579735,1652.3193787592852,1128.0483395188287,12.114500179596547,9.355470518241066,12.298984953905123,15.054314544062427,225.97289716150982,229.86149104260758,9.308574837602283,1983.9160677531424,8224.733461795462,2.450282931508535
2.0,66.0,570.1384026991524,1336.2580654094704,1671.414434423626,1145.1145715898615,12.642743328045585,9.739107001499434,12.835272414259476,15.720516200600255,236.80574757457777,240.81369065674156,9.829466993790442,1987.3220097111796,8251.584483856943,2.598285293567582,9,16501.048496009822,0.5388366802566399,63.78029942966225,487.52454196708806,0.88,4.3004461491458414,2.4669676408111627,-4.843909918936561,11.602450969501888,1.0125951617149749,0.8940782603133997,1.0280153926040327,1.1165210121920364,13.299880851767625,13.594016328406383,1.0181711990289362,-35.64889076529926,5.817112446256942,0.13431871395275063,566.4735735724272,1328.180863128277,1654.8444419021484,1130.5159204586594,12.199685883102687,9.419708544703331,12.385467901627093,15.160735696367473,227.65945012781594,231.56756963037031,9.39043333029133,1984.016786065547,8228.053406601732,2.4728033212796525
2.0,67.0,554.9945241383659,1307.836762141006,1644.4102793811458,1107.6609990146374,10.483326386048532,7.983482415041347,10.642970950303077,13.181896438665834,200.8069893822736,204.13026031393892,7.807038924726781,2005.2094161095927,8161.1019024819125,2.1940564983697355,8,22905.586282492954,0.6238180865641861,68.73158678245365,471.1330968359911,0.8933333333333333,-15.143878560786447,-28.4213032684645,-27.004155042480306,-37.45357257522414,-2.159416941997053,-1.7556245864580875,-2.192301463956399,-2.53861976193442,-35.998758192304166,-36.68343034280264,-2.022428069063661,17.887406398413077,-90.48258137503035,-0.4042287951978465,565.7580967805285,1327.5631666398456,1656.839928951828,1129.4884067844953,12.038971200158676,9.27528010755696,12.222305786963123,14.987244055707027,225.5931358834095,229.44397159797956,9.230231067543706,1989.9320507074758,8225.837553505558,2.455574396864037
2.0,68.0,571.022172565011,1329.5657160670287,1654.4653112686717,1139.0890497814162,12.943740453165182,10.107427313692327,13.140853251944346,16.001203377934697,235.57623110855258,239.655358160588,9.940395665281843,1960.7478797926099,8229.79971670001,2.548900798587262,7,15583.146176089342,0.5528142415570266,59.89203482295143,491.61245932263927,0.9066666666666666,16.0276484266451,21.72895392602277,10.055031887525956,31.428050766778824,2.46041406711665,2.12394489865098,2.497882301641269,2.8193069392688628,34.76924172627898,35.52509784664909,2.1333567405550617,-44.4615363169828,68.69781421809785,0.35484430021752633,565.5457555732286,1326.7963483482777,1656.898732289562,1128.854889085695,11.987341906804456,9.236163317421061,12.169890260715183,14.928921375034065,224.5155909758198,228.34152283990753,9.162706967293715,1990.6818504679,8223.162731925884,2.4441527571497184
2.0,69.0,569.7495515253769,1329.8257148786106,1660.917890089436,1145.220108896809,12.816702462047287,9.96155770653827,13.011880672129227,15.852268659675747,235.31355090555937,239.32812596942344,10.01411625546019,1961.074316579992,8228.423599597783,2.5650627255273584,6,15596.169796371127,0.5248539992897023,60.76438492642804,489.49708628545255,0.92,-1.2726210396341457,0.25999881158190874,6.452578820764302,6.131059115392873,-0.12703799111789493,-0.14586960715405617,-0.12897257981511956,-0.14893471825894977,-0.2626802029932094,-0.32723219116456903,0.07372059017834687,0.32643678738213566,-1.3761171022269991,0.01616192694009655,566.3620988238043,1327.301282271794,1657.1317619572096,1131.8206742514762,12.166733194307096,9.394445566015909,12.35201339523563,15.12784878950149,226.85009147170504,230.7214440107369,9.342866067176057,1984.4817004454144,8224.085396183285,2.4687459502515106
2.0,70.0,569.2056767804435,1330.4012680812905,1666.8700182440111,1138.2927065394745,12.332547989419732,9.534065078086885,12.520353288750997,15.35800018846333,228.8523822559862,232.71847103913646,9.355443920040686,1988.201177762216,8231.87253732762,2.5007306796036914,5,17542.216408324057,0.5798140781183219,63.54791644779882,487.06311176594295,0.9333333333333333,-0.5438747449334187,0.5755532026798846,5.952128154575121,-6.927402357334586,-0.48415447262755507,-0.427492628451386,-0.4915273833782301,-0.49426847121241657,-6.461168649573153,-6.609654930286979,-0.658672335419503,27.126861182224047,3.4489377298359614,-0.06433204592366693,566.7590351187239,1327.1405214898177,1657.155202010971,1133.021508670981,12.23686739305905,9.46116229901583,12.423215627471118,15.20425006680109,227.44364851241917,231.3256783677608,9.40211682936395,1981.2650844814768,8223.060090140067,2.474690830263872
2.0,71.0,577.5284484801681,1354.879580914348,1708.6478521881065,1169.3905502004102,13.341987855830984,10.241802933118468,13.545165335869019,16.621731414402575,251.00012308910385,255.16466712359673,10.4058296466451,2014.6262692937976,8309.03970962316,2.79206168664554,4,15369.019405987458,0.538697061281545,65.68052577803142,492.09784332495616,0.9466666666666667,8.322771699724626,24.478312833057544,41.77783394409539,31.097843660935723,1.0094398664112525,0.7077378550315832,1.0248120471180222,1.2637312259392441,22.147740833117638,22.44619608446027,1.0503857266044143,26.42509153158153,77.1671722955416,0.29133100704184844,567.8266554236171,1329.2643491291797,1661.1764903828685,1137.1219026301094,12.393131915765816,9.584520473077996,12.581859812960218,15.390771433501033,230.16246922138788,234.0822999180573,9.556321022633586,1980.9914076513992,8229.344931397678,2.5088437193690067
2.0,72.0,579.1169560631341,1349.6899918974445,1692.6376617306262,1167.7224502693152,13.89659366548092,10.804511709241684,14.108216919269966,17.19976563766568,254.52073312662057,258.8285637559591,10.833770799490367,1980.8886136740348,8289.71706197551,2.8075134898670875,3,13753.664269051322,0.5325487567977994,61.15714682168204,497.10748876173074,0.96,1.588507582966031,-5.189589016903483,-16.01019045748035,-1.6680999310949574,0.5546058096499351,0.5627087761232161,0.5630515834009469,0.5780342232631064,3.520610037516718,3.6638966323623947,0.4279411528452659,-33.73765561976279,-19.32264764765023,0.0154518032215476,568.8108730190673,1331.5233815970328,1666.1062631159953,1140.5673028980889,12.49432492919666,9.657339627710474,12.684593836747876,15.523564283868685,232.2244896436348,236.16328227425348,9.636837329235894,1983.7801888807924,8235.895279503033,2.5387656189980206
2.0,73.0,558.9534150526895,1304.8622296391704,1639.1417080938545,1118.729591719233,11.257914110852322,8.747174733598227,11.42935442726124,13.973530531934458,205.79131264830093,209.24755463979955,8.538513954493506,1960.575226150084,8145.868721911464,2.23335361011243,2,20574.200588163214,0.6036617108900865,63.60918874545448,478.38262004022556,0.9733333333333334,-20.163541010444646,-44.827762258274106,-53.495953636771674,-48.992858550082246,-2.638679554628597,-2.057336975643457,-2.678862492008726,-3.2262351057312237,-48.72942047831964,-49.58100911615958,-2.2952568449968602,-20.313387523950723,-143.84834006404708,-0.5741598797546574,567.1116077876941,1327.9459171563126,1664.0459146529406,1137.305330868196,12.233597949422794,9.44627814219985,12.41989639535309,15.216455412876616,227.672193658323,231.51384831090908,9.398823464410516,1984.6765171093061,8223.575887961106,2.4911790014515005
2.0,74.0,563.9400909203971,1316.6227703260722,1656.7682969974312,1132.9319369974155,11.833250719544681,9.175598524129217,12.01345250715196,14.705211316814893,217.52717493568454,221.16046682926208,9.009177798012006,1971.0169502201236,8183.293503010296,2.374820070226393,1,18789.185119964783,0.5826375113976606,63.009203884307524,482.8440289443327,0.9866666666666667,4.986675867707618,11.760540686901777,17.626588903576703,14.20234527818252,0.5753366086923588,0.42842379053099044,0.5840980798907207,0.7316807848804352,11.735862287383611,11.912912189462531,0.47066384351849955,10.441724070039527,37.42478109883268,0.1414664601139628,568.0487194774745,1329.37331971231,1667.153179675947,1139.7664085628933,12.317895513676584,9.51397561561319,12.505477678859474,15.321811895456568,228.97001117494696,232.8266832816781,9.454504975270243,1985.2632759770108,8227.64686078954,2.5078751432121913
2.0,75.0,558.4342805505757,1305.5630438485218,1647.5673359472937,1122.7546472412364,11.217563486390095,8.689347512603112,11.38838932628436,13.956051392853345,206.4068424816646,209.8302146351384,8.480848434492357,1970.3332077693108,8146.694976015437,2.2478571647753314,0,20632.073910081745,0.599244682992268,64.02363171720374,477.42161438973267,1.0,-5.505810369821347,-11.059726477550385,-9.200961050137494,-10.177289756179107,-0.6156872331545866,-0.4862510115261056,-0.6250631808676008,-0.7491599239615478,-11.120332454019945,-11.330252194123688,-0.5283293635196493,-0.6837424508128152,-36.59852699485964,-0.12696290545106148,567.3083518775313,1326.5505143202963,1664.2840788364203,1138.6906612249809,12.276637045682532,9.498407492754897,12.463590909322367,15.25701751590108,227.2601087508324,231.08773731235843,9.421460239243327,1979.9995067062941,8217.739621250013,2.486264201728241
3.0,1.0,564.998050619299,1330.7795336978545,1646.460562849437,1117.7363018359586,11.84067055175273,9.077294302395007,12.020985331728658,14.780935345049649,225.47930156515415,229.4021796385277,9.031175659443807,2001.4125337084395,8241.397929120645,2.4416805044164778,99,18826.605441553682,0.5776019266708599,66.36396221994,481.9466026036073,0.01,,,,,,,,,,,,,,,564.998050619299,1330.7795336978545,1646.460562849437,1117.7363018359586,11.84067055175273,9.077294302395007,12.020985331728658,14.780935345049649,225.47930156515415,229.4021796385277,9.031175659443807,2001.4125337084395,8241.397929120645,2.4416805044164778
3.0,2.0,568.4174237425791,1329.4765169882166,1633.5312259256646,1119.503714810524,12.552511128971695,9.767276565826803,12.743666120783447,15.520775810806516,231.02127504483735,235.1607479866871,9.659408119675467,1966.7162986661153,8236.304459173538,2.4684117419533775,98,16778.23699596774,0.5618968048793894,61.647382900214964,488.43362892334176,0.02,3.4193731232801383,-1.303016709637859,-12.929336923772553,1.7674129745653318,0.7118405772189647,0.689982263431796,0.7226807890547882,0.7398404657568669,5.541973479683207,5.7585683481594,0.6282324602316596,-34.69623504232413,-5.093469947107224,0.026731237536899766,566.707737180939,1330.1280253430355,1639.9958943875508,1118.620008323241,12.196590840362212,9.422285434110904,12.382325726256052,15.150855577928082,228.25028830499576,232.2814638126074,9.345291889559636,1984.0644161872774,8238.851194147092,2.4550461231849274
3.0,3.0,574.1369710288765,1346.3728148816424,1660.4325940727867,1136.441882597397,13.163345003173125,10.17489524886467,13.363802033678299,16.333151360417595,246.1453465639913,250.49888533182713,10.168150462677426,1992.6871403765015,8291.362672263622,2.663730622246614,97,15425.434317772839,0.5492409709787778,63.24117600699513,492.0002705251416,0.03,5.71954728629737,16.896297893425754,26.901368147122184,16.93816778687301,0.6108338742014308,0.4076186830378674,0.6201359128948525,0.8123755496110796,15.124071519153944,15.338137345140012,0.5087423430019591,25.97084171038614,55.05821309008388,0.1953188802932364,569.1841484635848,1335.5429551892378,1646.8081276159628,1124.5606330812932,12.51884222796585,9.67315537236216,12.7094844953968,15.544954172091252,234.2153077246609,238.35393765234733,9.6195780805989,1986.9386575836854,8256.355020185934,2.5246076228721566
3.0,4.0,554.5971123920035,1295.4501283406262,1584.8649470721466,1107.2727786334265,11.87045522189345,9.314532675167905,12.051223575526343,14.502604761417382,215.43573221446167,219.29676886428183,9.65036761448383,1884.6553291594666,8121.2908957151,2.281181418515428,96,15877.587077608616,0.4438755078132177,56.171598328209015,480.7172438734641,0.04,-19.539858636872964,-50.92268654101622,-75.56764700064014,-29.16910396397043,-1.2928897812796762,-0.860362573696765,-1.3125784581519557,-1.830546599000213,-30.70961434952963,-31.202116467545295,-0.5177828481935958,-108.03181121703483,-170.07177654852148,-0.3825492037311857,565.5373894456895,1325.519748477085,1631.3223324800088,1120.2386694693264,12.356745476447749,9.583499698063596,12.544919265429186,15.284366819422786,229.52041384711112,233.58964545533095,9.627275464070133,1961.3678254776307,8222.588989068227,2.4637510717829745
3.0,5.0,570.5957351356869,1332.8623557662725,1635.2635985995685,1128.4575191877705,13.065128531182893,10.198941387531494,13.264089879373497,16.085752167887062,238.9659281828104,243.2715018242188,10.23896256543874,1953.0997263845156,8247.335464305881,2.5484279850743365,95,14811.666432151966,0.5172050146951324,59.393612941728186,491.8014066687696,0.05,15.998622743683427,37.41222742564628,50.39865152742186,21.18474055434399,1.1946733092894437,0.8844087123635891,1.2128663038471537,1.5831474064696796,23.53019596834872,23.974732959936972,0.58859495095491,68.44439722504899,126.04456859078073,0.2672465665589083,566.549058583689,1326.9882699349223,1632.1105857039206,1121.8824394130152,12.498422087394777,9.706588035957177,12.68875338821805,15.444643889115639,231.40951671425097,235.5260167291085,9.749612884343854,1959.7142056590078,8227.538284115759,2.480686454441247
3.0,6.0,571.3086925449178,1337.0331470003566,1646.041459631466,1125.4045940008075,12.725625994310672,9.853822092067158,12.91941725310728,15.804833789713493,236.8763312339494,241.0711011283382,9.720508489885516,1982.1369421561794,8259.77996823019,2.559155564529952,94,16638.546456473214,0.5739875640221206,63.06888499084328,489.9105965097666,0.06,0.712957409230853,4.170791234084163,10.7778610318976,-3.052925186962966,-0.3395025368722209,-0.34511929546433606,-0.34467262626621675,-0.2809183781735687,-2.0895969488609865,-2.200400695880603,-0.5184540755532243,29.037215771663796,12.444503924309174,0.010727579455615643,567.3423309105605,1328.6624161124948,1634.4323980251784,1122.4694651776474,12.536289405214093,9.73112704530884,12.727197365699588,15.504675539215283,232.32065246753405,236.45019746231347,9.74476215193413,1963.4513284085363,8232.91189813483,2.4937646394560313
3.0,7.0,577.8347903965919,1338.488302972041,1629.8899304839904,1138.6198133211672,14.441198361883265,11.453429174918547,14.661115088206358,17.60438717378162,254.99482284205445,259.72842114409076,11.392560546146619,1917.6404911233776,8265.20306221111,2.6904118861139197,93,11257.177299473522,0.4963275957731464,53.74397239732315,502.64671294807135,0.07,6.526097851674081,1.4551559716844622,-16.151529147475685,13.215219320359665,1.7155723675725927,1.5996070828513886,1.7416978350990782,1.799553384068128,18.118491608105046,18.65732001575256,1.6720520562611032,-64.49645103280182,5.423093980920385,0.1312563215839675,568.8412536942793,1330.0661142352872,1633.7834740907226,1124.7766577695786,12.808419256166832,9.977170206681654,13.003471326057698,15.804634344153332,235.5598196638941,239.77565798828164,9.980161922535915,1956.9069230820849,8237.524921574299,2.5218571032643005
3.0,8.0,577.567554144987,1339.3739022351076,1632.8471546524124,1144.4385898789974,14.550461664269571,11.513869636416453,14.772042298750833,17.72416984134318,258.2626657661959,263.0198953849528,11.671259192548003,1912.2821018481204,8266.828330713422,2.7419287438162385,92,10633.144376120932,0.4632575990960991,53.841801082602295,502.2138121776443,0.08,-0.2672362516049134,0.8855992630665241,2.9572241684220444,5.818776557830233,0.10926330238630655,0.060440461497906384,0.11092721054447452,0.11978266756155875,3.2678429241414335,3.291474240862044,0.2786986464013843,-5.3583892752571955,1.625268502311883,0.05151685770231884,569.9320412506177,1331.2295877352647,1633.666434160934,1127.2343992832562,13.026174557179676,10.169257635398505,13.22454269764434,16.044576281302064,238.39767542668181,242.68118766286554,10.191549081287427,1951.3288204278394,8241.187847716688,2.549366058333293
3.0,9.0,571.4707882944291,1334.166409749805,1637.1793557851936,1129.2376460626592,13.156473525203623,10.275238038707643,13.356825913912306,16.2127305523222,240.4927948952203,244.8194302470132,10.259012896776891,1954.733956323088,8250.288877977775,2.5720570308503654,91,14822.97326901819,0.5307563072370531,59.67431496390265,492.5275687612661,0.09,-6.096765850557858,-5.2074924853025095,4.332201132781165,-15.200943816338167,-1.3939881390659483,-1.2386315977088103,-1.4152163848385264,-1.5114392890209807,-17.76987087097558,-18.200465137939602,-1.4122462957711122,42.451854474967604,-16.5394527356475,-0.1698717129658731,570.1030131443745,1331.555901292436,1634.0567587858518,1127.4569822587453,13.040652220293445,10.181033235766186,13.239240832785224,16.06326008919319,238.63046647874165,242.91877017221526,10.199045060786254,1951.7071688606447,8242.199073301254,2.551887277501857
3.0,10.0,577.6859750658507,1342.1536352715918,1639.0158584926337,1148.7867504215583,14.586774025952527,11.505378537751207,14.80890764056094,17.784669683884445,260.9429296135131,265.7168708565015,11.776440837480221,1917.5103582898103,8275.90221205822,2.782434142040855,90,10378.604470861868,0.44595720680096707,54.38318346144079,501.707023451606,0.1,6.2151867714216,7.9872255217867405,1.8365027074401041,19.549104358899058,1.4303005007489045,1.2301404990435643,1.4520817266486343,1.571939131562246,20.450134718292816,20.897440609488285,1.51742794070333,-37.22359803327777,25.613334080444474,0.21037711119048952,570.8613093365221,1332.6156746903514,1634.55266875653,1129.5899590750264,13.195264400859354,10.313467765964688,13.396207513562796,16.235401048662315,240.8617127922188,245.19858024064393,10.356784638455652,1948.2874878035614,8245.56938717695,2.5749419639557565
3.0,11.0,565.4174332493859,1320.1042928346867,1619.3616185954722,1115.694385964984,12.45647052116599,9.740407825246866,12.64616296565075,15.33523290736415,226.9049429854555,230.98122501601034,9.719962756124655,1941.7210695822241,8203.835924724075,2.4211149206479186,89,16749.683661105417,0.5451932287758401,60.43998433128298,487.0329187872071,0.11,-12.26854181646479,-22.049342436905135,-19.65423989716146,-33.09236445657439,-2.1303035047865375,-1.7649707125043417,-2.16274467491019,-2.4494367765202956,-34.03798662805761,-34.735645840491145,-2.056478081355566,24.210711292413862,-72.06628733414436,-0.3613192213929364,570.9032475995308,1331.5481506040346,1631.8427743311336,1129.3857674879291,13.25684439780068,10.379779118249875,13.458725276955004,16.290830804893766,241.00427693424894,245.35648477839217,10.425663348123738,1942.3183413909398,8241.813186737292,2.5728854055789006
3.0,12.0,572.8111706046251,1339.0565399641678,1646.742021522604,1129.292560569099,13.04218025235246,10.128375745214234,13.24079213436798,16.15613341104135,241.22080242718775,245.51650654224417,10.024656759100079,1975.100320103798,8265.727550268533,2.6010897996404756,88,15752.384018924957,0.5612049718609087,61.780304491512105,492.06853879834694,0.12,7.393737355239182,18.952247129481066,27.380402927131854,13.598174604115002,0.585709731186471,0.3879679199673678,0.5946291687172298,0.8209005036771995,14.315859441732243,14.535281526233831,0.3046940029754239,33.379250521573795,61.89162554445829,0.17997487899255704,571.3426222857354,1332.5061529016298,1633.1638538908276,1130.3646520637865,13.305811310138756,10.415889036188618,13.508437878313458,16.35436656491725,242.02422967248395,246.39206063394786,10.462188212066199,1943.1567435347083,8244.755495846792,2.58615321134761
3.0,13.0,568.8530741935349,1329.0841512300156,1631.078491444452,1124.7001420834226,12.868936824709374,10.046812142822255,13.06491048193845,15.857749260314996,235.59022191930325,239.81856348278527,10.053408400114705,1951.1739552532597,8233.527505707969,2.5186515325647254,87,15366.750532093649,0.5276620536825619,59.99261875479489,490.1610154164744,0.13,-3.958096411090196,-9.972388734152219,-15.663530078152007,-4.592418485676262,-0.17324342764308653,-0.08156360239197902,-0.17588165242953124,-0.2983841507263527,-5.630580507884503,-5.6979430594589076,0.028751641014626017,-23.92636485053822,-32.20004456056449,-0.0824382670757502,570.8142326022013,1330.7772865364673,1630.228443627994,1129.1904780123891,13.276370492292383,10.403080725584378,13.478548723139474,16.30682635490699,240.9687172080152,245.32402844904368,10.450714005809926,1939.0054250223839,8238.971979191228,2.5716453023794217
3.0,14.0,571.8076237231662,1335.7724740293825,1641.41121295647,1130.5708320046208,13.114545022987995,10.196053024265256,13.314258906586797,16.215267979747647,242.40891292651008,246.71518524360488,10.203432346745092,1960.1889164760512,8254.354925322148,2.6216125697902006,86,15214.758464762324,0.5402435127720097,61.10618373878843,491.8890516151306,0.14,2.954549529631322,6.688322799366915,10.332721512017997,5.870689921198164,0.2456081982786209,0.14924088144300107,0.24934842464834794,0.357518719432651,6.818691007206837,6.896621760819613,0.15002394663038743,9.014961222791499,20.827419614179234,0.10296103722547523,572.5352837353175,1334.8095211053428,1635.8830702164264,1131.5202833495086,13.400779472401837,10.49123276049411,13.604852256245518,16.47809267674001,243.66603527922,248.06587008697602,10.506020479036051,1946.5587837540425,8252.278382151932,2.6056884175068986
3.0,15.0,572.1938106231969,1330.5173075281516,1627.6657453387354,1129.5692986162733,13.482215253470708,10.60833040665332,13.687528176112393,16.53388036396572,242.42021942951004,246.81909208967923,10.584105451502268,1930.3280332981676,8236.444352857496,2.5881360706898096,85,13969.49948927477,0.5238829470896927,57.74253975042162,494.9691512762538,0.15,0.3861869000306797,-5.25516650123086,-13.745467617734676,-1.001533388347525,0.3676702304827124,0.4122773823880639,0.37326926952559525,0.31861238421807414,0.011306502999957502,0.10390684607435219,0.3806731047571752,-29.86088317788358,-17.910572464652432,-0.03347649910039108,572.6950912840687,1334.5750162815307,1635.1232848903433,1131.631461292359,13.44248814463062,10.532171662406293,13.64719608591941,16.52290549634788,244.01146440389,248.42062911352204,10.540534767642404,1944.2816144454075,8251.189271007093,2.609659226068446
3.0,16.0,576.9385174342594,1341.6156119091345,1640.3239495212595,1140.1667480188448,14.1179633945487,11.089079129505725,14.332957760963149,17.315342181211694,255.0156812203398,259.6586563840964,11.10795777021873,1938.2332329306284,8275.72331032275,2.7231259012348823,84,12110.41838790932,0.4995608369033943,56.50247704676477,499.66815838285265,0.16,4.744706811062542,11.098304380982881,12.65820418252406,10.597449402571556,0.6357481410779933,0.48074872285240566,0.6454295848507563,0.7814618172459724,12.595461790829745,12.839564294417158,0.5238523187164628,7.905199632460835,39.27895746525428,0.13498983054507274,573.2580737730027,1335.0332627724083,1634.5515338793223,1133.1076766941628,13.581721884654423,10.65569736615015,13.788550136704995,16.6739563354977,245.825399402529,250.27938463909786,10.679279695675728,1939.8912435228526,8252.783605216351,2.626056259738939
3.0,17.0,574.898135825651,1332.5702118198594,1622.8638274194243,1134.8801063476521,14.15449014946773,11.231774158692987,14.370040760880944,17.234624621369704,249.597329190471,254.23054972046785,11.252258080536485,1910.824289947784,8245.25074316273,2.62642858273165,83,11694.49915448125,0.4851132689406477,53.65190065828447,500.09571520803365,0.17,-2.0403816086084134,-9.045400089275063,-17.460122101835168,-5.286641671192683,0.0365267549190289,0.14269502918726218,0.03708299991779462,-0.08071755984198958,-5.4183520298687995,-5.42810666362854,0.14430031031775492,-27.408942982844337,-30.472567160020844,-0.09669731850323249,572.9644083159086,1334.4414536571903,1633.8489235728657,1132.733705996811,13.55305106341287,10.633531864527594,13.759442703972454,16.636980080256507,245.28565003737066,249.7295974967356,10.665249449114713,1939.2096234052933,8250.788373311512,2.619657929400712
3.0,18.0,575.8212399340246,1342.9647741511965,1646.545228775818,1138.9438348054168,13.821473487238096,10.805925924727514,14.031952778921925,17.013944583411718,252.64904859108503,257.20668952220245,10.811849389428042,1957.0255471954413,8280.66330476861,2.7080084685501142,82,13015.529982363316,0.5127453046793841,58.46452080930142,497.22341279330277,0.18,0.9231041083735363,10.394562331337056,23.681401356393735,4.063728457764682,-0.33301666222963355,-0.425848233965473,-0.3380879819590188,-0.22068003795798674,3.051719400614047,2.976139801734604,-0.44040869110844305,46.20125724765717,35.41256160588091,0.08157988581846443,572.7897768948125,1334.8005408487993,1635.2187309852065,1132.184230489453,13.480152245709721,10.5627374933587,13.685433751989564,16.56595755446336,244.72428831985957,249.14827691046054,10.579308468802717,1943.683967940025,8252.171870717031,2.6162659018740997
3.0,19.0,571.7957488045447,1332.9025854848064,1632.6077677047228,1125.5427068714089,13.196085171982332,10.33975097789296,13.39704078373841,16.238875510595378,239.44973175582692,243.79949699223292,10.216379585972604,1952.5594927825189,8248.321301288013,2.5434026013546562,81,14815.186160030627,0.5406309382114303,58.82007097029577,493.52563932799876,0.19,-4.02549112947986,-10.062188666390057,-13.937461071095186,-13.401127934007945,-0.6253883152557638,-0.4661749468345544,-0.6349119951835149,-0.7750690728163399,-13.199316835258116,-13.407192529969535,-0.5954698034554387,-4.466054412922404,-32.34200348059676,-0.164605867195458,572.8222729458239,1334.6741584222993,1634.7615721771592,1131.814736570328,13.48411341038759,10.569188787277232,13.689455238972172,16.56857205029068,244.61998200592024,249.04628358498252,10.575045137722288,1943.4665215859684,8251.975113048054,2.6134004589245285
3.0,20.0,569.076140816811,1326.2297395937749,1624.448303523118,1123.2875887762445,13.009796387749699,10.209027485218721,13.207915114466699,15.979645129921504,235.19808293330422,239.46165472040198,10.173948743880016,1938.5528445525779,8223.86368814818,2.4984434128643542,80,15024.463460475401,0.5268801399098371,58.18829083102656,491.62665232678637,0.2,-2.7196079877337525,-6.672845891031557,-8.15946418160479,-2.2551180951643346,-0.18628878423263373,-0.13072349267423888,-0.1891256692717107,-0.2592303806738734,-4.2516488225226965,-4.337842271830937,-0.042430842092587184,-14.006648229940993,-24.457613139833484,-0.044959188490302004,571.96128952092,1333.0817688545176,1633.3048166802078,1129.2648204057969,13.326415646567309,10.439553682023984,13.52935598636275,16.388069594894386,242.04549733789935,246.42076197137254,10.414795928362269,1945.570770212245,8246.771260657051,2.5850013860068786
3.0,21.0,583.3953433435935,1350.6747897410241,1644.9784934011843,1154.2870261488151,15.386967536441553,12.21078617971124,15.62128683902696,18.726082336007913,271.5217021057014,276.5622715113564,12.295014252283217,1918.9237724698166,8304.005753503698,2.8827538301395177,79,9084.533261416756,0.4684400654383505,52.91714308957152,507.9711723947348,0.21,14.319202526782533,24.445050147249276,20.530189878066267,30.999437372570583,2.377171148691854,2.001758694492519,2.4133717245602604,2.7464372060864086,36.3236191723972,37.10061679095443,2.1210655084032,-19.62907208276124,80.14206535551784,0.38431041727516346,573.7590805303407,1336.1388185451513,1635.8665041607787,1133.1240844241797,13.619465348094867,10.686591517470422,13.82686837370037,16.727154537758764,246.50717324992397,250.97886662090713,10.672301077978123,1943.2910405010043,8256.788243535013,2.6311652769560387
3.0,22.0,570.5568615979068,1338.7400803801095,1650.9487255335894,1131.6289917857634,12.853246485889603,9.935799766022717,13.048981203948834,15.941145323234286,240.86012333674486,245.1061921584209,9.983754013842871,1983.6108892547531,8266.341227054867,2.6034803932372377,78,15677.925952128287,0.533868288100574,62.729976441975175,489.3821091896856,0.22,-12.838481745686636,-11.934709360914667,5.9702321324050445,-22.658034363051684,-2.53372105055195,-2.2749864136885236,-2.5723056350781253,-2.784937012773627,-30.66157876895656,-31.456079352935518,-2.3112602384403456,64.6871167849365,-37.66452644883066,-0.27927343690228,573.5336496296688,1336.1071725867455,1636.2871745618775,1133.3577275458463,13.600571971448579,10.66733391955127,13.807687280658456,16.705655728978055,246.4711053408797,250.93783518252485,10.668210803452402,1944.1420974161,8256.849611213645,2.6314043363157147
3.0,23.0,574.1285467167456,1337.8000062439596,1639.6832098597838,1132.864951233096,13.578129247121428,10.640528407473932,13.784902788955765,16.704613615915964,246.42382671095493,250.87972312983047,10.581866819830541,1952.4162900974227,8261.226491248153,2.637423234624178,77,14075.81671289039,0.5338867310877949,58.798737674631724,495.5910861994968,0.23,3.5716851188387864,-0.9400741361498604,-11.265515673805567,1.2359594473325615,0.7248827612318252,0.704728641451215,0.7359215850069312,0.7634682926816776,5.563703374210064,5.773530971409571,0.5981128059876699,-31.194599157330458,-5.114735806713725,0.03394284138694026,574.06119688199,1336.9787580881398,1637.1476464034106,1134.1742084608136,13.671491213689785,10.726705546016436,13.879686511360187,16.790342164538153,247.55446582004484,252.04395114722934,10.721056645423987,1944.266330900516,8259.619509767665,2.64328150652166
3.0,24.0,554.6166011010179,1295.374796520189,1585.6583335357968,1107.8936006641588,11.870532066046225,9.314532675167905,12.051301589894646,14.503747422268324,215.40002884683707,219.25441661088774,9.650200952804582,1884.6515388202672,8120.757789935085,2.2821961402772093,76,15877.587077608616,0.4438755078132177,56.171598328209015,480.7172438734641,0.24,-19.511945615727768,-42.42520972377065,-54.02487632398697,-24.97135056893717,-1.7075971810752026,-1.3259957323060263,-1.7336011990611198,-2.2008661936476397,-31.023797864117853,-31.625306518942722,-0.9316658670259592,-67.76475127715548,-140.46870131306787,-0.35522709434696864,572.3420946197751,1332.9389903372207,1631.5723584613431,1131.9064853267673,13.54708991799561,10.638553511106702,13.753390779690971,16.61919010879022,244.85357741207753,249.2978742839576,10.665733506029936,1936.7125931349378,8246.259796228958,2.609339863570361
3.0,25.0,569.9258033248706,1326.9073208519678,1625.1367538000925,1122.0181020127293,12.977147010899133,10.179487585014039,13.17476853898389,15.96970799302003,234.79700200115678,239.04238691967177,10.043812099644725,1941.0199091275322,8225.436594475763,2.501789406211714,75,15339.674011016525,0.5474418874533402,58.68950374113302,492.1741671471674,0.25,15.309202223852708,31.53252433177886,39.478420264295664,14.124501348570448,1.1066149448529075,0.8649549098461335,1.123466949089245,1.4659605707517063,19.39697315431971,19.787970308784026,0.39361114684014353,56.36837030726497,104.67880454067745,0.2195932659345048,572.1152938899424,1332.5779916696022,1631.319459307479,1131.1513656664129,13.496583093738451,10.595669228942773,13.702114815978124,16.56277287169565,244.09125566924217,248.5202037669569,10.611704170844181,1937.7817807178744,8245.159020390784,2.6007051971225517
3.0,26.0,569.7724368542525,1329.4295577335758,1629.752823505479,1128.8353701388232,13.186239761555848,10.318940619042413,13.387045443203906,16.197381774469086,240.11398849810942,244.44194415248336,10.425185931380522,1939.2130075273174,8234.914656467627,2.564807335519193,74,14438.902602096134,0.5054608694522399,58.44186278788846,491.9232993940597,0.26,-0.15336647061803887,2.5222368816080234,4.616069705386508,6.81726812609395,0.2090927506567155,0.1394530340283744,0.21227690422001544,0.22767378144905592,5.316986496952637,5.399557232811588,0.38137383173579664,-1.8069016002148146,9.478061991863797,0.06301792930747885,571.3986858319419,1331.3593862520463,1630.2623467059009,1130.018227878411,13.403410730439166,10.518655377896442,13.607523584202198,16.45097683102139,242.60108639701917,246.9985325437956,10.54342698696036,1937.879758177543,8241.078155005272,2.5848733405509825
3.0,27.0,576.7718460515152,1338.2060481898552,1632.2348655179042,1140.4438324328007,14.35206670859577,11.358799796607084,14.570626100097225,17.50339726227725,254.94291945922697,259.6474173124103,11.404995449930027,1920.7098307402634,8264.728208649052,2.695362878289553,73,11204.637513312035,0.47962071545445883,54.10767858757126,501.29582301248195,0.27,6.9994091972627075,8.776490456279362,2.482042012425154,11.608462293977482,1.1658269470399212,1.0398591775646704,1.1835806568933194,1.306015487808164,14.82893096111755,15.205473159926953,0.979809518549505,-18.503176787053917,29.81355218142562,0.13055554277035997,571.5860568545282,1331.9229698890458,1631.1994505157488,1130.5746004869256,13.42316838635197,10.531357941687853,13.627582118123826,16.477854095112143,243.13564542389477,247.5402193029898,10.558700723899715,1938.868312256791,8243.025901553905,2.591766770106773
3.0,28.0,573.2076665899268,1345.1845931097628,1661.1268725989173,1133.2388581243215,12.881442625203555,9.91982240850233,13.07760672609498,16.029913837462615,242.52823392059193,246.78739582372404,9.875430319060182,1999.2376948364501,8287.257716421589,2.6338861149543713,72,16406.441940330544,0.5667001949017537,64.43655587204744,490.2456307717188,0.28,-3.5641794615884237,6.978544919907563,28.892007081013162,-7.204974308479223,-1.4706240833922148,-1.4389773881047532,-1.4930193740022446,-1.473483424814635,-12.414685538635041,-12.860021488686272,-1.5295651308698446,78.5278640961867,22.529507772536817,-0.061476763335181595,571.3246995201184,1332.1449517849026,1632.657614898059,1130.0041028188161,13.329165300148514,10.442747590065334,13.532147512841131,16.379451020517234,242.12356395684546,246.498289933142,10.465058816862928,1943.0895270208919,8243.685342719202,2.584354534747199
3.0,29.0,572.4642610010949,1334.8019681313622,1636.5831812919728,1128.5939083545304,13.298807228345876,10.401456424301745,13.501327135376522,16.38492308316386,242.41621198641676,246.79341043320267,10.311469978537422,1954.8360517819067,8253.033643285054,2.5894734787411178,71,14679.270299491836,0.5398151724483402,59.075478038113495,493.85428115328097,0.29,-0.7434055888319335,-10.3826249784006,-24.543691306944538,-4.644949769791083,0.41736460314232104,0.4816340157994148,0.4237204092815414,0.35500924570124326,-0.11202193417517492,0.006014609478626198,0.43603965947724,-44.401643054543456,-34.22407313653457,-0.04441263621325353,571.3915507397735,1332.334890049558,1633.055156256784,1130.3092229671283,13.339437505784868,10.448918134706213,13.542576148004944,16.39405577777408,242.42021197990442,246.79768127723895,10.47456785611941,1943.3171829208309,8244.156576918907,2.5889616224858445
3.0,30.0,569.6793311848757,1330.7523618904022,1633.6883103741025,1128.6512569214897,13.023097077993771,10.175554336718763,13.22141835329317,16.016245783822093,237.7436985911021,242.01662763800252,10.262214499601649,1948.2641567576834,8239.233743619667,2.53913888833612,70,14936.001282051282,0.5137475748827471,59.48864948359232,491.0238964060462,0.3,-2.7849298162192326,-4.0496062409599745,-2.894870917870321,0.057348566959262826,-0.2757101503521042,-0.22590208758298225,-0.2799087820833517,-0.3686772993417655,-4.672513395314667,-4.776782795200148,-0.04925547893577331,-6.571895024223295,-13.799899665387784,-0.05033459040499766,571.45186977658,1332.7871522792207,1633.9791569418824,1130.845589781653,13.340767574809277,10.445570819856218,13.543926471887591,16.397715843164143,242.67477354568422,247.05317856899902,10.483394431691574,1944.2883141413415,8245.693582466056,2.5930311700330213
3.0,31.0,574.2703322759629,1339.0387390467279,1642.9854951156397,1135.9728631336884,13.566219389224376,10.60349060401498,13.77281156266434,16.719616743212026,247.8989594936442,252.34404619362607,10.597776666386897,1953.1161219211954,8263.71028608032,2.6700998908995968,69,13955.705806819804,0.5284207785354054,59.38138752198624,495.31414253412055,0.31,4.591001091087264,8.28637715632567,9.297184741537194,7.321606212198731,0.5431223112306043,0.42793626729621614,0.5513932093711702,0.7033709593899324,10.155260902542125,10.327418555623552,0.3355621667852482,4.851965163511977,24.476542460653945,0.13096100256347665,570.5393686698169,1331.6235472097912,1633.7798571133278,1129.01417348014,13.158692760087558,10.28484126228659,13.359078944251328,16.197069283884552,240.31249928447852,244.631356037226,10.313670673101942,1947.707549086479,8241.664035723717,2.5717657761090296
3.0,32.0,569.6910647975388,1330.7103572364488,1634.1217909558984,1128.9916094980454,13.023159391533188,10.175554336718763,13.221481615769736,16.01696594194097,237.72123248819054,241.9901616673377,10.26209047706322,1948.265043716981,8238.931512329073,2.539725818959119,68,14936.001282051282,0.5137475748827471,59.48864948359232,491.0238964060462,0.32,-4.579267478424072,-8.328381810279097,-8.863704159741246,-6.981253635643043,-0.5430599976911878,-0.42793626729621614,-0.5513299468946045,-0.7026508012710551,-10.177727005453676,-10.353884526288368,-0.33568618932367755,-4.851078204214446,-24.77877375124808,-0.1303740719404778,570.4527889897802,1330.8205748954251,1632.0971636555587,1128.7504352513683,13.175684050651915,10.308816719356196,13.376328985433418,16.20465134575522,239.99861019962304,244.31975298811767,10.341504319423978,1944.1729645327018,8238.923064251137,2.5653903186812173
3.0,33.0,573.5971087595734,1334.1317289279305,1633.7617645725393,1133.4098698788798,13.62559654693383,10.681102449885005,13.833092941049573,16.761652033424742,247.407910829032,251.85569579763623,10.672034464481678,1936.2561828712942,8246.476558744715,2.665001580736866,67,13789.27261496225,0.5266086768883095,58.17169403594573,495.77966426243563,0.33,3.9060439620345733,3.4213716914816814,-0.36002638335912707,4.418260380834454,0.6024371554006418,0.5055481131662418,0.6116113252798367,0.7446860914837714,9.686678340841468,9.865534130298528,0.4099439874184583,-12.00886084568674,7.545046415641991,0.1252757617777469,570.3996451940628,1330.4537471638223,1631.5050191268342,1128.8049271159466,13.180430780633156,10.312874123597302,13.3811480006428,16.2103551875061,240.09701861143077,244.41735025489825,10.35052108388909,1942.5569538100892,8237.448071000796,2.568148153292486
3.0,34.0,574.9048398510671,1343.4597987651787,1652.0971944832766,1141.2539954494778,13.609634517420464,10.58718978467916,13.816887834944634,16.798060403570915,251.1421849187039,255.61323244221595,10.70144837476943,1963.3193088436064,8279.295806356193,2.7140213667221884,66,13642.245592405376,0.5092651910988945,59.96751666477615,495.048061513393,0.34,1.3077310914936788,9.328069837248222,18.335429910737275,7.844125570597953,-0.015962029513366005,-0.09391266520584551,-0.016205106104939304,0.03640837014617304,3.734274089671885,3.757536644579716,0.029413910287752643,27.063125972312264,32.819247611478204,0.04901978598532253,572.4284690690678,1335.2622473883212,1638.1489052215823,1132.1409665944786,13.35434102577058,10.440139834548429,13.557706625147798,16.439786485636358,243.67123421861749,248.05323183803108,10.455645826085576,1950.423730812423,8253.301872642905,2.6113306759369843
3.0,35.0,571.345506197091,1336.900096560918,1647.3774734426756,1126.4485104689518,12.725834564916104,9.853822092067158,12.91962899991483,15.807013951184496,236.80703303795153,240.98967429440833,9.72011500092623,1982.1369488760627,8258.852262286504,2.5609483326286893,65,16638.546456473214,0.5739875640221206,63.06888499084328,489.9105965097666,0.35,-3.5593336539760685,-6.559702204260702,-4.719721040600916,-14.80548498052599,-0.8837999525043596,-0.733367692612001,-0.8972588350298043,-0.9910464523864189,-14.335151880752363,-14.623558147807614,-0.9813333738432011,18.81764003245621,-20.44354406968887,-0.15307303409349915,572.5704393562899,1336.261524959216,1640.3729771858405,1132.5840074401008,13.329209781172278,10.40757328525374,13.532192671240892,16.423517081452808,243.87223732229694,248.2479605755047,10.423276116213724,1954.5354347872758,8256.64343942398,2.6172465685786817
3.0,36.0,567.1211962232345,1328.582851646236,1636.034450461447,1122.2492989936459,12.488151580941688,9.691039298688409,12.67832647811339,15.44906595301478,231.35697343813212,235.46320452898883,9.702503215712612,1966.8522631355977,8232.728735846866,2.4843486084718904,64,16691.186137001176,0.5421254968923116,62.15499460957145,486.89276950232374,0.36,-4.224309973856521,-8.317244914682078,-11.343022981228614,-4.199211475305901,-0.23768298397441612,-0.16278279337874935,-0.24130252180143863,-0.3579479981697169,-5.4500595998194115,-5.526469765419506,-0.01761178521361728,-15.284685740464965,-26.123526439638226,-0.07659972415679883,572.3053152931881,1336.1768543504822,1641.0011398814374,1131.9254003255833,13.259400963110863,10.34478315321834,13.46132077473184,16.348685499307372,242.99653581629923,247.35008661315524,10.351007844646933,1957.299360348104,8256.424847361905,2.609200695873951
3.0,37.0,573.5132568849456,1337.4886146241133,1640.2937552437318,1139.1953009409744,13.732651784798827,10.755984924397913,13.941778461724699,16.85546902735325,249.78776615746884,254.28672086929177,10.925245862415649,1941.9209030304341,8259.832959235933,2.6786375558446194,63,13012.074487667198,0.4891017598269951,57.87954982580152,495.5335853899754,0.37,6.392060661711071,8.90576297787743,4.259304782284744,16.94600194732857,1.2445002038571396,1.0649456257095036,1.2634519836113078,1.4064030743384723,18.430792719336722,18.823516340302945,1.2227426467030362,-24.93136010516355,27.104223389067556,0.19428894737272895,571.9794563765311,1336.105110993908,1641.8070288540198,1131.8005471764004,13.197459470731166,10.284501665997421,13.398436010894589,16.283892675814975,242.4810204861234,246.81401696884342,10.303032885895497,1959.4204675771211,8255.935322420592,2.607528163629458
3.0,38.0,577.117916384632,1338.7526408002448,1634.3192823310353,1140.5926253413659,14.294235446544752,11.282236006317797,14.511914158928679,17.480720884238288,255.48653862640813,260.1536507835348,11.301643907760305,1922.1762270755244,8264.332862676178,2.727990245207524,62,11628.719602977668,0.4965234851817438,55.31956449213652,500.9695291328567,0.38,3.604659499686477,1.2640261761314378,-5.974472912696456,1.397324400391426,0.5615836617459244,0.5262510819198845,0.5701356972039804,0.6252518568850363,5.698772468939296,5.866929914243002,0.37639804534465604,-19.74467595490978,4.499903440244452,0.04935268936290482,572.3704813560016,1335.4619157629563,1639.126269827232,1132.535923898105,13.338738752865288,10.42074302577897,13.541866754177956,16.428973380492543,243.776850956705,248.15064246482447,10.44565424476551,1951.7143208010286,8253.64283704605,2.616938576654773
3.0,39.0,573.5161872444562,1337.478566835256,1640.404244838697,1139.2826409402544,13.73266722534393,10.755984924397913,13.941794137405005,16.855658444750556,249.78182167924297,254.27971746979074,10.92521447230218,1941.9209029641618,8259.756385760455,2.6787951045248297,61,13012.074487667198,0.4891017598269951,57.87954982580152,495.5335853899754,0.39,-3.6017291401758484,-1.2740739649887018,6.084962507661658,-1.3099844011114783,-0.5615682212008224,-0.5262510819198845,-0.5701200215236746,-0.6250624394877313,-5.704716947165167,-5.873933313744033,-0.3764294354581246,19.744675888637403,-4.576476915723106,-0.04919514068269448,572.4756739803377,1335.7295756333456,1639.5083761819046,1133.6047971566773,13.382124752565094,10.456195875788584,13.585913454380806,16.47604691665121,244.5134119259876,248.8992731684833,10.507028694141985,1950.4228059192544,8254.31511129359,2.6258707392331444
3.0,40.0,568.2813892589999,1323.6747852490762,1620.1886799548752,1123.6187202864512,13.083988028964146,10.288565758836098,13.283236577628575,16.022764329062046,235.52801289792032,239.81311755105796,10.327921672455494,1928.186901140466,8217.067782472932,2.4927624817040375,60,14535.536583319348,0.5056304789155617,56.99853766054531,491.71940520390586,0.4,-5.234797985456339,-13.803781586179866,-20.2155648838218,-15.663920653803189,-0.6486791963797831,-0.4674191655618145,-0.6585575597764297,-0.8328941156885108,-14.253808781322647,-14.466599918732783,-0.5972927998466862,-13.734001823695735,-42.68860328752271,-0.18603262282079225,572.3358797877502,1335.021817969213,1638.1584131399816,1133.1015434931735,13.388213847662133,10.46749701800032,13.592095276814348,16.476698771175208,244.29184335666946,248.67892215978887,10.51359941142737,1948.4150803575321,8252.098515178917,2.621233098569936
3.0,41.0,569.6330497206715,1329.1554364704573,1631.8389816134477,1129.070477072312,13.131431064314189,10.27174680944984,13.331402095750445,16.144611926609784,239.16392504969954,243.45332030993757,10.356027992908086,1941.923482119558,8232.153155305019,2.5636058886123374,59,14867.2291113381,0.5172272868736041,59.115110101008206,491.3652073376854,0.41,1.3516604616715995,5.480651221381095,11.650301658572516,5.45175678586088,0.04744303535004235,-0.016818949386257387,0.048165518121869866,0.12184759754773822,3.6359121517792232,3.64020275887961,0.02810632045259176,13.736580979091968,15.08537283208716,0.07084340690829993,571.872151532221,1334.033487711586,1637.0437617897624,1132.4113048870358,13.34473501517111,10.434322638543804,13.547954330122957,16.41919828951498,243.41833991227494,247.78984957141998,10.489424544079487,1947.2958163773687,8248.942802101386,2.61058369834121
3.0,42.0,562.6838597799801,1319.3685264955698,1627.3189676524094,1104.8598579591887,11.538214919125735,8.908058528749482,11.713923775762169,14.36973681207063,215.71096952992517,219.5074056697443,8.661816951214034,1981.1605782677013,8203.505007290967,2.3152016096305954,58,19956.12215580409,0.6121729938848526,64.6846246792918,481.2963250711895,0.42,-6.949189940691326,-9.786909974887521,-4.52001396103833,-24.210619113123357,-1.5932161451884532,-1.3636882807003587,-1.617478319988276,-1.774875114539153,-23.452955519774378,-23.94591464019328,-1.694211041694052,39.23709614814334,-28.648148014051912,-0.248404278981742,571.1714310304652,1332.899304637498,1636.3634794594134,1129.99812973315,13.196240567930365,10.307573057746877,13.397198546122201,16.25447537652795,241.21731361644848,245.54157397166063,10.32939719149457,1950.5853698324404,8245.400151597576,2.588131277408358
3.0,43.0,575.2776055322059,1347.2669293882798,1663.8939743162,1140.0123735920747,13.181186869684133,10.15609800324062,13.381915603740236,16.395954336961818,247.70773956060097,252.02856196567157,10.189381292203352,1988.1539725996256,8290.72315148996,2.7150664586721613,57,15672.866172359305,0.558047272720487,64.18976151547629,492.3474009237332,0.43,12.5937457522258,27.89840289271001,36.575006663790646,35.15251563288598,1.6429719505583975,1.2480394744911383,1.6679918279780672,2.0262175248911873,31.996770030675805,32.521156295927284,1.5275643409893185,6.993394331924264,87.21814419899238,0.39986484904156594,571.3394807077284,1334.212824683533,1639.3767004337794,1130.6583801044696,13.151799600205397,10.255072613082438,13.352080812391264,16.217905606881654,241.24729648960533,245.55886058846417,10.281131874266737,1955.7751488052738,8249.8248108721,2.593137765201887
3.0,44.0,569.889703157675,1334.4239287249904,1645.001216924356,1130.9603738994058,12.835775271158852,9.95664352292535,13.03124393011051,15.884081160333961,238.40657550716867,242.6081701077825,10.011468625021338,1967.7616731660503,8250.222170024042,2.5792110601368803,56,15692.978540221024,0.5319664182346788,62.217028017370055,489.368846292706,0.44,-5.387902374530995,-12.843000663289331,-18.892757391844043,-9.051999692668915,-0.34541159852528125,-0.19945448031526958,-0.3506716736297264,-0.5118731766278568,-9.301164053432302,-9.420391857889058,-0.1779126671820137,-20.392299433575317,-40.50098146591699,-0.13585539853528106,570.8379670383891,1333.3092376795144,1638.6671026778877,1129.6290179494624,13.074413675579233,10.192017986907057,13.273516421907853,16.126507682557964,239.9737355484518,244.2583543550208,10.212133899291928,1956.219385237518,8246.917447238886,2.5796567345433568
3.0,45.0,563.5998740120519,1321.701659299574,1629.7218312727236,1118.739167120086,12.22872554800478,9.505483042486771,12.414949794928711,15.110472144921216,226.20706582495077,230.20865332038443,9.545622489757843,1961.5439372635233,8208.54889671195,2.4268986518201316,55,17232.91782295364,0.5375227180555121,62.41527576391141,483.9446203401985,0.45,-6.289829145623003,-12.72226942541647,-15.27938565163231,-12.2212067793198,-0.6070497231540717,-0.45116048043857937,-0.6162941351817981,-0.7736090154127453,-12.199509682217894,-12.399516787398085,-0.4658461352634955,-6.217735902527011,-41.673273312091624,-0.15231240831674864,570.0634038198853,1331.7893939533799,1636.9015384608922,1128.8580836145761,13.024702773888103,10.15718408194902,13.223048501409242,16.056853501931634,238.91373882715175,243.18025225761843,10.19468464817509,1954.1600840762644,8241.88711068143,2.566251766462501
3.0,46.0,573.6255301965414,1334.033150267956,1634.8356882029268,1134.2507787043903,13.6257557402365,10.681102449885005,13.833254558615735,16.763506578581737,247.35156442090707,251.78915539510106,10.671735071391279,1936.2540503323878,8245.746976566192,2.666532772368183,54,13789.27261496225,0.5266086768883095,58.17169403594573,495.77966426243563,0.46,10.025656184489435,12.331490968382013,5.113856930203156,15.511611584304319,1.3970301922317194,1.1756194073982336,1.4183047636870239,1.6530344336605207,21.144498595956293,21.580502074716634,1.1261125816334356,-25.28988693113547,37.19807985424086,0.23963412054805122,570.713837217216,1332.3344238155519,1636.7816622350404,1130.0582315856504,13.138463189817585,10.256190397068679,13.338541309459476,16.18829756448833,240.5131979254292,244.8128473442297,10.291607833742956,1951.100262795943,8243.188934753362,2.5844701828521304
3.0,47.0,573.5778991946195,1336.6292069595338,1640.5660376506373,1133.8660660328094,13.437100487636009,10.514930695654035,13.64172638338681,16.54814419316519,244.40038770269643,248.78953968962261,10.484295470821436,1950.784308282462,8255.881028272248,2.6242058362260927,53,14267.166132135984,0.531967890178492,59.17169680690216,494.7914922412333,0.47,-0.04763100192189995,2.5960566915778145,5.730349447710523,-0.38471267158092814,-0.18865525260049054,-0.16617175423096953,-0.19152817522892462,-0.2153623854165474,-2.9511767182106325,-2.9996157054784476,-0.1874396005698422,14.530257950074201,10.134051706056198,-0.042326936142090155,570.7203014481832,1332.2484830490937,1636.8088904757308,1129.525308094834,13.108908060101303,10.232084974194292,13.308536101625688,16.157565081069524,239.974460079952,244.26312922626275,10.247512794583535,1951.986603321146,8242.793741656995,2.5790270108902775
3.0,48.0,570.6392355312962,1332.6991332737095,1636.8770254791846,1129.7258204229802,13.065356645131105,10.198941387531494,13.26432146713818,16.088436389156684,238.88131769445187,243.17185766171178,10.238501231400756,1953.0997281334835,8246.200292174779,2.550617838088502,52,14811.666432151966,0.5172050146951324,59.393612941728186,491.8014066687696,0.48,-2.9386636633232683,-3.9300736858242544,-3.6890121714527595,-4.140245609829208,-0.37174384250490355,-0.3159893081225409,-0.37740491624863104,-0.45970780400850586,-5.519070008244569,-5.617682027910831,-0.24579423942068068,2.3154198510214883,-9.68073609746898,-0.07358799813759065,570.0724333628498,1331.6431322964404,1637.0646647905457,1128.4386276029952,12.986020179959937,10.123755512315661,13.183776832446636,16.01833663156136,238.3139379867564,242.56494991408044,10.14119852694758,1955.078953426942,8240.980484606855,2.5612897701783752
3.0,49.0,577.2796002480932,1341.979430800761,1641.2760191535126,1147.8404657916146,14.469457609200933,11.393322313540187,14.689804679391811,17.675881810290758,260.0487368787542,264.7873772380992,11.596725933891634,1924.5398128169422,8276.296882955365,2.773879416637142,51,10726.35294117647,0.45777741638194636,54.6353055153196,501.0674486519958,0.49,6.640364716796967,9.280297527051516,4.39899367432804,18.114645368634456,1.404100964069828,1.1943809260086926,1.4254832122536314,1.587445421134074,21.167419184302332,21.61551957638744,1.3582247024908778,-28.559915316541264,30.096590780585757,0.22326157854864004,570.4487746632135,1332.0932186929908,1637.1518422220274,1129.2944100881314,13.059699218345639,10.187489251229888,13.258577886645318,16.100358968115383,239.3406295067075,243.61571589091128,10.208349673106525,1953.3408444122201,8242.634534326346,2.5707982013896062
3.0,50.0,571.591025728269,1331.7787837285894,1631.73292250423,1136.305874865708,13.5997776168118,10.681218457572937,13.806880829250558,16.648236785703556,245.59098222345932,250.03609816329737,10.87753935698462,1927.980340065792,8241.764429449224,2.617926486903462,50,12949.761465603191,0.47435720868832093,56.68103893558303,494.6779490313114,0.5,-5.688574519824215,-10.200647072171705,-9.543096649282688,-11.534590925906741,-0.8696799923891341,-0.7121038559672499,-0.8829238501412533,-1.0276450245872013,-14.457754655294877,-14.751279074801857,-0.7191865769070134,3.440527248849776,-34.53245350614088,-0.1559529297336799,570.7797383101404,1332.903618540942,1638.3062664769627,1130.563125546057,13.111278177130405,10.226754521103572,13.310942311807517,16.162906213779532,240.34692643926138,244.63801395213522,10.263311441559438,1953.3201883047527,8245.104199023974,2.5833146019095485
3.0,51.0,583.6735800087583,1354.996405731406,1658.185270615734,1158.68620148607,15.203913987388491,11.974502669612688,15.435445672475623,18.601318705512508,273.0660242724164,278.032619089858,12.105582117269321,1938.372445700689,8317.087987415352,2.9372256430122614,49,9700.516832917705,0.4767063195420025,55.43122899641321,506.26535149953816,0.51,12.082554280489376,23.217622002816597,26.45234811150408,22.38032662036221,1.6041363705766916,1.293284212039751,1.6285648432250657,1.9530819198089517,27.475042048957107,27.996520926560606,1.2280427602847013,10.392105634897007,75.32355796612865,0.3192991561087992,572.183791338949,1335.487715467037,1640.9408953771915,1133.5246979874328,13.318526469437833,10.397030107119857,13.521346669480033,16.408576891669806,243.73713636153312,248.0959438301273,10.438266853995561,1952.9650846628654,8253.59768223501,2.620676577349541
3.0,52.0,572.9245147955046,1341.0569014013288,1654.2087829822233,1135.2519297060846,13.09404075019873,10.12620854232492,13.293442385988557,16.253650901360157,244.86052840975933,249.15204722023387,10.137326605855518,1978.517466542109,8270.482234430072,2.6706025592606193,48,15648.195472511678,0.5514506314033262,62.96538991216473,491.35585051050265,0.52,-10.749065213253743,-13.93950433007717,-3.9764876335107147,-23.434271779985465,-2.1098732371897615,-1.8482941272877689,-2.142003286487066,-2.3476678041523513,-28.205495862657102,-28.880571869624106,-1.968255511413803,40.14502084142009,-46.60575298528056,-0.2666230837516421,573.2078568405016,1337.656552957613,1643.629876910173,1136.5639051621224,13.474109052545135,10.5188451084774,13.679298530502672,16.596968300598757,246.6520922495165,251.06040798517625,10.58581781945971,1952.7007734903066,8260.295404948918,2.6562166723125435
3.0,53.0,577.8198711043598,1348.7785070248901,1658.1928146663347,1144.88360696275,13.964416452001798,10.886854237587498,14.177072540103348,17.21626491554364,256.57175361207294,261.1706560113061,10.898259057637691,1969.1300173885272,8300.358827436155,2.7589223916765877,47,12814.534372226059,0.51356266218067,59.1200893269287,498.2260860313956,0.53,4.895356308855185,7.721605623561345,3.9840316841114145,9.631677256665398,0.8703757018030682,0.7606456952625784,0.8836301541147904,0.9626140141834831,11.711225202313614,12.01860879107224,0.760932451782173,-9.387449153581883,29.876593006083567,0.08831983241596841,573.4620833977169,1337.807710721274,1643.0597609451863,1137.05102849919,13.5524320107769,10.591920731912088,13.758814224138984,16.67899935845694,247.5384936546637,251.9746173897397,10.656705596003144,1950.7983779691967,8261.25897254354,2.660602265612986
3.0,54.0,572.9571079229864,1336.004759934904,1640.8313705105006,1133.7299508926524,13.38831625219574,10.470691168393698,13.592199240807858,16.481213180018937,243.82393036247453,248.20034124392834,10.474368012777438,1951.94430774004,8255.502924090342,2.6146472768917,46,14298.890081912774,0.5247756092618835,59.308782520931814,494.10654443658063,0.54,-4.862763181373339,-12.773747089986045,-17.36144415583408,-11.153656070097668,-0.5761001998060582,-0.4161630691938001,-0.5848732992954897,-0.7350517355247028,-12.747823249598412,-12.970314767377772,-0.42389104486025353,-17.185709648487318,-44.8559033458132,-0.14427511478488775,573.768823874248,1337.9657938422652,1642.642776303801,1137.3279861985145,13.60768610888059,10.643325496458925,13.81490975520872,16.738712560425437,248.0802291401943,252.5338345033543,10.702995534778754,1949.2166414265957,8261.787047950169,2.664145887288468
3.0,55.0,574.9406199169379,1340.19377384773,1645.444342025389,1135.4781142868933,13.601169275157485,10.642474191229898,13.808293680362928,16.74717816987101,247.58707716455712,252.04937458967564,10.567313175239406,1958.9535285425843,8271.524460096429,2.6489072931779614,45,13891.783425297113,0.532232071594011,58.98879425675437,496.0420131758154,0.55,1.9835119939514243,4.189013912825885,4.612971514888386,1.748163394240919,0.21285302296174535,0.17178302283620006,0.21609443955506968,0.2659649898520726,3.763146802082588,3.8490333457473014,0.09294516246196771,7.009220802544405,16.021536006086535,0.03426001628626141,574.9028984647366,1339.815005297081,1644.2150273790674,1139.0018809151952,13.744930481595858,10.757024611333236,13.95424414375214,16.90238316292042,250.21823027415493,254.7179066302834,10.80516460332691,1948.9576005545018,8268.084604288615,2.6863467514242516
3.0,56.0,572.1868911204625,1337.5399117645136,1646.4084784739036,1138.7459503584705,13.428891658805416,10.476021433250205,13.633392547010574,16.53091381553138,246.27275569008702,250.66060359226742,10.641593620247056,1955.678199098264,8259.853490474112,2.652608774191495,44,14007.976530288614,0.5024640320603623,60.0488835746232,492.8460151805969,0.56,-2.753728796475343,-2.6538620832163815,0.9641364485146369,3.2678360715772214,-0.17227761635206917,-0.16645275797969283,-0.17490113335235336,-0.21626435433962854,-1.3143214744700913,-1.3887709974082156,0.07428044500765019,-3.2753294443202776,-11.670969622316989,0.003701481013533847,574.7590345571286,1340.1656814467365,1645.372306406165,1139.4513980806032,13.725244073452751,10.736516509669757,13.934257942591625,16.879123886615382,250.11034940107294,254.60505145000002,10.802150458212488,1950.9000154310895,8269.495255679407,2.6849543516065824
3.0,57.0,567.0799753183381,1328.728346328514,1640.130784604004,1124.8779237774959,12.375593543196166,9.571404941073594,12.564054358574786,15.34160299240295,230.61068596563342,234.65649669708688,9.616803645783678,1967.757362687795,8231.117498446174,2.4930396767882965,43,17022.621609682836,0.5462649584274661,62.809607200039515,486.2320322146595,0.57,-5.106915802124377,-8.811565435999682,-6.277693869899622,-13.868026580974629,-1.05329811560925,-0.9046164921766113,-1.069338188435788,-1.189310823128432,-15.662069724453602,-16.00410689518054,-1.0247899744633777,12.079163589530935,-28.735992027937755,-0.1595690974031987,574.1092421695006,1339.3755953836346,1645.3287811015016,1138.552583855072,13.619093379008765,10.642163934211712,13.82649074011042,16.758469766539157,248.7313792273666,253.19174715074647,10.715401275708711,1952.5973208716227,8267.018902696802,2.6718377356628027
3.0,58.0,564.4863509155907,1319.9424699600597,1625.3882064211061,1113.4614866772015,12.099817634710506,9.406883792624633,12.284078816964982,14.986754035272451,223.29936929301647,227.2504388822585,9.27222036983574,1958.7705549075486,8202.717251968668,2.3982402117713444,42,17981.125968586388,0.5746935951335268,62.29747155973425,484.7956266401199,0.58,-2.593624402747423,-8.785876368454183,-14.742578182897887,-11.416437100294388,-0.27577590848565947,-0.16452114844896037,-0.2799755416098044,-0.354848957130498,-7.311316672616954,-7.406057814828387,-0.34458327594793836,-8.986807780246409,-28.40024647750579,-0.09479946501695213,573.4939537079301,1338.0999290522698,1644.1798991956937,1136.926150480494,13.522539477966706,10.562958174721025,13.728466475093104,16.648301531150736,247.1731843872231,251.59960527280114,10.618773189552211,1953.1644035490292,8262.67059867619,2.6565999730310867
3.0,59.0,574.9832089373043,1340.608335402467,1646.9563869167848,1133.3223767744194,13.479505582919833,10.538309341865544,13.684777241542978,16.625222634427974,245.74289427359244,250.17499913979998,10.371218863940479,1967.163805029172,8273.374740077496,2.6236071835703783,41,14408.602976138065,0.5479861777165915,59.341800059064695,495.67399374343296,0.59,10.496858021713592,20.665865442407267,21.56818049567869,19.86089009721786,1.3796879482093267,1.1314255492409107,1.400698424577996,1.638468599155523,22.443524980575972,22.924560257541486,1.0989984941047393,8.393250121623396,70.65748810882724,0.22536697179903387,573.2643145768511,1337.96281951244,1644.7479359720212,1135.4743415787746,13.423544275338596,10.47745687755356,13.627963731308219,16.543235613564455,245.74260012670692,250.1383674629712,10.496222482557096,1957.4268027702522,8262.378384388403,2.6415727497244106
3.0,60.0,571.5506195060007,1333.8872896192195,1640.140214595923,1131.5652348864683,13.156911558186138,10.275238038707643,13.357270617447858,16.217673009191625,240.3383691456406,244.63760393803884,10.258168306807049,1954.7339460051548,8248.229710233096,2.5760981627828534,40,14822.97326901819,0.5307563072370531,59.67431496390265,492.5275687612661,0.6,-3.4325894313036542,-6.721045783247519,-6.816172320861824,-1.757141887951093,-0.3225940247336947,-0.2630713031579006,-0.3275066240951201,-0.4075496252363493,-5.4045251279518425,-5.537395201761143,-0.11305055713343037,-12.429859024017105,-25.145029844399687,-0.047509020787524836,573.2602739546244,1338.1736701015034,1645.5886651811902,1135.0002775808505,13.37925766947603,10.436858835667033,13.583002710127948,16.50017923591326,245.21733881892504,249.59851804044538,10.434285377539338,1960.102163364188,8263.02491246679,2.63738991731235
3.0,61.0,564.976872398897,1327.6179586634114,1642.4584610282784,1120.2923574277572,12.15973023033728,9.387474916192343,12.344903787144448,15.106758472021923,228.1228004603432,232.1179835053325,9.349982360919686,1985.7894736718915,8229.919488436804,2.460345749324486,39,17941.588654477262,0.561100590813065,64.27295502735537,483.4758781145934,0.61,-6.5737471071037135,-6.269330955808073,2.3182464323554086,-11.272877458711037,-0.9971813278488586,-0.8877631225153007,-1.0123668303034101,-1.1109145371697018,-12.215568685297399,-12.519620432706347,-0.9081859458873627,31.05552766673668,-18.310221796291444,-0.11575241345836762,571.3906031936383,1335.4358253947037,1644.015984222445,1131.1608931750193,13.07483929377091,10.178156060324998,13.273948521594832,16.150723212564206,240.72301643771772,245.00705448199278,10.158725401904373,1964.8438661613086,8254.308062568934,2.589701927943572
3.0,62.0,568.3984846435606,1331.0373408160017,1642.4666652776953,1121.1095280442426,12.434643219546295,9.645084337690747,12.62400326857492,15.42252550888184,230.4151564526114,234.49550884526886,9.469014008023171,1981.8752739118465,8240.770898240355,2.4728438933904235,38,17447.61756721254,0.5796553813849515,62.823862166838595,487.4280793009311,0.62,3.4216122446636064,3.4193821525902877,0.008204249416849052,0.8171706164853276,0.27491298920901563,0.2576094214984046,0.2790994814304728,0.315767036859917,2.292355992268199,2.377525339936369,0.11903164710348513,-3.914199760044994,10.851409803550268,0.012498144065937744,570.9380001784438,1334.433869336171,1642.841772451992,1129.746653008835,13.008899540705665,10.13004363986158,13.207004609853467,16.067610673316373,239.2784792420029,243.5414006444963,10.091894142121138,1965.1796468982823,8251.336928949964,2.5699260613565524
3.0,63.0,577.1814651101437,1338.496746255682,1636.7802503950936,1142.5424239115748,14.294592635268138,11.282236006317797,14.512276787074253,17.485021073387653,255.35033495561856,259.99282916981184,11.300921595283159,1922.1762328913292,8262.626262942978,2.731584233479776,37,11628.719602977668,0.4965234851817438,55.31956449213652,500.9695291328567,0.63,8.782980466583126,7.459405439680268,-5.686414882601639,21.432895867332263,1.859949415721843,1.63715166862705,1.8882735184993322,2.062495564505813,24.935178503007165,25.497320324542983,1.8319075872599875,-59.69904102051737,21.855364702623774,0.25874034008935265,570.8741595790221,1333.4056932592503,1640.7005160248677,1129.5125347037176,13.0419171590323,10.16958181673461,13.240525034550558,16.094486289100775,239.1563373763575,243.4236179603469,10.132160395885686,1960.4842684485625,8247.563672500646,2.567192245536871
3.0,64.0,574.0477491948992,1331.3510341143608,1628.8757435849268,1132.8673542320118,13.73300549674928,10.840220949218471,13.942137560151554,16.831150980163695,245.01115095436072,249.458632627012,10.737989706390927,1924.0128063799616,8237.079485055143,2.6177002083966774,36,13377.25071063104,0.5280514547877722,56.44347974453006,497.5179329063373,0.64,-3.1337159152444656,-7.145712141321155,-7.904506810166822,-9.675069679562966,-0.561587138518858,-0.44201505709932576,-0.5701392269226986,-0.6538700932239578,-10.339184001257848,-10.534196542799833,-0.5629318888922317,1.836573488632439,-25.54677788783556,-0.1138840250830988,570.9832237062135,1332.940320677196,1639.5049533323104,1129.4262750376533,13.076386083487654,10.206534794817088,13.27551886648493,16.12948006911525,239.2750594355461,243.5494470986552,10.158522565247036,1957.6911183125546,8245.721328597127,2.567497538687369
3.0,65.0,575.3471360361181,1347.0260150008353,1666.3205151950722,1141.910499920086,13.181584763627711,10.15609800324062,13.382319556982448,16.400306094950473,247.57657815567464,251.87480464117948,10.188626984214253,1988.1545152110134,8289.044169348608,2.7184595610975677,35,15672.866172359305,0.558047272720487,64.18976151547629,492.3474009237332,0.65,1.2993868412188476,15.674980886474486,37.44477161014538,9.043145688074219,-0.551420733121569,-0.6841229459778511,-0.5598180031691058,-0.4308448852132223,2.5654272013139234,2.416172014167472,-0.5493627221766744,64.1417088310518,51.964684293465325,0.10075935270089031,571.0238753181314,1333.6235447925064,1641.5925706492787,1130.0695136009729,13.034427632334674,10.15789717601816,13.23292145414688,16.094792861623198,239.27400953465786,243.53199010380564,10.12065394614452,1960.6112169793973,8247.473299522344,2.5744527654793297
3.0,66.0,577.9216495156663,1338.1735986372644,1633.3145092284824,1141.3325555460838,14.441692652802207,11.453429174918547,14.661616906398178,17.610254909036914,254.80491988483794,259.5042443568863,11.391558610989827,1917.64052521171,8262.8266729241,2.6953994111732706,34,11257.177299473522,0.4963275957731464,53.74397239732315,502.64671294807135,0.66,2.5745134795482727,-8.85241636357091,-33.00600596658978,-0.5779443740022998,1.2601078891744955,1.2973311716779268,1.2792973494157298,1.2099488140864416,7.228341729163304,7.629439715706837,1.202931626775575,-70.51398999930348,-26.21749642450777,-0.023060149924297058,571.5973511576519,1333.6869134797817,1640.2831737247368,1130.328174119734,13.135707731734357,10.255637950184994,13.335743890085642,16.20272697097375,240.12722595413297,244.41635418026755,10.195650445218797,1956.8074495907422,8247.770617767343,2.5787318291775074
3.0,67.0,574.4433034462281,1337.8019749893,1640.1773378757907,1152.2543748272176,14.407198150431988,11.344695875571865,14.626597107037552,17.538335473870625,259.1487095180612,263.8346828330056,11.822606555632884,1913.7569367310543,8261.877271937685,2.768123998772995,33,10238.965942028986,0.4082238206072994,54.06023629437322,498.78863465830614,0.67,-3.478346069438203,-0.3716236479642703,6.8628286473083335,10.921819281133821,-0.03449450237021878,-0.10873329934668163,-0.035019799360625825,-0.07191943516628996,4.343789633223253,4.330438476119298,0.4310479446430566,-3.8835884806555896,-0.9494009864156396,0.07272458759972444,572.3336839704409,1334.5942763458602,1640.2878290519152,1133.0658192247063,13.338868192457937,10.432967043634822,13.541998164931917,16.42240021912052,242.98102830937574,247.3341727938594,10.416230736203717,1951.4074069950682,8250.846595116493,2.6062402613759774
3.0,68.0,570.3212823016163,1327.9870749149463,1630.365761979486,1126.9588166721705,13.099940606982472,10.279899431063908,13.299432088307078,16.101728758436007,236.46159234760626,240.72355981370703,10.209219443536613,1941.6368869713551,8228.555093952784,2.518771352717945,32,14933.242708902239,0.5327365630933458,58.28401049723852,492.54911376860406,0.68,-4.1220211446118356,-9.814900074353773,-9.811575896304703,-25.295558155047047,-1.3072575434495164,-1.064796444507957,-1.327165018730474,-1.4366067154346176,-22.68711717045494,-23.11112301929859,-1.6133871120962713,27.879950240300786,-33.32217798490092,-0.24935264605504992,572.9171771090435,1335.3987368413489,1640.7855846077534,1134.415552224203,13.438880489685136,10.52026860747875,13.643533492066126,16.53389769143687,244.2972506148347,248.68148488700427,10.509930643573805,1949.6940402014486,8253.430379314905,2.6182933754706377
3.0,69.0,574.5981623110054,1340.5994391000559,1649.9837182923616,1137.2613214196833,13.510644140607871,10.543789765918577,13.716389990464844,16.670537911158384,247.32204165860844,251.73574127415344,10.501676601827196,1964.8471941931355,8270.224930728145,2.662783450231796,31,14318.288535852296,0.5360028999347757,59.887468139825344,494.93609131377684,0.69,4.27688000938906,12.612364185109527,19.61795631287555,10.302504747512785,0.4107035336253997,0.2638903348546684,0.4169579021577654,0.5688091527223769,10.860449311002185,11.012181460446413,0.29245715829058305,23.21030722178034,41.669836775361546,0.1440120975138508,572.8786724464136,1335.3978472111078,1641.088317745311,1134.8094466887296,13.441994345453939,10.520816649884052,13.646694766958314,16.538429219109915,244.45516535333627,248.83755910043956,10.522976417362475,1949.462379117845,8253.11539837997,2.6222110021367793
3.0,70.0,564.5745599600356,1324.8230744835207,1639.05784406279,1115.5583768371132,11.892636517518833,9.185447525378656,12.073742657379526,14.792455692808252,222.35067685238133,226.2415845222422,9.037838924069135,1985.596893869413,8220.139578865128,2.3936102116747384,30,18770.44378471557,0.5854519666656866,64.36790120603938,483.0064793140215,0.7,-10.023602350969782,-15.776364616535147,-10.925874229571491,-21.702944582570126,-1.6180076230890386,-1.3583422405399208,-1.6426473330853177,-1.8780822183501318,-24.971364806227115,-25.494156751911248,-1.463837677758061,20.749699676277487,-50.08535186301742,-0.26917323855705755,572.181066491817,1334.4914256975378,1640.980080691998,1133.2087608837942,13.315566841387206,10.411837598551152,13.518341970951479,16.39590748747158,242.65639612401037,246.9979571588599,10.400943479088685,1952.548673904271,8250.306385243173,2.6039622070259676
3.0,71.0,576.0738667192245,1342.969893637746,1652.4382767697898,1140.761572330782,13.743817138490833,10.745343906812352,13.953113846183587,16.934630481923108,250.43202441712944,254.9162834521738,10.714584151132986,1962.5159440291095,8278.334545707772,2.6930416639424424,29,13713.025502008031,0.5294830343944121,59.43634449909012,496.5629400138749,0.71,11.499306759188926,18.14681915422534,13.380432706999727,25.203195493668773,1.8511806209720003,1.5598963814336955,1.8793711888040612,2.142174789114856,28.081347564748114,28.674698929931594,1.6767452270638508,-23.080949840303447,58.194966842644135,0.29943145226770396,573.2907659238497,1336.0266191949715,1641.9780622661488,1135.2556823740965,13.473975532202564,10.547624497613153,13.679162976855395,16.578694688461695,244.88731851968902,249.27778715354407,10.537403658110014,1950.221320939993,8255.147890970271,2.627231798487763
3.0,72.0,582.5572830577396,1347.7913645750316,1646.9483319819697,1154.7231165971432,15.20210044913571,12.050479049468608,15.433604516889046,18.533223200386704,268.89065123789817,273.81927086417795,12.085347808722807,1919.2728668684342,8293.433792318343,2.871243138476545,28,9550.787930301742,0.47884889998893965,53.36811135669388,506.9774621796941,0.72,6.483416338515099,4.8214709372855395,-5.48994478782015,13.961544266361216,1.4582833106448767,1.3051351426562565,1.4804906707054588,1.5985927184635962,18.45862682076873,18.902987412004165,1.370763657589821,-43.243077160675284,15.099246610570844,0.17820147453410273,574.7066457652676,1337.7020215708742,1642.426228936576,1138.6170412293866,13.750721255161503,10.78816396879094,13.960123101686808,16.88976445761218,248.73486799821768,253.210163355435,10.799037038179979,1943.9610802356517,8260.41418037807,2.6670717229963756
3.0,73.0,562.7977705213546,1318.9290263752973,1631.3775018070546,1107.995863929505,11.538841213702947,8.908058528749482,11.71455960782025,14.375898575065591,215.51123558835528,219.27358280534148,8.660620860672363,1981.160859432388,8200.629720829731,2.320110051033953,27,19956.12215580409,0.6121729938848526,64.6846246792918,481.2963250711895,0.73,-19.759512536385046,-28.862338199734268,-15.570830174915045,-46.72725266763814,-3.663259235432763,-3.142420520719126,-3.7190449090687956,-4.157324625321113,-53.37941564954289,-54.545688058836475,-3.424726948050443,61.88799256395373,-92.80407148861195,-0.5511330874425919,573.2682763063888,1335.7452495828359,1641.8859540777726,1135.1623852311798,13.475146113004985,10.550746221034109,13.680351383761408,16.578852207779978,244.75095806149133,249.13823871898794,10.5350069647189,1949.8595428897574,8254.214526166743,2.6259243047517935
3.0,74.0,577.7047592324923,1334.2928372502308,1625.3122797513001,1147.2588159386437,14.845018901071878,11.840807689407201,15.071085178753176,17.987435236029015,258.2322821457784,263.0195824284666,11.999023807306672,1886.123808171683,8246.969439257462,2.726783267752828,26,9628.145180619757,0.44699135033658993,50.96542586130836,504.4736186128499,0.74,14.906988711137728,15.363810874933506,-6.065222055754475,39.262952009138644,3.3061776873689315,2.9327491606577194,3.3565255709329254,3.6115366609634236,42.721046557423136,43.74599962312513,3.338402946634309,-95.03705126070486,46.339718427730986,0.4066732167188749,573.6339773101481,1336.0394298964227,1641.5296076944098,1136.6015314018427,13.586347453437245,10.650804895052982,13.79324614562157,16.694480633366506,246.0730711806331,250.4943336991334,10.661110374810473,1946.0706430689297,8255.203521586975,2.6368326106874083
3.0,75.0,569.9424781535565,1334.9109360162556,1650.2105597495213,1129.8751866702114,12.643722834329814,9.779834472769005,12.83626683688306,15.69577869582302,235.72771230903967,239.86234710370078,9.73083298357427,1980.481188614113,8252.822739858027,2.5458742038478737,25,16351.197643860443,0.5507132830450208,62.56762824462559,488.75323043848556,0.75,-7.762281078935757,0.6180987660247865,24.898279998221142,-17.383629268432287,-2.2012960667420636,-2.060973216638196,-2.234818341870115,-2.291656540205995,-22.50456983673874,-23.15723532476582,-2.268190823732402,94.35738044242999,5.85330060056549,-0.18090906390495443,573.093511521892,1334.827921997965,1639.9186121498547,1135.3980000768554,13.532561260507455,10.613178542005821,13.73864087361163,16.624027893453764,244.8881845959696,249.2930879453855,10.615330974746474,1945.3033104092397,8251.581378637919,2.6195740749624385
3.0,76.0,569.949401524766,1334.8855141829843,1650.4585270613682,1130.0690829678322,12.643760277246669,9.779834472769005,12.836304849996617,15.696196943200064,235.71490035053952,239.84729577418668,9.730761344074594,1980.4811887025573,8252.649048673336,2.546204036920438,24,16351.197643860443,0.5507132830450208,62.56762824462559,488.75323043848556,0.76,0.006923371209495599,-0.025421833271366268,0.24796731184687815,0.19389629762076765,3.74429168541468e-05,0.0,3.801311355644543e-05,0.000418247377044878,-0.012811958500151377,-0.015051329514108147,-7.163949967647909e-05,8.844426702125929e-08,-0.1736911846910516,0.00032983307256451155,572.2962867228018,1334.4991135525368,1641.6330139331433,1134.2716528190304,13.352768022951901,10.445819071790867,13.556109667971475,16.432622096870077,242.9791826425398,247.32739308711558,10.449251248054951,1951.5873767583241,8250.563616212841,2.6046545375371553
3.0,77.0,568.9760228942137,1329.947188060432,1642.6224351785029,1121.3888965295182,12.391521572127532,9.600160148174682,12.58022494632237,15.400830736392228,229.89219974423523,233.93205741357903,9.370695969022238,1978.79605361851,8236.016306865693,2.4788856815138978,23,17495.400270369915,0.587425915940294,62.53941049912176,488.0577292096035,0.77,-0.9733786305523608,-4.938326122552326,-7.836091882865276,-8.680186438313967,-0.2522387051191366,-0.1796743245943233,-0.25607990367424804,-0.2953662068078362,-5.822700606304295,-5.9152383606076455,-0.3600653750523559,-1.6851350840472605,-16.63274180764347,-0.06731835540654041,571.7495586676005,1333.71363485965,1641.8775236634144,1131.1851049892603,13.151200365121458,10.271365499051146,13.351472451899955,16.218871623122237,240.05353166515715,244.3371305451729,10.20406018939389,1958.0912884470702,8247.977519705642,2.5757307058112455
3.0,78.0,572.9803065990264,1333.0983908521205,1638.5330792097195,1134.0737505549766,13.46052389743783,10.564756091292825,13.665506494860741,16.557009321641576,243.19607569269357,247.55419537499165,10.484060417447788,1943.8040916556733,8243.559510516287,2.6092178625832965,22,14188.077624381349,0.5337525702572391,58.3381144632179,494.9624987287799,0.78,4.004283704812792,3.1512027916885472,-4.089355968783366,12.684854025458435,1.0690023253102972,0.9645959431181428,1.0852815485383722,1.1561785852493482,13.30387594845834,13.62213796141262,1.1133644484255498,-34.99196196283674,7.5432036505935685,0.1303321810693987,572.0154610973415,1334.2247664533675,1642.6942553864378,1131.896598377541,13.18725869416699,10.29985116507404,13.388079892555321,16.264399679442796,240.7269799996659,245.02019410130134,10.231544286785006,1958.3080089155017,8249.477961361994,2.5847753567977807
3.0,79.0,570.2491828886506,1326.4694561933577,1629.8446509138769,1136.2023977041895,13.446719976167644,10.55810181955574,13.651492361591515,16.47061539358801,242.4268835110591,246.75652682979242,10.768146580202773,1918.6900211114316,8220.495880113893,2.605632708331427,21,13567.172424722663,0.4825521335265527,56.82002586409081,493.4252908935002,0.79,-2.7311237103758685,-6.628934658762773,-8.688428295842641,2.1286471492128385,-0.013803921270184816,-0.006654271737085438,-0.014014133269226292,-0.08639392805356749,-0.7691921816344802,-0.7976685451992296,0.2840861627549849,-25.114070544241713,-23.063630402393756,-0.003585154251869671,571.5805631551059,1332.8117681626977,1640.6803486485892,1131.7907060059915,13.18086627772297,10.301282370437756,13.38159012966799,16.244407427685758,240.23746418491095,244.52227265686528,10.258191284622564,1953.6922916073315,8244.505056300568,2.579060282607744
3.0,80.0,570.5665492284522,1339.6475925859024,1663.8445743104705,1130.2189224111103,12.312972261816787,9.454711397064731,12.500479453621104,15.381483145297087,232.50672828527956,236.5190443079988,9.320824485244184,2007.1236528367087,8266.845700477395,2.5362660007192632,20,18138.21506583648,0.5957118860401522,66.29885254303412,486.552437670162,0.8,0.3173663398016515,13.17813639254473,33.99992339659366,-5.983475293079209,-1.1337477143508572,-1.1033904224910085,-1.1510129079704114,-1.0891322482909214,-9.920155225779524,-10.237482521793623,-1.4473220949585883,88.43363172527711,46.34982036350266,-0.06936670761216357,572.1797620819477,1334.2942199729357,1643.1590216733573,1133.2567605633913,13.222899852152764,10.328208757606363,13.424263809292148,16.303310172934637,241.25306932820075,245.55001863544095,10.286489840740067,1955.844967504061,8249.175668461794,2.5933258615121964
3.0,81.0,573.7175178162901,1331.3524809841035,1630.8020306648175,1135.1578869431403,13.794460630199936,10.89966369548316,14.004528558578615,16.868772914571746,245.59293680450654,250.071802193146,10.823971775385822,1925.379579425081,8241.505854988607,2.598477418699332,19,12668.634775510203,0.504249187924424,54.89835333656778,497.9835961689144,0.81,3.1509685878378377,-8.295111601798908,-33.04254364565304,4.938964532030013,1.4814883683831486,1.4449522984184284,1.5040491049575113,1.4872897692746587,13.086208519226972,13.552757885147201,1.5031472901416372,-81.74407341162782,-25.33984548878834,0.062211417980068795,571.9441271916542,1333.1324787075714,1640.99539706286,1132.696392024627,13.227964201323676,10.343640736473445,13.42940528053165,16.296724416199503,240.7691605669385,245.06557050953816,10.297428603165352,1952.131331043658,8245.492799389878,2.5838694369878854
3.0,82.0,562.8529056420871,1318.7187940616593,1633.3600334541677,1109.5392949981072,11.53914791191282,8.908058528749482,11.714870976561238,14.378861129849437,215.4144876103313,219.1603135990865,8.660040176885198,1981.162565751601,8199.239655700685,2.3225095855577176,18,19956.12215580409,0.6121729938848526,64.6846246792918,481.2963250711895,0.82,-10.864612174202989,-12.633686922444213,2.558002789350212,-25.61859194503313,-2.255312718287115,-1.9916051667336774,-2.2896575820173766,-2.4899117847223096,-30.178449194175244,-30.911488594059506,-2.163931598500623,55.78298632652013,-42.26619928792206,-0.27596783314161444,569.9736894500891,1330.2252216562342,1639.6365672100796,1128.1780098647234,12.861668947601384,10.029398684401531,13.057531926498868,15.88128820914578,235.42154420418183,239.59967478302897,9.954897839981589,1958.3203009319745,8236.073385728112,2.5289960816960027
3.0,83.0,577.9479642199067,1348.2754074976654,1662.9369677847437,1148.6143491117884,13.96514584653286,10.886854237587498,14.17781304216534,17.22474857819936,256.30707503721595,260.859146862454,10.896826788024866,1969.1300401294595,8297.017441597129,2.765787354094749,17,12814.534372226059,0.51356266218067,59.1200893269287,498.2260860313956,0.83,15.0950585778196,29.556613436006046,29.576934330576023,39.07505411368129,2.425997934620039,1.9787957088380157,2.4629420656041017,2.8458874483499237,40.89258742688466,41.698833263367504,2.2367866111396673,-12.03252562214152,97.77778589644367,0.4432777685370315,571.4887088199441,1333.159859768471,1642.7925138078488,1132.2398583829518,13.104299410884376,10.227278255285333,13.303857269933378,16.166173209459153,239.50112814906788,243.75823118874024,10.178518432716839,1957.1172190016819,8245.71215780485,2.5735638120020825
3.0,84.0,569.8025156659583,1328.5810506119901,1638.141559361161,1134.048545527318,13.13233529450097,10.27174680944984,13.33232009594007,16.15514646524647,238.83494012815905,243.06660714478377,10.354243681706125,1941.9252718861542,8227.808268477937,2.572222607790285,16,14867.2291113381,0.5172272868736041,59.115110101008206,491.3652073376854,0.84,-8.145448553948427,-19.694356885675234,-24.795408423582785,-14.565803584470359,-0.8328105520318889,-0.615107428137657,-0.8454929462252707,-1.0696021129528894,-17.472134909056905,-17.792539717670223,-0.542583106318741,-27.204768243305352,-69.2091731191922,-0.19356474630446385,570.6984844632908,1332.588681104647,1644.075441768835,1130.9188313418192,12.933031050227285,10.070372167289596,13.129980761652067,15.982944332380901,237.56139394730593,241.76293366037194,10.014040420156785,1962.6973653731288,8243.796040726898,2.5581077460058284
3.0,85.0,578.850389884311,1338.00606329088,1636.5972110052674,1146.732261025048,14.652036595657448,11.645785550740866,14.875164056505024,17.858027095329877,257.1174534315227,261.8259497799963,11.582154645927927,1911.3466011645219,8258.326948794385,2.733296401617719,15,10788.566605653854,0.49496066884245843,53.19094870549672,503.928128093855,0.85,9.047874218352717,9.42501267888997,-1.5443483558935895,12.683715497729963,1.519701301156477,1.3740387412910255,1.542843960564955,1.7028806300834063,18.28251330336363,18.759342635212505,1.2279109642218025,-30.578670721632307,30.51868031644881,0.1610737938274336,571.5892756363662,1332.8981938321097,1642.7141068944097,1132.6045387773029,13.133862426360048,10.256967275086783,13.333870483614266,16.199169172331587,239.70036805955425,243.9592939280015,10.199172586392152,1955.78390662817,8244.346461620535,2.5768499657828126
3.0,86.0,570.7355310187243,1333.5475565070515,1649.7695072312208,1132.6876968123959,12.789079531078817,9.921082910712062,12.983837087389665,15.859176725963232,236.70235839120147,240.83235477558966,9.858594178344939,1969.508493266786,8244.021740324273,2.571815516491692,14,16256.185303107488,0.5584078370040767,62.13186051878345,489.9054994789956,0.86,-8.114858865586712,-4.458506783828625,13.17229622595346,-14.044564212652176,-1.8629570645786302,-1.724702640028804,-1.8913269691153598,-1.9988503693666448,-20.415095040321205,-20.993595004406615,-1.7235604675829883,58.16189210226412,-14.30520847011212,-0.16148088512602676,571.6678885857621,1332.7643980645162,1642.6452049113948,1132.8664001617594,13.148394351743267,10.27109211888109,13.348623707353568,16.215467150607903,239.79911386362042,244.05779982814184,10.211955869819187,1954.6866370845928,8243.483730785627,2.579411113739938
3.0,87.0,573.7712691959767,1331.1932691142865,1632.8980952766835,1136.8139798438601,13.794756835930214,10.89966369548316,14.004829275056055,16.872265776079203,245.4816640974235,249.9406894304775,10.823372498435992,1925.3795818642636,8240.060726534623,2.6014057607984453,13,12668.634775510203,0.504249187924424,54.89835333656778,497.9835961689144,0.87,3.035738177252483,-2.3542873927649453,-16.87141195453728,4.126283031464254,1.005677304851396,0.978580784771097,1.0209921876663905,1.0130890501159708,8.779305706222033,9.108334654887841,0.9647783200910531,-44.12891140252236,-3.9610137896506785,0.029590244306753277,572.1474132159383,1332.8890061699017,1641.672770921213,1134.4089084931934,13.288717878123531,10.401042473611936,13.491084140226937,16.3626106545766,241.35806029893928,245.65866302983167,10.35722352276056,1949.344989909168,8243.88817275252,2.5916631216683923
3.0,88.0,580.0470481809655,1341.056031654377,1640.5744212265442,1161.6991623570607,15.316075834542854,12.176578310057867,15.549315568063813,18.559287412967777,268.4762288926501,273.37813557083894,12.562968695643123,1888.6486465969551,8268.355482670167,2.866185206378241,12,8315.010280242219,0.4109946527903793,51.02001473507803,506.1767299587032,0.88,6.275778984988733,9.862762540090444,7.676325949860711,24.88518251320056,1.5213189986126405,1.2769146145747072,1.5444862930077576,1.6870216368885735,22.99456479522661,23.43744614036143,1.7395961972071312,-36.730935267308496,28.294756135544958,0.2647794455797956,572.8540873741322,1333.6847702501275,1641.876905122895,1137.1714496734016,13.474273071834034,10.56222469548844,13.679465047547245,16.56283846370922,243.8860756189349,248.24105704941638,10.565114350580094,1943.8294454032962,8246.367769967908,2.6173598560478872
3.0,89.0,572.3733885987741,1336.936834778836,1653.3156003091626,1144.1926247175445,13.42987314547743,10.476021433250205,13.634388980180132,16.54264958921943,245.90556114375423,250.22914814447088,10.639620803523123,1955.6781515383764,8255.106597414582,2.6622994668082898,11,14007.976530288614,0.5024640320603623,60.0488835746232,492.8460151805969,0.89,-7.6736595821913625,-4.119196875540865,12.741179082618373,-17.506537639516182,-1.8862026890654242,-1.7005568768076618,-1.9149265878836808,-2.016637823748347,-22.570667748895886,-23.148987426368052,-1.9233478921200007,67.02950494142124,-13.248885255585265,-0.20388573956995115,573.0665079451446,1334.7315081086751,1644.2240000624238,1137.9704723747373,13.472588388765013,10.554016656857886,13.677754709406106,16.57004188327236,244.23394338220442,248.5883191808842,10.55226177291213,1947.5282584459906,8249.82884169798,2.623026531895573
3.0,90.0,574.5618478564612,1337.3856488658107,1644.899576377004,1156.0182811462644,14.407748180671588,11.344695875571865,14.62715551337217,17.54629889209422,258.88448516466997,263.52345333604313,11.82125742490262,1913.756960117009,8258.60635196143,2.7751128453374307,10,10238.965942028986,0.4082238206072994,54.06023629437322,498.78863465830614,0.9,2.1884592576871,0.44881408697460756,-8.416023932158623,11.825656428719867,0.9778750351941579,0.8686744423216606,0.9927665331920377,1.0036493028747913,12.978924020915741,13.29430519157225,1.1816366213794982,-41.92119142136744,3.499754546848635,0.11281337852914097,573.4660378079454,1334.505313736666,1642.329500269077,1140.5504082482526,13.682065980650496,10.7430151047086,13.890422315381212,16.78652345795208,246.87171907014348,251.28876008368866,10.802305066877974,1938.191589174021,8249.004906846381,2.6469112163573905
3.0,91.0,577.9794476155294,1340.8031993632742,1645.5673950078517,1159.6571947421915,14.870221161429573,11.752830030373712,15.096671229877737,18.083987304084026,264.4984083119559,269.2750649368743,12.144945413315885,1905.4782625929197,8269.055042577722,2.8312400134704103,9,9283.24805383296,0.4138972954088504,52.58394053794256,502.92287693500697,0.91,3.417599759068139,3.4175504974634805,0.6678186308477052,3.638913595927079,0.46247298075798504,0.40813415480184645,0.4695157165055672,0.5376884119898051,5.613923147285959,5.751611600831154,0.32368798841326374,-8.278697524089239,10.44869061629106,0.05612716813297958,573.8922307878695,1335.450385574583,1643.8060367033806,1143.000339028158,13.789642033773456,10.828331738197656,13.999636582511124,16.908044896903302,248.76226622088842,253.20908635806148,10.93440243067098,1936.2014574908048,8251.759825605292,2.6701874758344983
3.0,92.0,564.7027495578342,1319.1638469487723,1633.0929803051429,1119.4268726092128,12.101000659163686,9.406883792624633,12.28527985701897,14.999310421458432,222.91334791393547,226.7982341740251,9.269995090868917,1958.7731519482031,8197.324978440474,2.4079580407467485,8,17981.125968586388,0.5746935951335268,62.29747155973425,484.7956266401199,0.92,-13.276698057695171,-21.6393524145019,-12.474414702708827,-40.2303221329787,-2.7692205022658865,-2.3459462377490787,-2.8113913728587665,-3.084676882625594,-41.58506039802046,-42.476830762849175,-2.874950322446967,53.29488935528343,-71.73006413724761,-0.42328197272366186,574.0772151794441,1335.4948908632946,1643.779331388478,1143.9890967892684,13.845827308498546,10.878214264585171,14.056677470556897,16.970089826064203,249.51215225124878,253.97287841555536,10.995397922069353,1933.962516110465,8251.568357879272,2.678732321353401
3.0,93.0,572.5875556034835,1343.6908564123212,1673.3076451317381,1141.2072866706699,12.737966625065633,9.783666607563935,12.931945812249372,15.899376646812351,240.82758233019456,244.94574028400348,9.750871702956829,2005.115374186297,8278.593085155135,2.64217645512674,7,16650.7942382391,0.5656962668781246,65.21230244667406,488.92241956125184,0.93,7.88480604564927,24.527009463548893,40.21466482659525,21.780414061457122,0.6369659659019469,0.3767828149393022,0.6466659552304019,0.9000662253539193,17.91423441625909,18.147506109978366,0.4808766120879113,46.34222223809388,81.26810671466046,0.23421841437999147,573.5411743178017,1335.03643575476,1644.8163991231777,1143.2483905451566,13.723109386351823,10.767895501582814,13.9320907475653,16.8375526329255,247.96420298054667,252.3815377577103,10.880802413562549,1937.5610495161484,8249.725922235073,2.6663712314566004
3.0,94.0,570.0918654376378,1334.3665939715572,1655.6628992015656,1134.1403783024969,12.644545066635512,9.779834472769005,12.837101590492908,15.704638123066808,235.4459360614743,239.5316195632786,9.729245098703238,1980.4812221259574,8249.035437130138,2.55311777758556,6,16351.197643860443,0.5507132830450208,62.56762824462559,488.75323043848556,0.94,-2.4956901658456445,-9.32426244076396,-17.644745930172576,-7.066908368173017,-0.09342155843012101,-0.0038321347949299422,-0.09484422175646401,-0.1947385237455439,-5.38164626872026,-5.414120720724867,-0.021626604253590642,-24.634152060339602,-29.557648024996524,-0.08905867754118013,573.5701092949697,1335.6149900907167,1646.5685331072182,1143.2575738226747,13.674330363565275,10.718704267914731,13.882568897020585,16.792501798707537,247.62530257387826,252.02803899955978,10.81830255526226,1941.416644540129,8251.848639100292,2.6644607484361273
3.0,95.0,573.3214029218057,1329.9744147022484,1637.9171466484852,1141.6687941265363,13.655707051538005,10.744102431634884,13.863661981256858,16.75884671598445,244.8826022671919,249.22289298461453,10.778657640820509,1920.4206741864677,8228.263403198149,2.647511194127897,5,13326.67962562995,0.5108772839763509,56.94064634610116,496.26671615410305,0.95,3.2295374841678495,-4.392179269308826,-17.745752553080365,7.5284158240394845,1.0111619849024933,0.9642679588658787,1.0265603907639491,1.054208592917643,9.436666205717614,9.691273421335922,1.0494125421172704,-60.06054793948965,-20.772033931989426,0.09439341654233724,573.0172105987192,1334.8118252318536,1646.7005266715398,1142.7512271328233,13.57469740915333,10.628535956004132,13.78141868949577,16.682583760772992,246.40181745744513,250.76773332002162,10.737952854751518,1942.3240518423233,8248.84228454067,2.655882227687145
3.0,96.0,577.5314863425741,1341.098802236405,1651.138402247658,1155.669909093277,14.470819971143815,11.393322313540187,14.691187787963266,17.693029278016443,259.49623579404414,264.1364513543685,11.593834153437802,1924.5398823967578,8269.47724783163,2.788451922936,4,10726.35294117647,0.45777741638194636,54.6353055153196,501.0674486519958,0.96,4.210083420768456,11.12438753415654,13.221255599172764,14.001114966740715,0.8151129196058093,0.649219881905303,0.827525806706408,0.9341825620319923,14.613633526852226,14.913558369753957,0.8151765126172936,4.119208210290026,41.21384463348113,0.14094072880810282,573.6968061311043,1335.566949804789,1646.8374161731838,1145.0494483609114,13.74287145315983,10.775759896286946,13.95215375955313,16.865969015978315,248.6812051977294,253.0981429778995,10.911476852260803,1937.8271907553208,8251.387835291405,2.6775458683315763
3.0,97.0,564.7579475858117,1318.9801249554241,1635.1569280258875,1121.045916939827,12.101305309826346,9.406883792624633,12.285589147031823,15.00253730513315,222.81995075844068,226.68758075615958,9.269531271279844,1958.776647846295,8195.976026452074,2.4106311959461797,3,17981.125968586388,0.5746935951335268,62.29747155973425,484.7956266401199,0.97,-12.773538756762377,-22.11867728098082,-15.98147422177044,-34.62399215344999,-2.369514661317469,-1.986438520915554,-2.4055986409314425,-2.6904919728832937,-36.676285035603456,-37.44887059820891,-2.3243028821579585,34.23676544953719,-73.50122137955623,-0.37782072698982017,572.7954739700878,1334.3456353889028,1647.0632994481039,1143.472642070508,13.573526300549442,10.626481906001093,13.780229746750702,16.678996168883707,246.4150338638311,250.7728321104677,10.75609272954519,1941.1668973535238,8246.97936528315,2.65846841184635
3.0,98.0,570.879851246618,1324.7117537667054,1630.5038168745036,1130.8030590991336,13.221374357138835,10.42105950099338,13.42271508338968,16.23143365778545,236.33321646792714,240.56637970558037,10.248455639925956,1929.404245124576,8216.936118790867,2.5175461069040805,2,14290.395948638477,0.5323220316534262,56.54062682209434,494.3962293857874,0.98,6.121903660806311,5.731628811281325,-4.653111151383882,9.757142159306568,1.120069047312489,1.0141757083687466,1.1371259363578563,1.2288963526522991,13.513265709486461,13.878798949420798,0.978924368646112,-29.372402721719027,20.9600923387934,0.10691491095790084,571.8787542766529,1332.7112076001354,1646.0562390128998,1140.3830317447155,13.364056152809042,10.450930025094644,13.56756969828329,16.446210793365474,243.20073262135884,247.49165652394186,10.524641423973474,1945.242457206286,8241.837428895222,2.6236045018989333
3.0,99.0,567.4455201977419,1327.440990883286,1647.8827721058658,1131.5325173299148,12.489872016630404,9.691039298688409,12.680073113330359,15.468063702541786,230.7538489758877,234.75553542575432,9.699148612835911,1966.8515827083543,8224.51190095431,2.4998871904117808,1,16691.186137001176,0.5421254968923116,62.15499460957145,486.89276950232374,0.99,-3.4343310488761745,2.7292371165806344,17.37895523136217,0.7294582307811197,-0.7315023405084311,-0.7300202023049707,-0.7426419700593208,-0.7633699552436628,-5.579367492039438,-5.810844279826057,-0.5493070270900446,37.447337583778335,7.575782163443364,-0.01765891649229978,571.3859674365497,1331.7616232105806,1645.5129561925703,1139.1170210059524,13.270056039924338,10.372431811638466,13.472138111598316,16.338752204697713,241.68556140457218,245.9442952520702,10.43059420490475,1946.3598003232837,8238.777959249192,2.6073632742592827
3.0,100.0,573.1769776757009,1336.6120557086726,1655.8150539303774,1145.2182718310687,13.401985451583187,10.452962387407766,13.606076600592067,16.52407411104196,244.98152262606519,249.26089369166664,10.54570589676262,1954.81913601276,8252.987995934276,2.6593699020333297,0,14235.23161404197,0.5141020750319708,59.797259633740765,493.5322043757938,1.0,5.7314574779589975,9.171064825386566,7.93228182451162,13.685754501153951,0.9121134349527829,0.7619230887193567,0.926003487261708,1.056010408500173,14.22767365017748,14.50535826591232,0.8465572839267086,-12.032446695594217,28.476094979965637,0.15948271162154892,571.2474804184737,1331.6842638948667,1646.6045039479075,1138.0370200744328,13.169479767015499,10.283258462822054,13.370030220320302,16.236529726592487,240.2952651507117,244.51803928763258,10.30303905209075,1950.4660179128587,8238.216123646478,2.5957889799288725
4.0,1.0,574.9806920832265,1331.080656817398,1614.0348141860325,1149.1508617891297,15.026872097193262,11.986675919632917,15.255707712886558,18.09711219705605,261.97337195885115,266.88078352731293,12.560354278115744,1862.0996649021363,8239.504204139246,2.7517410502849695,94,8069.0352826510725,0.3649273622977106,48.78340399892707,503.4009432496073,0.010526315789473684,,,,,,,,,,,,,,,574.9806920832265,1331.080656817398,1614.0348141860325,1149.1508617891297,15.026872097193262,11.986675919632917,15.255707712886558,18.09711219705605,261.97337195885115,266.88078352731293,12.560354278115744,1862.0996649021363,8239.504204139246,2.7517410502849695
4.0,2.0,578.7866778992735,1337.495976595561,1623.3922273401372,1139.889504960796,14.736191803092797,11.733830196678772,14.960600815322637,17.914267401844384,257.6784621938214,262.4939686878547,11.730012813489823,1899.6902787370075,8259.37256878615,2.7206174900533218,93,10441.22958843159,0.4837611583767001,52.665701645712176,504.551833574411,0.021052631578947368,3.8059858160470412,6.415319778162939,9.357413154104734,-9.261356828333646,-0.2906802941004649,-0.2528457229541452,-0.2951068975639206,-0.18284479521166475,-4.294909765029729,-4.386814839458225,-0.8303414646259206,37.59061383487119,19.8683646469035,-0.03112356023164775,576.88368499125,1334.2883167064795,1618.713520763085,1144.520183374963,14.88153195014303,11.860253058155845,15.108154264104598,18.005689799450217,259.8259170763363,264.6873761075838,12.145183545802784,1880.8949718195718,8249.438386462698,2.7361792701691456
4.0,3.0,581.0601944435776,1342.0270942906138,1629.165097391283,1149.8811189184062,15.255357099236582,12.143695760730015,15.487672181966072,18.522120165375146,267.1720627542647,272.1365609206921,12.316566117728204,1891.248563929707,8271.553342580566,2.844494968661817,92,9010.299160671462,0.45440570165892297,51.88141916638656,507.0913265126612,0.031578947368421054,2.2735165443041296,4.531117695052899,5.772870051145901,9.99161395761007,0.5191652961437843,0.40986556405124297,0.527071366643435,0.6078527635307616,9.49360056044327,9.642592232837387,0.5865533042383806,-8.441714807300514,12.180773794416382,0.1238774786084953,578.2758548086925,1336.8679092345244,1622.197379639151,1146.307161889444,15.006140333174214,11.954733959013902,15.23466023672509,18.177833254758525,262.27463230231245,267.17043771195324,12.202311069777926,1884.346169189617,8256.810038501988,2.772284503000036
4.0,4.0,578.7800145492215,1337.520943233572,1623.1254777063943,1139.6771906785684,14.736154232024235,11.733830196678772,14.960562672105825,17.91380872643866,257.6932244820308,262.5114484680414,11.73008937242382,1899.6902748701134,8259.555557247177,2.720221568186832,91,10441.22958843159,0.4837611583767001,52.665701645712176,504.551833574411,0.042105263157894736,-2.280179894356138,-4.506151057041734,-6.0396196848887485,-10.20392823983775,-0.5192028672123463,-0.40986556405124297,-0.5271095098602476,-0.6083114389364859,-9.478838272233872,-9.625112452650683,-0.5864767453043847,8.441710940406438,-11.997785333389402,-0.12427340047498525,578.4018947438248,1337.031167734286,1622.4294041559617,1144.6496690867252,14.93864380788672,11.899508018430119,15.166135845570274,18.11182712267856,261.129280347242,266.00569040097525,12.084255645439399,1888.182195609741,8257.496418188284,2.7592687692967353
4.0,5.0,585.1254204499239,1351.014253896794,1640.8245697767543,1152.456487805583,15.565828070404587,12.364951435491284,15.802871137466587,18.959413357618512,274.0190111409238,279.11193223615913,12.358529897079636,1910.9993303094273,8304.119456055883,2.9265727094164116,90,9034.824351297406,0.48765988943879,53.02760216861427,509.85232642938337,0.05263157894736842,6.345405900702417,13.493310663221791,17.69909207035994,12.779297127014615,0.8296738383803515,0.6311212388125114,0.8423084653607624,1.0456046311798524,16.32578665889298,16.600483768117726,0.6284405246558169,11.309055439313852,44.563898808706654,0.20635114122957976,579.7465998850446,1339.8277849667877,1626.1084372801201,1146.2110328304966,15.064080660390292,11.992596701842352,15.293482903949535,18.28134436966655,263.7072265059784,268.62693876801205,12.139110495767445,1892.7456225496783,8266.821025761805,2.79272955732067
4.0,6.0,574.9874048685792,1331.0562834313712,1614.3193258056272,1149.3793658690236,15.02690210708779,11.986675919632917,15.25573817978456,18.097579695467125,261.9571621597586,266.8616278003371,12.560273377349676,1862.099662603511,8239.305921308576,2.752170196628829,89,8069.0352826510725,0.3649273622977106,48.78340399892707,503.4009432496073,0.06315789473684211,-10.138015581344689,-19.957970465422704,-26.50524397112713,-3.077121936559479,-0.538925963316796,-0.37827551585836616,-0.5471329576820274,-0.8618336621513869,-12.061848981165213,-12.250304435822045,0.2017434802700393,-48.89966770591627,-64.81353474730713,-0.1744025127875828,578.9534007156337,1338.3658680442184,1624.1435853677049,1146.7390883369178,15.057884234839875,11.991609904807447,15.287192116588706,18.250716923966646,263.4155491149417,268.33272027339956,12.209304309364484,1887.6379625586505,8262.2351750196,2.7859696638720304
4.0,7.0,574.9727365029884,1331.1096105283498,1613.6976804868439,1148.880091598044,15.026836515585854,11.986675919632917,15.255671589427266,18.096558066718202,261.99258414817297,266.9034888479149,12.560450004906627,1862.0996648196378,8239.739270155527,2.7512324276706126,88,8069.0352826510725,0.3649273622977106,48.78340399892707,503.4009432496073,0.07368421052631578,-0.014668365590864596,0.053327096978591726,-0.621645318783294,-0.4992742709796403,-6.559150193652385e-05,0.0,-6.659035729406071e-05,-0.0010216287489228648,0.03542198841438449,0.04186104757781095,0.0001766275569519138,2.2161268589115934e-06,0.43334884695104847,-0.0009377689582161786,578.3847343995415,1337.3292598276657,1622.6513132418675,1147.0449459456502,15.053448846375016,11.990905049782514,15.282689184137071,18.228694230074012,263.21226840540334,268.12854435547314,12.259467980156218,1883.9896343102203,8259.021474324732,2.781007201557542
4.0,8.0,578.5448467147712,1346.5551251869197,1645.4082115975027,1147.2397121290244,14.498476769294378,11.388736268241438,14.719265755628808,17.755502474090807,262.41714451168133,267.1987475520053,11.560021757479268,1937.647404343495,8291.769084775722,2.808880073359687,87,10951.066760613,0.4726163523968244,56.05434331378194,501.334078804884,0.08421052631578947,3.5721102117828423,15.445514658569891,31.71053111065885,-1.6403794690195355,-0.5283597462914766,-0.5979396513914796,-0.5364058337984581,-0.34105559262739504,0.42456036350836257,0.29525870409037225,-1.0004282474273598,75.54773952385722,52.029814620194884,0.057647645689074434,578.4047484389453,1338.4824929975725,1625.495925536322,1147.069291718572,14.984077336739936,11.915633952089879,15.212261255573539,18.16954526057611,263.11287791868807,268.0123197550397,12.172037202321599,1890.6968555643793,8263.114925631106,2.78449131053281
4.0,9.0,577.865220801949,1336.969273972248,1624.939381998119,1140.6625834471338,14.658506558286685,11.654323854577415,14.881732546483947,17.828953407587576,257.5011960872065,262.2906914879199,11.696768500837504,1902.3387381744549,8256.931780551884,2.723322249591188,86,10552.7299270073,0.47893852399966025,52.801551254432,503.51272519766474,0.09473684210526316,-0.6796259128221891,-9.58585121467172,-20.468829599383753,-6.577128681890599,0.1600297889923077,0.2655875863359771,0.16246679085513982,0.07345093349676901,-4.915948424474834,-4.908056064085372,0.1367467433582359,-35.30866616904018,-34.837304223838146,-0.08555782376849885,578.3448009237234,1338.314357550314,1625.4340873654105,1146.3574352439675,14.947902805800688,11.886599496810716,15.175535843452472,18.13170172135516,262.4893577151901,267.37658328091527,12.119229568823366,1891.9903980766098,8262.427909511192,2.7776947482059633
4.0,10.0,585.2449627029589,1357.4285427098182,1654.5554834845202,1164.4851230158715,15.798370826148867,12.490298525792026,16.038955153450626,19.21460767997875,281.3429247310278,286.53424083054927,12.829742876320646,1919.9997677038225,8326.760595000871,3.007590317371177,85,7837.6933804388245,0.4261097978979249,52.8563881374372,509.3115813805911,0.10526315789473684,7.379741901009879,20.459268737570255,29.61610148640125,23.82253956873774,1.1398642678621815,0.8359746712146112,1.1572226069666787,1.3856542723911751,23.841728643821284,24.243549342629365,1.1329743754831423,17.661029529367624,69.82881444898703,0.2842680677799887,579.0348171016469,1340.2257760662646,1628.3462269773213,1148.170204021158,15.032949607835505,11.946969399708847,15.26187777445229,18.23999231721752,264.3747144167739,269.29234903587866,12.190280899573095,1894.7913350393312,8268.86117806016,2.8006843051224846
4.0,11.0,585.1483911222972,1350.925641013322,1641.7337034922061,1153.1801025451882,15.56596209466521,12.364951435491284,15.803007202705798,18.961077679461795,273.96558304944034,279.0487619500545,12.358247936022355,1910.999343666885,8303.496023918555,2.9280009647692884,84,9034.824351297406,0.48765988943879,53.02760216861427,509.85232642938337,0.11578947368421053,-0.09657158066170268,-6.50290169649611,-12.821779992314077,-11.305020470683303,-0.23240873148365715,-0.12534709030074254,-0.2359479507448281,-0.25353000051695673,-7.377341681587438,-7.485478880494782,-0.47149494029829064,-9.000424036937602,-23.26457108231625,-0.07958935260188849,580.0515870055541,1342.210274485857,1631.1161159079388,1148.5731280967639,15.086858607582698,11.984796951294685,15.316607723434212,18.326388865458096,265.5739355258328,270.5091468781528,12.170070265363757,1899.681302915806,8275.260360038092,2.8183102965709166
4.0,12.0,585.1358905672812,1350.973351711872,1641.2390066861026,1152.7863436004168,15.565889179919214,12.364951435491284,15.80293317758296,18.96017208270046,273.99464470180345,279.08311705066785,12.358401424504274,1910.9993420730877,8303.835034346199,2.927223792674635,83,9034.824351297406,0.48765988943879,53.02760216861427,509.85232642938337,0.12631578947368421,-0.012500555016004,0.047710698549963126,-0.4946968061035477,-0.39375894477143447,-7.291474599568915e-05,0.0,-7.402512283860574e-05,-0.000905596761334948,0.029061652363111534,0.034355100613367995,0.00015348848191898412,-1.5937971511448268e-06,0.33901042764409794,-0.0007771720946534444,580.6865082723548,1343.5580119974882,1632.9007938425354,1149.862811960726,15.16982834526534,12.047909075175935,15.400840959660247,18.430979333543707,267.20555377663106,272.16806171443415,12.232909126465202,1900.812209249414,8279.706606594096,2.838970926833048
4.0,13.0,580.5304716485887,1340.973185822134,1627.8399255963982,1143.0946222543453,14.99688286120577,11.94500059330417,15.225261788026161,18.228445782513827,262.26852777064136,267.1784180678344,11.908018831443922,1903.1323657182734,8272.598766288329,2.766507782979674,82,9888.501716738198,0.48435669022056677,52.16701488331152,506.38358819503554,0.1368421052631579,-4.605418918692521,-10.000165889738128,-13.399081089704396,-9.691721346071517,-0.5690063187134449,-0.419950842187113,-0.577671389556798,-0.731726300186633,-11.726116931162096,-11.904698982833452,-0.4503825930603522,-7.866976354814369,-31.236268057869893,-0.16071600969496114,580.633535992856,1343.4526211506402,1632.768276663047,1149.1841622943198,15.143980921462258,12.02803955843335,15.374599920266254,18.40161189525757,266.71520027826875,271.67224742914834,12.192054397836772,1902.0005894282708,8279.811148964873,2.8311722082648334
4.0,14.0,578.8075243643568,1337.4183554928443,1624.227326120597,1140.5542672047582,14.736309289086638,11.733830196678772,14.960720090443285,17.91570207098849,257.6322971771179,262.43930722821085,11.729773293057239,1899.690280345377,8258.80060206562,2.7218567172231265,81,10441.22958843159,0.4837611583767001,52.665701645712176,504.551833574411,0.14736842105263157,-1.72294728423185,-3.5548303292896435,-3.6125994758012894,-2.540355049587106,-0.26057357211913157,-0.21117039662539838,-0.26454169758287627,-0.31274371152533575,-4.6362305935234644,-4.7391108396235495,-0.17824553838668322,-3.442085372896372,-13.798164222709602,-0.044651065756547315,580.6362869743695,1343.4423623765674,1632.8784615044672,1149.2718699469388,15.1439964271685,12.02803955843335,15.374615662099998,18.401801229712554,266.7091075477774,271.66503330516537,12.192022789900115,1902.0005899757973,8279.735653446716,2.8313357231684626
4.0,15.0,584.6783104723609,1353.457878549681,1646.875903028779,1159.6955778994782,15.740783735276796,12.495977346247038,15.980491101803853,19.132786447299125,277.93297649489153,283.0891909251108,12.699994880012865,1913.099994312381,8311.777037827813,2.9623330337721283,80,8090.279234399581,0.4481552040070592,52.24230890269047,509.6219964312877,0.15789473684210525,5.87078610800404,16.039523056836742,22.64857690818212,19.141310694720005,1.0044744461901587,0.7621471495682659,1.019771011360568,1.217084376310634,20.300679317773643,20.649883696899963,0.9702215869556259,13.409713967004109,52.97643576219343,0.2404763165490018,580.5915759766132,1343.6867248418562,1633.4835948296695,1149.9957789563282,15.16149199365572,12.041142149508927,15.392377658533727,18.419138538680617,267.1005040831742,272.0627591740605,12.226169288193438,1902.2106563760924,8280.501411623909,2.8349117556040344
4.0,16.0,577.8614012878894,1336.9824621236332,1624.7870522195567,1140.5414580826605,14.658485337742995,11.654323854577415,14.881711002784765,17.82869179275777,257.5096389962069,262.30067366259595,11.696812637816135,1902.338736977935,8257.036261390458,2.723097141264686,79,10552.7299270073,0.47893852399966025,52.801551254432,503.51272519766474,0.16842105263157894,-6.816909184471456,-16.475416426047786,-22.088850809222322,-19.154119816817683,-1.0822983975338012,-0.8416534916696232,-1.0987800990190877,-1.3040946545413554,-20.423337498684646,-20.78851726251486,-1.0031822421967291,-10.7612573344461,-54.740776437354725,-0.23923589250744248,580.8789756185442,1344.2793427110823,1634.5303674710626,1149.1119881776922,15.12465031672124,12.007906943003375,15.354974940833745,18.392249748409682,266.655751766819,271.6066637602863,12.139823214240083,1906.234563813535,8282.274445632098,2.83200445006762
4.0,17.0,577.8638305142381,1336.9740735631497,1624.883939228759,1140.61849805853,14.658498831986066,11.654323854577415,14.881724702523924,17.8288581819944,257.5042693303712,262.294324956419,11.696784520519408,1902.3387374144938,8256.969808502194,2.723240324777258,78,10552.7299270073,0.47893852399966025,52.801551254432,503.51272519766474,0.17894736842105263,0.002429226348681368,-0.008388560483581387,0.09688700920219162,0.07703997586941114,1.3494243070510947e-05,0.0,1.3699739158212765e-05,0.00016638923662881666,-0.005369665835701198,-0.006348706176936503,-2.8117296727359076e-05,4.365588210930582e-07,-0.06645288826439355,0.0001431835125722536,581.1680850196692,1344.865789014562,1635.648993345254,1148.2858288237408,15.08781654836126,11.974671736497825,15.317580252143411,18.365479759937298,266.2069202850388,271.1457473711368,12.053456665801361,1910.2584710730202,8283.997499466765,2.8292052397782848
4.0,18.0,581.0792289704812,1341.959923742276,1629.9363879722523,1150.4977211394742,15.255461496213776,12.143695760730015,15.48777816874495,18.523475107052892,267.1283845950361,272.08484818882533,12.316340422134232,1891.2485839452618,8271.031147208208,2.84568155415244,77,9010.299160671462,0.45440570165892297,51.88141916638656,507.0913265126612,0.18947368421052632,3.215398456243065,4.985850179126373,5.052448743493414,9.879223080944257,0.5969626642277106,0.4893719061526003,0.6060534662210255,0.6946169250584937,9.624115264664908,9.790523232406315,0.6195559016148238,-11.090153469232064,14.061338706014794,0.12244122937518176,581.4215232452401,1344.4062688700978,1634.101810982729,1148.6116297247856,15.1635150210532,12.050167685746683,15.394431493455025,18.44227702323351,266.6780442933743,271.63435743481875,12.12908853226686,1905.6185890331974,8281.923705710014,2.83288538785756
4.0,19.0,580.5264944403655,1340.9867167794876,1627.680289432906,1142.9676487816357,14.996859640540082,11.94500059330417,15.225238213746277,18.228167591919387,262.27749577844577,267.18902725178646,11.908065737691782,1903.132363830285,8272.708506824227,2.766267432059635,76,9888.501716738198,0.48435669022056677,52.16701488331152,506.38358819503554,0.2,-0.5527345301156856,-0.9732069627884812,-2.2560985393463397,-7.530072357838435,-0.2586018556736942,-0.1986951674258446,-0.26253995499867244,-0.29530751513350495,-4.850888816590327,-4.895820937038877,-0.40827468444244985,11.88377988502316,1.6773596160182933,-0.07941412209280463,581.6876506090819,1344.8080131508218,1634.3759017262078,1148.842136258236,15.19735032927854,12.079235359619359,15.428782060181259,18.48219844166669,267.1556742624982,272.1241910112054,12.150218255952286,1905.6979515987805,8283.501378337247,2.8371799061044047
4.0,20.0,585.248715702674,1357.4140932372527,1654.705542364254,1164.604775583904,15.798391556972952,12.490298525792026,16.03897619997254,19.214881610734565,281.3338710793541,286.52355533198573,12.82969661767719,1919.9997684419639,8326.655981700218,3.0078304566816843,75,7837.6933804388245,0.4261097978979249,52.8563881374372,509.3115813805911,0.21052631578947367,4.722221262308494,16.42737645776515,27.02525293134795,21.637126802268313,0.8015319164328698,0.5452979324878555,0.8137379862262648,0.986714018815178,19.056375300908314,19.334528080199277,0.9216308799854076,16.86740461167892,53.94747487599125,0.24156302462204904,581.6880259090533,1344.8065682035653,1634.3909076141813,1148.854101515039,15.197352402360949,12.079235359619359,15.428784164833454,18.48222583474227,267.1547688973309,272.12312246134906,12.15021363008794,1905.6979516725944,8283.490917007182,2.8372039200354555
4.0,21.0,578.5688591605004,1346.461497945163,1646.3270806922822,1147.9671936222187,14.498607613107989,11.388736268241438,14.719398591987806,17.757144876947862,262.36470246091596,267.1369241367702,11.559744519643143,1937.6474114101197,8291.12358704989,2.810251765998319,74,10951.066760613,0.4726163523968244,56.05434331378194,501.334078804884,0.22105263157894736,-6.679856542173525,-10.952595292089654,-8.378461671971763,-16.637581961685328,-1.2997839438649628,-1.1015622575505883,-1.3195776079847352,-1.457736733786703,-18.96916861843812,-19.386631195215557,-1.2699520980340466,17.64764296815588,-35.53239465032857,-0.1975786906833652,581.0300727128736,1344.3601538967494,1634.8502453341887,1148.3328106227423,15.090616954205228,11.981613842894372,15.320423303761654,18.361832554490878,265.9946808384784,270.9319386800206,12.07036328845002,1908.3627584469182,8282.253673320316,2.8254290001583584
4.0,22.0,581.1810690004875,1342.7253201725705,1627.985595336235,1154.8442231140618,15.60703553448663,12.469662031556044,15.844706126382365,18.839891917167627,270.981985974044,276.0840010635417,12.80685733544958,1881.387541862544,8277.61983178948,2.8497774433967455,73,7578.456209150327,0.40748067925624154,49.449162209490325,508.57311834357915,0.23157894736842105,2.612209839987031,-3.736177772592555,-18.341485356047087,6.877029491843132,1.1084279213786417,1.0809257633146068,1.1253075343945582,1.0827470402197648,8.61728351312803,8.947076926771501,1.247112815806437,-56.25986954757582,-13.50375526040989,0.039525677398426495,580.6345905561942,1343.5353507428192,1633.5249041992017,1148.5385985741066,15.09473158966197,11.992084902500851,15.324600598641595,18.349804537937594,265.69341496570246,270.6320270813081,12.11520887954455,1905.4015784258634,8279.632153064644,2.8176843652305696
4.0,23.0,580.192124407143,1337.3399481991014,1618.950868754678,1149.6942810054104,15.510207259844323,12.446764832933708,15.746403309486622,18.703224020509154,266.58220380141313,271.61518554016385,12.633926303338123,1868.7963887683215,8255.880442138301,2.802705158568176,72,8028.579301505928,0.43471638756621844,48.92062662656932,508.62048815840467,0.24210526315789474,-0.9889445933445131,-5.385371973469091,-9.034726581557152,-5.14994210865143,-0.09682827464230748,-0.022897198622336745,-0.0983028168957425,-0.1366678966584729,-4.399782172630864,-4.4688155233778275,-0.17293103211145677,-12.591153094222364,-21.7393896511785,-0.04707228482856962,580.6007558320497,1343.172026980516,1632.6359985150298,1149.198564449213,15.146064029525826,12.042261326463805,15.376714750787638,18.39728236173713,266.12478256877966,271.07570382854095,12.18779962673397,1901.9679807308682,8277.96032064964,2.82130410278942
4.0,24.0,583.2090184377538,1343.955909438081,1627.4881486474967,1155.7932872705176,15.883251691380334,12.711878454585548,16.125128620690695,19.18327758248361,274.6052306976367,279.7685422684547,12.96219934157517,1874.6727893736438,8278.617871999717,2.9067190103534823,71,7366.343733333333,0.42994505874315897,49.41956220957439,510.79678974834883,0.25263157894736843,3.0168940306108425,6.615961238979708,8.537279892818788,6.099006265107164,0.37304443153601063,0.2651136216518406,0.3787253112040734,0.48005356197445437,8.023026896223598,8.153356728290873,0.3282730382370467,5.87640060532226,22.737429861415876,0.10401385178530642,581.0409052393894,1343.8257823750396,1632.96208076772,1150.7224664557893,15.260758269755195,12.140066152254482,15.49315560381238,18.524039912886643,267.8220759208315,272.8086273325654,12.311042231585763,1899.4662316336949,8279.94204764305,2.8397903321024556
4.0,25.0,575.9084820373724,1324.3622943083183,1600.719044378914,1134.7607801915167,14.755023417965152,11.844384070609077,14.979719206055991,17.832802936009926,253.21255695763304,257.97643634388413,11.87709057708445,1855.770676791184,8212.722695633463,2.6667135917710305,70,9890.086406743942,0.46799397030482176,49.57512289404995,504.7889948798681,0.2631578947368421,-7.300536400381361,-19.59361512976284,-26.769104268582623,-21.03250707900088,-1.128228273415182,-0.8674943839764708,-1.1454094146347042,-1.3504746464736819,-21.392673740003687,-21.792105924570592,-1.0851087644907196,-18.902112582459722,-65.89517636625351,-0.24000541858245183,580.1639223958905,1340.9162239509033,1628.3463949027332,1148.228986684993,15.16218223802403,12.074906824690686,15.393078414237593,18.39404156175772,265.3500339671057,270.2973518744427,12.22875180129292,1893.7332998815752,8270.036613423616,2.8102283879023457
4.0,26.0,584.1468506487256,1352.0716315153556,1645.6091660784957,1156.9441810877818,15.593513311134288,12.387690913772316,15.830977980846992,18.954930670709192,274.5825413212818,279.68606682555173,12.522286667143696,1915.4643937540573,8307.260328986395,2.919125662007263,69,8602.58208955224,0.46106971523222207,52.60351166911739,508.95825551844223,0.2736842105263158,8.238368611353167,27.70933720703738,44.89012169958164,22.183400896265084,0.838489893169136,0.5433068431632382,0.8512587747910008,1.1221277346992657,21.36998436364874,21.709630481667602,0.6451960900592457,59.69371696287317,94.53763335293115,0.25241207023623247,580.7924673319742,1342.4251408900757,1630.4286062886272,1149.869258985505,15.255685035363161,12.148243530610177,15.488005112043817,18.506665449552862,267.05732419961316,272.03589119073825,12.311299204225678,1895.0458655591872,8275.05902018321,2.8298312399766035
4.0,27.0,584.2977543939568,1351.0901442792997,1644.5909567021386,1150.6885991658548,15.286679434588832,12.125238760435364,15.519471507196785,18.653737323716417,269.87230330837957,274.8727105781822,12.045542005581167,1923.3524091832764,8303.720487782262,2.8771271208793765,68,9819.769385925594,0.5016446974661146,53.89260337150777,508.2914540853993,0.28421052631578947,0.1509037452311759,-0.9814872360559548,-1.018209376357163,-6.255581921926932,-0.3068338765454559,-0.2624521533369517,-0.31150647365020667,-0.30119334699277545,-4.7102380129022094,-4.813356247369541,-0.47674466156252926,7.888015429219195,-3.5398412041322445,-0.04199854112788648,581.4358597199459,1343.8367479616907,1632.399308035965,1150.8762690962376,15.318503095623436,12.19533502119597,15.551779792511102,18.589153363725064,268.294127597414,273.2937297529146,12.346174952731854,1897.1472327360657,8279.734088111216,2.8452199195868153
4.0,28.0,575.9097777334683,1324.357468614119,1600.772987243571,1134.8039501638298,14.755030623242037,11.844384070609077,14.979726521057907,17.832893181020875,253.2096123671185,257.9729472119459,11.877075422516123,1855.770677656813,8212.686273395811,2.666792959324835,67,9890.086406743942,0.46799397030482176,49.57512289404995,504.7889948798681,0.29473684210526313,-8.387976660488448,-26.73267566518075,-43.81796945856763,-15.884649002025071,-0.5316488113467948,-0.2808546898262865,-0.5397449861388779,-0.8208441426955417,-16.662690941261076,-16.8997633662363,-0.1684665830650438,-67.5817315264635,-91.03421438645091,-0.21033416155454132,580.9189145962447,1342.0765024488749,1629.482967963097,1149.306891998673,15.268460008326263,12.165403852183877,15.5009746277424,18.520095171121863,266.90225037462227,271.88253965522665,12.302248452770042,1893.5994421072205,8273.899600729976,2.8273310601040547
4.0,29.0,574.9967091011853,1331.0226573250484,1614.713760036728,1149.6961766546608,15.02694372539754,11.986675919632917,15.255780431875674,18.098227597518566,261.93471246823344,266.83509400422355,12.560161619425383,1862.0996690085162,8239.031268481145,2.7527650255925695,66,8069.0352826510725,0.3649273622977106,48.78340399892707,503.4009432496073,0.30526315789473685,-0.913068632283057,6.665188710929442,13.940772793157066,14.892226490831035,0.27191310215550324,0.14229184902383984,0.2760539108177671,0.26533441649769074,8.725100101114947,8.862146792277656,0.6830861969092599,6.32899135170328,26.34499508533372,0.08597206626773435,580.3659360623267,1341.080096503431,1628.1863150234792,1149.9797447859755,15.271468416812008,12.169571384816752,15.504028849555336,18.50710117168178,266.86797204360107,271.8471463304703,12.3674580409434,1889.496172625044,8270.531876895668,2.825980819457348
4.0,30.0,583.2180883354089,1343.9227734148094,1627.8676762356804,1156.0978240136742,15.883301090913996,12.711878454585548,16.125178772501517,19.183943392340595,274.5830436836303,279.74225812338955,12.962087672640143,1874.672791101446,8278.359709064724,2.9073209586245454,65,7366.343733333333,0.42994505874315897,49.41956220957439,510.79678974834883,0.3157894736842105,8.221379234223605,12.900116089761013,13.153916198952402,6.4016473590133955,0.8563573655164554,0.725202534952631,0.8693983406258425,1.085715794822029,12.648331215396865,12.907164119165998,0.40192605321476016,12.57312209292968,39.32844058357841,0.1545559330319759,580.1628733256002,1339.7309645211867,1625.502528410622,1149.1290496289525,15.279959370206111,12.191729377696102,15.512649106808235,18.504007349842386,266.19288930402865,271.16901660961076,12.380697146439697,1884.9634748909925,8265.702249632119,2.815929869651634
4.0,31.0,580.2005943557215,1337.3105203457073,1619.3077711171638,1149.9802610776208,15.510252530884769,12.446764832933708,15.746449269933773,18.703830150769026,266.5617229291767,271.5909548241672,12.633822491406091,1868.7963962726897,8255.637281549529,2.8032538469900103,64,8028.579301505928,0.43471638756621844,48.92062662656932,508.62048815840467,0.3263157894736842,-3.0174939796874014,-6.612253069102053,-8.559905118516554,-6.117562936053446,-0.37304856002922726,-0.2651136216518406,-0.37872950256774374,-0.4801132415715692,-8.021320754453598,-8.15130329922232,-0.3282651812340518,-5.876394828756247,-22.722427515194795,-0.10406711163453508,580.3260468451223,1338.815866761241,1622.8005974531102,1149.3303563744928,15.38112386198379,12.29753223416533,15.615354174602832,18.5986758772245,266.61259135085476,271.6144196783505,12.488104943615992,1878.0783733772491,8262.153619082083,2.8152300777508037
4.0,32.0,580.196876008833,1337.323433627211,1619.1510795904912,1149.8547065527746,15.510232658534225,12.446764832933708,15.746429094958602,18.703564067586083,266.57071546525975,271.6015922478519,12.633868150197168,1868.7963934219158,8255.744021949376,2.803012973315692,63,8028.579301505928,0.43471638756621844,48.92062662656932,508.62048815840467,0.3368421052631579,-0.003718346888490487,0.012913281503642793,-0.15669152667260278,-0.1255545248461658,-1.987235054379255e-05,0.0,-2.017497517137201e-05,-0.00026608318294307765,0.008992536083042069,0.010637423684670466,4.565879107687465e-05,-2.850773853424471e-06,0.10674039984769479,-0.00024087367431846474,580.2276275459569,1338.275678106705,1621.9171458785358,1148.8314047183642,15.371443574388547,12.295242514303096,15.605526471460454,18.585043092266346,266.17146429997626,271.1661787967815,12.47080602509075,1876.8192585331865,8259.966038098073,2.810553630742698
4.0,33.0,581.0869380413136,1341.9328629817874,1630.2488900730505,1150.747564060032,15.255503764322683,12.143695760730015,15.487821080530642,18.524023729582833,267.11070665338417,272.06391518644057,12.316249091946622,1891.2485911320516,8270.819814825934,2.8461621698952517,62,9010.299160671462,0.45440570165892297,51.88141916638656,507.0913265126612,0.3473684210526316,0.8900620324806141,4.609429354576378,11.097810482559225,0.892857507257304,-0.2547288942115422,-0.3030690722036926,-0.2586080144279599,-0.17954033800324964,0.5399911881244179,0.46232293858867024,-0.31761905825054626,22.452197710135806,15.075792876557898,0.043149196579559845,580.3171089093739,1338.734969584974,1623.046948010373,1148.9367330238263,15.345973224836385,12.264935607082728,15.579668248564857,18.56712306317371,266.2243145851734,271.2110517614092,12.439038303951602,1879.0644787695594,8261.459975366835,2.8148993318754054
4.0,34.0,581.2068675132715,1342.6349363624265,1629.0658730253404,1155.7098373517626,15.607169061460013,12.469662031556044,15.844841686761434,18.84174286631095,270.91901052194544,276.0095772286803,12.806541043707853,1881.3875523717313,8276.873529502103,2.8514598897886043,61,7578.456209150327,0.40748067925624154,49.449162209490325,508.57311834357915,0.35789473684210527,0.11992947195790293,0.702073380639149,-1.1830170477101092,4.962273291730753,0.3516652971373304,0.32596627082602936,0.3570206062307921,0.31771913672811536,3.808303868561268,3.9456620422397464,0.49029195176123075,-9.861038760320298,6.0537146761689655,0.005297719893352593,580.1168938169257,1338.6028722774083,1623.2047204481573,1148.9283880319508,15.318364961844356,12.240713964779777,15.551639555171931,18.532969591556444,265.85569256760425,270.83515525743167,12.423472474164871,1879.7359550693684,8261.285541117073,2.8093734198189177
4.0,35.0,585.6074014886852,1355.3254189093896,1651.1266073311456,1157.9762712490908,15.627554459346392,12.38178497491687,15.865537522179078,19.042908199761367,276.7806375628762,281.9011737991354,12.452239402046992,1923.8016410358528,8319.6961831503,2.954166267323263,60,8757.580257892396,0.4737541092176234,53.426548538445466,509.6185925112958,0.3684210526315789,4.400533975413737,12.69048254696304,22.060734305805227,2.26643389732817,0.020385397886379053,-0.087877056639174,0.020695835417644304,0.20116533345041887,5.8616270409307845,5.891596570455079,-0.35430164166086087,42.41408866412144,42.82265364819614,0.10270637753465861,581.0867857620569,1341.6991847375155,1628.2454767433806,1151.2499371377082,15.405618065982477,12.294454055210556,15.640221386784242,18.65398011793159,268.2125006281286,273.22762900295686,12.480987356661123,1886.539051493835,8271.982889868757,2.838118687374141
4.0,36.0,581.2011948666388,1342.6546818984018,1628.8282795694358,1155.5194432495455,15.607139700112077,12.469662031556044,15.844811878286372,18.841335926917388,270.93285045158007,276.02593269858363,12.806610466357421,1881.3875483406657,8277.037489264241,2.8510898878478117,59,7578.456209150327,0.40748067925624154,49.449162209490325,508.57311834357915,0.37894736842105264,-4.406206622046398,-12.67073701098775,-22.298327761709743,-2.4568279995453395,-0.020414759234315127,0.087877056639174,-0.020725643892706813,-0.20157227284397905,-5.847787111296157,-5.8752411005517615,0.3543710643104294,-42.41409269518704,-42.658693886058245,-0.10307637947545123,580.7922201838484,1340.75748977582,1626.5673880924744,1151.1074633538844,15.406980704880255,12.30265116698893,15.64160477652818,18.64262064355241,267.84753154115845,272.86161559026004,12.509419736582498,1883.131366952496,8268.960605896542,2.831315109958196
4.0,37.0,585.166762177955,1350.8574903155993,1642.4604987212558,1153.758614032371,15.566069300157857,12.364951435491284,15.803116040769398,18.962408133125038,273.92294606120765,278.9983797358892,12.358022467672189,1910.9993559245,8302.99889577806,2.9291427134463337,58,9034.824351297406,0.48765988943879,53.02760216861427,509.85232642938337,0.3894736842105263,3.9655673113161356,8.202808417197502,13.632219151819982,-1.7608292171744324,-0.04107039995422035,-0.10471059606476096,-0.04169583751697381,0.12107220620764991,2.9900956096275877,2.972447037305585,-0.44858799868523214,29.611807583834207,25.961406513819384,0.078052825598522,580.8791209622481,1340.73422437945,1626.3543422943862,1151.414464840536,15.434919691437159,12.32662243449452,15.669969229885442,18.673487724493274,268.2525958164412,273.27418250603074,12.540667782791598,1881.8960616266183,8268.88844669612,2.836516669214892
4.0,38.0,581.0892804962944,1341.9246480157487,1630.3438598249243,1150.8234943913806,15.25551660518788,12.143695760730015,15.487834116942011,18.524190421762857,267.1053302049066,272.05755371950426,12.31622128737115,1891.2485928719627,8270.755611422263,2.846308216809894,57,9010.299160671462,0.45440570165892297,51.88141916638656,507.0913265126612,0.4,-4.077481681660629,-8.932842299850563,-12.116638896331551,-2.9351196409904787,-0.3105526949699762,-0.2212556747612684,-0.31528192382738673,-0.43821771136218146,-6.8176158563010745,-6.94082601638496,-0.04180118030103941,-19.750763052537195,-32.243284355798096,-0.0828344966364396,581.3970712385308,1342.490942319613,1629.3114295525215,1153.0164192632915,15.484968289631743,12.356553603506615,15.720779989473849,18.74261744856747,269.64216760022003,274.6826431567865,12.5845823692771,1885.4438531481333,8274.695380498768,2.8544681949633977
4.0,39.0,585.167746029286,1350.8538778597072,1642.4994183627616,1153.789594074699,15.566075041689036,12.364951435491284,15.803121869735062,18.96247937286341,273.92066364381407,278.9956823874284,12.358010330212947,1910.9993570820498,8302.972293685985,2.929203839843557,56,9034.824351297406,0.48765988943879,53.02760216861427,509.85232642938337,0.4105263157894737,4.078465532991686,8.92922984395841,12.15555853783735,2.9660996833183617,0.31055843650115555,0.2212556747612684,0.31528775279305066,0.438288951100553,6.815333438907487,6.938128667924161,0.0417890428417973,19.750764210087027,32.21668226372276,0.08289562303366305,582.4141749313408,1344.4740643730788,1632.089995385125,1153.425761005295,15.538881421260893,12.394381155092452,15.77551413325979,18.829042626101955,270.8407627177781,275.89870199510705,12.564367240355859,1890.3338219554862,8281.089483019252,2.8721120763884964
4.0,40.0,580.214219514625,1337.2632894292558,1619.8821127965102,1150.4405040821368,15.510325289715468,12.446764832933708,15.746523136766973,18.704804976033884,266.52877420057445,271.55198332899056,12.633655724923518,1868.7964019252731,8255.24627584742,2.8041365621191163,55,8028.579301505928,0.43471638756621844,48.92062662656932,508.62048815840467,0.42105263157894735,-4.953526514661007,-13.590588430451362,-22.61730556625139,-3.349089992562085,-0.05574975197356835,0.08181339744242422,-0.05659873296808904,-0.2576743968295254,-7.39188944323962,-7.443699058437858,0.2756453947105708,-42.202955156776625,-47.726017838565895,-0.12506727772444082,582.1137880492624,1343.8081159745234,1631.291439041208,1152.8600290121412,15.501583841141041,12.367869792927268,15.737648569686334,18.78112878447128,270.0353357694725,275.07967451566714,12.531524045584195,1889.7461830378693,8278.778139697522,2.8617936367379535
4.0,41.0,575.9297909179405,1324.2830893185069,1601.606455958022,1135.4710560687574,14.755141863893849,11.844384070609077,14.979839455729795,17.834286811213396,253.1641242610367,257.91906364072605,11.876841232751666,1855.7706896073407,8212.123907769283,2.6680189019240013,54,9890.086406743942,0.46799397030482176,49.57512289404995,504.7889948798681,0.43157894736842106,-4.284428596684506,-12.98020011074891,-18.275656838488203,-14.969448013379406,-0.7551834258216186,-0.6023807623246302,-0.7666836810371773,-0.8705181648204885,-13.364649939537742,-13.632919688264508,-0.756814492171852,-13.025712317932403,-43.12236807813679,-0.13611766019511506,581.6867077054843,1342.5053728718035,1629.5213075252937,1151.409108511255,15.426072774441948,12.307631716694805,15.660987588265936,18.69417445051572,268.6955759026585,273.712485397323,12.455825919718752,1888.4436123713344,8274.426802319496,2.8482701422313523
4.0,42.0,581.1083164496591,1341.8580170759933,1631.1158495189002,1151.440738226761,15.255620909425016,12.143695760730015,15.487940009568545,18.52554482603111,267.06167385658523,272.0058745535298,12.315995573101878,1891.2486001780221,8270.234069137632,2.84749517655412,53,9010.299160671462,0.45440570165892297,51.88141916638656,507.0913265126612,0.4421052631578947,5.178525531718606,17.57492775748642,29.509393560878152,15.96968215800348,0.5004790455311667,0.2993116901209376,0.5081005538387497,0.6912580148177128,13.897549595548526,14.086810912803742,0.4391543403502123,35.47791057068139,58.11016136834951,0.17947627463011884,581.7778517495669,1342.9588312166818,1630.7177845181345,1151.5677116786535,15.400611599531027,12.277324809474436,15.635138679726932,18.676372526360225,268.7446717417911,273.7529136278908,12.424038662009224,1890.688833046945,8275.875807038323,2.852718362555195
4.0,43.0,583.2410834587458,1343.8392156416285,1628.8305100612386,1156.8705075610912,15.883426257254525,12.711878454585548,16.12530584492845,19.185631034874767,274.52684054112143,279.6756738909945,12.96180511912468,1874.672789876923,8277.705755556079,2.9088477331585234,52,7366.343733333333,0.42994505874315897,49.41956220957439,510.79678974834883,0.45263157894736844,2.132767009086706,1.981198565635168,-2.285339457661621,5.429769334330331,0.6278053478295096,0.5681826938555332,0.6373658353599065,0.6600862088436585,7.4651666845362,7.669799337464724,0.6458095460228019,-16.57581030109918,7.471686418446552,0.06135255660440331,581.9932662913102,1343.1494664826657,1630.5759465169535,1152.1800060287596,15.46340384882421,12.334143078859988,15.69888715616671,18.742533256889416,269.4862851305648,274.5140894983462,12.488594264727029,1889.031252921432,8276.564401111336,2.8589869188815227
4.0,44.0,578.842642252924,1337.2888375232806,1625.6354006333145,1141.6753120559713,14.736507156717982,11.733830196678772,14.960920971287294,17.918117882296865,257.55458297493135,262.3473312466196,11.729370438491241,1899.6903041161013,8257.838606714799,2.7239449706803014,51,10441.22958843159,0.4837611583767001,52.665701645712176,504.551833574411,0.4631578947368421,-4.398441205821882,-6.550378118347908,-3.1951094279240806,-15.195195505119955,-1.1469191005365431,-0.9780482579067762,-1.1643848736411577,-1.2675131525779015,-16.97225756619008,-17.328342644374914,-1.232434680633439,25.017514239178354,-19.86714884128014,-0.18490276247822202,581.7568437652753,1342.614856598751,1630.232899277751,1150.7765534991806,15.376337658350007,12.260559895372262,15.610495084619298,18.65017075848801,268.1498423758634,273.1478649001402,12.380877204205367,1890.8615280958688,8274.660908832606,2.8462354269706927
4.0,45.0,584.3155323490939,1351.0258378991093,1645.287188798492,1151.2408092742319,15.286785027978114,12.125238760435364,15.519578708607222,18.654997530031633,269.83191871124666,274.8250060431236,12.04532609168048,1923.3524195170246,8303.242259499522,2.8781985904558227,50,9819.769385925594,0.5016446974661146,53.89260337150777,508.2914540853993,0.47368421052631576,5.4728900961699765,13.737000375828757,19.65178816517755,9.565497218260589,0.550277871260132,0.39140856375659183,0.558657737319928,0.7368796477347672,12.277335736315308,12.477674796504004,0.31595565318923846,23.662115400923312,45.40365278472382,0.15425361977552132,581.6276568513161,1342.184898497723,1629.6489574244854,1150.1030073016946,15.34226071521318,12.23490527392411,15.57589920326211,18.611379691515033,267.4549704907004,272.440248124539,12.340185873168718,1890.8166059439864,8273.015516467529,2.8386386592839483
4.0,46.0,581.1109338633584,1341.8488694233583,1631.2220326499435,1151.5256408055327,15.255635245305195,12.143695760730015,15.487954563761619,18.525731024138892,267.05567468608353,271.9987702979381,12.315964566082856,1891.248600086714,8270.162383420533,2.847658403992686,49,9010.299160671462,0.45440570165892297,51.88141916638656,507.0913265126612,0.4842105263157895,-3.2045984857355734,-9.176968475750982,-14.065156148548567,0.2848315313008243,-0.031149782672919457,0.018457000294651138,-0.03162414484560294,-0.12926650589274047,-2.7762440251631233,-2.8262357451854996,0.27063847440237687,-32.10381943031052,-33.0798760789894,-0.03054018646313672,581.6186307509881,1342.1043172502189,1629.8883327325361,1149.7036270572933,15.307110269732494,12.202308646841509,15.54021347180964,18.579819201237186,267.0672529141508,272.0375318844744,12.29112128314126,1891.802711118591,8272.328005883157,2.8382955108984356
4.0,47.0,578.8465992551647,1337.274288920479,1625.7941572245309,1141.8017184989699,14.736529445883885,11.733830196678772,14.960943599882118,17.918389988277795,257.54582392233704,262.3369726640536,11.729325051762695,1899.690307151595,8257.73028936028,2.7241803289576785,48,10441.22958843159,0.4837611583767001,52.665701645712176,504.551833574411,0.49473684210526314,-2.2643346081936215,-4.574580502879371,-5.427875425412594,-9.723922306562827,-0.5191057994213093,-0.40986556405124297,-0.5270109638795013,-0.6073410358610971,-9.509850763746499,-9.661797633884532,-0.5866395143201615,8.44170706488103,-12.432094060253803,-0.12347807503500752,580.9866144587091,1340.7459971107069,1628.2216985828638,1148.5079375039531,15.224156284305096,12.139196522960258,15.455996227720908,18.47541738675246,265.4295407002637,270.37139117729083,12.22825154155031,1890.6718062413006,8267.801145241381,2.8177992724495704
4.0,48.0,581.0049678906411,1344.532473959009,1637.6555394433856,1156.11871481753,15.354015079966388,12.183006599223047,15.587832568493797,18.651745853657626,271.31254194588314,276.29844527525324,12.492260457321356,1897.0911699628766,8280.67374629009,2.905234815271784,47,8643.986015981734,0.43523421977140586,52.26939155739736,506.52718337864513,0.5052631578947369,2.158368635476336,7.258185038529973,11.861382218854715,14.316996318560086,0.6174856340825023,0.4491764025442748,0.626888968611679,0.7333558653798313,13.766718023546105,13.961472611199667,0.762935405558661,-2.599137188718487,22.943456929810054,0.18105448631410548,580.9781831981438,1341.0067797050328,1628.9528665447099,1149.037459546568,15.234006131782944,12.14312760680956,15.46599607287609,18.488172929941936,265.8502618743613,270.79548033286574,12.245855458545332,1891.2560639503922,8268.792958728161,2.823691932295759
4.0,49.0,580.2348240181523,1337.192170146419,1620.751078234166,1151.1368852819767,15.51043515966087,12.446764832933708,15.74663467985875,18.70627855131114,266.4789886582235,271.49307590625773,12.63340325545518,1868.796413729204,8254.655445880218,2.8054714442073343,46,8028.579301505928,0.43471638756621844,48.92062662656932,508.62048815840467,0.5157894736842106,-0.7701438724888021,-7.340303812590037,-16.904461209219562,-4.981829535553288,0.1564200796944828,0.26375823371066076,0.15880211136495426,0.05453269765351365,-4.83355328765964,-4.805369368995514,0.14114279813382424,-28.294756233672615,-26.01830040987079,-0.09976337106444966,580.4848909970304,1339.6406089337038,1626.7780325318504,1148.772188667296,15.228442143580128,12.151308946553803,15.460347353888457,18.46255284778671,265.10609437580234,270.0452196847487,12.273394751069555,1887.0357696151077,8263.961273947585,2.8113186927321365
4.0,50.0,575.0373838334971,1330.8774965224725,1616.4398585349563,1151.0827987532107,15.027125615701335,11.986675919632917,15.255965092082576,18.10105887015621,261.8366326734825,266.71923343068795,12.559673343797051,1862.099702980179,8237.83244676064,2.755366706715305,45,8069.0352826510725,0.3649273622977106,48.78340399892707,503.4009432496073,0.5263157894736842,-5.197440184655193,-6.314673623946419,-4.311219699209687,-0.054086528765992625,-0.4833095439595354,-0.4600889133007904,-0.49066958777617486,-0.6052196811549315,-4.642355984741016,-4.773842475569779,-0.0737299116581287,-6.696710749024987,-16.822999119578526,-0.05010473749202937,579.9672074289176,1339.0020296430255,1626.433807105695,1148.8364181344034,15.180122176178717,12.105300055223724,15.411291549420017,18.402178237198946,264.6368802230931,269.56194469491845,12.265996512956908,1886.3660997205977,8262.219891038907,2.806441707191756
4.0,51.0,585.3029118444167,1357.2067242914773,1656.8737291924533,1166.3337446764758,15.798690686256169,12.490298525792026,16.03927988452403,19.218836102794825,281.20324183130737,286.3693448971655,12.829025149903645,1919.9997701560224,8325.147249057003,3.0112986968402877,44,7837.6933804388245,0.4261097978979249,52.8563881374372,509.3115813805911,0.5368421052631579,10.265528010919638,26.329227769004774,40.43387065749698,15.250945923265135,0.7715650705548338,0.5036226061591087,0.7833147924414554,1.1177772326386162,19.366609157824882,19.65011146647754,0.26935180610659337,57.90006717584333,87.31480229636327,0.2559319901249828,580.9045195215652,1342.2943931403229,1631.960534429138,1151.9226869951751,15.284477058414947,12.169891500742018,15.51723559229944,18.540633166357086,267.4407919801202,272.4069728205624,12.361214904672106,1892.7890077754662,8273.522225167679,2.8407696866833847
4.0,52.0,585.1947712869512,1350.7557583398711,1643.5685338317544,1154.6406271366284,15.566232762980793,12.364951435491284,15.8032819928739,18.96443583003652,273.8580399114531,278.92168787604663,12.357679154306306,1910.9993826056834,8302.242389872274,2.930882854818689,43,9034.824351297406,0.48765988943879,53.02760216861427,509.85232642938337,0.5473684210526316,-0.10814055746550366,-6.450965951606122,-13.305195360698917,-11.693117539847435,-0.2324579232753763,-0.12534709030074254,-0.23599789165013085,-0.25440027275830346,-7.345201919854276,-7.447657021118857,-0.47134599559733914,-9.000387550338928,-22.904859184729503,-0.08041584202159857,581.3131650052944,1343.1841672667103,1633.2058028604235,1152.2426758861618,15.315538243770527,12.192017068218146,15.548769790629976,18.584522266757624,268.12042858560693,273.098554152814,12.365383262792548,1894.764086018232,8276.723057241143,2.8491084545098415
4.0,53.0,584.3462810936037,1350.914914475462,1646.4929394721962,1152.1973082340294,15.286967616432364,12.125238760435364,15.51976407759631,18.657175481757744,269.7620822383517,274.7425150654713,12.044952525042484,1923.3524217603444,8302.41547605124,2.880053578414173,42,9819.769385925594,0.5016446974661146,53.89260337150777,508.2914540853993,0.5578947368421052,-0.8484901933475157,0.15915613559081976,2.924405640441819,-2.443318902599003,-0.27926514654842904,-0.23971267505591953,-0.2835179152775904,-0.3072603482787777,-4.095957673101395,-4.179172810575324,-0.3127266292638211,12.353039154661019,0.17308617896560463,-0.050829276404515955,581.4236847687803,1343.8917371500938,1634.9720458015192,1151.7753559534556,15.255892379688309,12.133353098803127,15.488215613896761,18.531676711445925,267.64395275533,272.60523827026174,12.273698003384329,1899.6320492065745,8279.19402929066,2.846229039035406
4.0,54.0,580.598380532212,1340.7481906799862,1630.5677835504446,1145.2646261417897,14.997279275441146,11.94500059330417,15.225664239026544,18.233191978473922,262.115661103717,266.99762080773957,11.907217682640036,1903.1323833471376,8270.729256468217,2.7706115712972905,41,9888.501716738198,0.48435669022056677,52.16701488331152,506.38358819503554,0.5684210526315789,-3.7479005613917025,-10.166723795475718,-15.925155921751639,-6.932682092239702,-0.28968834099121743,-0.18023816713119345,-0.29409983856976574,-0.4239835032838215,-7.646421134634693,-7.744894257731744,-0.13773484240244827,-20.220038413206794,-31.68621958302174,-0.10944200711688268,581.5992585967091,1344.2376724657645,1635.4652840932322,1152.1342873620374,15.281969591560625,12.154470138465665,15.514689940670687,18.56318412106363,268.1000605682085,273.0702672263737,12.29148272779921,1899.9762571296783,8280.483094266001,2.850895699097105
4.0,55.0,584.2176509713544,1351.8343675598242,1648.4631336989496,1159.2210872899823,15.59393205407322,12.387690913772316,15.831403100581946,18.960040664474203,274.4179564771506,279.49122676666786,12.521449186040448,1915.4644085694013,8305.317639224788,2.923633564078156,40,8602.58208955224,0.46106971523222207,52.60351166911739,508.95825551844223,0.5789473684210527,3.619270439142383,11.086176879837922,17.89535014850503,13.956461148192602,0.5966527786320732,0.44269032046814516,0.6057388615554018,0.726848686000281,12.302295373433594,12.493605958928299,0.6142315034004113,12.33202522226361,34.588382756570354,0.15302199278086537,581.5894704589352,1344.318525431836,1635.782878583278,1152.9323151636124,15.312684294170136,12.18071535379936,15.545872379868161,18.593688434507886,268.55866434479896,273.53688929872817,12.339095037235206,1899.1874560349158,8280.690632238528,2.8554391964593386
4.0,56.0,577.9431756869533,1336.7016421586825,1628.0528010350924,1143.1388296129223,14.658939276199087,11.654323854577415,14.882171854009226,17.83428935315958,257.329020541327,262.08716487877194,11.695868759511447,1902.3387422633523,8254.802230022638,2.727920215012266,39,10552.7299270073,0.47893852399966025,52.801551254432,503.51272519766474,0.5894736842105263,-6.274475284401092,-15.13272540114167,-20.41033266385716,-16.082257677059943,-0.9349927778741325,-0.7333670591949009,-0.9492312465727206,-1.1257513113146231,-17.0889359358236,-17.40406188789592,-0.825580426529001,-13.12566630604897,-50.515409202149385,-0.19571334906589,581.2726946412947,1343.8038027053683,1635.4659554217928,1152.0936340443516,15.253014697259525,12.131778163184102,15.48529410889292,18.524544267409958,267.5859989303233,272.5457287568115,12.277085456578066,1900.2964702525794,8279.154616898739,2.8434653775612966
4.0,57.0,577.9563730647947,1336.6566701816143,1628.5811921011918,1143.559259295499,14.65901250939591,11.654323854577415,14.882246202432396,17.835191735696164,257.29991190716373,262.05275212606836,11.69571695835095,1902.3387415963325,8254.442161318902,2.728700381471866,38,10552.7299270073,0.47893852399966025,52.801551254432,503.51272519766474,0.6,0.01319737784137942,-0.04497197706814404,0.5283910660994025,0.420429682576696,7.323319682228657e-05,0.0,7.434842317088908e-05,0.0009023825365837013,-0.029108634163264924,-0.03441275270358801,-0.000151801160496845,-6.670197763014585e-07,-0.36006870373603306,0.0007801664596001068,581.1836720222576,1343.7420408314817,1635.744658909459,1152.2693881240043,15.245263003610727,12.123827528973965,15.477424369147949,18.516224442151792,267.56140772880593,272.51730670301305,12.27372464723689,1900.5613136970533,8278.8258040946,2.843917382812715
4.0,58.0,577.9592604704875,1336.6468724088263,1628.6968427377444,1143.6512806707296,14.65902852798533,11.654323854577415,14.882262464959727,17.835389101255515,257.2935407702977,262.0452239216986,11.695683534263463,1902.338740630482,8254.363415680758,2.7288710944161103,37,10552.7299270073,0.47893852399966025,52.801551254432,503.51272519766474,0.6105263157894737,0.002887405692831635,-0.009797772788033399,0.1156506365525729,0.09202137523061538,1.601858942024137e-05,0.0,1.626252733011313e-05,0.00019736555935168099,-0.00637113686605062,-0.007528204369748437,-3.342408748707726e-05,-9.658504040999105e-07,-0.07874563814402791,0.00017071294424431116,580.8791012802423,1342.9534806764636,1634.8487892388948,1151.0226447093244,15.175764348412622,12.070959254509402,15.406867358794543,18.43458876691158,266.1595076112474,271.0919845676575,12.1940669549311,1901.0860707638137,8276.194771033668,2.826281010727148
4.0,59.0,580.6256146114863,1340.6612897274006,1631.6628519041333,1146.1359224258174,14.997438219400427,11.94500059330417,15.225825603452213,18.23509348469257,262.0545269193167,266.92533237649025,11.90689643041487,1903.1323841652988,8269.981860107117,2.7722574203776458,36,9888.501716738198,0.48435669022056677,52.16701488331152,506.38358819503554,0.6210526315789474,2.6663541409988056,4.01441731857426,2.966009166388858,2.4846417550877504,0.338409691415098,0.2906767387267557,0.34356313849248643,0.3997043834370544,4.760986149019004,4.880108454791639,0.21121289615140704,0.7936435348167379,15.61844442635811,0.043386325961535466,580.9181803395757,1343.3003926345616,1635.9399666058916,1150.5225484237085,15.124464654386577,12.020782830546448,15.354786451153888,18.387470260249724,265.71706143735673,270.6352102146808,12.121416272427071,1904.5196678074233,8277.727412456357,2.822959608344179
4.0,60.0,583.3138289082915,1343.5850928361447,1631.8789617193906,1159.3174425427271,15.883822032514292,12.711878454585548,16.12570764722263,19.19096662319181,274.3494210299216,279.46557841408685,12.960909465847262,1874.6728545885726,8275.647256397611,2.9136791891327247,35,7366.343733333333,0.42994505874315897,49.41956220957439,510.79678974834883,0.631578947368421,2.6882142968051994,2.923803108744096,0.2161098152573686,13.181520116909724,0.8863838131138646,0.7668778612813778,0.8998820437704165,0.9558731384992392,12.2948941106049,12.540246037596603,1.0540130354323924,-28.459529576726254,5.665396290494755,0.14142176875507895,581.7458248470551,1344.571152265929,1637.483876924335,1151.34601280266,15.210134296067872,12.093303084041711,15.441760706667893,18.496461035553285,266.96834027300065,271.9098447130207,12.16153988463209,1905.7769829682627,8281.508893420056,2.838790856585921
4.0,61.0,585.6861080188063,1355.008909280786,1654.2378374066377,1160.4487980308847,15.62801965089599,12.38178497491687,15.86600979786395,19.04860600653776,276.5952878975004,281.6822548743245,12.451259794185173,1923.8016697426474,8317.539335153899,2.959062323714511,34,8757.580257892396,0.4737541092176234,53.426548538445466,509.6185925112958,0.6421052631578947,2.3722791105147962,11.423816444641261,22.358875687247064,1.1313554881576238,-0.2558023816183024,-0.33009347966867786,-0.25969784935868034,-0.14236061665404875,2.2458668675787976,2.216676460237636,-0.5096496716620891,49.1288151540748,41.89207875628745,0.04538313458178633,581.784144464494,1344.35137076486,1637.2202877457535,1150.7575181381012,15.193067192531856,12.082451728954197,15.424433698001886,18.47943802592758,266.50754487961996,271.4411357107366,12.123763349060244,1906.1571729269253,8280.748102029744,2.833567219273343
4.0,62.0,580.6485657991756,1340.588363060531,1632.5864062044577,1146.8708404051,14.997572169407526,11.94500059330417,15.225961593307131,18.236695308150225,262.0030275047978,266.86445212759656,11.906626125121026,1903.132392420654,8269.352589614047,2.773644821272058,33,9888.501716738198,0.48435669022056677,52.16701488331152,506.38358819503554,0.6526315789473685,-5.037542219630723,-14.420546220254892,-21.651431202179992,-13.577957625784848,-0.6304474814884635,-0.43678438161269995,-0.6400482045568179,-0.8119106983875355,-14.592260392702599,-14.81780274672792,-0.5446336690641473,-20.669277321993377,-48.18674553985147,-0.18541750244245314,581.3295239157165,1343.3346312369258,1636.1220749830238,1149.9805394649482,15.136201133174529,12.040456644735485,15.366701658045207,18.40666397373895,265.3220436389544,270.2354121358916,12.078658046141715,1905.3704739084224,8277.459122003922,2.81784341591868
4.0,63.0,581.3085671516844,1342.302030453683,1633.3343660307041,1159.1320464145676,15.607694734929222,12.469662031556044,15.845375365410376,18.849032882214555,270.6719898406155,275.7175626626102,12.805298138787865,1881.387614352831,8273.951624270765,2.85810526366088,32,7578.456209150327,0.40748067925624154,49.449162209490325,508.57311834357915,0.6631578947368421,0.660001352508857,1.7136673931520363,0.7479598262464151,12.261206009467742,0.6101225655216957,0.524661438251874,0.6194137721032451,0.6123375740643304,8.668962335817696,8.853110535013627,0.8986720136668396,-21.744778067823063,4.599034656717777,0.084460442388822,581.0257525215246,1342.4733428347479,1634.8062176388746,1150.674013283002,15.168273845024217,12.074898971847555,15.399262786826615,18.425849713784633,265.4130343991808,270.3329168956055,12.154692607516255,1901.1739931676711,8274.612736825875,2.815648584443351
4.0,64.0,575.1260572763854,1330.568462535823,1620.2087987630455,1154.1116337758706,15.027521409339878,11.986675919632917,15.256366913035409,18.10722600813715,261.6230819001417,266.46706937372454,12.558610191197436,1862.0997308679669,8235.229643989567,2.7610439078356803,31,8069.0352826510725,0.3649273622977106,48.78340399892707,503.4009432496073,0.6736842105263158,-6.182509875299047,-11.73356791786,-13.125567267658653,-5.020412638697053,-0.5801733255893442,-0.4829861119231271,-0.5890084523749675,-0.7418068740774046,-9.048907940473782,-9.25049328888565,-0.2466879475904289,-19.287883484864096,-38.72198028119783,-0.09706135582519959,580.4785201959419,1341.4553700203317,1633.7703191601347,1151.55871404641,15.17129805841409,12.079066504480428,15.402333054227501,18.41325311675095,265.3637764788233,270.279861752204,12.219831858371993,1897.0707279197536,8271.06277557801,2.81469181809719
4.0,65.0,583.362166294086,1343.4222542087691,1633.904797590742,1160.9438596645289,15.884084741167722,12.711878454585548,16.125974356515453,19.194509113599565,274.2316695627283,279.32627710097876,12.960315460080196,1874.6728915005085,8274.286784788505,2.916888842040902,30,7366.343733333333,0.42994505874315897,49.41956220957439,510.79678974834883,0.6842105263157895,8.236109017700642,12.853791672946045,13.695998827696485,6.832225888658286,0.8565633318278447,0.725202534952631,0.869607443480044,1.087283105462415,12.608587662586615,12.859207727254216,0.40170526888275937,12.573160632541658,39.057140798937326,0.15584493420522172,580.3929717282151,1340.614158685226,1632.3144855493142,1151.7309912838648,15.200313327123538,12.111485258561752,15.431790179820851,18.436699961663486,265.34514778738105,270.263366785635,12.26371848577597,1892.9915762128646,8267.959690134381,2.8140173458934643
4.0,66.0,585.3134127283442,1350.3551251460433,1648.260893052904,1158.3763541742167,15.566924640301181,12.364951435491284,15.803984406397138,18.973015701406275,273.5840395931479,278.5982454440497,12.356222583321369,1910.9994465573832,8299.058185001888,2.9382478503868548,29,9034.824351297406,0.48765988943879,53.02760216861427,509.85232642938337,0.6947368421052632,1.9512464342582234,6.932870937274174,14.356095462162102,-2.5675054903122145,-0.31716010086654123,-0.3469270190942648,-0.321989950118315,-0.22149341219328988,-0.6476299695804073,-0.7280316569290335,-0.604092876758827,36.32655505687467,24.77140021338346,0.021359008345952724,581.1299954323542,1341.9795069839622,1634.335294751095,1153.2547437399942,15.291111863533748,12.182548016653138,15.523971435059645,18.55057259648816,266.97064969256314,271.91447484216286,12.32975386815696,1893.8576466422678,8272.385285632306,2.8350501094309233
4.0,67.0,578.0381186654146,1336.3846534063593,1631.8659434324013,1146.1739004229696,14.659466737754483,11.654323854577415,14.882707347974096,17.840765689459857,257.11971229834046,261.8397183222108,11.694774929041182,1902.3387802469529,8252.216192513599,2.7335461990391043,28,10552.7299270073,0.47893852399966025,52.801551254432,503.51272519766474,0.7052631578947368,-7.2752940629296745,-13.970471739683944,-16.394949620502757,-12.202453751247049,-0.9074579025466978,-0.7106275809138687,-0.9212770584230423,-1.132250011946418,-16.464327294807447,-16.758527121838938,-0.6614476542801864,-8.660666310430315,-46.84199248828918,-0.20470165134775042,581.1381699924161,1341.9523053064365,1634.663769884216,1153.5162078527412,15.291157286369605,12.182548016653138,15.524017549613811,18.55112999186453,266.9526297316808,271.89317146177706,12.329659665225986,1893.85765050733,8272.162688751774,2.835534691187647
4.0,68.0,581.3482933671665,1342.18395822729,1635.003972155253,1160.4712063483385,15.60790014380639,12.469662031556044,15.845583902341511,18.851877909556435,270.5760761464577,275.604217284032,12.804814693727076,1881.387629734471,8272.82079656165,2.860703389443656,27,7578.456209150327,0.40748067925624154,49.449162209490325,508.57311834357915,0.7157894736842105,3.3101747017519756,5.799304820930729,3.1380287228516863,14.297305925368846,0.9484334060519064,0.8153381769786296,0.9628765543674156,1.011112220096578,13.456363848117235,13.764498961821232,1.1100397646858937,-20.951150512481945,20.604604048050533,0.12715719040455165,581.4770732820841,1342.506013888283,1635.294482825967,1155.1982004205022,15.38604444795171,12.264081834351002,15.620349693351992,18.65277887269462,268.2808832692968,273.2490707980104,12.440572781172346,1891.7625394177285,8274.008426839866,2.848717920690402
4.0,69.0,583.3902527769466,1343.3290092157524,1635.081895176443,1161.888964954739,15.884237114530585,12.711878454585548,16.12612905028486,19.196566323175514,274.16325656925636,279.2453899519586,12.959969916056526,1874.672906968516,8273.498371289892,2.918753411584531,26,7366.343733333333,0.42994505874315897,49.41956220957439,510.79678974834883,0.7263157894736842,2.04195940978002,1.1450509884623443,0.07792302118991756,1.417758606400639,0.27633697072419494,0.24221642302950386,0.2805451479433483,0.3446884136190782,3.5871804227986672,3.6411726679265826,0.15515522232944967,-6.714722765955003,0.6775747282426892,0.05805002214087507,581.7535370986301,1342.7727858371184,1635.636387153198,1156.7735046733942,15.474724337464727,12.34076962047914,15.710380038035254,18.748926156542915,269.49175623429073,274.48107655555725,12.545880129736512,1888.9165916980503,8274.360077958143,2.86336751981109
4.0,70.0,576.0936340464467,1323.6788045307806,1608.4477308102607,1140.948997148167,14.756050816816789,11.844384070609077,14.980762250575422,17.845680477891015,252.79255189991235,257.47871188461846,11.874924970276401,1855.7707804202448,8207.53290692291,2.678062319564233,25,9890.086406743942,0.46799397030482176,49.57512289404995,504.7889948798681,0.7368421052631579,-7.296618730499858,-19.650204684971868,-26.634164366182176,-20.939967806571985,-1.1281862977137962,-0.8674943839764708,-1.1453667997094374,-1.3508858452844983,-21.370704669344008,-21.766678067340138,-1.0850449457801243,-18.9021265482711,-65.9654643669819,-0.24069109202029804,581.0315176124457,1340.7821570065819,1633.293264062285,1154.9366601339382,15.361947215894977,12.254020182081494,15.595885498370535,18.614397542012835,267.3360693212898,272.2823899026104,12.437281680179426,1887.0263842812176,8267.548643010672,2.839805832854241
4.0,71.0,575.2000755681638,1330.3225104114174,1623.3606839607417,1156.645878475016,15.0278511078358,11.986675919632917,15.256701632320611,18.112370437632205,261.4452515567613,266.25718373518134,12.55772494933639,1862.0997602237799,8233.072007290966,2.7657909016366466,24,8069.0352826510725,0.3649273622977106,48.78340399892707,503.4009432496073,0.7473684210526316,-0.8935584782828982,6.643705880636844,14.912953150480917,15.696881326848825,0.27180029101901226,0.14229184902383984,0.2759393817451894,0.26668995974118914,8.652699656848966,8.77847185056288,0.6827999790599879,6.328979803535049,25.539100368056097,0.08772858207241363,579.9829143673815,1338.313517119645,1630.2055487176954,1154.5563681783512,15.301930361588958,12.214509276553096,15.534954681816199,18.520773985122283,265.82106568721593,270.7398827886961,12.447928195694548,1880.8561933293306,8259.101910224379,2.8204786906464547
4.0,72.0,584.9117370896068,1352.7456543422825,1656.3154978470152,1167.235395760304,15.74212869305518,12.495977346247038,15.981856541172771,19.149788589240462,277.383851287792,282.44030803517774,12.697190296950676,1913.1001239137854,8305.39811840395,2.9773661208564226,23,8090.279234399581,0.4481552040070592,52.24230890269047,509.6219964312877,0.7578947368421053,9.711661521443034,22.42314393086508,32.95481388627354,10.589517285288139,0.7142775852193797,0.5093014266141207,0.7251549088521596,1.0374181516082572,15.938599731030706,16.183124299996393,0.13946534761428708,51.00036369000554,72.3261111129832,0.21157521921977596,580.4092314964245,1339.52924624782,1632.578457881951,1156.592823713872,15.376386013953724,12.269606951847383,15.610544176602763,18.612083313231302,267.35914806551534,272.29746837945424,12.526984612877513,1881.8529664786442,8262.706463103368,2.8408508206048912
4.0,73.0,585.8209498160503,1354.5656889081529,1659.5658436741098,1164.684756163841,15.628816264218749,12.38178497491687,15.866818542354062,19.058347638565348,276.2818601051358,281.3125651269767,12.449578646471164,1923.8017000982102,8313.907864268125,2.9674391977712293,22,8757.580257892396,0.4737541092176234,53.426548538445466,509.6185925112958,0.7684210526315789,0.9092127264434566,1.820034565870401,3.250345827094634,-2.550639596463043,-0.11331242883643178,-0.11419237133016757,-0.11503799881870869,-0.09144095067511415,-1.1019911826562065,-1.1277429082010144,-0.24761165047951295,10.701576184424766,8.509745864175784,-0.009926923085193273,580.860469762861,1340.7556120932672,1635.2016056462917,1157.1480946887991,15.378498166882675,12.260819246183464,15.612688494297135,18.633014788866383,267.9201350919674,272.85696862589083,12.491412663645841,1886.094375053182,8266.702087103105,2.851784214015926
4.0,74.0,585.8418676365542,1354.5108592516838,1660.3918556345689,1165.3417217423773,15.628939943930877,12.38178497491687,15.866944105513584,19.059856686213116,276.233837783433,281.25597411048506,12.44931805733132,1923.8017079776505,8313.354500371286,2.9687377389693923,21,8757.580257892396,0.4737541092176234,53.426548538445466,509.6185925112958,0.7789473684210526,0.020917820503882467,-0.05482965646910998,0.8260119604590273,0.6569655785363011,0.000123679712128677,0.0,0.0001255631595213913,0.0015090476477688242,-0.04802232170283105,-0.05659101649166587,-0.0002605891398435034,7.879440317992703e-06,-0.5533638968390733,0.0012985411981629724,581.932050798878,1343.1498517648529,1639.219911333444,1158.2711034854497,15.438640020341776,12.300330151711862,15.67374621354495,18.72827785667398,269.3812106802965,274.3358590995669,12.48048345025923,1892.2645727641502,8274.514572741278,2.872553597129297
4.0,75.0,585.5067702806289,1356.5050960841525,1665.0388203295015,1172.8481635568833,15.79981487603046,12.490298525792026,16.040421193939554,19.23368691240429,280.71490917088863,285.79344199999105,12.826488438715128,1919.9998014320088,8319.554075578162,3.0243479868831455,20,7837.6933804388245,0.4261097978979249,52.8563881374372,509.3115813805911,0.7894736842105263,-0.3350973559253134,1.9942368324686868,4.646964694932649,7.5064418145059335,0.17087493209958282,0.10851355087515557,0.17347708842597065,0.17383022619117483,4.481071387455643,4.53746788950599,0.37717038138380765,-3.801906545641714,6.199575206876034,0.05561024791375324,582.1465111975323,1344.4581359523913,1642.3333136073202,1159.4615338746853,15.430213033828048,12.27817215883251,15.66519089728736,18.732195636554454,270.02953464111255,274.9825755894682,12.467100748122723,1896.7972637573002,8279.041301820242,2.8832995116135214
4.0,76.0,585.878186399215,1354.4172288535851,1661.8279325990145,1166.484265746155,15.629154603837726,12.38178497491687,15.867162034353022,19.06247573209333,276.1506163647531,281.1578948066191,12.44886665443539,1923.8017221053913,8312.395124982388,2.970995221016419,19,8757.580257892396,0.4737541092176234,53.426548538445466,509.6185925112958,0.8,0.3714161185861258,-2.0878672305673263,-3.210887730487002,-6.363897810728304,-0.17066027219273394,-0.10851355087515557,-0.17325915958653226,-0.17121118031096216,-4.564292806135541,-4.635547193371963,-0.3776217842797376,3.801920673382483,-7.158950595774513,-0.053352765866726326,582.2029885646193,1344.8643463231456,1643.690017561931,1160.272325031879,15.436436030181705,12.279855512775068,15.67150866008295,18.74114163962316,270.2861923182731,275.23854052572506,12.476365155234125,1898.077491312101,8280.374995818293,2.886574248676478
4.0,77.0,583.5124447835473,1342.943778207116,1640.2003558101314,1165.999315599984,15.884898914642294,12.711878454585548,16.12680092857086,19.205509520864556,273.86586193325945,278.89428596581735,12.95846526146284,1874.672999009476,8270.096009878858,2.926861399008464,18,7366.343733333333,0.42994505874315897,49.41956220957439,510.79678974834883,0.8105263157894737,-2.36574161566773,-11.473450646469018,-21.62757678888306,-0.4849501461710588,0.25574431080456783,0.33009347966867786,0.2596388942178365,0.14303378877122697,-2.2847544314936385,-2.263608840801737,0.5095986070274492,-49.12872309591535,-42.2991151035294,-0.044133822007955015,582.7504211764326,1345.5202588032212,1644.5234587997043,1162.2548665495804,15.558979247870486,12.385610972775881,15.795918018142626,18.87761602276363,271.9608072817649,276.94399729008575,12.60273418847629,1895.3109131883532,8282.162977554819,2.905905768673414
4.0,78.0,585.0083464750429,1352.4759680343977,1660.2286452570593,1170.3626906972256,15.74268378377736,12.495977346247038,15.982420085053159,19.156811374642494,277.15697893718857,282.17269201975245,12.696030430109522,1913.1001924218806,8302.793522867947,2.9835878604268213,17,8090.279234399581,0.4481552040070592,52.24230890269047,509.6219964312877,0.8210526315789474,1.4959016914956464,9.532189827281627,20.02828944692783,4.363375097241715,-0.14221513086493331,-0.21590110833851028,-0.14438084351770009,-0.04869814622206192,3.2911170039291164,3.2784060539351003,-0.2624348313533176,38.42719341240468,32.697512989088864,0.05672646141835713,583.1164264872202,1346.549459783932,1647.0459261098847,1163.2440149844692,15.572457611867582,12.38824250424498,15.809601636413788,18.908109369272232,272.61889756083804,277.6008447636578,12.591855762114536,1898.4821694570946,8285.160250185447,2.9181942157717304
4.0,79.0,584.4760051971939,1351.0325037536252,1658.9121834855048,1167.5619983239114,15.595458797028973,12.387690913772316,15.83295309343043,18.978604814273826,273.81887616163306,278.78316339871157,12.51838838587306,1915.4645462313201,8298.303398496086,2.9400852026341475,16,8602.58208955224,0.46106971523222207,52.60351166911739,508.95825551844223,0.8315789473684211,-0.5323412778490137,-1.4434642807725595,-1.3164617715544864,-2.8006923733141775,-0.14722498674838747,-0.10828643247472236,-0.14946699162272914,-0.17820656036866822,-3.3381027755555124,-3.3895286210408813,-0.17764204423646213,2.3643538094395353,-4.490124371861384,-0.043502657792673816,583.225001729245,1347.3198092377193,1649.4289549407908,1163.8113183213866,15.54357978011742,12.355823750163657,15.780284040728347,18.886313218382064,272.5844595200757,277.5546221083331,12.54769760909619,1902.5613333833749,8287.640752906069,2.9203273948766926
4.0,80.0,575.3424053398362,1329.8777925871489,1629.4336217522907,1161.5316731731323,15.028484329749617,11.986675919632917,15.257344497207734,18.12225594331194,261.1041585796584,265.8549305190147,12.556026394020666,1862.099787705221,8228.9617480009,2.7749374219495704,15,8069.0352826510725,0.3649273622977106,48.78340399892707,503.4009432496073,0.8421052631578947,-9.133599857357694,-21.154711166476318,-29.478561733214065,-6.030325150779163,-0.5669744672793566,-0.40101499413939834,-0.5756085962226951,-0.8563488709618845,-12.71471758197464,-12.92823287969685,0.03763800814760643,-53.364758526099195,-69.3416504951856,-0.16514778068457714,583.1498788585839,1347.9397080433562,1651.5275440349938,1165.869585923883,15.570823131410702,12.37005293506604,15.80794226539158,18.91397076492416,273.41562018805035,278.3922439717727,12.615807751470616,1903.1942341118724,8289.783637013865,2.930014905115226
4.0,81.0,584.673364007888,1349.8301016050832,1659.6525808914892,1162.6516592007176,15.288949516852185,12.125238760435364,15.521776159240797,18.67968186141721,269.00941870246345,273.8541273375749,12.040900253143661,1923.352550771325,8293.598338341428,2.9002453450762014,14,9819.769385925594,0.5016446974661146,53.89260337150777,508.2914540853993,0.8526315789473684,9.330958668051835,19.95230901793434,30.218959139198432,1.1199860275853553,0.26046518710256805,0.13856284080244663,0.2644316620330631,0.5574259181052703,7.905260122805032,7.999196818560165,-0.5151261408770047,61.25276306610408,64.63659034052762,0.12530792312663097,584.0972077025564,1349.8904671627229,1655.1567337280685,1166.4701639964533,15.596932972312342,12.383909219146286,15.834449718083595,18.97070190730266,274.17203690262056,279.1519383320121,12.564125281851343,1909.319513166627,8295.836270118913,2.943460349459181
4.0,82.0,584.555438404354,1350.8125569373356,1662.1509214561243,1170.1486005786446,15.595930130444456,12.387690913772316,15.833431604512135,18.984245260653765,273.6345689074271,278.5656609240169,12.51743875015782,1915.464578643098,8296.16332473991,2.945163924454895,13,8602.58208955224,0.46106971523222207,52.60351166911739,508.95825551844223,0.8631578947368421,-0.1179256035339904,0.982455332252357,2.4983405646351002,7.496941377926987,0.30698061359227147,0.2624521533369517,0.31165544527133804,0.30456339923655307,4.6251502049636315,4.7115335864420445,0.4765384970141593,-7.88797212822692,2.5649863984817785,0.04491857937869348,584.061577834031,1349.697157422228,1655.7402760889795,1166.7614844782872,15.582313116051271,12.373080575898815,15.819607224417535,18.954147574443986,273.7971086645841,278.76447362089596,12.546150127172057,1909.555958639558,8294.912790752509,2.9402401298190286
4.0,83.0,581.5081939277807,1340.5231827291204,1647.4223974085999,1164.4865563574856,15.257812575728654,12.143695760730015,15.49016505150117,18.553782308479114,266.13873606736627,270.9162671805769,12.311219820962547,1891.2487650020607,8259.377156564384,2.8725184216567823,12,9010.299160671462,0.45440570165892297,51.88141916638656,507.0913265126612,0.8736842105263158,-3.0472444765733826,-10.289374208215122,-14.728524047524388,-5.662044221159022,-0.3381175547158026,-0.24399515304230057,-0.34326655301096487,-0.4304629521746506,-7.495832840060814,-7.649393743440044,-0.2062189291952734,-24.215813641037357,-36.786168175525745,-0.07264550279811255,583.6303022452041,1348.2929068043247,1654.5259314624284,1166.7416644976518,15.54521274720226,12.349271654480127,15.781941875332242,18.903691041435366,272.7827962608071,277.724843826256,12.532314244621196,1906.3006651299431,8289.459719982135,2.930748052207584
4.0,84.0,581.5410569273091,1340.4197092574636,1648.7740286999679,1165.5685792986392,15.257993291504645,12.143695760730015,15.490348519294056,18.556076449308677,266.0624222337972,270.8263804272754,12.310822933372165,1891.2487859913483,8258.491009458696,2.874586352482385,11,9010.299160671462,0.45440570165892297,51.88141916638656,507.0913265126612,0.8842105263157894,0.03286299952844729,-0.10347347165679821,1.351631291367994,1.082022941153582,0.00018071577599165778,0.0,0.00018346779288513915,0.0022941408295622523,-0.07631383356908827,-0.08988675330147089,-0.00039688759038192245,2.0989287577322102e-05,-0.8861471056879964,0.0020679308256026374,583.2002211742796,1346.8837918049028,1653.364148768968,1166.7643502532778,15.508118081959637,12.325462733061443,15.744282316710292,18.85331301774492,271.76565470584353,276.68188445793504,12.51846473222528,1903.0453729313133,8283.973370890875,2.9213329135588832
4.0,85.0,583.6927787884541,1342.4066156854958,1647.7750303285966,1172.085486581787,15.885873654958987,12.711878454585548,16.12779051264872,19.218678628205687,273.4287404106272,278.37844401494795,12.956249146810048,1874.6731172196717,8265.113966790652,2.938834859223125,10,7366.343733333333,0.42994505874315897,49.41956220957439,510.79678974834883,0.8947368421052632,2.151721861145006,1.9869064280321709,-0.9989983713712718,6.51690728314793,0.6278803634543415,0.5681826938555332,0.6374419933546633,0.6626021788970107,7.3663181768300205,7.552063587672535,0.645426213437883,-16.575668771676646,6.622957331956059,0.06424850674074012,583.0188220250621,1345.4739437650373,1651.637769768878,1166.6880825557682,15.51672395985249,12.347620725940796,15.75301924858121,18.85181218932506,271.0370378298174,275.9403846594307,12.531440803034773,1898.5127045100792,8278.529360012126,2.912781600792881
4.0,86.0,580.6948880115639,1335.6618475023092,1640.234055410192,1166.7632173583343,15.512851755975678,12.446764832933708,15.749088077132669,18.739036912501692,265.36812017146286,270.18136008395567,12.627755093523083,1868.7966911195765,8241.6156609772,2.835262939382707,9,8028.579301505928,0.43471638756621844,48.92062662656932,508.62048815840467,0.9052631578947369,-2.9978907768902445,-6.744768183186579,-7.540974918404572,-5.3222692234528495,-0.37302189898330873,-0.2651136216518406,-0.37870243551605043,-0.4796417157039947,-8.060620239164336,-8.197083930992278,-0.3284940532869651,-5.876426100095159,-23.498305813451225,-0.10357191984041814,582.500492186297,1343.5984056299098,1649.4783820499956,1166.7159777169861,15.505093675066282,12.354118711742478,15.741211852859172,18.8194683073659,269.9587882104883,274.84273118716436,12.54932964694354,1893.012201411498,8271.451413611607,2.89920837262951
4.0,87.0,585.7209553629383,1349.2591917991072,1664.7921098186764,1171.5494770697856,15.569357564049048,12.364951435491284,15.806454379745224,19.001480864609082,272.63063544616165,277.47582879909334,12.35105076649985,1910.9997346558844,8288.199189701529,2.964091400541611,8,9034.824351297406,0.48765988943879,53.02760216861427,509.85232642938337,0.9157894736842105,5.026067351374422,13.597344296797928,24.558054408484395,4.786259711451294,0.05650580807336958,-0.08181339744242422,0.057366302612555486,0.2624439521073896,7.262515274698785,7.294468715137668,-0.2767043270232339,42.20304353630786,46.58352872432806,0.1288284611589039,582.7213432442361,1344.2299469891088,1651.93755745085,1167.2709938639664,15.473539540006959,12.319426009833052,15.70917719797661,18.799065441740346,269.83526556177856,274.700885470492,12.488588197447243,1896.644874976139,8273.261731593873,2.9029313727828248
4.0,88.0,583.6856673917271,1341.8586642012365,1652.96183979893,1172.3730945517461,15.700242711948723,12.551113970576733,15.939332702486011,19.038509134468594,270.590686193502,275.43740606346483,12.684665766445564,1882.2845974652982,8262.483327021337,2.9212345430972353,7,8074.442717053336,0.4515824717957561,50.40673292552817,510.08590856633896,0.9263157894736842,-2.0352879712112326,-7.400527597870678,-11.830270019746422,0.8236174819605822,0.13088514789967576,0.18616253508544922,0.13287832274078681,0.03702826985951191,-2.039949252659653,-2.038422735628501,0.33361499994571453,-28.71513719058612,-25.715862680192004,-0.04285685744437551,582.5890753359046,1343.1682166057926,1651.2108769050374,1167.4720342494184,15.469295432824097,12.324939672266023,15.704868459719895,18.78723521772296,269.1786362874099,274.02735687486324,12.487451731080847,1893.5633154804805,8269.230712009212,2.8966960410498657
4.0,89.0,579.4249654312111,1335.365295665247,1649.720281464464,1160.876595797601,14.739868734315852,11.733830196678772,14.964333740422184,17.956640125476245,256.23654270459366,260.79170156989136,11.72245821203315,1899.6905811190866,8241.864144634385,2.759480168070449,6,10441.22958843159,0.4837611583767001,52.665701645712176,504.551833574411,0.9368421052631579,-4.260701960515917,-6.493368535989475,-3.2415583344659353,-11.496498754145023,-0.9603739776328712,-0.8172837738979606,-0.9749989620638271,-1.0818690089923493,-14.354143488908335,-14.645704493573476,-0.962207554412414,17.405983653788326,-20.61918238695216,-0.16175437502678625,582.0839713593061,1341.6014957969549,1650.2916867029332,1166.8034939967872,15.383736426552783,12.259553600556668,15.61800652441907,18.6850387488432,267.42040294170596,272.2282106919812,12.407858713696855,1891.9859189692568,8263.586786623042,2.878635537593496
4.0,90.0,575.6355417328068,1329.020079868195,1642.0124318772023,1171.6615614201287,15.029786072464136,11.986675919632917,15.258666063415365,18.14254907741466,260.4060303945065,265.0322002347489,12.552533634881026,1862.0999175626357,8220.590997029132,2.793804293760297,5,8069.0352826510725,0.3649273622977106,48.78340399892707,503.4009432496073,0.9473684210526315,-3.7894236984043346,-6.345215797052106,-7.707849587261762,10.78496562252758,0.2899173381482836,0.2528457229541452,0.29433232299318135,0.1859089519384156,4.169487689912842,4.240498664857569,0.8300754228478766,-37.59066355645086,-21.273147605252234,0.034324125689848106,582.1132849986033,1341.5157245250593,1651.5495677154242,1167.816482821487,15.383866600824238,12.259553600556668,15.618138681039833,18.68706806225347,267.3505901231908,272.1459376635546,12.407509437782892,1891.9859319549985,8262.749711525865,2.8805222247745688
4.0,91.0,581.672854144776,1342.3620348811787,1664.6654722753683,1177.72313446047,15.357465837532503,12.183006599223047,15.591335875667516,18.699324160520387,269.7535800152255,274.46281826344483,12.484135587833649,1897.0909255323447,8262.628585677732,2.9470852004531083,4,8643.986015981734,0.43523421977140586,52.26939155739736,506.52718337864513,0.9578947368421052,6.0373124119691965,13.341955012983817,22.653040398166013,6.061573040341273,0.3276797650683676,0.19633067959012962,0.332669812252151,0.5567750831057268,9.347549620719008,9.430618028695903,-0.06839804704737773,34.99100796970902,42.03758864859992,0.15328090669281114,581.8132340122921,1340.768917852669,1652.050856853812,1169.323630347462,15.390718232892269,12.265330384435435,15.625094652682506,18.68903229216379,267.425006254467,272.20680675614165,12.451832971251891,1889.3597694311004,8259.652736259497,2.8852062103122593
4.0,92.0,575.7321552265279,1328.7428046108232,1646.1850909372254,1175.0255400964897,15.030213810160827,11.986675919632917,15.259100314884087,18.14921789991221,260.17694565448573,264.76229528870107,12.551388507395002,1862.0999543536072,8217.848570819966,2.800043002414794,3,8069.0352826510725,0.3649273622977106,48.78340399892707,503.4009432496073,0.968421052631579,-5.940698918248131,-13.619230270355501,-18.480381338142934,-2.6975943639802153,-0.32725202737167614,-0.19633067959012962,-0.3322355607834293,-0.5501062606081781,-9.576634360739774,-9.700522974743762,0.06725291956135315,-34.99097117873748,-44.78001485776622,-0.1470421980383141,580.9309056945095,1338.5619426200178,1650.4542738019222,1169.8113242992467,15.334146600863903,12.225228885021496,15.567661523719698,18.605529556089635,266.07924392917283,270.82647019261003,12.455227946975608,1884.0233070021518,8251.8212608675,2.8706941181082493
4.0,93.0,581.8807445253942,1339.359726286936,1663.1476786195967,1177.0848456942836,15.259899113634695,12.143695760730015,15.492283364096139,18.578985722490614,265.2552527183069,269.8765088768585,12.306578040444654,1891.2488685831868,8249.202667708718,2.8964785765598333,2,9010.299160671462,0.45440570165892297,51.88141916638656,507.0913265126612,0.9789473684210527,6.148589298866341,10.616921676112725,16.96258768237135,2.0593055977938093,0.22968530347386817,0.15701984109709777,0.23318304921205169,0.4297678225784054,5.078307063821171,5.11421358815744,-0.24481046695034792,29.148914229579532,31.354096888751883,0.09643557414503912,580.9681607542709,1338.4455969757992,1652.0268019230218,1171.0711532329265,15.334355254654508,12.225228885021497,15.567873354979199,18.608049897490783,265.99089559426693,270.7224943622382,12.454763768923819,1884.023317360264,8250.803811981936,2.873090133598555
4.0,94.0,586.4674052657773,1352.8980671399752,1686.12150090462,1185.844541095972,15.632745590606245,12.38178497491687,15.870807706199232,19.10287633994193,274.7516955166538,279.5121097851791,12.441274221769762,1923.8020245555326,8296.539815928389,3.008976732807171,1,8757.580257892396,0.4737541092176234,53.426548538445466,509.6185925112958,0.9894736842105263,4.586660740383081,13.538340853039244,22.97382228502329,8.759695401688532,0.3728464769715494,0.23808921418685536,0.37852434210309305,0.5238906174513147,9.49644279834689,9.635600908320612,0.13469618132510774,32.55315597234585,47.33714821967078,0.11249815624733772,581.4607955881177,1339.6934327640506,1655.7615491434874,1173.0987494126598,15.371830484564668,12.249037806440182,15.605919273669716,18.66272988655411,266.85982292255255,271.5910672980286,12.467808897763579,1887.2786412166824,8254.608692628904,2.8865291716310333
4.0,95.0,583.9964677117521,1340.9834366048174,1666.354330447229,1183.1170478723839,15.702034582794388,12.551113970576733,15.941151860704965,19.05984955019017,269.8312688827389,274.54323154107055,12.680638571970466,1882.284745483249,8253.887882252091,2.9419816395925107,0,8074.442717053336,0.4515824717957561,50.40673292552817,510.08590856633896,1.0,-2.4709375540252267,-11.914630535157812,-19.767170457391103,-2.727493223588226,0.06928899218814344,0.16932899565986226,0.07034415450573306,-0.04302678975176022,-4.920426633914872,-4.968878244108566,0.23936435020070412,-41.5172790722836,-42.65193367629763,-0.06699509321466035,581.4911644804475,1339.5511148559824,1657.6194791553503,1174.2019055417195,15.353446577348212,12.232961358039299,15.58725540847534,18.646846978752556,266.5000757697637,271.2075460506408,12.44024784027962,1888.0398040430402,8253.486084175047,2.8868438496679714
5.0,1.0,561.9532194663061,1323.226438039216,1635.0488964687654,1109.17221896261,11.493469420720343,8.830145088141641,11.66849687382776,14.319686301657272,217.29944076281112,221.10650993066832,8.757451894745426,1992.5874884662321,8217.419854030293,2.3355711624951767,88,19822.17392748041,0.5866918801095622,66.13967010803567,479.4832709743953,0.011235955056179775,,,,,,,,,,,,,,,561.9532194663061,1323.226438039216,1635.0488964687654,1109.17221896261,11.493469420720343,8.830145088141641,11.66849687382776,14.319686301657272,217.29944076281112,221.10650993066832,8.757451894745426,1992.5874884662321,8217.419854030293,2.3355711624951767
5.0,2.0,556.8975635550843,1312.9511872014052,1623.378040890658,1094.6671180845117,10.857615531774119,8.324439722014933,11.022959930735146,13.569307367092238,206.15894669252563,209.76704749463647,8.11962158030847,1997.8631692293636,8185.446102487039,2.2049356457426392,87,21916.111015278464,0.6189391514797731,67.18102632114135,474.44072087793216,0.02247191011235955,-5.055655911221834,-10.275250837810745,-11.670855578107421,-14.505100878098347,-0.6358538889462242,-0.5057053661267084,-0.6455369430926137,-0.7503789345650347,-11.140494070285484,-11.339462436031852,-0.6378303144369557,5.275680763131504,-31.973751543254366,-0.13063551675253748,559.4253915106951,1318.0888126203106,1629.2134686797117,1101.9196685235609,11.17554247624723,8.577292405078287,11.345728402281452,13.944496834374755,211.72919372766836,215.4367787126524,8.438536737526949,1995.2253288477978,8201.432978258666,2.270253404118908
5.0,3.0,573.0665284149827,1334.2973850494852,1631.5023114676183,1127.833187547686,13.455637612776947,10.571144966794709,13.660545799773551,16.52840044556292,243.05027056576336,247.49208569687974,10.445848213119964,1946.2941280344917,8253.572861380875,2.5746656475525436,86,13919.766778362853,0.5297111494966875,57.583727022082456,495.591649528347,0.033707865168539325,16.168964859898438,21.34619784808001,8.12427057696027,33.16606946317438,2.598022081002828,2.2467052447797755,2.6375858690384053,2.9590930784706817,36.891323873237724,37.72503820224327,2.326226632811494,-51.56904119487194,68.12675889383627,0.36973000180990434,563.9724371454577,1323.4916700967021,1629.9764162756808,1110.5575081982693,11.935574188423802,9.241909925650427,12.117334201445486,14.805798038104143,222.16955267370005,226.1218810407282,9.10764056272462,1978.914928576696,8218.812939299403,2.37172415193012
5.0,4.0,568.8271015466071,1326.8433406291783,1626.4532290582185,1117.8647771482092,12.699782315236845,9.92881478359975,12.893180015468879,15.668059837409125,231.4618445078922,235.63696816418602,9.754627587268335,1953.8007126791588,8227.107577930425,2.4658904957572227,85,16248.89648218687,0.5620566981604835,60.116129344604275,490.15776873648326,0.0449438202247191,-4.239426868375631,-7.4540444203069,-5.049082409399716,-9.968410399476852,-0.7558552975401014,-0.642330183194959,-0.7673657843046726,-0.8603406081537948,-11.588426057871146,-11.855117532693725,-0.6912206258516296,7.5065846446671,-26.465283450450443,-0.10877515179532082,565.186103245745,1324.3295877298212,1629.095619471315,1112.3843254357544,12.126626220127063,9.413636140137758,12.311295654951333,15.021363487930389,224.49262563224806,228.50065282159264,9.269387318860549,1972.6363746023117,8220.886598957159,2.395265737886896
5.0,5.0,560.3902655369094,1325.9799462984583,1646.7682896923807,1107.4895295037059,11.054795683622915,8.390403389802687,11.223142826013111,13.889230238079797,214.47915068258385,218.1598361287524,8.305125891970567,2023.4684844875499,8227.702768775023,2.329493873840514,84,21566.29383128173,0.6141241792055984,69.97247439208768,475.2787490912822,0.056179775280898875,-8.436836009697686,-0.8633943307199843,20.315060634162137,-10.37524764450336,-1.6449866316139303,-1.5384113937970625,-1.6700371894557673,-1.7788295993293275,-16.98269382530836,-17.477132035433613,-1.4495016952977675,69.66777180839108,0.5951908445986192,-0.13639662191670876,564.2269357039779,1324.6596594435487,1632.6301535155283,1111.4053662493448,11.912260112826235,9.208989590070743,12.09366508916369,14.79493683796027,222.48993064231522,226.43248948302457,9.076535033482553,1982.8027965793594,8222.249832920732,2.382111365077619
5.0,6.0,568.2412647689758,1325.2994194511996,1623.1474013436114,1114.6670973309228,12.666059751953924,9.919769566830471,12.85894391061312,15.603039284893672,229.90786297432263,234.0860815785202,9.706825127311946,1954.2516097145071,8224.201437118862,2.432296457502227,83,16367.20984801351,0.5639812648905594,59.540104056790554,490.02646026023933,0.06741573033707865,7.850999232066442,-0.6805268472587613,-23.620888348769313,7.17756782721699,1.6112640683310087,1.529366177027784,1.6358010846000077,1.713809046813875,15.428712291738776,15.926245449767805,1.401699235341379,-69.21687477304272,-3.5013316561617103,0.1028025836617128,564.8959905481443,1324.7662861114904,1631.0496948202087,1111.9489880962744,12.037893386014183,9.327452919530698,12.221211559405262,14.929620579115836,223.72625269764978,227.70808816560717,9.181583382454118,1978.0442654352173,8222.575100287087,2.390475547148387
5.0,7.0,566.9590558716446,1323.603377447027,1621.7986156697004,1118.0241784536588,12.682028624585014,9.915160419232324,12.8751559640457,15.609346344936167,231.4507202512354,235.63340214975858,9.858495094552957,1944.8260324325693,8218.73487012335,2.454654588523229,82,15603.864603481625,0.528716675317495,58.78810766651738,489.36483949857893,0.07865168539325842,-1.282208897331202,-1.6960420041725683,-1.3487856739109247,3.3570811227359627,0.015968872631090036,-0.004609147598147345,0.016212053432580475,0.0063070600424950385,1.5428572769127697,1.547320571238373,0.1516699672410109,-9.425577281937876,-5.466566995512039,0.022358131021002148,565.1907141657872,1324.6001563022814,1629.7281120844218,1112.8168724330435,12.129912705810016,9.411411133773788,12.314632188639608,15.026724259947313,224.82974806244775,228.8402758776288,9.278285055611095,1973.2988035776962,8222.02649597798,2.3996439816305073
5.0,8.0,569.1086518385947,1332.027970482924,1636.6069306095164,1126.124062186653,12.81321562791497,9.96155770653827,13.00834073899997,15.81471254635835,236.57078790283592,240.8028635296012,10.021131188273303,1961.0742603297927,8245.094083976162,2.532599076870126,81,15596.169796371127,0.5248539992897023,60.76438492642804,489.49708628545255,0.0898876404494382,2.1495959669500735,8.424593035897033,14.808314939816,8.099883732994158,0.1311870033299556,0.04639728730594683,0.1331847749542696,0.20536620142218354,5.120067651600522,5.16946137984263,0.16263609372034615,16.248227897223387,26.3592138528129,0.07794448834689716,565.6804563748881,1325.5286330748618,1630.5879644000586,1114.4802711522448,12.215325571073134,9.480179455369349,12.401345757434655,15.125222795748693,226.29737804249626,230.33559933412536,9.37114082219387,1971.770735671708,8224.909944477753,2.4162633685354598
5.0,9.0,564.5320479522945,1332.3457143178546,1652.0265720730704,1113.8765075852675,11.48232375974132,8.74351861354898,11.657181481970882,14.403549436704,221.0374846650026,224.85596631751673,8.623736887019511,2020.501289159312,8248.210046177983,2.4001733389161326,80,20403.91056627429,0.6118604311676853,68.856883714265,479.60734949029035,0.10112359550561797,-4.576603886300177,0.3177438349305248,15.419641463553944,-12.247554601385445,-1.3308918681736497,-1.2180390929892901,-1.351159257029087,-1.4111631096543515,-15.533303237833309,-15.94689721208448,-1.397394301253792,59.42702882951926,3.1159622018203663,-0.13242573795399348,565.5528554390444,1326.2860865463053,1632.9700319192823,1114.4131863114694,12.1338809253696,9.39832825072264,12.31866083793868,15.045036866965951,225.712945444997,229.72675122116885,9.288095940507832,1977.1852416147751,8227.498844666668,2.4144755874666455
5.0,10.0,561.2223334601495,1326.0834485772862,1646.3151679562175,1106.1053194173708,11.02089637802203,8.378735220589787,11.18872728733201,13.843996844915926,212.55571826854333,216.21418067366892,8.216047514668805,2023.07597616805,8227.876142245852,2.3046095002128966,79,21917.93783783784,0.6320050463865737,70.04791391694869,475.9520564634346,0.11235955056179775,-3.3097144921450763,-6.2622657405684095,-5.711404116852918,-7.771188167896753,-0.46142738171928954,-0.36478339295919326,-0.4684541946388716,-0.5595525917880728,-8.481766396459278,-8.641785643847811,-0.40768937235070624,2.5746870087380103,-20.333903932130852,-0.09556383870323604,565.1198032411548,1326.2658227494035,1634.3045455229756,1113.5823996220595,12.022582470634841,9.296368947709356,12.205667482878013,14.924932864760947,224.39722272735162,228.37549416641886,9.18089109792393,1981.7743150701026,8227.536574424586,2.403488978741271
5.0,11.0,565.934801633621,1317.5753773451402,1609.6441994729896,1110.8864000407702,12.665615915485708,9.973543323039488,12.858493315213916,15.528835640991058,227.09718767413048,231.26281041257153,9.828577099369246,1931.7113897582315,8198.266344496897,2.3873069571456402,78,16101.986712351663,0.546077241138254,57.63824828054004,489.45883931315075,0.12359550561797752,4.712468173471507,-8.508071232145994,-36.67096848322785,4.781080623399475,1.6447195374636774,1.5948081024497007,1.6697660278819058,1.684838796075132,14.54146940558715,15.048629738902605,1.6125295847004413,-91.36458640981846,-29.609797748955316,0.08269745693274366,565.5179614578864,1325.700716679996,1631.7640758233981,1113.7538177298754,12.139797120111378,9.410708771199142,12.324667127016628,15.045847798694325,225.37699741848354,229.3911242146092,9.288003618386309,1975.6867051993024,8225.621223471248,2.4086625582063173
5.0,12.0,551.8517980671741,1304.7846540086243,1617.4740154423587,1086.952332145435,10.230393541751129,7.823385427209372,10.386186336803174,12.789760725650662,194.84275999253464,198.231343152078,7.665743487841186,1999.6766273672977,8159.283147046304,2.077964840086904,77,23775.385039913275,0.6296745087682314,69.15346176212876,468.7531905054473,0.1348314606741573,-14.083003566446905,-12.790723336515839,7.829815969369065,-23.934067895335147,-2.435222373734579,-2.150157895830116,-2.4723069784107423,-2.739074915340396,-32.25442768159584,-33.031467260493514,-2.16283361152806,67.96523760906621,-38.98319745059234,-0.30934211705873604,565.0133849090954,1324.8840633607176,1631.173673278568,1112.982339135968,12.07707492110908,9.360603341718583,12.260989767623432,14.967893134550167,224.24537874848443,228.23755378035335,9.242615809139583,1975.8680510130957,8223.004927927173,2.3959654776407437
5.0,13.0,559.4365408153252,1318.3969789196449,1631.8711218607718,1106.7908851769553,11.38590462789971,8.745965862694563,11.559294038476862,14.19309647499882,215.73447739496714,219.49081443916725,8.702178974080942,1991.7027352126586,8200.51545254385,2.328956897507078,76,20369.036763499098,0.5880043746879999,66.87892356952698,477.05120588667825,0.14606741573033707,7.584742748151143,13.61232491102055,14.39710641841316,19.838553031520178,1.1555110861485804,0.922580435485191,1.173107701673688,1.403335749348157,20.891717402432505,21.25947128708924,1.036435486239756,-7.973892154639088,41.232305497545894,0.2509920574201736,563.6503861491295,1323.2940227477336,1631.2105543178836,1110.8781088988949,11.870101622621355,9.17808543130857,12.050864591493761,14.734362737493758,221.51379943140483,225.43742665458208,9.068248885235679,1980.408911730913,8217.69918704347,2.3713946026361965
5.0,14.0,557.0040819287872,1318.72067097333,1639.5968653823827,1099.3940460321871,10.60859181119045,8.057604681468785,10.770143970751725,13.326254311835216,205.02173778707245,208.54419657258566,7.916019180136688,2023.2490986414532,8204.649225285035,2.2142221258753825,75,23091.722528166523,0.6350400775681545,70.96227332832946,471.7597295932937,0.15730337078651685,-2.432458886538029,0.32369205368513576,7.725743521610866,-7.396839144768137,-0.7773128167092587,-0.6883611812257779,-0.7891500677251369,-0.8668421631636036,-10.71273960789469,-10.94661786658159,-0.786159793944254,31.54636342879462,4.133772741184657,-0.11473477163169532,562.4680841873476,1322.481755782149,1632.5249179503,1109.0310357872927,11.660982572216716,8.990964421095473,11.838560987022047,14.500182184936367,218.86978875932286,222.7281494954221,8.884388044522515,1987.3537503271423,8215.453351778933,2.346227765648013
5.0,15.0,564.7514849813649,1331.0980193232112,1648.7857240887367,1112.4745186838916,11.569449778956036,8.848295548942003,11.745634293356382,14.474437623216378,220.53251594114892,224.37616348742765,8.677268681028615,2015.3808244550623,8244.643053409824,2.3796278202188375,74,20258.412676584572,0.6151180661668001,67.7514433974638,480.53040790380345,0.16853932584269662,7.747403052577738,12.377348349881231,9.18885870635404,13.08047265170444,0.9608579677655857,0.7906908674732183,0.9754903226046565,1.1481833113811621,15.510778154076462,15.831966914841985,0.7612495008919264,-7.868274186390863,39.993828124788706,0.16540569434345498,562.9042061317932,1322.9935630846242,1632.7266613899355,1109.529534705311,11.712447981750028,9.036753637009404,11.890810133756373,14.558702923450022,219.47512528517936,223.3497822312896,8.92160232342832,1986.5449843238935,8217.147380242412,2.3512411602858454
5.0,16.0,560.3747452018281,1322.8656846375682,1640.8318918435505,1100.989651823537,10.900278875537284,8.3050980785578,11.066272970088612,13.679062087752666,208.86246677568047,212.4787163210915,8.069723687894108,2019.8419327211595,8218.203444593764,2.255139572110343,73,22563.83607305936,0.6486341042566828,69.95429295280442,475.3409435460067,0.1797752808988764,-4.37673977953682,-8.232334685643082,-7.953832245186277,-11.484866860354487,-0.6691709034187525,-0.5431974703842037,-0.67936132326777,-0.7953755354637124,-11.670049165468441,-11.89744716633615,-0.6075449931345069,4.461108266097199,-26.439608816059263,-0.12448824810849457,562.1175541750783,1322.750189603261,1634.4951104399295,1108.1617901545726,11.535869894108364,8.875286488182137,11.711543039703923,14.366305203735923,217.37058566531513,221.18904570554668,8.757892179486536,1993.1040166245584,8216.547580989902,2.3335254717466567
5.0,17.0,558.0762217567332,1309.8515771411164,1613.133300099371,1095.514240160483,11.28521554227566,8.745697403586673,11.457071616523512,14.002637765600452,209.5064339455753,213.2404316469604,8.51714925925561,1972.7055791235712,8175.3841665611835,2.218785774358796,72,20372.994540085798,0.598284218281622,63.53361840354107,478.1984974624185,0.19101123595505617,-2.2985234450949292,-13.014107496451743,-27.698591744179566,-5.475411663054047,0.38493666673837623,0.4405993250288738,0.3907986464349005,0.32357567784778674,0.6439671698948359,0.7617153258688916,0.44742557136150296,-47.13635359758837,-42.81927803258077,-0.03635379775154668,561.2292707635872,1321.37500957267,1633.6285788828966,1105.910796325255,11.396188585877429,8.758340186617572,11.569734604951705,14.205634345802356,215.1761570347491,218.9497486552669,8.623757595956802,1995.891971293659,8212.212510633686,2.309938590330214
5.0,18.0,564.1820218935834,1325.7463504818047,1636.534346158644,1112.9464477704846,11.789505509874434,9.096726736876793,11.969041126776077,14.641915794226346,220.41144949408658,224.30496730945603,9.013584831410846,1986.316111706089,8225.094652419086,2.3611184619741206,71,19215.088337568544,0.5866004560654441,64.9632457088018,482.13553970266446,0.20224719101123595,6.105800136850235,15.894773340688289,23.401046059273085,17.43220761000157,0.5042899675987744,0.35102933329011954,0.5119695102525643,0.6392780286258937,10.905015548511273,11.064535662495643,0.49643557215523515,13.610532582517862,49.71048585790231,0.14233268761532436,560.736607769086,1320.746847572558,1633.6213204378093,1104.5930348836382,11.293817574073376,8.671857089651423,11.465804643729316,14.088354670589151,213.5602231938742,217.29995903325238,8.523002960270556,1998.4161564312883,8210.212567477978,2.292790528840613
5.0,19.0,569.1617409542148,1332.345487616135,1639.4132689512282,1122.9426710200835,12.710477838091142,9.886023484819964,12.90403841430573,15.719295670101701,234.28710812721368,238.47382409856203,9.803380520905858,1973.3724486019796,8244.96186887389,2.5116294479188044,70,16678.75265709491,0.5630396476809756,62.299571346351954,488.6611592036832,0.21348314606741572,4.979719060631396,6.599137134330249,2.8789227925842624,9.99622324959887,0.9209723282167079,0.7892967479431707,0.9349972875296526,1.077379875875355,13.875658633127102,14.168856789106002,0.789795689495012,-12.943663104109419,19.867216454804293,0.15051098594468382,561.1995770692781,1320.7468249023862,1632.359990125625,1105.4996512271198,11.416632981908357,8.786107576778523,11.5904903369628,14.219929293928923,214.88518554009528,218.6617448113569,8.64096732365919,1993.7032723755553,8209.887749747568,2.3039361397408804
5.0,20.0,564.1719626384386,1325.7818051317122,1636.1848397497888,1112.6747266775767,11.78945319412385,9.096726736876793,11.968988014338933,14.641353058310042,220.42840471567,224.324902640315,9.013680061991197,1986.3154047445475,8225.341590207772,2.3606839191485247,69,19215.088337568544,0.5866004560654441,64.9632457088018,482.13553970266446,0.2247191011235955,-4.9897783157762206,-6.56368248442277,-3.2284292014394396,-10.26794434250678,-0.9210246439672929,-0.7892967479431707,-0.9350503999667961,-1.0779426117916593,-13.858703411543672,-14.148921458247031,-0.7897004589146608,12.942956142567937,-19.620278666117883,-0.15094552877027967,561.494539987107,1320.7166605578288,1631.346957304982,1106.1565919531404,11.49348866351854,8.857906728407224,11.668516409663493,14.299664915268334,215.67245418480798,219.4728170080215,8.720730578391429,1990.027215233205,8209.634294543761,2.309543581634443
5.0,21.0,564.5484606914656,1332.2865627530123,1652.5724850964625,1114.3013400703067,11.482409484416893,8.74351861354898,11.65726851209837,14.404463097314471,221.0106861583827,224.8246047042698,8.623577862566439,2020.5010416127654,8247.820737566608,2.400847738014167,68,20403.91056627429,0.6118604311676853,68.856883714265,479.60734949029035,0.23595505617977527,0.376498053027035,6.504757621300087,16.387645346673708,1.6266133927299506,-0.3070437097069565,-0.3532081233278124,-0.3117195022405639,-0.2368899609955708,0.5822814427126843,0.49970206395479977,-0.3901021994247582,34.1856368682179,22.47914735883569,0.04016381886564213,561.3559058928915,1322.187779098616,1635.6397858673295,1106.4980859560942,11.375168020411659,8.734904257458172,11.548393929351937,14.187227660900675,215.0638040332332,218.82899643719134,8.60023065471115,1998.9061804186586,8214.589733850731,2.3108976597212956
5.0,22.0,567.5256006783785,1335.2232012120576,1651.1061518476035,1121.3202259431805,12.126570081500061,9.310250784595967,12.311238661421381,15.118032155114419,229.76712774210085,233.78901386738744,9.244136729653317,2003.3772532927403,8256.692053353645,2.4825942030772694,67,18321.545190713103,0.5797970965339901,65.67931227119936,484.3946380236792,0.24719101123595505,2.9771399869129027,2.936638459045298,-1.466333248858973,7.018885872873852,0.6441605970831681,0.5667321710469864,0.6539701493230119,0.7135690577999476,8.756441583718157,8.964409163117637,0.6205588670868778,-17.12378832002514,8.87131578703702,0.08174646506310257,562.923286154012,1325.2316338189594,1639.0029995078537,1109.9348753358686,11.564785674386552,8.883590793196833,11.74089916181376,14.420054803847052,218.55624080818978,222.3847635087223,8.758069978892362,1999.2762430112027,8224.330624481465,2.3513605960203323
5.0,23.0,561.1942474475666,1320.1889156292507,1631.1911759114485,1101.2980819100492,11.209009442125415,8.618869071960154,11.37970501738621,13.975055344366716,210.74699942191623,214.45963050677815,8.383616436971227,1997.4343365152774,8208.743657517434,2.250928511448965,66,21238.169343656115,0.6264230886679586,66.47327112958699,478.431105793319,0.25842696629213485,-6.331353230811942,-15.034285582806888,-19.914975936155088,-20.022144033131326,-0.9175606393746456,-0.6913817126358133,-0.9315336440351718,-1.1429768107477027,-19.020128320184625,-19.329383360609285,-0.8605202926820894,-5.9429167774628695,-47.94839583621069,-0.23166569162830442,563.099056817236,1325.4108274899197,1638.9350049129214,1109.385595009178,11.547096155809124,8.87088111412339,11.722940259704693,14.398250690783843,218.0574930108847,221.8816451154834,8.72621372518139,1999.8494031414643,8225.153444978825,2.343557757414521
5.0,24.0,564.3372828246446,1331.2858833509636,1649.8232428449205,1111.8554673107606,11.500118389979322,8.786431032854619,11.675247096425709,14.392143551007177,219.63110261535437,223.45684237030542,8.623916220509853,2019.3422153848473,8245.755453752588,2.3697767223672734,65,20564.79013912867,0.6179173633621177,68.37295719765402,479.74646832376646,0.2696629213483146,3.1430353770780357,11.096967721712872,18.63206693347206,10.557385400711382,0.29110894785390684,0.1675619608944654,0.2955420790394996,0.41708820664046087,8.884103193438136,8.99721186352727,0.24029978353862624,21.907878869569913,37.01179623515418,0.11884821091830844,563.8323769068218,1326.6673487276832,1639.9576426591752,1110.6317371370353,11.63624881368801,8.943763749261976,11.81345057227209,14.504839614701037,219.51842949371294,223.37290969525534,8.797003429218707,1999.458714815804,8229.26406782558,2.35911321706371
5.0,25.0,561.2980926037493,1319.0497102661257,1626.5026114602852,1103.7989100679383,11.505861986059568,8.874095019449557,11.68107815843611,14.3026108122066,215.66985170066758,219.4858350598364,8.730845581255974,1984.528406648117,8205.349889233727,2.301323487715376,64,19866.81961704286,0.5917002416593515,64.49580678412553,480.0044104073855,0.2808988764044944,-3.039190220895307,-12.236173084837901,-23.320631384635362,-8.056557242822237,0.005743596080245439,0.08766398659493824,0.005831062010400956,-0.08953273880057644,-3.9612509146867865,-3.9710073104690196,0.10692936074612014,-34.81380873673038,-40.405564518861866,-0.06845323465189734,563.4870376690602,1325.4625178219746,1637.7293313963303,1109.76417627544,11.629890034398363,8.94634369631273,11.806994958780063,14.487656933600059,219.0321630696648,222.88387685249623,8.802361119241443,1996.3734730351098,8225.334751407969,2.351282783813364
5.0,26.0,564.5989275056327,1329.219295099595,1644.5535464143302,1111.4079151975952,11.613349689786183,8.903062627195428,11.790202730747394,14.512193068830456,220.40119805280656,224.25575721724672,8.713708967794169,2008.354000758544,8238.20098868676,2.373165389864873,63,19957.581636942294,0.6104163056696842,66.86255032337729,481.12097652857517,0.29213483146067415,3.300834901883377,10.169584833469344,18.050934954045033,7.609005129656907,0.10748770372661554,0.02896760774587115,0.10912457231128414,0.20958225662385566,4.731346352138985,4.7699221574103206,-0.01713661346180473,23.82559411042712,32.851099453033385,0.07184190214949693,563.9094558994407,1326.0978788681773,1638.1014968534082,1110.8060026128458,11.701197115823252,9.006140151176492,11.87938793484594,14.570970031707839,220.1860361973774,224.06158094211173,8.866759647231449,1995.2246798388483,8227.334505817269,2.363085365588817
5.0,27.0,569.7563408453893,1338.1343447921977,1652.495141178615,1129.289878921053,12.587269205051411,9.699988073954657,12.778953507666406,15.636411013915016,236.6343460881436,240.79328860561003,9.739276044560896,1989.0949889578997,8264.822422869727,2.558492617791841,62,16680.365468618285,0.5478099128146474,64.0043952667683,487.55141598724657,0.30337078651685395,5.157413339756658,8.915049692602679,7.9415947642849005,17.88196372345783,0.9739195152652282,0.7969254467592286,0.9887507769190123,1.1242179450845597,16.233148035337024,16.537531388363305,1.0255670767667269,-19.25901180064443,26.621434182967278,0.18532722792696799,565.0774678083064,1328.9261556332854,1642.0376809613329,1114.1835664889027,11.831402482100827,9.10156921821329,12.011576123960232,14.734347356539294,222.89882741163424,226.81686663797672,8.988972325761976,1996.8636208222808,8236.278331448124,2.397056049932121
5.0,28.0,564.5438965748223,1332.302655657526,1652.417795538026,1114.1611544977195,11.482386452548207,8.74351861354898,11.657245129490567,14.404209283477991,221.01790892118524,224.83312046808118,8.623618538653291,2020.501506985211,8247.92868840852,2.400655317774569,61,20403.91056627429,0.6118604311676853,68.856883714265,479.60734949029035,0.3146067415730337,-5.212444270567062,-5.831689134671706,-0.0773456405891011,-15.128724423333551,-1.1048827525032046,-0.9564694604056765,-1.121708378175839,-1.2322017304370245,-15.616437166958349,-15.960168137528854,-1.1156575059076044,31.40651802731145,-16.893734461207714,-0.15783730001727214,565.1136552764302,1329.5817861508576,1643.6260258992709,1114.3050371616262,11.800690576368206,9.06624840588051,11.980396524231681,14.710576705464458,222.95947335434408,226.86968195383923,8.949975696486224,2000.2821603501932,8238.561735047067,2.4010097355121665
5.0,29.0,557.9041166695508,1310.4213331015712,1616.324787187695,1089.8324560000733,10.84374624059325,8.367724284048842,11.008879432074366,13.508815282455352,202.20607264594443,205.79427907282414,8.009900387258028,1987.5344229933798,8177.803894420842,2.1412306008188544,60,22240.766047207093,0.6451123039507018,65.71410775574229,476.30210147793906,0.3258426966292135,-6.639779905271439,-21.88132255595474,-36.09300835033105,-24.3286984976462,-0.6386402119549572,-0.37579432950013825,-0.6483656974162013,-0.8953940010226393,-18.811836275240807,-19.038841395257037,-0.613718151395263,-32.96708399183126,-70.12479398767755,-0.25942471695571445,563.9878928479638,1327.389370699401,1641.3171777229174,1110.9940156596253,11.614017416618417,8.914418485803399,11.790880626008544,14.489528666699822,219.75136980621716,223.60172745126542,8.770627683121438,2001.698357789333,8231.845937601762,2.363969850802171
5.0,30.0,566.7554091307552,1333.6400594278587,1649.242983580867,1122.7796359094634,12.152614276746272,9.350458610643743,12.33767946877794,15.111033050109551,229.18165393314277,233.2009996230887,9.36411123485358,1996.2129203007844,8251.223241494921,2.470955472947708,59,17998.393919639682,0.5626857575875571,65.32013534841145,484.0475847956854,0.33707865168539325,8.851292461204366,23.218726326287424,32.91819639317214,32.947179909390115,1.3088680361530223,0.9827343265949011,1.3288000367035746,1.6022177676541993,26.975581287198338,27.406720550264566,1.3542108475955512,8.678497307404541,73.41934707407927,0.3297248721288537,564.2462374971955,1328.1751961290158,1642.6229921060253,1112.004506582814,11.650333524880658,8.939791673180093,11.827749771452446,14.536496665879772,220.62669472796443,224.4893371495428,8.805670800407677,2002.6881093449567,8234.434102730478,2.3749970061820895
5.0,31.0,575.2545461122264,1343.449794818139,1649.1970411590034,1135.915778269353,13.555902757796236,10.568153081111094,13.762337825173844,16.718727273962234,249.13521945839764,253.62669905135525,10.50363747739505,1969.2537386332071,8285.298132252205,2.660952342989437,58,13746.868020304568,0.5250118178041789,59.35094667446527,495.91322844188926,0.34831460674157305,8.499136981471224,9.809735390280366,-0.045942421863628624,13.136142359889618,1.4032884810499642,1.2176944704673502,1.4246583563959039,1.6076942238526826,19.953565525254874,20.42569942826654,1.1395262425414696,-26.95918166757724,34.074890757283356,0.18999687004172872,565.3168460392715,1329.2915193355286,1642.2854477122794,1114.1659504027186,11.857682852218593,9.122255119936304,12.038256702759991,14.767923083544554,223.43914805796595,227.36954658425134,8.993676761890539,1997.5633790470008,8238.181842199037,2.4010074666796166
5.0,32.0,566.7620631016896,1333.615808499645,1649.4739986254358,1122.9594836558956,12.15264877903924,9.350458610643743,12.337714496486537,15.111416257422789,229.16997467022486,233.18729494644538,9.364045099486246,1996.2130224031705,8251.058904206035,2.4712523202437655,57,17998.393919639682,0.5626857575875571,65.32013534841145,484.0475847956854,0.3595505617977528,-8.49248301053683,-9.833986318493999,0.27695746643235,-12.95629461345743,-1.4032539787569966,-1.2176944704673502,-1.4246233286873071,-1.6073110165394446,-19.965244788172782,-20.43940410490987,-1.1395923779088033,26.95928376996335,-34.239228046169956,-0.18970002274567133,565.2404922816027,1329.1307800642871,1642.1222323900627,1114.3298761739902,11.860290721972511,9.126275902541082,12.040904286266507,14.767261493775388,223.37943275077834,227.30937469215715,9.005667598873831,1996.846955958044,8237.618527284276,2.3998732783962664
5.0,33.0,563.6917683884024,1321.9263457231987,1628.2798274438132,1114.414721248768,12.064859783279529,9.359436374269952,12.248588612466527,14.913398787801963,223.41526287980298,227.38766217563847,9.371216775428888,1965.4843708177086,8212.7089605208,2.386082042442471,56,17903.5871154642,0.550611039785241,62.619539290070456,483.5388720886712,0.3707865168539326,-3.0702947132872396,-11.689462776446362,-21.19417118162255,-8.544762407127564,-0.08778899575971089,0.008977763626209168,-0.0891258840200102,-0.1980174696208259,-5.754711790421879,-5.799632770806909,0.0071716759426418974,-30.728651585461876,-38.34994368523439,-0.0851702778012946,565.4902443756862,1329.304523073682,1641.8310975432992,1115.6415401078618,11.94587575608792,9.200332632772062,12.12779264577454,14.86109583811891,224.646259096567,228.6021778590432,9.104427632719597,1993.651959388287,8238.015057584613,2.413388631495617
5.0,34.0,576.9766967121387,1336.8292339872241,1629.312193278484,1138.6846581928198,14.352542263050276,11.377126763273408,14.571108896497744,17.50214371976214,253.68580025515632,258.37691839255126,11.363149929948971,1916.410524185247,8258.197942146193,2.682685764893638,55,11476.845961245373,0.4934783926586063,54.041174380939665,501.6273820827104,0.38202247191011235,13.28492832373638,14.902888264025478,1.032365834670827,24.26993694405178,2.287682479770748,2.017690389003455,2.322520284031217,2.5887449319601785,30.270537375353342,30.989256216912793,1.9919331545200833,-49.07384663246171,45.488981625392626,0.29660372245116706,566.7541857644356,1329.8588581373083,1639.7799925866555,1118.324459196068,12.231118143395017,9.45940220581394,12.417378825781745,15.17209585499441,228.0517288605472,232.09418546126776,9.378351003663509,1983.358790268327,8239.259306423974,2.4446795357482536
5.0,35.0,557.9169086200335,1310.3713269826537,1616.7900438841104,1090.1918462676308,10.843814508361655,8.367724284048842,11.008948739453457,13.509448998309514,202.18481367685993,205.76929937884745,8.00977354453859,1987.5344259084866,8177.474038937413,2.1417615549092788,54,22240.766047207093,0.6451123039507018,65.71410775574229,476.30210147793906,0.39325842696629215,-19.059788092105237,-26.457907004570416,-12.522149394373628,-48.49281192518902,-3.5087277546886213,-3.0094024792245655,-3.5621601570442873,-3.9926947214526276,-51.50098657829639,-52.60761901370381,-3.3533763854103817,71.12390172323967,-80.72390320878003,-0.5409242099843592,566.4160673660641,1328.9910198089608,1638.8087358290381,1116.9637528160372,12.164913395625225,9.408765132273867,12.350165883883477,15.0927796736047,226.70322505816642,230.72253189316885,9.30624379999177,1983.6593921943636,8236.471721394342,2.4287233424676433
5.0,36.0,563.7046245755398,1321.8803180201842,1628.7395167285745,1114.7828313336909,12.064924148720676,9.359436374269952,12.248653958092056,14.914129623389764,223.39212179422745,227.3605253376608,9.37108369982708,1965.4841463953233,8212.380990256723,2.3866605545351804,53,17903.5871154642,0.550611039785241,62.619539290070456,483.5388720886712,0.4044943820224719,5.7877159555063145,11.50899103753045,11.949472844464026,24.590985066060057,1.2211096403590211,0.9917120902211103,1.2397052186385995,1.4046806250802497,21.207308117367518,21.59122595881334,1.361310155288491,-22.050279513163332,34.90695131930988,0.24489899962590167,566.3266370730548,1328.2571221010198,1637.2273328604624,1117.3012444296469,12.210070841518675,9.454402506981321,12.396011006617945,15.132973329060633,227.00231743230853,231.03300870521025,9.371981273195063,1979.3724067580417,8233.889721551339,2.4300728589346745
5.0,37.0,559.60616370894,1323.7995295042924,1645.8560236115345,1107.433417659885,11.00090762532822,8.34609307632273,11.168434137389056,13.82044904942899,213.39374342462335,217.04360687584926,8.279791966199621,2020.1979206590843,8220.118167230252,2.3180365507497704,52,21602.35714285714,0.6080878740189476,69.56667788673539,474.72298799223597,0.4157303370786517,-4.098460866599794,1.9192114841082457,17.11650688296004,-7.349413673805884,-1.064016523392457,-1.0133432979472232,-1.0802198207030003,-1.0936805739607731,-9.998378369604097,-10.316918461811525,-1.0912917336274592,54.713774263761024,7.737176973529131,-0.06862400378541,565.3116193594099,1326.8236405722294,1636.5634211037545,1115.11559830353,12.051434683546356,9.319013007218128,12.234959069590209,14.951377132612029,224.67825716595652,228.6580405322342,9.226032865358935,1982.4826999281602,8229.419295987389,2.406027252230467
5.0,38.0,569.0407459845638,1330.725573045736,1637.0656883841218,1125.0542859195216,12.79150978413052,9.961196775927606,12.986304349371085,15.791885623057537,235.23785430382168,239.4369924190824,9.942138177745585,1962.6973211318018,8239.423643358374,2.522474664147008,51,16108.308724258737,0.5456554041574585,61.27119524943608,489.27505007369064,0.42696629213483145,9.434582275623825,6.926043541443505,-8.790335227412697,17.62086825963661,1.790602158802301,1.6151036996048767,1.8178702119820294,1.9714365736285462,21.844110879198325,22.393385543233137,1.6623462115459642,-57.500599527282475,19.30547612812188,0.2044381133972375,565.7613043003842,1326.6659323110503,1635.0282103883642,1116.2049114457102,12.182347016704586,9.440780823455992,12.367864991578262,15.090144766569983,226.10025170422014,230.1184277273343,9.357884829268162,1976.7022813428193,8228.568791482376,2.4182091868677107
5.0,39.0,568.2836853447242,1325.1348004413917,1624.7342706132574,1115.9093470142639,12.666289645784271,9.919769566830471,12.859177305364744,15.605566224691119,229.8270561385295,233.99082223289506,9.706379513574985,1954.2516090725437,8223.084178245204,2.4343782444097597,50,16367.20984801351,0.5639812648905594,59.540104056790554,490.02646026023933,0.43820224719101125,-0.7570606398396649,-5.590772604344238,-12.331417770864391,-9.144938905257732,-0.1252201383462488,-0.04142720909713482,-0.12712704400634145,-0.1863193983664182,-5.410798165292164,-5.446170186187345,-0.23575866417059999,-8.445712059258085,-16.339465113169354,-0.08809641973724824,566.7992611679012,1328.1372790450323,1635.8691587309202,1118.812600547129,12.36460135722369,9.595985351734154,12.552894778907298,15.299819860793558,228.86235005347862,232.9380820433414,9.52753274189986,1973.3739999507357,8233.096819864812,2.4475239512268017
5.0,40.0,566.5272962380059,1326.9730267846123,1633.702724008137,1127.673795890419,12.805083180607449,9.982820920258769,13.000084447317207,15.73717647799011,235.1254432739016,239.32173789530825,10.209588475256071,1951.1367058274468,8228.164729105461,2.515612956562975,49,15557.528812119495,0.4977868253150154,60.556918404957365,487.4467371283455,0.449438202247191,-1.7563891067183022,1.83822634322064,8.968453394879589,11.76444887615503,0.13879353482317747,0.06305135342829793,0.14090714195246257,0.1316102532989909,5.2983871353720815,5.33091566241319,0.5032089616810858,-3.1149032450969116,5.080550860257063,0.08123471215321532,566.7764498786264,1327.4705757807078,1634.3151327736473,1119.302016545225,12.429848247609808,9.659221582695658,12.619135276761227,15.362434203581618,229.45672898755456,233.55015587056337,9.612080465940108,1968.8663785034018,8230.790968625866,2.4519896995883284
5.0,41.0,558.1181469809165,1309.690480066438,1614.624201825037,1096.6776209654524,11.28543324037498,8.745697403586673,11.457292629822314,14.004885426132494,209.43389128965813,213.15546835831344,8.51671702945305,1972.7055150788467,8174.302644613351,2.220546758123385,48,20372.994540085798,0.598284218281622,63.53361840354107,478.1984974624185,0.4606741573033708,-8.409149257089325,-17.282546718174217,-19.07852218309995,-30.996174924966454,-1.519649940232469,-1.2371235166720957,-1.5427918174948925,-1.7322910518576151,-25.69155198424346,-26.166269536994804,-1.6928714458030214,21.568809251399898,-53.862084492110625,-0.2950661984395899,565.0628099654955,1324.0946443055377,1630.8578488402507,1115.3782008148348,12.202801295867681,9.476976014943215,12.388630757226071,15.091050018798644,225.48659617068057,229.50303280125917,9.413388421145907,1969.211556147966,8219.691419861982,2.407949141101723
5.0,42.0,561.1434357305726,1318.6807215375838,1629.6719738104268,1105.1110010719449,11.371775573369225,8.767486112926505,11.544949820679417,14.154707529219058,213.08204952183524,216.8262039187093,8.588961103062577,1986.7133994153373,8202.392203793774,2.2795554965304525,47,20262.64670697196,0.6029259478402592,65.35934591734964,479.34572946003425,0.47191011235955055,3.025288749656056,8.990241471145737,15.047771985389772,8.43338010649245,0.08634233299424565,0.021788709339832124,0.08765719085710266,0.14982210308656363,3.64815823217711,3.6707355603958547,0.0722440736095269,14.007884336490633,28.08955918042284,0.05900873840706744,564.5009472283838,1322.6011356093315,1628.8776463587496,1113.5933525564396,12.12471397530068,9.418678765171489,12.309354289645361,14.995379145978267,223.87780365584163,227.86692369848555,9.335880021503542,1968.2615938491824,8214.824749820753,2.388779458730392
5.0,43.0,566.0088722609254,1317.2924139319196,1612.528222260496,1113.1482207764216,12.666019141470027,9.973543323039488,12.858902681695461,15.533197643046357,226.95219638278368,231.0917703537872,9.827793621156,1931.711352457153,8196.25181877839,2.3910736471421346,46,16101.986712351663,0.546077241138254,57.63824828054004,489.45883931315075,0.48314606741573035,4.865436530352781,-1.388307605664295,-17.143751549930812,8.037219704476684,1.2942435681008018,1.2060572101129825,1.3139528610160447,1.378490113827299,13.870146860948438,14.265566435077915,1.2388325180934228,-55.00204695818434,-6.140385015383799,0.11151815061168202,564.7326576156361,1322.1377424302036,1627.302485840418,1113.466702509205,12.18482991111973,9.480089460048443,12.370385696568253,15.05735903150271,224.23149700613968,228.23733451630042,9.381537706076253,1964.8842920131272,8213.179035646512,2.3892786192003586
5.0,44.0,572.9113038882052,1338.0503185629482,1645.112123579817,1138.5160909826595,13.458783652877186,10.498595215051306,13.66373974911389,16.569551472518704,246.82354088500082,251.23412830248498,10.61819608170736,1953.2507078923893,8262.621901123191,2.6508601838804933,45,13682.608466081976,0.5002169853590758,58.96919495777344,494.0676808505752,0.4943820224719101,6.902431627279839,20.757904631028623,32.58390131932106,25.367870206237967,0.7927645114071584,0.5250518920118186,0.8048370674184291,1.0363538294723469,19.87134450221714,20.142357948697764,0.7904024605513609,21.539355435236303,66.37008234480163,0.2597865367383587,564.3261183332427,1322.2598508877759,1628.882478870551,1113.449845788189,12.095454050102422,9.392236305226234,12.27964878182987,14.964099806778364,223.54527106912414,227.5230555072938,9.307042321252093,1968.5683103838412,8213.621431544214,2.3860960610990434
5.0,45.0,558.1368936647336,1309.6200158002218,1615.3116246119096,1097.208348181945,11.285530295145607,8.745697403586673,11.457391162584372,14.00589087721357,209.40205972134387,213.11797747872401,8.516542756167812,1972.705306720135,8173.8190532368935,2.221371764445732,44,20372.994540085798,0.598284218281622,63.53361840354107,478.1984974624185,0.5056179775280899,-14.774410223471591,-28.430302762726342,-29.800498967907515,-41.30774280071455,-2.1732533577315785,-1.7528978114646332,-2.2063485865295185,-2.5636605953051337,-37.42148116365695,-38.11615082376096,-2.101653325539548,19.454598827745713,-88.80284788629797,-0.42948841943476124,564.3481168377127,1322.1847197695329,1628.7346369433312,1114.1514959796202,12.139625628780816,9.430033617180019,12.324493024142962,15.013743994668772,224.26699567357255,228.2579233172815,9.357719242415014,1967.0853984650062,8213.25593297416,2.394057082052689
5.0,46.0,579.0492127127304,1348.398642114457,1654.8491723723255,1149.0719513031029,14.340750329901002,11.240597664656748,14.559137390762439,17.60796525410694,260.03799169599563,264.73018069001205,11.338890794280202,1951.5768159672082,8296.18867800898,2.7943280548569143,43,11871.5272048917,0.49602666666797063,57.72286129185592,500.3810032306233,0.5168539325842697,20.91231904799679,38.778626314235225,39.53754776041592,51.863603121157894,3.0552200347553953,2.4949002610700752,3.101746228178067,3.60207437689337,50.635931974651754,51.61220321128803,2.8223480381123895,-21.128490752926837,122.36962477208726,0.5729562904111822,565.8825756514318,1324.8365521789601,1631.3456025077062,1117.5804079765617,12.367208246898848,9.618149746218696,12.555541367409997,15.283127557740489,227.93158266374934,231.99488885251657,9.554499951860326,1965.6946654221945,8221.636701749387,2.4348238320848625
5.0,47.0,564.9389953036143,1333.028220491221,1656.4536829143258,1118.4028413240408,11.629638359942982,8.866897748087663,11.806739451718762,14.577640436498728,223.4224991024651,227.26672290571054,8.76590340222456,2020.3673212669255,8249.282751671673,2.428613167718599,42,19892.76972000877,0.6008082848995155,68.29901077757977,480.25722359714007,0.5280898876404494,-14.110217409116103,-15.370421623236098,1.6045105420002983,-30.669109979062114,-2.7111119699580204,-2.3736999165690857,-2.752397939043677,-3.0303248176082125,-36.61549259353052,-37.46345778430151,-2.5729873920556425,68.79050529971732,-46.90592633730739,-0.36571488713831535,566.4158588108992,1325.7594212776528,1632.4053684379855,1118.6773503429772,12.430081320360326,9.67023021339519,12.619371898842969,15.358846696447461,228.93445823153357,233.0172004555027,9.603111095462818,1965.711605482979,8224.553160193529,2.4458814937817452
5.0,48.0,561.9542111108749,1314.7337995478058,1617.2702457370942,1112.3078905215068,12.089493373820003,9.42776678650508,12.273597333827414,14.90543075620818,221.82611012074514,225.78436272105031,9.41101370036991,1946.0564807171077,8188.321342962439,2.357280430885413,41,17133.33918128655,0.5329006707502736,60.10145590598123,483.99472417333055,0.5393258426966292,-2.9847841927394256,-18.29442094341516,-39.18343717723155,-6.094950802533958,0.45985501387702143,0.5608690384174171,0.466857882108652,0.32779031970945205,-1.5963889817199686,-1.482360184660223,0.6451102981453509,-74.31084054981784,-60.96140870923409,-0.07133273683318597,565.7072053235303,1324.16024392786,1630.4258241732828,1117.4027108031755,12.359879679329273,9.616887214452937,12.548101197288602,15.270201209762524,227.5932838132259,231.6519374856995,9.549998647725253,1964.0475214415092,8219.442930153937,2.429362070455586
5.0,49.0,560.4314234843315,1314.2052313607383,1622.2928286935921,1100.7506596664916,11.378879751792754,8.81165652926666,11.552162184561169,14.136632687453062,211.11658096991147,214.85389576765405,8.54912163532284,1978.6158720599403,8188.224444273873,2.2450227244779186,40,20317.99537531128,0.6096593101992522,63.97323673265933,479.7367115175795,0.550561797752809,-1.5227876265433906,-0.5285681870675489,5.022582956497899,-11.557230855015177,-0.7106136220272496,-0.6161102572384198,-0.7214351492662452,-0.7687980687551175,-10.709529150833674,-10.930466953396262,-0.8618920650470709,32.55939134283267,-0.09689868856639805,-0.11225770640749433,564.921979137491,1323.0672870197945,1630.1816799813162,1115.8868420683984,12.231138689930122,9.506075910696556,12.417399685208245,15.123307856038721,225.72223629636406,229.73824483917542,9.434272859900037,1966.4839477402493,8215.956956756803,2.410426518462402
5.0,50.0,562.9433794786004,1318.940700047956,1626.6452734692266,1114.2661577073445,11.95310174641829,9.273206708053587,12.135128676566792,14.790967026488138,221.3307122673142,225.24214408381596,9.242873952490248,1960.9320601982447,8201.590506757952,2.366132825919006,39,17867.14746825761,0.5499580185316162,62.05212111500073,483.2815700199446,0.5617977528089888,2.511955994268874,4.73546868721769,4.352444775634467,13.51549804085289,0.5742219946255354,0.4615501787869274,0.5829664920056228,0.654334339035076,10.21413129740273,10.388248316161906,0.6937523171674087,-17.68381186169563,13.366062484078611,0.12111010144108736,564.5635874615506,1322.264054346129,1629.475934927425,1114.5460782500909,12.145940546511206,9.435114489476039,12.330904108133204,15.028686910888524,224.34276319570534,228.33028545802617,9.337601407623456,1967.4634831773287,8213.299534522052,2.3954785053980046
5.0,51.0,577.0501453008656,1336.5764084950927,1632.2566250267364,1141.023792702842,14.352970761008772,11.377126763273408,14.57154391980586,17.50701886586761,253.527065491909,258.18910232593623,11.362332271422485,1916.4105113425094,8256.18795377903,2.686991057770209,38,11476.845961245373,0.4934783926586063,54.041174380939665,501.6273820827104,0.5730337078651685,14.106765822265174,17.63570844713672,5.611351557509806,26.757634995497483,2.3998690145904824,2.1039200552198203,2.436415243239068,2.716051839379473,32.196353224594816,32.946958242120274,2.119458318932237,-44.52154885573532,54.59744702107855,0.320858231851203,566.4567872935454,1324.9526471889944,1631.2391772475949,1118.9806954238297,12.452694298574585,9.698257425444712,12.642329237131559,15.378900254862035,228.7520806159304,232.83364885478846,9.6221629318204,1961.833982803695,8221.48806543862,2.442122935362687
5.0,52.0,569.2626117030078,1329.745765271577,1636.655066918877,1127.5204840372103,12.920786368981474,10.089858500406496,13.117549613179163,15.922176033116244,236.230183032622,240.45078197156147,10.067752776742795,1956.2647203476251,8236.28369305814,2.5250857852895967,37,15352.771441281138,0.5303531425093628,59.820138427286395,490.46281731517576,0.5842696629213483,-7.78753359785776,-6.830643223515608,4.398441892140681,-13.503308665631721,-1.4321843920272972,-1.2872682628669114,-1.4539943066266972,-1.5848428327513666,-17.29688245928702,-17.738320354374764,-1.2945794946796898,39.85420900511576,-19.904260720890306,-0.16190527248061226,567.268704890789,1326.0591515623937,1631.93748655844,1121.2216437203565,12.607595378135809,9.830494664192711,12.799589216381532,15.555647105251754,231.06689396700912,235.19610666007367,9.77004209918842,1958.7891148969236,8224.877214365057,2.466675964238602
5.0,53.0,560.335951989494,1321.4352223080814,1641.8571943302184,1105.059794414883,11.017548741443326,8.418452521259224,11.185328671516068,13.800539717317331,210.02713866166343,213.6554870339666,8.212307880668176,2013.306895027549,8212.076596046129,2.261856015441034,36,21743.03446223761,0.6274378987468958,68.32879226709748,476.2457380144574,0.5955056179775281,-8.9266597135138,-8.310542963495664,5.20212741134128,-22.46068962232721,-1.9032376275381484,-1.6714059791472717,-1.932220941663095,-2.121636315798913,-26.203044370958565,-26.79529493759486,-1.8554448960746193,57.042174679923846,-24.207097012011218,-0.2632297698485626,566.7014128636458,1326.4734324000099,1634.8703837654123,1120.4128010842028,12.44274833813314,9.674985584014685,12.632231815363593,15.38238131267885,229.37438819489708,233.45247832809164,9.60849352513964,1966.9486691539635,8226.45969209183,2.4537542010684916
5.0,54.0,569.7170540774673,1332.6873796661098,1644.0785953542384,1135.6667306864185,13.074791334596947,10.191372803967829,13.273899832078119,16.088916518849555,239.70145232561103,243.9539514235221,10.388609831537318,1955.2082244055562,8244.22378867072,2.57667393828086,35,14917.776867963152,0.5015745531286877,60.42820456624735,490.16814231116973,0.6067415730337079,9.381102087973318,11.252157358028398,2.221401024019997,30.60693627153546,2.057242593153621,1.7729202827086041,2.0885711605620507,2.2883768015322232,29.6743136639476,30.298464389555505,2.176301950869142,-58.098670621992824,32.14719262459221,0.314817922839826,566.3819878825719,1325.9371385103261,1634.7670309428545,1120.1278650545787,12.404349106305116,9.644263342906337,12.593247823660015,15.334317817311936,228.66217933895808,232.72446064019536,9.585534900122635,1967.1444208052803,8224.619880846582,2.4463355765085284
5.0,55.0,560.5663997605457,1325.3592695257053,1652.5820316043307,1111.9639860667048,11.05569181338397,8.390403389802687,11.224052602420272,13.89872683688898,214.19894490771702,217.83260346638096,8.303469796341918,2023.4695292763647,8223.540802459658,2.3364430632054147,34,21566.29383128173,0.6141241792055984,69.97247439208768,475.2787490912822,0.6179775280898876,-9.150654316921646,-7.328110140404533,8.503436250092363,-23.702744619713712,-2.0190995212129774,-1.8009694141651416,-2.0498472296578463,-2.1901896819605753,-25.50250741789401,-26.121347957141154,-2.0851400351953995,68.26130487080854,-20.682986211062598,-0.24023087507544538,566.6249384921532,1327.5110638828742,1638.4940716420965,1121.6034288430546,12.381365258128952,9.608733941527937,12.569913967643604,15.323601413279476,229.1418678575954,233.19592323896103,9.564227604140045,1972.2208430609032,8229.59205576886,2.4578427063844965
5.0,56.0,560.5931230778302,1320.1288472356916,1638.3842281779666,1109.1784738427957,11.33002091237388,8.702411343476125,11.502559301902416,14.132900177199707,214.10674645032498,217.82401916494717,8.576312436331287,1997.852716615975,8206.760059564775,2.3018505708629613,33,20422.90649288533,0.5971777823914128,66.38296039010667,477.965320869913,0.6292134831460674,0.026723317284563564,-5.230422290013621,-14.19780342636409,-2.785512223909109,0.2743290989899112,0.31200795367343837,0.27850669948214346,0.23417334031072734,-0.09219845739204402,-0.008584301433785413,0.27284263998936886,-25.61681266038977,-16.780742894883588,-0.03459249234245343,564.7793295286632,1324.6840843949979,1636.8475772226607,1117.614081097024,12.08029231637624,9.354915309409876,12.264256158757604,14.976094905588752,224.5487433330283,228.5053070864545,9.287969768345153,1976.8484331257798,8220.649193924439,2.408594957985101
5.0,57.0,570.6047063681731,1331.0155460128944,1638.420777280155,1126.5082553182453,12.941299419318932,10.107427313692327,13.138375044993838,15.97647670916512,236.40947496337034,240.63338023623535,9.945088829774075,1960.7478285293462,8240.767338524953,2.5274522692268744,32,15583.146176089342,0.5528142415570266,59.89203482295143,491.61245932263927,0.6404494382022472,10.011583290342855,10.88669877720281,0.036549102188473626,17.329781475449636,1.6112785069450517,1.4050159702162013,1.6358157430914222,1.8435765319654127,22.302728513045366,22.80936107128818,1.3687763934427881,-37.10488808662876,34.007278960178155,0.22560169836391308,565.345900635119,1324.4828169471652,1635.0442866592437,1118.424622496444,12.211458422313836,9.478968265970341,12.39741971808511,15.115978532855394,225.84744091911884,229.84197281950705,9.405888311100105,1970.8864838520217,8219.797652609766,2.418478868135929
5.0,58.0,561.105556805764,1319.8988052236691,1637.0485237131188,1115.7455397615558,11.656401881888327,8.995412647322533,11.833910539988148,14.457893254343418,217.98818570417083,221.78907738650184,9.043991889517244,1980.90439048188,8204.879702099195,2.3426247327372063,31,19199.513143542757,0.5584377232649693,65.1091906639502,479.3874600990695,0.651685393258427,-9.499149562409116,-11.116740789225332,-1.3722535670362959,-10.7627155566895,-1.2848975374306058,-1.1120146663697934,-1.30446450500569,-1.5185834548217017,-18.42128925919951,-18.84430284973351,-0.9010969402568314,20.15656195253382,-35.88763642575759,-0.1848275364896681,565.2610352046079,1324.9993175147515,1637.0221144568459,1118.7683874204492,12.168149273120667,9.435732852052087,12.353451038701184,15.071224782668917,225.46364847746145,229.44244428605217,9.369186130014837,1974.371274828499,8221.453488523443,2.417013298321108
5.0,59.0,561.8705651707693,1307.7152964579843,1602.7532668771717,1115.435428027174,12.468254423384643,9.839123266359833,12.658126318156999,15.221766801699887,222.4156254738189,226.45166297406678,9.912440388967399,1904.6119906450374,8163.088149865248,2.33509029212545,30,15345.610750588641,0.49079368675911383,55.446112475074536,487.21895099364593,0.6629213483146067,0.7650083650053148,-12.183508765684792,-34.29525683594716,-0.310111734381735,0.8118525414963162,0.8437106190372994,0.8242157781688508,0.7638735473564697,4.4274397696480605,4.662585587564934,0.8684484994501549,-76.2923998368426,-41.791552233947186,-0.007534440611756121,565.4049493732517,1324.350324024476,1635.068158275204,1120.2368642565175,12.277086740279856,9.538479525761407,12.464047452060766,15.179738194093598,226.59355292785216,230.60222100669344,9.505518005379296,1966.9708866870085,8218.93985908258,2.4260200550858615
5.0,60.0,565.0773807290789,1326.4396957838837,1643.7135997628743,1120.9414229650195,11.930189593697957,9.194069194505007,12.111867607815185,14.838370358545284,223.79258249955188,227.68479052152176,9.141447595284173,1983.0207836969207,8225.356343692507,2.414182550965311,29,18262.97610676616,0.5661132536412072,64.12498371342961,483.3543320621905,0.6741573033707865,3.206815558309586,18.724399325899412,40.960332885702655,5.505994937845344,-0.5380648296866859,-0.6450540718548261,-0.5462587103418137,-0.38339644315460397,1.3769570257329917,1.233127547454984,-0.7709927936832255,78.40879305188332,62.26819382725898,0.07909225883986082,565.6183494982995,1325.100223598069,1636.7749909045688,1120.9043907822847,12.274795525007823,9.530565774406547,12.461721345185605,15.184478527299314,226.83973995107596,230.84648565046405,9.495375369658687,1969.1797590368762,8221.316442776037,2.4308250275904917
5.0,61.0,569.3097608990893,1331.3129277015664,1644.0033011044675,1131.927572723467,12.814283496037122,9.96155770653827,13.009424869073221,15.826874242867333,236.18683720341792,240.35154697430028,10.019009863068476,1961.0742711113944,8239.915488941615,2.542522253129084,28,15596.169796371127,0.5248539992897023,60.76438492642804,489.49708628545255,0.6853932584269663,4.232380170010401,4.873231917682688,0.2897013415931724,10.986149758447482,0.8840939023391652,0.767488512033264,0.8975572612580365,0.9885038843220499,12.39425470386604,12.666756452778515,0.8775622677843025,-21.946512585526307,14.559145249108042,0.12833970216377288,564.8443110581219,1324.5738755187162,1637.9496585123418,1119.9947687843473,12.120926798510657,9.389008868733033,12.305509440112342,15.016464064999287,225.10571712222682,229.06273011530044,9.361043128823287,1973.6461350137647,8219.689196292293,2.4163781471263794
5.0,62.0,559.7993898326905,1315.6022530523758,1633.8857953586073,1111.0777617712474,11.381106413423863,8.766968241084745,11.554422754745037,14.165300174831666,213.65827546586334,217.3482725181637,8.699549319528483,1980.727612706924,8189.328946164335,2.30696888562228,27,20145.87151438508,0.5858693215973649,65.69738251779263,477.96975607014616,0.6966292134831461,-9.510371066398761,-15.71067464919065,-10.117505745860171,-20.849810952219514,-1.433177082613259,-1.1945894654535252,-1.4550021143281846,-1.6615740680356677,-22.528561737554583,-23.00327445613658,-1.3194605435399929,19.653341595529582,-50.58654277727965,-0.235553367506804,563.8979888710902,1323.1595242967962,1637.6727313563147,1118.350496557751,11.966958802954897,9.256719842800859,12.14919675426893,14.840776479170831,222.84852636555098,226.75247916996068,9.224222783101855,1976.092424249695,8214.993721602914,2.394566457159647
5.0,63.0,562.7403731971452,1327.185744002233,1654.4859932364427,1119.3247536540498,11.463028313494936,8.749782484504856,11.63759219644156,14.357376037518208,219.56974364269433,223.3082517568377,8.696349813849423,2011.6340348812928,8228.149007149083,2.391465516993807,26,20001.920546075085,0.5888671572318256,67.93271807817062,478.6028433144461,0.7078651685393258,2.9409833644547234,11.58349094985715,20.6001978778354,8.246991882802376,0.08192190007107314,-0.017185756579889855,0.08316944169652274,0.19207586268654175,5.911468176830994,5.959979238674009,-0.003199505679059911,30.9064221743688,38.820060984747215,0.08449663137152719,564.1384309918553,1323.7345764662114,1638.9356112469372,1119.7769924816678,12.011506760160056,9.289852839125421,12.19442310676148,14.896460111190915,223.80278686365403,227.71775564224777,9.27262697641998,1975.925138235069,8216.60096271321,2.407527407314925
5.0,64.0,573.3416004526507,1337.7593794560096,1651.2025988798443,1140.9159835429898,13.440578577702343,10.499061707889483,13.645257439291719,16.548439269862023,245.04849482923942,249.39707775497888,10.562482130015413,1957.47979251198,8260.2262733288,2.6361936001237916,25,14141.331447049313,0.5153804739150335,59.42368915821358,493.97853365668897,0.7191011235955056,10.601227255505478,10.57363545377666,-3.2833943565983645,21.591229888940006,1.977550264207407,1.7492792233846277,2.007665242850159,2.191063232343815,25.478751186545082,26.088825998141175,1.8661323161659897,-54.1542423693129,32.07726617971821,0.2447280831299845,564.5008856293737,1324.2417764452014,1639.6480115994977,1120.3019177673248,12.048085484470597,9.320621729517587,12.23155886748284,14.942412386292162,224.3374911140169,228.26206827539346,9.290014206267788,1976.1522950457115,8218.201211179017,2.413479373499218
5.0,65.0,563.9297131067036,1321.096494121724,1636.9564235766354,1121.1991484869034,12.066068475323371,9.359436374269952,12.249815710988196,14.926793919620971,222.98461281199633,226.88255916885896,9.368796234424844,1965.4834262000782,8206.631211108002,2.3970477758815396,24,17903.5871154642,0.550611039785241,62.619539290070456,483.5388720886712,0.7303370786516854,-9.411887345947093,-16.662885334285647,-14.246175303208929,-19.71683505608644,-1.3745101023789719,-1.1396253336195308,-1.3954417283035223,-1.6216453502410513,-22.06388201724309,-22.51451858611992,-1.1936858955905691,8.003633688098262,-53.595062220798354,-0.23914582424225195,564.8372169639895,1323.8154989048032,1638.0854507967283,1121.2254340093448,12.149123150664538,9.417525027964313,12.334135178339633,15.045219094565363,225.21605790444482,229.16706384564122,9.396546850076081,1970.3536847380826,8216.51025204385,2.4195398447668306
5.0,66.0,556.9668845799938,1317.0063274787078,1647.5200659127354,1103.4995754203383,10.472088610613241,7.932012100798385,10.631562041231716,13.197667241700648,202.93116634504682,206.34454483822526,7.739960243348182,2026.2322209092088,8195.712923498239,2.2074912427183646,23,23443.225405870337,0.644364431578938,70.80774971295808,471.4021567142203,0.7415730337078652,-6.962828526709814,-4.0901666430161185,10.563642336099974,-17.699573066565108,-1.5939798647101302,-1.4274242734715674,-1.6182536697564807,-1.7291266779203234,-20.05344646694951,-20.5380143306337,-1.628835991076662,60.74879470913061,-10.918287609763865,-0.189556533163175,564.4745931142058,1323.503246929105,1638.9990345702051,1120.6575441670989,12.063329920488474,9.34048510369654,12.247035452272561,14.951695801015456,224.098499893917,228.01911641296905,9.312911630777771,1973.1916351674063,8215.405538437199,2.410103911952371
5.0,67.0,570.7290402415234,1330.5843396046293,1643.089461337004,1130.1665842939783,12.942011932994502,10.107427313692327,13.139098409131476,15.98401908553667,236.16735000219967,240.34872768333148,9.943732405404104,1960.7478540686843,8237.537914640723,2.5337077713952065,22,15583.146176089342,0.5528142415570266,59.89203482295143,491.61245932263927,0.7528089887640449,13.762155661529619,13.578012125921532,-4.430604575731422,26.667008873640043,2.469923322381261,2.1754152128939417,2.5075363678997604,2.7863518438360213,33.23618365715285,34.004182845106214,2.2037721620559223,-65.48436684052444,41.82499114248458,0.3262165286768419,564.4870265015409,1323.4601262882784,1639.46590297589,1121.0233770646723,12.06340117185603,9.34048510369654,12.247107788686325,14.95245003865261,224.07428739779994,227.99065115767866,9.312775988340775,1973.1916377213402,8215.082596048775,2.410729462169204
5.0,68.0,561.6035570586938,1320.4064078708145,1644.9751903497422,1115.1472602518115,11.35662362106675,8.721685306609324,11.52956712798655,14.1763202401709,214.16849066755202,217.83853025539142,8.58632181036772,1995.1539264098187,8204.780297528358,2.3176353790397703,21,20359.57122811299,0.6007960649004618,66.50323258612272,478.6905135042811,0.7640449438202247,-9.125483182829612,-10.17793173381483,1.8857290127382385,-15.019324042166772,-1.5853883119277512,-1.385742007083003,-1.6095312811449265,-1.8076988453657687,-21.998859334647648,-22.510197427940057,-1.3574105950363844,34.406072341134404,-32.75761711236555,-0.21607239235543618,564.5368265268339,1323.5108865529928,1640.2585696395527,1120.9635491136978,12.033423345773873,9.313112369625218,12.216673447486166,14.924292737235358,223.69231789413806,227.59559644456763,9.267008980425823,1974.616591314134,8215.07265559169,2.4082305267994606
5.0,69.0,569.4853572118913,1331.2560665006115,1651.1171229646413,1132.0763524085417,12.71227760220796,9.886023484819964,12.905865585997928,15.738421058442267,233.68020878624637,237.7625342157858,9.799930285059004,1973.3706041684775,8236.804277072015,2.52714410038451,20,16678.75265709491,0.5630396476809756,62.299571346351954,488.6611592036832,0.7752808988764045,7.881800153197446,10.849658629796977,6.141932614899133,16.92909215673012,1.3556539811412094,1.16433817821064,1.3762984580113784,1.5621008182713663,19.511718118694347,19.924003960394373,1.2136084746912843,-21.78332224134124,32.02397954365733,0.20950872134473952,565.298305730946,1325.8649635572556,1645.0949552482994,1122.6276415518346,12.057825663656205,9.317802391471231,12.24144737427026,14.975958162909597,224.81877622538082,228.7266835687395,9.255757970034981,1981.4924526664781,8222.444268312367,2.427435907625367
5.0,70.0,569.4485536943183,1330.822221180795,1649.2812395784968,1136.0730184753556,12.815042082426318,9.96155770653827,13.010195007539409,15.835006470927002,235.91291161790292,240.03009613197105,10.017481985751688,1961.0742861315591,8236.279846812204,2.549588925608823,19,15596.169796371127,0.5248539992897023,60.76438492642804,489.49708628545255,0.7865168539325843,-0.03680351757293465,-0.4338453198165553,-1.8358833861445873,3.9966660668139866,0.10276448021835805,0.07553422171830704,0.10432942154148073,0.0965854124847354,2.232702831656553,2.267561916185258,0.2175517006926846,-12.296318036918365,-0.5244302598111972,0.022444825224313014,565.73542302747,1326.3032160969467,1645.6517192298616,1124.1408011028684,12.14631091252904,9.394551242674558,12.331280114242682,15.075621774147768,226.03080913721593,229.96121412978445,9.343361409081734,1979.297802909942,8223.536618624337,2.4409765450897174
5.0,71.0,569.4929423103152,1328.9243740305171,1645.229454538711,1134.2518498359693,12.9220159002815,10.089858500406496,13.11879786830609,15.936217377949033,235.78428201867973,239.92694043799608,10.06531412428506,1956.2646755712522,8230.32366242682,2.5365928701818046,18,15352.771441281138,0.5303531425093628,59.820138427286395,490.46281731517576,0.797752808988764,0.044388615996922454,-1.897847150277812,-4.051785039785727,-1.8211686393863147,0.1069738178551809,0.12830079386822568,0.10860286076668224,0.10121090702203084,-0.1286295992231885,-0.10315569397496915,0.047832138533371094,-4.8096105603069645,-5.956184385384404,-0.012996055427018316,565.7537411685926,1326.0643607298418,1645.7743345732858,1124.3732288141186,12.157084152953479,9.40738132206138,12.342217414165969,15.08655608765594,225.99055361874207,229.918753476154,9.347991835203391,1978.8168433559276,8222.577435972858,2.4403836067949896
5.0,72.0,564.223559490081,1323.095899845425,1646.922979616323,1128.1867839719357,12.034819410654894,9.303262673984833,12.218090772238469,14.935116416943545,224.26581658802777,228.11922651837043,9.334242560025844,1972.1378769250223,8210.87657833328,2.429800493588072,17,17624.89057583386,0.5421456877679064,63.42673862408061,483.1923297861275,0.8089887640449438,-5.269382820234227,-5.828474185092091,1.6935250776118664,-6.065065864033613,-0.8871964896266054,-0.7865958264216637,-0.900707096067622,-1.0011009610054877,-11.518465430651958,-11.807713919625655,-0.7310715642592154,15.873201353770128,-19.44708409353916,-0.10679237659373264,566.1961581343317,1326.8137254091466,1647.0780529990575,1126.0841310341873,12.22245545267658,9.46101076535139,12.408584215915312,15.163537711867125,227.0513077309585,230.9958488761747,9.411461159253127,1977.9578697777374,8224.732199189752,2.4526667675915688
5.0,73.0,564.497819501604,1320.1531601005963,1640.0168650518726,1122.5838289623916,12.056081352459397,9.374968077397083,12.23967649995878,14.92404633266875,221.39099490711664,225.2417785765489,9.2521448547924,1966.716901333811,8201.531612448625,2.3798662747400634,16,18005.151289972448,0.5669832685171508,62.32037932966133,484.30161873686365,0.8202247191011236,0.2742600115229834,-2.942739744828714,-6.906114564450263,-5.602955009544075,0.021261941804503692,0.07170540341225085,0.021585727720310643,-0.011070084274795278,-2.8748216809111398,-2.877447941821515,-0.08209770523344417,-5.420975591211345,-9.344965884654812,-0.04993421884800853,566.3719027647775,1326.110467018983,1645.6311401806008,1126.4100385650215,12.281760756573028,9.523529324640611,12.468792646267033,15.22020474138218,227.23343285740074,231.18920155814584,9.467040663347426,1973.4661564229893,8222.070459719707,2.4515068433661944
5.0,74.0,567.1850323905807,1332.1380530549268,1664.5056828194456,1134.6716752127052,12.154868794296837,9.350458610643743,12.339968319083082,15.135336395999804,228.41019946021348,232.29805379704803,9.359697304666286,1996.2130474817823,8240.57145743565,2.490531790284097,15,17998.393919639682,0.5626857575875571,65.32013534841145,484.0475847956854,0.8314606741573034,2.68721288897666,11.984892954330462,24.488817767572982,12.087846250313532,0.09878744183743926,-0.024509466753340092,0.10029181912430296,0.21129006333105416,7.019204553096841,7.056275220499117,0.10755244987388579,29.49614614797133,39.03984498702448,0.1106655155440337,565.7562459585705,1325.5483343788749,1646.9614485745606,1125.7856077319932,12.153189778232477,9.408669014916038,12.33826373424617,15.07889445399596,225.56960332049817,229.47929916235276,9.346762180812513,1977.3394819199693,8220.104978130392,2.4369406623822254
5.0,75.0,576.7075240765251,1341.3571472333504,1660.9917028019984,1155.8494089033254,14.073627774780267,11.032920646295956,14.28794697947235,17.282568314850202,254.38794922961762,258.8580318970848,11.165735772930024,1943.780125917783,8268.071194891612,2.753624633224451,14,12196.678696741854,0.4854299962699861,57.145980589634796,498.39238318298834,0.8426966292134831,9.522491685944487,9.219094178423575,-3.5139800174472384,21.177733690620244,1.91875898048343,1.6824620356522129,1.9479786603892677,2.147231918850398,25.97774976940414,26.559978100036773,1.806038468263738,-52.432921563999344,27.49973745596253,0.26309284294035384,567.0340270555528,1327.5743996900374,1649.3649764970971,1129.2506337736354,12.353945708178166,9.576017442118637,12.542076861094586,15.314471893518881,228.70993696226031,232.67684643517532,9.52645613466303,1975.16915189174,8226.248976508752,2.472598348116516
5.0,76.0,552.3567598308761,1302.9303777605787,1634.731039595806,1100.2584463642224,10.232827167806462,7.823385427209372,10.388657023153769,12.814303131239068,194.07600569042629,197.33579480459176,7.661177548162296,1999.6773887808984,8146.993955032961,2.096730901599534,13,23775.385039913275,0.6296745087682314,69.15346176212876,468.7531905054473,0.8539325842696629,-24.35076424564909,-38.42676947277164,-26.260663206192476,-55.590962539102975,-3.8408006069738043,-3.2095352190865842,-3.899289956318581,-4.468265183611134,-60.31194353919133,-61.52223709249304,-3.5045582247677274,55.89726286311543,-121.07723985865141,-0.6568937316249168,566.5730145806408,1326.1668047182243,1648.086073865404,1128.9265208680238,12.330019563897489,9.565154774759737,12.517786359286792,15.276135482472725,227.82442089679822,231.77597143181202,9.518577865144442,1972.513668678909,8221.377079662225,2.4615223140046334
5.0,77.0,561.9696800931011,1323.1683231347895,1660.9401306474622,1123.030021986353,11.307478153229198,8.635685639474032,11.479673252009338,14.17205092510049,215.24666037981254,218.84647800746234,8.537921671783772,2010.3367855205142,8211.029165191057,2.357912565640302,12,20833.1806788158,0.6055026534659843,68.37613303912833,477.4019941128892,0.8651685393258427,9.612920262225089,20.237945374210767,26.209091051656287,22.771575622130513,1.0746509854227355,0.8123002122646596,1.091016228855569,1.3577477938614209,21.170654689386254,21.51068320287058,0.8767441236214761,10.659396739615886,64.03521015809656,0.2611816640407678,565.6970785657986,1325.4252030712405,1649.87114079645,1128.2128646372612,12.166566185920958,9.417980607337906,12.351843843574576,15.094938666429105,225.73235193455952,229.62574646422507,9.37799679178241,1977.4725618240918,8218.726204717259,2.4439427934291427
5.0,78.0,558.854810844642,1308.2957702172632,1631.312500099461,1120.1454181930624,11.68047949544974,9.083364656236071,11.858354817715474,14.431097940911794,214.60732806321377,218.29220701885978,9.127840184021311,1951.4805891595515,8160.9002912852,2.3110116509275875,11,18542.131536780773,0.5388184071303456,61.84469107261819,479.6399937037816,0.8764044943820225,-3.114869248459172,-14.872552917526264,-29.627630548001207,-2.88460379329058,0.37300134222054204,0.4476790167620397,0.3786815657061364,0.25904701581130496,-0.6393323165987681,-0.5542709886025534,0.5899185122375386,-58.85619636096271,-50.12887390585729,-0.0469009147127144,565.4222039443935,1324.2141393058853,1648.5048717714217,1128.7126804313862,12.198951773359259,9.454148542300583,12.384722612547469,15.120416436503195,225.7762356741257,229.6711141405719,9.432148629147768,1973.105228099065,8214.338204092943,2.4432804206179246
5.0,79.0,574.523124644606,1343.7533844027214,1680.3364771436386,1151.285286526274,13.108922038207337,10.116431315150047,13.308550292596284,16.319590212139065,244.99405599841973,249.14570936991063,10.065067372361867,1994.3459979759534,8276.30481784395,2.6940284575649582,10,15449.872711991035,0.5515647134620127,63.178193003996846,491.9310594996109,0.8876404494382022,15.66831379996404,35.45761418545817,49.02397704417763,31.139868333211552,1.4284425427575975,1.0330666589139756,1.4501954748808092,1.8884922712272711,30.386727935205954,30.85350235105085,0.9372271883405556,42.865408816401896,115.40452655874924,0.3830168066373707,565.925980687665,1325.4638710960965,1651.4268071893214,1130.6335738431594,12.238616216959196,9.47718932533359,12.424991083207304,15.178533351872876,226.90762039534303,230.80943165598438,9.458662337878055,1975.2027674798126,8218.288258170136,2.459968856335969
5.0,80.0,566.0602139704982,1326.6174500087345,1663.3960850313545,1135.0161156843692,12.01385478808135,9.244415839180052,12.196806891453146,14.989849756268493,225.4635416391507,229.23702646055114,9.196239091235936,1987.6831784675999,8217.646261094744,2.4829825155770893,9,18625.533068305023,0.5803280756696062,65.55958662336383,483.0486083987451,0.898876404494382,-8.462910674107775,-17.135934393986872,-16.940392112284144,-16.269170841904725,-1.0950672501259877,-0.8720154759699952,-1.111743401143137,-1.3297404558705725,-19.530514359269034,-19.9086829093595,-0.8688282811259302,-6.66281950835355,-58.65855674920567,-0.21104594198786897,565.587146715283,1325.0433939788904,1652.8382917346073,1130.5278835640609,12.158497487524698,9.405475138597769,12.343652271598678,15.094017680407024,225.8626833974678,229.7301246888424,9.376538048426479,1977.8636567134167,8216.42489959839,2.453308215332796
5.0,81.0,565.3921859938531,1328.8581179652613,1671.7407219737395,1130.252903281545,11.572972187182396,8.848295548942003,11.749210342317152,14.507867790447524,219.40908020932892,223.06391133198474,8.670569829702275,2015.3808675186474,8228.75173152018,2.4077842414257504,8,20258.412676584572,0.6151180661668001,67.7514433974638,480.53040790380345,0.9101123595505618,-0.6680279766451349,2.2406679565267495,8.344636942385023,-4.763212402824138,-0.4408826008989539,-0.3961202902380485,-0.44759654913599434,-0.4819819658209692,-6.054461429821771,-6.173115128566394,-0.5256692615336611,27.69768905104752,11.105470425436579,-0.07519827415133884,565.1770710836367,1325.0367683723648,1655.48941847811,1130.1279889086184,12.023593116214787,9.28131884345132,12.206693518999783,14.951182721656874,224.22516321653274,228.04382177824127,9.237063618968202,1983.7752759081563,8216.267706507726,2.4404273524571907
5.0,82.0,576.9198521282497,1340.696868419247,1669.473416444599,1162.5604001518227,14.074847058745167,11.032920646295956,14.289184831213367,17.29581107389118,253.9209637244399,258.310573081635,11.163157790324643,1943.7821001051614,8262.385429359298,2.7657994641162653,7,12196.678696741854,0.4854299962699861,57.145980589634796,498.39238318298834,0.9213483146067416,11.527666134396554,11.838750453985767,-2.267305529140458,32.307496870277646,2.501874871562771,2.184625097353953,2.539974488896215,2.7879432834436564,34.51188351511098,35.246661749650286,2.4925879606223678,-71.59876741348603,33.6336978391173,0.3580152226905149,566.4467003474535,1326.796865229747,1657.744462160938,1133.565350526607,12.227595881023815,9.454284640682431,12.413802924897274,15.187252187351637,227.19067793017393,231.06295643456775,9.419955141998082,1980.93969822617,8221.418591610327,2.4740272495100095
5.0,83.0,570.4315599280332,1328.0353994723082,1657.9181903225062,1145.2450758553796,12.879216627227791,10.052886844264577,13.075346829672883,15.892661436362278,233.59542624958962,237.59852919567743,10.043983230541281,1950.7905317863688,8221.22324558423,2.538331257446808,6,15499.054743898247,0.5310418254482291,59.87354365768775,490.79478870854473,0.9325842696629213,-6.488292200216506,-12.66146894693884,-11.55522612209279,-17.315324296443123,-1.195630431517376,-0.9800338020313788,-1.2138380015404842,-1.4031496375289016,-20.32553747485028,-20.7120438859576,-1.119174559783362,7.008431681207412,-41.162183775068115,-0.2274682066694571,567.0400743900966,1327.5850891669181,1659.534594688001,1135.8314752159058,12.309909408500655,9.52207651736918,12.497369957868685,15.284113697720992,228.41112106442125,232.29863149648054,9.499138979572969,1979.347061271426,8223.387754923888,2.4898737477806843
5.0,84.0,575.9362337970242,1341.0084606052321,1675.4521439737155,1156.5505827464874,13.55989076480306,10.568153081111094,13.766386563251839,16.760545864740504,247.71984349037592,251.9633554880771,10.495809530972384,1969.253776414433,8267.256139700317,2.6976108363373643,5,13746.868020304568,0.5250118178041789,59.35094667446527,495.91322844188926,0.9438202247191011,5.504673868991063,12.973061132923931,17.53395365120923,11.305506891107825,0.6806741375752683,0.5152662368465162,0.6910397335789558,0.8678844283782254,14.1244172407863,14.36482629239967,0.4518263004311027,18.46324462806433,46.032894116087846,0.1592795788905561,567.9151945307409,1328.4721299219486,1660.6292408034278,1138.019365969284,12.450411605551277,9.643845964415915,12.64001178228556,15.44663464459506,230.34208546743747,234.26516166558343,9.612750202203578,1976.651134164691,8226.056223150355,2.510581652386011
5.0,85.0,563.042416563452,1333.6163645127995,1699.885775554195,1133.5229904101188,10.637068340245882,7.945060604721319,10.799054152533891,13.54030782698717,210.4496586114519,213.7781439637647,7.793172487253798,2067.0281345079725,8242.771132885355,2.3607955693997638,4,23626.054830556557,0.6621060647701057,75.21779057992742,472.7373024467727,0.9550561797752809,-12.893817233572236,-7.392096092432666,24.43363158047964,-23.02759233636857,-2.922822424557177,-2.6230924763897745,-2.9673324107179475,-3.220238037753333,-37.27018487892403,-38.18521152431239,-2.7026370437185854,97.77435809353938,-24.485006814962617,-0.33681526693760055,566.5486837794335,1327.6980516498936,1664.5186480786476,1135.7867241199633,12.10675566209784,9.335059960258452,12.291122499591713,15.072408595808756,225.9482564056209,229.75717287225143,9.275493873635956,1988.9759350237102,8223.52621694973,2.471298746003542
5.0,86.0,556.5834160488323,1300.9430797096732,1634.726900083876,1114.445159928397,10.938113790648057,8.477682668729924,11.104684051419346,13.595381069163183,201.08017713807214,204.44993055595117,8.270037757559072,1960.8816231892374,8134.168438416263,2.1732651248514885,3,20935.357885395537,0.5974381083044512,63.49435735897409,476.2909815985609,0.9662921348314607,-6.4590005146196745,-32.67328480312631,-65.15887547031912,-19.077830481721776,0.30104545040217445,0.5326220640086055,0.30562989888545466,0.05507324217601273,-9.36948147337975,-9.328213407813536,0.47686527030527337,-106.14651131873507,-108.60269446909206,-0.18753044454827528,566.9713494012292,1327.499321844803,1664.5182341274547,1137.205395476381,12.177284324381997,9.400489684410507,12.362725202418272,15.150516389601169,226.64867355038555,230.4685864473874,9.336379894575634,1985.0963584645438,8222.243665288059,2.478952168328738
5.0,87.0,561.8332529585475,1317.48949422176,1663.9993198453974,1136.7710579271466,11.66013939060686,8.995412647322533,11.837704965083107,14.495745546797984,216.69015358746194,220.271801085761,9.03646879032365,1980.9038574269564,8186.450178243906,2.3755519442009314,2,19199.513143542757,0.5584377232649693,65.1091906639502,479.3874600990695,0.9775280898876404,5.2498369097152136,16.546414512086812,29.272419761521405,22.325897998749497,0.722025599958803,0.5177299785926088,0.7330209136637613,0.9003644776348008,15.60997644938979,15.821870529809843,0.7664310327645776,20.022234237718976,52.28173982764292,0.20228681934944293,566.9577066877739,1326.9314389535,1664.8241530472485,1138.5794990704603,12.212550448119764,9.436462385195359,12.39852837372565,15.18288585177092,226.79302287115047,230.61111875521723,9.386234606429621,1982.1530656551881,8219.785766593344,2.4807161061848007
5.0,88.0,553.6558666149751,1298.2387389949954,1639.8681584768703,1117.1708540506309,10.765284510235965,8.295556693779822,10.929222853031439,13.42723646148088,201.01835149725363,204.31723544063223,8.204356475204053,1968.6958331585977,8124.119643498728,2.193580616847725,1,21226.191792395897,0.57839209514529,64.7429983987388,472.788769999942,0.9887640449438202,-8.17738634357238,-19.250755226764568,-24.131161368527046,-19.600203876515707,-0.8948548803708949,-0.6998559535427109,-0.9084821120516686,-1.0685090853171033,-15.671802090208303,-15.954565645128781,-0.8321123151195966,-12.208024268358713,-62.33053474517783,-0.1819713273532062,566.4378122648071,1325.9257358312732,1665.6797188849891,1138.282042656217,12.121030949598387,9.357681588949733,12.305615177257245,15.082499703827827,225.43412521455443,229.2136215973945,9.293886235547896,1983.874590055093,8216.107701814697,2.4689730027768144
5.0,89.0,555.2563229439265,1301.8128159897353,1649.759033532131,1120.167500036759,10.727362639589108,8.252463738494235,10.890723491968638,13.411597794230046,200.38900094363098,203.64402495246858,8.096004437045414,1979.8600423443258,8133.695490841938,2.202997922722927,0,22049.179195028115,0.6089894299492676,66.65791238754873,472.8456810357112,1.0,1.6004563289513953,3.574076994739926,9.890875055260722,2.9966459861282146,-0.037921870646856704,-0.04309295528558721,-0.03849936106280083,-0.01563866725083507,-0.6293505536226576,-0.6732104881636474,-0.10835203815863892,11.164209185728168,9.575847343210626,0.00941730587520162,564.5111320947392,1321.7316789899746,1662.6219745238384,1135.1702640072656,11.882875009736562,9.17128483128415,12.06383249719448,14.791700462036923,220.97361970907554,224.6634531556503,9.096979942016251,1982.42599449193,8201.846769114496,2.4198699492926115
6.0,1.0,577.1956538815741,1342.3044263592813,1637.9959644548542,1145.2381080966493,14.46900147622119,11.393322313540187,14.689341600224559,17.670154394002612,260.23370686509713,265.0056046472779,11.597686128123016,1924.539790448771,8278.599342674966,2.769021840303367,93,10726.35294117647,0.45777741638194636,54.6353055153196,501.0674486519958,0.010638297872340425,,,,,,,,,,,,,,,577.1956538815741,1342.3044263592813,1637.9959644548542,1145.2381080966493,14.46900147622119,11.393322313540187,14.689341600224559,17.670154394002612,260.23370686509713,265.0056046472779,11.597686128123016,1924.539790448771,8278.599342674966,2.769021840303367
6.0,2.0,576.2695901610203,1351.1062217011693,1667.426405251201,1137.02994698236,13.12093408845893,10.081307333225922,13.320745267470995,16.372260795016263,248.29567994219948,252.6385906172083,9.997396362259543,2004.4522243759407,8305.453807259693,2.717678620483728,92,16111.210733182163,0.5789676244251672,65.0187096267781,492.51932682033856,0.02127659574468085,-0.9260637205537705,8.80179534188801,29.43044079634683,-8.208161114289396,-1.34806738776226,-1.312014980314265,-1.3685963327535635,-1.2978935989863487,-11.938026922897649,-12.367014030069583,-1.6002897658634723,79.91243392716956,26.854464584726884,-0.05134321981963863,576.7326220212972,1346.7053240302253,1652.7111848530276,1141.1340275395046,13.79496778234006,10.737314823383056,14.005043433847778,17.021207594509438,254.26469340364832,258.82209763224307,10.79754124519128,1964.496007412356,8292.02657496733,2.7433502303935473
6.0,3.0,569.1550906765882,1330.3872280653793,1633.5835862242104,1118.901078430998,12.589105888812155,9.79883454053637,12.780818161230615,15.568497322504212,231.4554755355505,235.60613038095673,9.653178803561083,1966.8499111975818,8239.37015634935,2.4765137764206933,91,16912.399898887765,0.5726164290559063,61.99371317814286,488.9704014909272,0.031914893617021274,-7.1144994844321445,-20.718993635789957,-33.84281902699058,-18.128868551361847,-0.5318281996467746,-0.2824727926895516,-0.5399271062403805,-0.8037634725120508,-16.84020440664898,-17.03246023625158,-0.3442175586984604,-37.60231317835883,-66.08365091034284,-0.24116484406303496,574.2067782397276,1341.26595870861,1646.3353186434217,1133.7230445033358,13.393013817830758,10.42448806243416,13.596968342975389,16.536970837174362,246.66162078094905,251.0834418818143,10.416087097981213,1965.2806420074312,8274.474435428003,2.6544047457359294
6.0,4.0,570.9397996385363,1332.5219123841941,1632.5795248215345,1124.1071909711486,13.060026108630328,10.212754273059602,13.258909754954647,16.0828977857704,238.1581818992165,242.47677124984938,10.116848697806166,1956.5178998132762,8248.086795769637,2.5295187142200812,90,15069.622327600064,0.5375716842056727,59.24401935920171,492.41194984907156,0.0425531914893617,1.7847089619481267,2.134684318814834,-1.0040614026759158,5.206112540150571,0.4709202198181739,0.41391973252323133,0.47809159372403265,0.5144004632661865,6.702706363665982,6.87064086889265,0.46366989424508276,-10.332011384305588,8.71663942028681,0.053004937799387974,573.3900335894298,1339.0799471275059,1642.89637018795,1131.319081120289,13.30976689053065,10.37155461509052,13.512453695970205,16.42345257432337,244.5357610605159,248.93177422382308,10.341277497937451,1963.0899564588924,8267.877525513411,2.6231832378569675
6.0,5.0,574.3195917153857,1338.2673422473881,1635.2632783033898,1148.3403778068168,14.406619783800656,11.344695875571865,14.626009932792543,17.530017541004508,259.42512249166333,264.16058380862773,11.824013576444122,1913.756956102487,8265.32197340886,2.76084950947426,89,10238.965942028986,0.4082238206072994,54.06023629437322,498.78863465830614,0.05319148936170213,3.3797920768494123,5.745429863193976,2.6837534818553195,24.23318683566822,1.3465936751703271,1.1319416025122635,1.3671001778378962,1.4471197552341089,21.266940592446844,21.683812558778357,1.7071648786379559,-42.760943710789206,17.235177639222456,0.23133079525417877,573.575945214621,1338.9174261514825,1641.369751811038,1134.7233404575945,13.52913746918465,10.56618286718679,13.735164943334672,16.644765567659597,247.5136333467454,251.97753614078403,10.637824713638786,1953.2233563876114,8267.366415092501,2.6507164921804263
6.0,6.0,575.2074205768304,1347.5112297641338,1661.4772278947664,1138.121290636556,13.180790255194308,10.15609800324062,13.381512949435846,16.39152543741549,247.83941150500496,252.18285406099702,10.190142792596408,1988.154235791631,8292.412194149467,2.711692007028171,88,15672.866172359305,0.558047272720487,64.18976151547629,492.3474009237332,0.06382978723404255,0.8878288614446319,9.243887516745644,26.213949591376604,-10.219087170260764,-1.2258295286063472,-1.1885978723312451,-1.2444969833566972,-1.1384921035890194,-11.58571098665837,-11.977729747630718,-1.6338707838477138,74.39727968914394,27.090220740607037,-0.04915750244608885,573.8478577749892,1340.349726753591,1644.7209978249928,1135.2896654874214,13.47107960018626,10.497835389862429,13.676222944351535,16.60255887928558,247.56792970645532,252.01175579415283,10.563211060131723,1959.0451696216148,8271.540711601996,2.6608790779883833
6.0,7.0,578.6545697811274,1339.2569285302582,1628.0702644294927,1141.3371468648402,14.773968392749891,11.75712358363126,14.998952682994814,17.953909639206614,258.97296189776085,263.81344901337474,11.770795389234095,1908.909997872404,8267.162748068227,2.726974599474096,87,10434.37205004265,0.48111290466660017,52.78607869846495,504.17156849145033,0.07446808510638298,3.447149204297034,-8.254301233875594,-33.40696346527375,3.2158562282841103,1.593178137555583,1.6010255803906404,1.6174397335589674,1.5623842017911258,11.133550392755893,11.63059495237772,1.5806525966376874,-79.24423791922709,-25.249446081239512,0.01528259244592478,574.5345309187232,1340.1936127216863,1642.3423216256356,1136.1535913984812,13.657206570552493,10.677733703257974,13.865184335586289,16.79560898784573,249.19722001949896,253.6977119683274,10.735723107146347,1951.88300222887,8270.915288240029,2.670321295343485
6.0,8.0,573.3616205963865,1341.4714262411944,1649.6922510287434,1132.078044220711,13.169403575540302,10.22895738929511,13.369952868568834,16.296343148048233,243.59606319615702,247.94783023538093,10.18283695942594,1977.5216675619745,8275.366462827678,2.62006153501107,86,15240.859643887397,0.5467506944051159,61.734930514293225,492.5385750762383,0.0851063829787234,-5.292949184740905,2.214497710936257,21.621986599250704,-9.259102644129143,-1.6045648172095888,-1.5281661943361513,-1.6289998144259794,-1.6575664911583807,-15.376898701603835,-15.865618777993802,-1.5879584298081557,68.61166968957059,8.203714759451032,-0.10691306446302606,574.3879171284311,1340.3533394116248,1643.261062801024,1135.64414800126,13.59623119617597,10.621636664012618,13.803280402209106,16.733200757871042,248.49707541658123,252.9789767517091,10.666612338681297,1955.0878353955084,8271.471685063485,2.664038825301933
6.0,9.0,573.3639113775125,1341.463100906659,1649.7745819696106,1132.1425144365242,13.169416136204624,10.22895738929511,13.369965620512309,16.29648575579374,243.59170830745356,247.9427009437918,10.182812706203077,1977.5216677904093,8275.308647593549,2.620174836298921,85,15240.859643887397,0.5467506944051159,61.734930514293225,492.5385750762383,0.09574468085106383,0.002290781126021102,-0.008325334535356887,0.08233094086722303,0.06447021581311674,1.2560664321981108e-05,0.0,1.2751943474498262e-05,0.00014260774550578503,-0.004354888703460347,-0.0051292915891281154,-2.4253222862924417e-05,2.2843482838652562e-07,-0.05781523412952083,0.00011330128785091986,574.2741387116624,1340.4766462444065,1643.9847871530892,1135.2550776051783,13.548807300623599,10.57800563348845,13.755134315353907,16.68467686875134,247.95203462667814,252.41939055082943,10.612856823961494,1957.5804834393862,8271.898014233493,2.659165048746043
6.0,10.0,574.8659283402108,1340.4597073848665,1642.6813840754007,1133.3072479064663,13.600752440785008,10.642474191229898,13.807870498258891,16.742366978832596,247.73576118632204,252.22458651478036,10.568127731174025,1958.9535203945854,8273.459978631876,2.6450194924324966,84,13891.783425297113,0.532232071594011,58.98879425675437,496.0420131758154,0.10638297872340426,1.5020169626982351,-1.0033935217925318,-7.0931978942098795,1.1647334699421208,0.43133630458038397,0.41351680193478835,0.4379048777465826,0.4458812230388567,4.144052878868479,4.28188557098855,0.38531502497094827,-18.56814739582387,-1.8486689616729564,0.024844656133575782,574.3333176745173,1340.4749523584524,1643.8544468453206,1135.060294635307,13.554001814639738,10.584452489262594,13.760407933644405,16.690445879759466,247.93040728264253,252.3999101472245,10.608383914682747,1957.717787134906,8272.05421067333,2.6577504931146883
6.0,11.0,572.8232600740308,1343.0813246533844,1655.2357936913472,1128.6131091064885,12.824456657944065,9.900498338179329,13.019752952227478,15.950249135386208,240.39932110587344,244.65735237549234,9.760994968269543,1997.045816217582,8282.56560383088,2.593944663151825,83,16430.97856910921,0.5731153393968487,63.72613774095344,490.5317753148811,0.11702127659574468,-2.0426682661799305,2.6216172685178663,12.554409615946497,-4.694138799977736,-0.7762957828409434,-0.7419758530505689,-0.7881175460314136,-0.7921178434463876,-7.336440080448597,-7.5672341392880185,-0.807132762904482,38.09229582299645,9.105625199004862,-0.05107482928067153,573.8960782937629,1340.5526421878626,1645.5784297689697,1133.397794736291,13.389547332812025,10.435170091726508,13.593449068844697,16.518455353897828,245.94696870672016,250.36508492004594,10.4247147986974,1964.968389711787,8272.450836788923,2.640242775399534
6.0,12.0,564.9923783403057,1330.8011064546079,1646.2792003022448,1117.6180178303753,11.84063953505502,9.077294302395007,12.020953842695453,14.780608340227252,225.489673342062,229.4141565765792,9.03124201410667,2001.4118319415531,8241.536860538336,2.4414588098534704,82,18826.605441553682,0.5776019266708599,66.36396221994,481.9466026036073,0.1276595744680851,-7.830881733725164,-12.280218198776538,-8.956593389102409,-10.995091276113271,-0.9838171228890449,-0.8232040357843218,-0.9987991095320243,-1.1696407951589567,-14.90964776381145,-15.243195798913149,-0.7297529541628727,4.366015723971259,-41.02874329254519,-0.15248585329835462,572.7683571116914,1338.5221306632066,1643.463709274074,1131.4566018210926,13.261517877471636,10.334768788643418,13.463469926367145,16.359290108418925,243.6663680467064,248.042641515983,10.328099363882114,1964.6643504683484,8266.059142116786,2.6126207943365083
6.0,13.0,570.5329431962936,1338.8267169411017,1650.0994383260875,1130.9645733999444,12.853120589931104,9.935799766022717,13.048853390792999,15.939664187102732,240.90512014058962,245.1590191772718,9.98400328578657,1983.6108857539632,8266.942016052944,2.6023231972439422,81,15677.925952128287,0.533868288100574,62.729976441975175,489.3821091896856,0.13829787234042554,5.5405648559878955,8.02561048649386,3.8202380238426485,13.346555569569091,1.0124810548760834,0.8585054636277096,1.0278995480975457,1.1590558468754804,15.415446798527626,15.744862600692613,0.9527612716799005,-17.800946187589943,25.40515551460885,0.16086438739047182,572.906142363662,1339.366079550779,1645.1152944842615,1132.662951317987,13.28791934758353,10.348465311192053,13.490273449323382,16.39640679487878,244.6113325072103,248.99793039561456,10.361181812104661,1966.3404479239864,8268.816328087147,2.625201736418833
6.0,14.0,570.5877658307671,1332.8924723360235,1634.9683996178974,1128.2255045343138,13.065086747203566,10.198941387531494,13.264047459089916,16.085259991500443,238.98142282886135,243.28975316510648,10.239047044288622,1953.099724746512,8247.543608523265,2.5480272158392374,80,14811.666432151966,0.5172050146951324,59.393612941728186,491.8014066687696,0.14893617021276595,0.05482263447356672,-5.93424460507822,-15.13103870819009,-2.739068865630543,0.21196615727246204,0.26314162150877785,0.2151940682969169,0.14559580439771125,-1.9236973117282616,-1.8692660121653262,0.2550437585020511,-30.511161007451165,-19.39840752967939,-0.05429598140470482,572.870938982885,1339.4031355459617,1645.354181963898,1133.0747826743036,13.288425411440855,10.34708402263924,13.490787219736907,16.39664301545178,244.6936566001748,249.07922858714028,10.373401646752907,1965.99863041731,8268.762009362508,2.6270525865807492
6.0,15.0,577.215848380685,1342.2259702622885,1638.78465996452,1145.8637857794042,14.469111275802456,11.393322313540187,14.689453071880667,17.671532738137923,260.1892261679595,264.9530925016415,11.597455019490615,1924.5397939188592,8278.044769860006,2.7701904207872428,79,10726.35294117647,0.45777741638194636,54.6353055153196,501.0674486519958,0.1595744680851064,6.628082549917849,9.333497926264954,3.8162603466225846,17.63828124509041,1.4040245285988906,1.1943809260086926,1.425405612790751,1.58627274663748,21.20780333909812,21.663339336535017,1.3584079752019935,-28.559930827652806,30.50116133674055,0.22216320494800534,573.160564649415,1339.7989983474517,1645.706320130011,1132.8271234715623,13.294674560641033,10.351946666436072,13.49713153364572,16.41079453516512,244.77006696780444,249.15847945644163,10.350745791057557,1967.0769141989472,8270.034289007624,2.6279866777120473
6.0,16.0,569.0551317118502,1326.304489276566,1623.6479613490358,1122.6631451325547,13.009685269690058,10.209027485218721,13.207802304253866,15.978356792925474,235.2389192367123,239.5098267122831,10.174166387843377,1938.5534370591329,8224.417015442028,2.497363372837973,78,15024.463460475401,0.5268801399098371,58.18829083102656,491.62665232678637,0.1702127659574468,-8.160716668834766,-15.921480985722383,-15.136698615484192,-23.20064064684948,-1.4594260061123983,-1.184294828321466,-1.4816507676268014,-1.6931759452124489,-24.950306931247184,-25.443265789358406,-1.4232886316472388,14.013643140273643,-53.627754417977485,-0.2728270479492698,572.5453357629169,1337.678324298695,1641.9233934754382,1131.2813089211622,13.27756406209061,10.357239614633883,13.479760469127523,16.369477670716122,243.51001774097517,247.89117672157022,10.349148150582254,1962.1168343256977,8263.23477113688,2.6065538142930276
6.0,17.0,566.971570874852,1333.6695480347844,1648.831565967463,1119.1403437702318,11.999193260140295,9.219704359808853,12.181922091512991,14.966765451682264,226.88587641221596,230.85706023374317,9.110020314756971,2002.1503052487344,8250.609800116958,2.4518211767240192,77,18696.41379600775,0.5899391849255046,66.17879324281446,483.7546275090228,0.18085106382978725,-2.083560836998231,7.365058758218311,25.183604618427125,-3.52280136232298,-1.010492009549763,-0.989323125409868,-1.0258802127408746,-1.0115913412432107,-8.353042824496328,-8.652766478539917,-1.0641460730864054,63.59686818960154,26.1927846749295,-0.045542196113953715,571.3770358722893,1337.1195862491477,1643.999523629235,1129.0616286117015,13.000086548829652,10.103497692251642,13.198057409979342,16.070763251963687,240.30130919242066,244.59553784360705,10.08307064313454,1971.4408650633309,8261.579476341753,2.5790384720180195
6.0,18.0,577.7828610502387,1350.3419023584433,1660.9698213874976,1147.2432031550857,13.92300074124301,10.821722491872245,14.135026133241634,17.183113484118806,257.290376128067,261.86514150182586,10.986611441180246,1969.4850626415007,8301.248776506734,2.795479053944371,76,13363.6943778601,0.5127414963712461,60.93600915932506,496.873241619215,0.19148936170212766,10.811290175386716,16.672354323658965,12.138255420034739,28.1028593848539,1.923807481102715,1.6020181320633924,1.9531040417286434,2.2163480324365423,30.404499715851045,31.00808126808269,1.8765911264232749,-32.66524260723372,50.63897638977687,0.3436578772203518,571.8191599176746,1338.0066338608726,1645.1272806651104,1130.5781445051389,13.075446265399922,10.162774202509356,13.27456473644662,16.159440285570746,241.6707404856117,245.98726897025153,10.16344809130997,1970.6372045712833,8264.167707709657,2.5965802239113502
6.0,19.0,575.9476053704409,1343.3979388791076,1647.7605402128254,1137.081841933396,13.743100942562505,10.745343906812352,13.952386743718277,16.926503328990496,250.68478168964307,255.21398767598487,10.715959426604371,1962.5160573343362,8281.577878475922,2.686367858087341,75,13713.025502008031,0.5294830343944121,59.43634449909012,496.5629400138749,0.20212765957446807,-1.8352556797977968,-6.943963479335707,-13.209281174672242,-10.16136122168973,-0.17989979868050554,-0.07637858505989392,-0.18263938952335756,-0.2566101551283104,-6.605594438423935,-6.651153825840993,-0.27065201457587484,-6.96900530716448,-19.670898030812168,-0.10911119585703011,572.0775293169675,1338.2001176581173,1644.9258764894319,1131.0720772548261,13.13281474603571,10.21441285426108,13.332806848767216,16.22244204289042,242.38004782383064,246.71439764347087,10.2167627633501,1969.1366435256762,8264.794630797895,2.603199526090192
6.0,20.0,572.1086428616582,1337.8034661599675,1643.5311119144378,1136.4784985151064,13.428480895250997,10.476021433250205,13.632975528173603,16.5259655444527,246.42616397071393,250.84107558003214,10.642415605276291,1955.6783672730667,8261.853719445427,2.6485683492096666,74,14007.976530288614,0.5024640320603623,60.0488835746232,492.8460151805969,0.2127659574468085,-3.8389625087827426,-5.594472719140185,-4.229428298387575,-0.603343418289569,-0.3146200473115073,-0.26932247356214667,-0.3194112155446742,-0.4005377845377964,-4.258617718929145,-4.372912095952728,-0.07354382132808013,-6.837690061269541,-19.724159030494775,-0.03779950887767436,571.8018007691122,1337.9344935356276,1645.0108492733357,1131.38920231569,13.115587591482306,10.197767578463111,13.315317351758688,16.200801899452433,242.2490881022698,246.57604654999605,10.224191550760327,1968.809128213524,8263.63400487925,2.6035544117679086
6.0,21.0,572.1105717105683,1337.7968742851235,1643.601898861983,1136.5342689418144,13.4284910268229,10.476021433250205,13.6329858140334,16.526087691581946,246.4223853927271,250.83662884958406,10.642395448241304,1955.6783664342584,8261.804336072388,2.6486677719023994,73,14007.976530288614,0.5024640320603623,60.0488835746232,492.8460151805969,0.22340425531914893,0.0019288489100972583,-0.00659187484393442,0.07078694754522985,0.05577042670802257,1.0131571903215786e-05,0.0,1.0285859797676267e-05,0.00012214712924674132,-0.003778577986821574,-0.004446730448080416,-2.0157034986922895e-05,-8.388083188037854e-07,-0.04938337303974549,9.942269273288673e-05,571.7305319327659,1337.4060484988013,1643.8474597903992,1132.1813182992225,13.175991028370191,10.255319887970199,13.37664063793928,16.258385755072005,242.85139453095516,247.19397419740523,10.312331598757504,1964.6723832351915,8261.557878103402,2.6090267226429664
6.0,22.0,570.4069607417478,1333.7592546605015,1638.4827738680835,1125.8451464262623,12.871338970195328,10.012377015607239,13.067349208320131,15.903691364219291,237.32849013011057,241.57884904615233,9.96915183442545,1965.0168584624596,8251.489035562156,2.540119899687061,72,15585.394239674013,0.5397253134906304,60.92251001602854,490.66146421692065,0.23404255319148937,-1.7036109688204988,-4.037619624622039,-5.119124993899504,-10.689122515552071,-0.5571520566275723,-0.46364441764296593,-0.5656366057132693,-0.6223963273626545,-9.093895262616542,-9.257779803431731,-0.6732436138158544,9.338492028201244,-10.315300510232191,-0.10854787221533835,572.2719901729103,1337.7018633193907,1643.067817146983,1133.0040311588114,13.279060971884224,10.348828159291422,13.481280174501748,16.370694057471205,244.03527620976007,248.41044344436256,10.406122580789383,1961.0328858872824,8262.553095605783,2.6188928316263254
6.0,23.0,577.7799677812006,1350.3511247372646,1660.8628010455068,1147.15441007544,13.922984997304692,10.821722491872245,14.13501014954791,17.182924208398532,257.29593062911414,261.87173702669446,10.986638051465945,1969.4848685606905,8301.320856424063,2.7953218888000655,71,13363.6943778601,0.5127414963712461,60.93600915932506,496.873241619215,0.24468085106382978,7.373007039452887,16.591870076763144,22.380027177423244,21.309263649177637,1.0516460271093635,0.8093454762650065,1.0676609412277784,1.2792328441792407,19.967440499003573,20.292887980542133,1.0174862170404957,4.468010098230934,49.831820861907545,0.2552019891130044,572.9966926314008,1338.854304099007,1644.1441534189248,1134.623014826361,13.386047412621583,10.437420431876374,13.589895850377241,16.495020059600787,245.6743572586125,250.0817152293048,10.50638605735732,1959.620284167955,8265.990979642895,2.6381927007819375
6.0,24.0,565.0092271884562,1330.7397731720312,1646.8527898301854,1118.0441201659041,11.840725310031635,9.077294302395007,12.021040923889986,14.78157912982725,225.46047641143696,229.3799931914468,9.031074124918582,2001.4111549773156,8241.125437920366,2.442184959402604,70,18826.605441553682,0.5776019266708599,66.36396221994,481.9466026036073,0.2553191489361702,-12.77074059274446,-19.611351565233463,-14.010011215321356,-29.110289909535823,-2.0822596872730568,-1.7444281894772384,-2.1139692256579234,-2.401345078571282,-31.83545421767718,-32.49174383524766,-1.955563926547363,31.92628641662509,-60.19541850369751,-0.35313692939746133,572.4388387671697,1338.6390341826077,1645.3325924401538,1133.60487638952,13.263611268904388,10.325255723362726,13.465595196857247,16.364651973433467,244.32226261687006,248.69073923193884,10.385588765420316,1964.4514271910352,8265.349162582605,2.627608475138274
6.0,25.0,564.4368038209972,1325.3295044690483,1634.1431951476934,1111.7412837688398,11.89189672372508,9.185447525378656,12.072991597690438,14.784655083974789,222.58983102587678,226.5229828824625,9.039180557169253,1985.5954798329967,8223.583406033036,2.387413355424796,69,18770.44378471557,0.5854519666656866,64.36790120603938,483.0064793140215,0.26595744680851063,-0.5724233674590096,-5.410268702982876,-12.709594682492025,-6.302836397064311,0.0511714136934458,0.10815322298364904,0.0519506738004516,0.0030759541475386953,-2.870645385560181,-2.8570103089843144,0.008106432250670537,-15.815675144318902,-17.542031887329358,-0.054771603977808336,571.160934311201,1336.9493876032839,1644.868445958471,1130.1926261884632,13.005889813696651,10.104468244546572,13.203949049438222,16.075964208017155,240.56232310266176,244.8477282700209,10.129761319188178,1970.5569957824493,8259.903026199907,2.5893307686020295
6.0,26.0,574.8855866336415,1332.614780907367,1622.360151240572,1134.479746860555,14.154419141321423,11.231774158692987,14.369968671392309,17.2337960836828,249.62410633174397,254.2622750936079,11.252393327718533,1910.8242915657145,8245.597722171566,2.6257011522152607,68,11694.49915448125,0.4851132689406477,53.65190065828447,500.09571520803365,0.2765957446808511,10.448782812644367,7.2852764383187605,-11.78304390712151,22.738463091715175,2.262522417596342,2.0463266333143313,2.2969770737018713,2.4491409997080122,27.034275305867197,27.739292211145425,2.21321277054928,-74.77118826728224,22.014316138529466,0.23828779679046486,571.7439798033802,1337.580416766364,1644.7396649476245,1131.3742863612636,13.120363200859789,10.206742911894,13.32016568615207,16.201508137092887,242.00084181216494,246.32297310815338,10.237584013175695,1967.7840812331074,8262.02109687286,2.6021645465397585
6.0,27.0,567.2793301376088,1333.1298919669778,1645.900694697593,1119.5974416486617,12.16708205032386,9.376872604699988,12.352367563780568,15.134010571897369,228.55347194895344,232.5827960582192,9.290238231881151,1995.0798511958833,8249.22268152024,2.4606049060762887,67,18237.400162667753,0.5809116200612492,65.05716449804257,484.7924593329879,0.2872340425531915,-7.606256496032756,0.5151110596107173,23.54054345702116,-14.882305211893254,-1.9873370909975634,-1.854901553992999,-2.017601107611741,-2.0997855117854325,-21.07063438279053,-21.67947903538871,-1.9621550958373817,84.25555963016882,3.6249593486736558,-0.165096246138972,571.7747557296559,1337.526451159583,1644.4465778206377,1131.4199961491065,13.137152079878144,10.222459736383113,13.337210233378826,16.218232649114398,242.16760136583872,246.49554669060097,10.255605804888113,1967.0770358278219,8261.882385013188,2.6030429194749853
6.0,28.0,570.5513762952949,1338.7599308087836,1650.7538890293656,1131.4765599367888,12.853217604530197,9.935799766022717,13.048951882771775,15.940805711486409,240.8704433724562,245.11830725175707,9.983811190435386,1983.610888705555,8266.478971788503,2.6032149428046005,66,15677.925952128287,0.533868288100574,62.729976441975175,489.3821091896856,0.2978723404255319,3.272046157686077,5.630038841805799,4.853194331772556,11.879118288127074,0.6861355542063379,0.5589271613227282,0.6965843189912064,0.80679513958904,12.316971423502764,12.535511193537872,0.6935729585542347,-11.468962490328295,17.25629026826391,0.14261003672831185,571.0516072541615,1336.3682540046173,1643.4249845848244,1129.8433318272769,13.030173766206861,10.13386746379816,13.22860280833184,16.094001871851155,240.52560809027764,244.8208632655941,10.155325779813626,1968.4896184342276,8258.405404541367,2.583816508361008
6.0,29.0,562.6538118106217,1319.4848203304584,1626.2576672666273,1104.0271996236104,11.53805504704385,8.908058528749482,11.713761469080051,14.368090192954726,215.76312923676403,219.56850919851996,8.662124885179626,1981.161819464853,8204.260910613319,2.313913326575883,65,19956.12215580409,0.6121729938848526,64.6846246792918,481.2963250711895,0.30851063829787234,-7.897564484673126,-19.275110478325132,-24.496221762738287,-27.44936031317843,-1.3151625574863477,-1.0277412372732346,-1.3351904136917234,-1.5727155185316821,-25.107314135692178,-25.54979805323711,-1.32168630525576,-2.4490692407021015,-62.21806117518463,-0.2893016162287174,569.7222278981795,1333.9769421497524,1641.2746972902048,1126.5378675962984,12.809669176654996,9.950138925991874,13.004740280868017,15.83816055824758,237.0334428449897,241.25631541784765,9.949942325671152,1970.3541946472792,8250.673707755106,2.5465710552098626
6.0,30.0,569.4411517920181,1332.0750948251753,1637.2644274217773,1120.5363469503607,12.645788641225696,9.833391433935951,12.838364102767203,15.648561842344778,233.30784271124207,237.4891701344092,9.675630310608698,1973.9223969268514,8246.389157793908,2.490828068253536,64,16530.61017398216,0.5646969206729227,61.52944224333264,489.38733481348766,0.3191489361702128,6.7873399813963715,12.590274494716823,11.006760155150005,16.50914732675028,1.1077335941818465,0.9253329051864689,1.124602633687152,1.2804716493900514,17.544713474478044,17.92066093588923,1.0135054254290718,-7.239422538001463,42.128247180589824,0.1769147416776531,569.4554787912155,1333.404105016273,1640.6480288409389,1124.9436524398238,12.731399951252467,9.885875926060447,12.925279138327378,15.750420188036788,235.72161071904253,239.92112487328532,9.853263796204391,1972.178597612658,8249.127251589955,2.5307970271142497
6.0,31.0,571.6560982388735,1334.904491475387,1638.3135375012544,1132.6961163080239,13.287223426872176,10.356957851801372,13.489566930834696,16.37470446777939,244.1368900095862,248.51068364755747,10.422039781488587,1950.2691122739081,8253.011279704777,2.619824827476866,63,14144.74127989413,0.509033445534031,58.95714180698715,493.08557018923756,0.32978723404255317,2.214946446855379,2.82939665021172,1.0491100794770318,12.159769357663208,0.6414347856464797,0.5235664178654211,0.6512028280674933,0.7261426254346137,10.829047298344136,11.021513513148278,0.7464094708798896,-23.653284652943285,6.622121910868373,0.12899675922332987,569.410031444046,1333.1148667352995,1640.1191927048658,1124.5598371764447,12.717273191257394,9.873969567915564,12.910937250007507,15.735281865656532,235.4930611807284,239.68853035308265,9.83122822952912,1971.637672196623,8248.247945953193,2.5279127326716964
6.0,32.0,570.5241680220286,1334.3088666347319,1642.206573860173,1126.7535363734148,12.787887201112476,9.921082910712062,12.98262660011419,15.84637841548981,237.102933210081,241.30154791627953,9.860915431449992,1969.5081579657017,8249.314150729355,2.5617379192761875,62,16256.185303107488,0.5584078370040767,62.13186051878345,489.9054994789956,0.3404255319148936,-1.1319302168449212,-0.5956248406550912,3.893036358918607,-5.942579934609057,-0.49933622575970027,-0.4358749410893097,-0.5069403307205071,-0.5283260522895823,-7.033956799505205,-7.209135731277939,-0.561124350038595,19.239045691793535,-3.697128975421947,-0.05808690820067852,569.4217521720741,1333.1698279327225,1640.4915727040748,1124.6506761711598,12.708928014349109,9.864840157426048,12.902464989186914,15.729550570783584,235.47050548872548,239.6608002400954,9.820404589231575,1972.0868021469469,8248.030457469915,2.5300745346306086
6.0,33.0,568.659292871889,1322.806315198655,1616.113682620169,1121.1370778627552,13.085356591219439,10.30968472965856,13.284625980933441,16.036926687745378,234.8081598374756,239.09469567038084,10.245485832782673,1924.5523480409083,8212.518498894038,2.484944909916239,61,14564.656781151096,0.5209704427922572,56.863830172908,492.47761265282736,0.35106382978723405,-1.8648751501395964,-11.502551436076828,-26.092891240004064,-5.6164585106596405,0.29746939010696316,0.3886018189464977,0.30199938081925204,0.19054827225556892,-2.294773372605391,-2.2068522458986877,0.38457040133268094,-44.95580992479336,-36.795651835316676,-0.0767930093599487,568.509684681143,1330.4153469788614,1636.0166608615411,1122.0489429498916,12.625165173740584,9.813636381204677,12.817426572325465,15.61495081871827,233.22172840956165,237.38309610446404,9.74628936736325,1967.5935500949686,8239.15022171691,2.4990368367422264
6.0,34.0,573.5531058680943,1336.7156969294201,1639.6451290843847,1133.1413644529318,13.43696148213241,10.514930695654035,13.641585261048132,16.546575139380217,244.44925893524047,248.84709180932717,10.484563137928797,1950.784304880951,8256.51688798202,2.6229242718419186,60,14267.166132135984,0.531967890178492,59.17169680690216,494.7914922412333,0.3617021276595745,4.893812996205384,13.909381730765062,23.531446464215833,12.004286590176662,0.35160489091297187,0.2052459659954753,0.35695928011469036,0.5096484516348383,9.641099097764851,9.752396138946324,0.23907730514612346,26.231956840042585,43.998389087981195,0.13797936192567972,569.3640725491067,1331.0129393546006,1635.2958947869608,1123.5586673785942,12.78478879095066,9.957400020530581,12.97948100604128,15.791450419673566,235.12060666194196,239.32980596625208,9.89163826866427,1962.5308650853324,8240.689366723076,2.517110767986158
6.0,35.0,566.9224839483525,1327.9208880463918,1634.4351800239583,1117.1446181900596,12.259319368610953,9.503905268331597,12.446009511280156,15.201754009049347,227.6222499222535,231.66834612454926,9.37950890383293,1974.13666074759,8232.267516782242,2.436856579865834,59,17359.36449287236,0.566480543456487,62.628601768496154,486.43042819096837,0.3723404255319149,-6.630621919741884,-8.794808883028281,-5.209949060426425,-15.996746262872193,-1.1776421135214576,-1.0110254273224388,-1.1955757497679755,-1.3448211303308693,-16.827009012986963,-17.17874568477791,-1.1050542340958671,23.352355866639073,-24.24937119977767,-0.18606769197608442,569.6126405618422,1331.2720777123347,1635.3250932745873,1124.0990008207161,12.821531055439248,9.989245794825877,13.01678279740025,15.833160312181025,235.62384855157967,239.8443422904608,9.925671103330638,1961.3849831767916,8241.557777797996,2.5220550904302614
6.0,36.0,577.7645209643534,1341.593264139735,1636.8587278354696,1152.70431879868,14.869129020302319,11.752830030373712,15.095562457159714,18.069067666359302,264.99302886936715,269.8589983990032,12.147467712996573,1905.4791050574138,8275.07761364114,2.8180702619134324,58,9283.24805383296,0.4138972954088504,52.58394053794256,502.92287693500697,0.3829787234042553,10.842037016000972,13.672376093343246,2.4235478115112983,35.55970060862046,2.609809651691366,2.2489247620421153,2.6495529458795577,2.867313657309955,37.37077894711365,38.19065227445395,2.767958809163643,-68.6575556901762,42.81009685889876,0.3812136820475982,569.9005339949134,1332.1699260355715,1636.7749509340772,1125.9214580145288,12.893002043337338,10.041351381993946,13.089342175976991,15.91668747044867,237.160740805342,241.4040146210003,10.015178541858441,1960.8504645259613,8244.505766944954,2.5412920014000786
6.0,37.0,573.3918670183625,1341.3618613709898,1650.7799822798002,1132.9298212963845,13.169569499423089,10.22895738929511,13.37012131921126,16.298224356569147,243.53852032795385,247.88007359994447,10.182515936727562,1977.5216710166983,8274.603423092789,2.6215580829194995,57,15240.859643887397,0.5467506944051159,61.734930514293225,492.5385750762383,0.39361702127659576,-4.372653945990919,-0.23140276874528354,13.921254444330543,-19.774497502295617,-1.6995595208792302,-1.5238726410786025,-1.7254411379484544,-1.7708433097901555,-21.454508541413304,-21.978924799058746,-1.964951776269011,72.0425659592845,-0.47419054835154384,-0.1965121789939328,570.5117876829888,1332.9931229759727,1637.2628796922977,1127.254695979301,12.993250788247261,10.12655986045346,13.191117551520062,16.03310884891585,238.659245643242,242.9337423751728,10.104406312343084,1959.0946465080433,8247.043841102208,2.5573873190843996
6.0,38.0,575.8709672462131,1349.3995543528952,1664.369213239333,1139.019382471156,13.311246736325547,10.288529132922232,13.513956077487865,16.518378780708012,248.6798205396479,253.07846177913788,10.267713616579366,1994.6352108529154,8301.869949857817,2.6951091718944578,56,15227.911129229515,0.5532801338696947,63.36641412553038,493.395653578936,0.40425531914893614,2.4791002278506085,8.037692981905366,13.58923095953287,6.089561174771461,0.14167723690245815,0.059571743627122586,0.14383475827660597,0.22015442413886532,5.141300211694045,5.198388179193415,0.08519767985180415,17.113539836217114,27.266526765028175,0.07355108897495821,571.0437467780806,1334.0570853303839,1638.6244121132945,1128.0089782327375,13.039053701426795,10.161832797143411,13.23761797099167,16.09086615583801,239.44018335996117,243.7297578279109,10.13279655495748,1960.197078722779,8250.582938909141,2.5665767419933854
6.0,39.0,579.0729641650852,1344.6217614925206,1642.8207176119408,1148.3245960367349,14.641588758699955,11.533340585885147,14.864557115431426,17.901643504321086,262.9311455031418,267.7256249475456,11.670712652734787,1926.0833949549944,8284.43466058778,2.8138074188059816,55,10614.755131660791,0.47366112697403784,55.005982301899095,502.6390386705609,0.4148936170212766,3.201996918872055,-4.777792860374575,-21.548495627392185,9.305213565578924,1.330342022374408,1.2448114529629155,1.3506010379435605,1.383264723613074,14.251324963493914,14.64716316840773,1.4029990361554212,-68.55181589792096,-17.435289270037174,0.11869824691152386,572.685662013527,1336.5707794465902,1640.280717147826,1132.43871787405,13.349407072592404,10.424361002856978,13.552697535626809,16.444221486974648,244.15698498659896,248.54546940281347,10.433655331712997,1954.689236271793,8258.600313906587,2.6165661512163956
6.0,40.0,571.4908547669239,1334.0958673522925,1637.9225430074375,1129.8218345738464,13.156583536052466,10.275238038707643,13.356937600053264,16.21397528223902,240.45401894473505,244.77377559147948,10.25880110454373,1954.7339567313086,8249.770858334825,2.5730719808621214,54,14822.97326901819,0.5307563072370531,59.67431496390265,492.5275687612661,0.425531914893617,-7.582109398161265,-10.525894140228047,-4.8981746045033105,-18.50276146288843,-1.485005222647489,-1.2581025471775042,-1.5076195153781615,-1.687668222082067,-22.477126558406752,-22.951849356066134,-1.411911548191057,28.650561776314134,-34.663802252955065,-0.2407354379438602,572.8906323110175,1336.772856699302,1640.3465287063923,1133.3672666363987,13.400486562075082,10.468545663334147,13.604554885355416,16.50076283096407,244.8716026099483,249.27392994852053,10.4919724111065,1952.770392252239,8258.938483960677,2.6247905424772537
6.0,41.0,570.5365090553445,1334.2646647262575,1642.6360242961146,1127.12726946906,12.787959975107233,9.921082910712062,12.98270048234237,15.847134088036071,237.08019984461913,241.2748539178958,9.860769908752546,1969.508945463659,8249.010042185591,2.5623061938621907,53,16256.185303107488,0.5584078370040767,62.13186051878345,489.9054994789956,0.43617021276595747,-0.9543457115794354,0.1687973739649351,4.7134812886770305,-2.694565104786534,-0.36862356094523285,-0.3541551279955808,-0.3742371177108943,-0.3668411942029479,-3.3738191001159237,-3.4989216735836806,-0.39803119579118373,14.774988732350494,-0.7608161492335057,-0.010765786999930693,572.7786733926648,1336.7088740243892,1640.7787773858781,1132.8103819525024,13.35056021689859,10.424958169225217,13.553868240506182,16.44800579298974,244.16593359345157,248.55034697555433,10.435845423832896,1954.694375571214,8258.538360208759,2.6190386791157865
6.0,42.0,577.6106058349741,1334.6210186240787,1621.4388415612366,1144.16509622504,14.844521326392812,11.840807689407201,15.070580026794731,17.980947488596314,258.44729417766956,263.27385340600273,12.000125005250904,1886.1237919303612,8249.61500822745,2.7210258823498474,52,9628.145180619757,0.44699135033658993,50.96542586130836,504.4736186128499,0.44680851063829785,7.074096779629599,0.3563538978212364,-21.19718273487797,17.037826755980177,2.0565613512855787,1.919724778695139,2.0878795444523615,2.1338134005602427,21.36709433305043,21.998999488106932,2.139355096498358,-83.38515353329785,0.6049660418593703,0.15871968848765672,573.4873171739594,1336.7400892233238,1638.7020041559845,1134.5515379376648,13.556223629426622,10.61693064709473,13.762663583174236,16.661462700300387,246.3003696902104,250.74757752452666,10.649766381212988,1946.35593896768,8258.568445958568,2.634967475423152
6.0,43.0,573.4829638502068,1321.633539460933,1601.27017834471,1131.3462356837051,14.347551638776999,11.496248636107829,14.566042272870048,17.356682654956224,247.09145281214168,251.73948635711253,11.510177145031951,1866.4049218098774,8206.249756841758,2.5816130457165833,51,10618.952533333333,0.46598783393965826,49.79481731736926,502.0853051793452,0.4574468085106383,-4.127641984767251,-12.987479163145736,-20.16866321652651,-12.81886054133497,-0.49696968761581317,-0.3445590532993723,-0.5045377539246836,-0.6242648336400904,-11.35584136552788,-11.534367048890203,-0.48994786021895287,-19.71887012048387,-43.36525138569232,-0.1394128366332641,573.969684271791,1336.6228116495515,1637.2176537284386,1135.5724537197598,13.682443134182378,10.735587037739657,13.890805212367898,16.793438297021474,247.528698987677,252.01205659319982,10.776235512437916,1940.5411963445772,8257.941571753341,2.6446342890031866
6.0,44.0,574.1722519774221,1346.2504174371868,1661.6760108741591,1137.4135347735917,13.163540849767,10.17489524886467,13.364000862707615,16.33535512022693,246.0788886765762,250.42077432679915,10.167775426648658,1992.6871430641413,8290.489032335741,2.66545151855751,50,15425.434317772839,0.5492409709787778,63.24117600699513,492.0002705251416,0.46808510638297873,0.6892881272152636,24.616877976253818,60.40583252944907,6.067299089886546,-1.1840107890099993,-1.3213533872431587,-1.2020414101624333,-1.021327534729295,-1.0125641355654693,-1.3187120303133781,-1.342401718383293,126.28222125426396,84.23927549398286,0.08383847284092649,574.0315988827238,1337.576283700328,1639.420741907416,1135.999670751826,13.655101070945838,10.70158349306072,13.863046772533844,16.772316295106144,247.69166196181058,252.16942484494703,10.744556741309902,1944.7314801628959,8261.338786188713,2.648887013674746
6.0,45.0,570.4264705329568,1334.4891377408971,1643.0173740842883,1125.440626299437,12.738512491026595,9.886539372000477,12.932499990889946,15.786733935271156,236.06031980360902,240.25406676976604,9.770116748607073,1975.1562728683978,8252.793020639236,2.537154817276621,49,16219.61697574893,0.5594280427327486,61.92912591701374,489.9185950363904,0.4787234042553192,-3.7457814444652513,-11.761279696289648,-18.658636789870798,-11.972908474154565,-0.4250283587404038,-0.28835587686419295,-0.4315008718176685,-0.5486211849557723,-10.018568872967194,-10.166707557033106,-0.3976586780415854,-17.530870195743546,-37.69601169650559,-0.12829670128088866,574.3819975411842,1338.2331086697786,1640.278961313449,1136.8292715627636,13.703020383187402,10.739846903427608,13.911695820494824,16.830814287728323,248.53546894994616,253.02799690946867,10.783617525787315,1944.8334413749767,8263.391336574412,2.6589168374158247
6.0,46.0,567.873589769501,1321.653220690223,1617.2554683807848,1118.0803064909705,12.849684402308055,10.118133033919197,13.04536487543965,15.762170340934775,230.4971919359092,234.69822500353007,9.985511121241174,1932.2869222746253,8210.045436617209,2.4339042163622424,48,15342.735664492917,0.53787108879492,57.70971585971361,491.177106140336,0.48936170212765956,-2.552880763455846,-12.835917050674198,-25.761905703503544,-7.360319808466556,0.11117191128145976,0.2315936619187191,0.11286488454970467,-0.024563594336381556,-5.563127867699819,-5.555841766235972,0.21539437263410122,-42.869350593772424,-42.747584022026786,-0.10325060091437877,573.3929044216991,1336.2391043248276,1638.3186353679805,1133.3668703319925,13.501075921387976,10.576377203782156,13.706676062322817,16.60012455518587,245.08588525660033,249.5119195699214,10.567421866611776,1947.514223096698,8256.88811887202,2.6205002328607057
6.0,47.0,570.1220623218181,1326.9111635206084,1624.9920232502707,1132.3592891125375,13.446060739771585,10.55810181955574,13.650823086062521,16.462489390918343,242.68322237763766,247.05843742470447,10.769504118022017,1918.6893666229469,8223.83045363435,2.5988518039792345,47,13567.172424722663,0.4825521335265527,56.82002586409081,493.4252908935002,0.5,2.248472552317139,5.257942830385446,7.736554869485872,14.278982621566911,0.5963763374635302,0.43996878563654285,0.6054582106228708,0.7003190499835679,12.186030441728462,12.360212421174396,0.7839929967808423,-13.597555651678476,13.78501701714049,0.16494758761699213,573.0659239520445,1334.7940345397894,1635.7398394650274,1133.3098171136078,13.528725045422826,10.60929164680822,13.734746239007944,16.616551058620793,245.00035546156874,249.42975595239736,10.62612068474122,1941.6309926573226,8251.810821926176,2.6182296049666793
6.0,48.0,554.638261212259,1295.2886135209874,1586.4858862074561,1108.555107438413,11.870627403788744,9.314532675167905,12.051398379480958,14.505018465108623,215.35867153742515,219.20593597484012,9.64997493536049,1884.6516809397297,8120.167097678958,2.2832178589012813,46,15877.587077608616,0.4438755078132177,56.171598328209015,480.7172438734641,0.5106382978723404,-15.483801109559181,-31.622549999621015,-38.506137042814544,-23.804181674124493,-1.5754333359828419,-1.243569144387834,-1.5994247065815639,-1.9574709258097194,-27.32455084021251,-27.85250144986435,-1.1195291826615268,-34.037685683217205,-103.66335595539113,-0.3156339450779533,570.9426533486492,1329.3829404565984,1627.95150676184,1130.2633896103337,13.384663112169145,10.511892001032788,13.588490469207253,16.415215027060853,241.66824056134647,246.04250337196763,10.564346816619334,1930.6326396660043,8233.640536708288,2.5770404736673616
6.0,49.0,574.9460423752919,1332.4016396996622,1624.788945553826,1136.4105168347457,14.154761266276322,11.231774158692987,14.3703160063719,17.237783894270535,249.49508687272018,254.1094415962773,11.251741129752157,1910.824293991521,8243.927855219506,2.6292075561435815,45,11694.49915448125,0.4851132689406477,53.65190065828447,500.09571520803365,0.5212765957446809,20.307781163032928,37.11302617867477,38.303059346369764,27.85540939633279,2.284133862487579,1.917241483525082,2.3189176268909417,2.732765429161912,34.13641533529503,34.903505621437176,1.6017661943916668,26.17261305179136,123.76075754054818,0.3459896972423002,570.5299611696698,1328.1609282773127,1626.1483295560283,1129.0719816901349,13.335980362926781,10.481735358313571,13.539066358301302,16.3488290660558,240.32463469830427,244.68088503684075,10.52244966432107,1929.1067295696569,8229.589856171462,2.5585804874011213
6.0,50.0,570.2718594523834,1328.1638480224678,1628.4480739394826,1125.4486506852977,13.099658924396746,10.279899431063908,13.299146116138829,16.09875160716304,236.56027154718953,240.83987934873335,10.209755523628113,1941.6368782038783,8229.872908014027,2.516178025704981,44,14933.242708902239,0.5327365630933458,58.28401049723852,492.54911376860406,0.5319148936170213,-4.6741829229084715,-4.237791677194309,3.659128385656686,-10.961866149448042,-1.0551023418795769,-0.9518747276290789,-1.0711698902330706,-1.1390322871074936,-12.93481532553065,-13.269562247543945,-1.0419856061240438,30.81258421235725,-14.054947205479039,-0.11302953043860064,570.4080616382158,1327.5677263443304,1625.2008826492329,1128.6346633012797,13.33028790176121,10.482201497549198,13.533287209909858,16.3373066985482,239.9352599585497,244.28749541256616,10.517545106229509,1927.7970217169138,8227.600061139383,2.5528910918854075
6.0,51.0,565.7328147943132,1316.812740229354,1611.4765688488603,1120.3225681368926,12.895897206860601,10.1789826787373,13.092281428284874,15.766018815702106,230.33660718749286,234.53119056484232,10.199716039182755,1915.8020340493972,8192.10992434388,2.4307379026681013,43,14651.537091651542,0.5022506095712392,56.42003583302299,490.2822768804733,0.5425531914893617,-4.539044658070225,-11.351107793113897,-16.97150509062226,-5.126082548405066,-0.20376171753614436,-0.1009167523266079,-0.20686468785395462,-0.33273279146093593,-6.22366435969667,-6.308688783891029,-0.010039484445357516,-25.83484415448106,-37.76298367014715,-0.08544012303687953,569.9276922121126,1325.82253389464,1622.0849371045074,1127.954193168063,13.341081624936546,10.507991474351723,13.544245304504107,16.329195171314804,239.26090069283708,243.61312907726082,10.551439719272528,1922.4263305754873,8221.91004935521,2.539734262765998
6.0,52.0,581.2489436028895,1354.8077739350076,1666.1757308360952,1149.3558328482568,14.277961958960649,11.139205383480865,14.4953928517367,17.621368538228126,261.45474111172626,266.1375790170128,11.065054337127453,1975.353186974596,8317.542790206178,2.824929502658249,42,12654.418514560513,0.5333178940978306,59.63439794240265,500.88084855328566,0.5531914893617021,15.516128808576354,37.99503370565367,54.6991619872349,29.033264711364154,1.3820647521000478,0.9602227047435647,1.4031114234518256,1.8553497225260198,31.118133924233405,31.606388452170478,0.8653382979446977,59.55115292519872,125.43286586229806,0.3941915999901475,570.2915259889041,1327.8412094257326,1626.5586260319933,1128.4732668303845,13.284425688193329,10.437831243759089,13.486726586998305,16.293237276277985,239.5616453862428,243.89950163836184,10.457932652460183,1931.349270079911,8228.702827553085,2.5501246247968385
6.0,53.0,572.801227774065,1331.5961697481744,1631.0368046248473,1132.3087333358583,13.557099553618485,10.675965646347024,13.763552846313184,16.61843409163982,242.97764661527998,247.3906049491346,10.642187903816794,1931.9258524702036,8239.640746093128,2.5856351950430603,41,13643.14143860499,0.5170269820376325,56.87549380512382,495.7942487550983,0.5638297872340425,-8.447715828824585,-23.211604186833256,-35.13892621124796,-17.047099512398518,-0.7208624053421637,-0.4632397371338417,-0.7318400054235159,-1.0029344465883057,-18.477094496446284,-18.7469740678782,-0.4228664333106593,-43.42733450439232,-77.90204411305058,-0.23929430761518855,570.2233523812899,1328.837472454457,1629.5352886600072,1128.5695165956,13.205380479677478,10.355802944783006,13.406477644342619,16.219412419946345,239.15026476655663,243.46461349756402,10.371133728338668,1937.9013631459434,8232.041926478221,2.5505268397294865
6.0,54.0,571.8651493288769,1333.312915538353,1639.3131368067313,1130.0800964448304,13.15185308358255,10.273373230424808,13.352135110236091,16.22314508454204,240.08139775655488,244.37010426215326,10.190852504421475,1954.9170738878538,8246.086049245621,2.5777110923415663,40,15036.028267207505,0.5428713952985791,59.65085012073495,492.8986930042856,0.574468085106383,-0.936078445188059,1.7167457901787202,8.276332181884072,-2.228636891027918,-0.4052464700359355,-0.40259241592221606,-0.41141773607709275,-0.39528900709778014,-2.8962488587251016,-3.020500686981336,-0.45133539939531886,22.991221417650195,6.4453031524935795,-0.007924102701494018,569.9926421164355,1327.5437222645737,1627.2990012532644,1127.836172762724,13.204211703059034,10.365650742939021,13.405291069095464,16.208191416377854,238.55051567455448,242.8595464910994,10.37344143611595,1934.124356228315,8227.60162816921,2.541752797107892
6.0,55.0,579.8685696324187,1341.950530489965,1639.5563356656507,1152.4986792822174,14.881492896776253,11.779523362236196,15.1081146160165,18.146311972684988,263.8206030783157,268.61489455972037,11.961501146451667,1905.9475270330088,8269.613664065328,2.8385981929368587,39,10041.817358490565,0.46529813706499973,54.01210824594558,504.3095756549647,0.5851063829787234,8.003420303541816,8.637614951612022,0.2431988589194134,22.41858283738702,1.7296398131937032,1.5061501318113883,1.7559795057804095,1.9231668881429478,23.739205321760807,24.244790297567107,1.7706486420301921,-48.96954685484502,23.527614819706287,0.2608871005952924,570.9368520263818,1328.2898615394802,1626.9528974114005,1130.541978061002,13.418509743633999,10.554949141962593,13.622852531608121,16.44414922011924,241.3265440020251,245.69562927009488,10.592579875900409,1927.2034816447763,8229.283692511819,2.5718971346739155
6.0,56.0,580.8669449897511,1341.8546456969336,1636.7082531970154,1150.6015237447652,15.025852455131364,11.946762265198046,15.254672543280574,18.289058589886896,263.62841053525284,268.47402002679775,11.992267050409115,1903.5042385902193,8270.904162268094,2.8134395198979076,38,9822.481497145274,0.47866884042203844,52.950555951430445,506.0599701470149,0.5957446808510638,0.9983753573324066,-0.09588479303147324,-2.8480824686353117,-1.8971555374521358,0.14435955835511116,0.1672389029618504,0.14655792726407313,0.14274661720190807,-0.19219254306284483,-0.14087453292262353,0.03076590395744816,-2.4432884427894805,1.2904982027666847,-0.02515867303895103,572.2361875484066,1330.3100040401512,1628.8981758930236,1133.7940997863814,13.636126548916332,10.737812065090479,13.843783298392214,16.696838045014452,244.6396658619595,249.07320877242165,10.793255468817204,1924.3252132763355,8235.369565076906,2.609850665027482
6.0,57.0,577.7405969043804,1337.0486462594488,1630.6470343568121,1151.044286178012,14.94826680653305,11.88993306270347,15.175905387343198,18.125181358233057,262.3259814001658,267.1597928244273,12.157429193315638,1891.7231572155963,8257.06455727215,2.783389937307316,37,9272.038235294118,0.4326807746529774,51.488158675736074,504.09616271849757,0.6063829787234043,-3.1263480853707506,-4.805999437484843,-6.06121884020331,0.44276243324679854,-0.07758564859831374,-0.056829202494576236,-0.07876715593737593,-0.1638772316538386,-1.3024291350870385,-1.3142272023704322,0.16516214290652265,-11.781081374623,-13.839604995944683,-0.03004958259059176,572.9980410066629,1331.3237523140353,1629.4636770036777,1135.662599492929,13.786347155592477,10.870995189405251,13.99629152852028,16.863107241745926,246.60394176421227,251.0833443123939,10.932047976346563,1921.6285923356002,8238.692975440686,2.62830447836029
6.0,58.0,573.9826205938084,1342.5357627299734,1657.5524741705178,1138.2699715636795,13.233735301934031,10.2640495854057,13.435264265922871,16.396306412945346,245.37603270533066,249.69478495268024,10.257905233586078,1978.6286320978904,8275.536757237229,2.663646246185393,36,15203.75580601093,0.5462402838955758,62.21805518463879,492.6489785732487,0.6170212765957447,-3.757976310571962,5.487116470524597,26.905439813705698,-12.774314614332525,-1.7145315045990195,-1.6258834772977693,-1.7406411214203263,-1.7288749452877106,-16.949948694835143,-17.465007871747076,-1.8995239597295601,86.90547488229413,18.4721999650792,-0.11974369112192296,574.9324769448178,1336.0484672349342,1636.570335799984,1138.6340859054558,13.922657945407005,10.96594688042903,14.134678117164473,17.052236036529596,249.6056778810029,254.1322292101779,10.992841006169124,1931.0262874514162,8254.229941396514,2.666347317088701
6.0,59.0,573.6490602952899,1336.380133150307,1643.2412573568604,1135.9717956373538,13.437503742851238,10.514930695654035,13.642135779544406,16.552597702391328,244.2583929969863,248.62239974923577,10.483514652407854,1950.7843211158224,8254.042324989863,2.6279244722930013,35,14267.166132135984,0.531967890178492,59.17169680690216,494.7914922412333,0.6276595744680851,-0.3335602985184778,-6.155629579666311,-14.311216813657438,-2.2981759263257118,0.20376844091720692,0.2508811102483346,0.20687151362153422,0.15629128944598136,-1.1176397083443703,-1.072385203444469,0.22560941882177588,-27.84431098206801,-21.494432247365694,-0.03572177389239162,574.8027787368176,1336.4463165799984,1638.4155669802872,1138.5902137857163,13.850932193064498,10.894262534125136,14.061860094481721,16.983717417341673,249.08200849342947,253.58352502547376,10.916018358434695,1935.0222901638467,8255.24138837355,2.6662190087036435
6.0,60.0,575.3548662977312,1334.838637536518,1632.9893581141555,1139.7721257643097,14.092978065844447,11.14248038192212,14.307591945019741,17.203557744622696,250.41184353047984,254.99582185099717,11.165479276857306,1921.2669988364196,8252.760623070732,2.650399367334135,34,11820.501928809399,0.4857399929422632,54.43846140889438,499.7048683455939,0.6382978723404256,1.7058060024412498,-1.5414956137890385,-10.251899242704894,3.8003301269559415,0.655474322993209,0.6275496862680843,0.6654561654753355,0.6509600422313682,6.1534505334935545,6.373422101761406,0.6819646244494528,-29.517322279402833,-1.2817019191315921,0.022474895041133536,575.3110794213524,1337.1137955314034,1638.8696953977546,1140.0225612936176,13.950264107209268,10.980520629210956,14.162704677369813,17.09419803108764,250.4671656917585,254.99911927570014,11.011590733757613,1932.9853022271006,8257.530159879221,2.6796411428665587
6.0,61.0,574.2910559100227,1345.8408386137637,1665.8900582759516,1140.7076715699009,13.164203425465272,10.17489524886467,13.36467352839114,16.342732160689735,245.85329885577417,250.15591826170686,10.166502156214928,1992.68716434367,8287.544602283262,2.671280321111814,33,15425.434317772839,0.5492409709787778,63.24117600699513,492.0002705251416,0.648936170212766,-1.063810387708486,11.002201077245672,32.90070016179607,0.9355458055911186,-0.9287746403791743,-0.9675851330574492,-0.9429184166286007,-0.8608255839329608,-4.558544674705672,-4.839903589290316,-0.9989771206423779,71.42016550725043,34.78397921253054,0.020880953777679068,576.1669035329234,1340.0166053698445,1644.311044340464,1142.0610716369183,13.977094729069734,10.980111886223693,14.18994388738044,17.151869365586403,252.01883485858662,256.5615920453866,11.008269345460832,1940.673815256528,8267.073627673159,2.7036953847109304
6.0,62.0,570.2085554701143,1335.8904401557827,1652.8553990715734,1131.7607635018078,12.720410354015184,9.841695486142463,12.914122186817446,15.786764675415329,237.0711442402496,241.21719165040207,9.822457540133405,1981.8771900861952,8254.706878465166,2.570236254856706,32,16445.03125,0.554452170530839,63.185893494206425,488.664746204339,0.6595744680851063,-4.082500439908358,-9.95039845798101,-13.034659204378158,-8.94690806809308,-0.44379307145008795,-0.33319976272220764,-0.4505513415736946,-0.5559674852744063,-8.782154615524576,-8.938726611304787,-0.3440446160815238,-10.809974257474778,-32.83772381809649,-0.10104406625510798,575.0628647196459,1338.124871991922,1642.9790111640116,1140.3015647022735,13.821339568575189,10.850360896489853,14.031816820888514,16.968408979305124,249.58047517143896,254.06955330872552,10.884009665761425,1941.326215567688,8260.790036499058,2.678226059930776
6.0,63.0,576.4702763298238,1350.386113300246,1674.5149562427375,1142.560045591051,13.122112047898739,10.081307333225922,13.32194116537943,16.384472217892526,247.91108642608228,252.18760981851372,9.995116456668095,2004.4526491398497,8300.526199975113,2.727513375883626,31,16111.210733182163,0.5789676244251672,65.0187096267781,492.51932682033856,0.6702127659574468,6.261720859709499,14.495673144463353,21.659557171164124,10.799282089243206,0.40170169388355426,0.2396118470834594,0.4078189785619841,0.5977075424771972,10.839942185832683,10.97041816811165,0.17265891653469012,22.575459053654413,45.81932150994726,0.15727712102692015,575.4297695752218,1340.0038663471291,1647.3268263258008,1141.3266959277928,13.777840818003213,10.790895065177743,13.98765565279514,16.945012791930395,250.07381915251918,254.54925379566347,10.819302521046556,1948.5788952346527,8266.878581887255,2.692413878014832
6.0,64.0,577.792864341802,1336.8674065952698,1632.7807729418955,1152.7479723122526,14.948535180466934,11.88993306270347,15.176177848189777,18.128814113470973,262.2051089062957,267.0171429613058,12.156807935109923,1891.7231479096172,8255.601818914469,2.7866025455107923,30,9272.038235294118,0.4326807746529774,51.488158675736074,504.09616271849757,0.6808510638297872,1.322588011978155,-13.518706704976239,-41.734183300842005,10.18792672120162,1.8264231325681948,1.8086257294775478,1.8542366828103471,1.7443418955784473,14.294022480213442,14.829533142792087,2.1616914784418277,-112.72950123023247,-44.92438106064401,0.05908916962716626,576.0225410765142,1340.3593154528207,1646.673589939317,1143.593483514535,13.957509027691652,10.95255104840561,14.170059926590508,17.135579694823285,252.28619026749328,256.8139576655787,11.015898064115401,1942.259502636829,8267.83015885414,2.713303023331755
6.0,65.0,571.131575676956,1331.7989263467418,1639.7477074788874,1129.7321659445674,13.061072309018577,10.212754273059602,13.259971887328504,16.094702213622025,237.78435786273042,242.03619548032003,10.114800429386575,1956.5179358441533,8243.051909495172,2.539203717282128,29,15069.622327600064,0.5375716842056727,59.24401935920171,492.41194984907156,0.6914893617021277,-6.6612886648459835,-5.068480248527976,6.966934536991857,-23.015806367685173,-1.8874628714483563,-1.6771787896438681,-1.916205960861273,-2.0341118998489485,-24.420751043565303,-24.980947480985776,-2.0420075057233475,64.79478793453609,-12.549909419296455,-0.24739882822866432,575.148841680968,1339.3441550384985,1646.692727120641,1141.31683218077,13.775466968915884,10.79587413948795,13.985245653721709,16.93041871891699,249.68256574593474,254.15608775763866,10.831227992408891,1947.3165435179435,8265.173983397126,2.6833635757662817
6.0,66.0,574.973393645615,1344.3415443503725,1662.5436366074673,1137.854948085123,13.210196016777944,10.243739633332247,13.411366514495374,16.39010406374451,244.72447927608786,249.0310170290414,10.09747028313889,1989.9370672526281,8282.389887927997,2.649143176488776,28,15559.777817067421,0.5667312508102073,62.286256284097746,493.2825811259178,0.7021276595744681,3.8418179686590292,12.54261800363065,22.795929128579928,8.1227821405555,0.149123707759367,0.03098536027264487,0.15139462716686936,0.29540185012248443,6.940121413357446,6.994821548721376,-0.017330146247685363,33.41913140847487,39.33797843282446,0.10993945920664805,574.5594865465544,1339.5928449038424,1649.276265461686,1140.0421746148056,13.593901325080543,10.625571876301368,13.80091505084319,16.740523266302752,247.7921726200183,252.211787457863,10.64174831568187,1955.9598263841842,8266.322555963116,2.666933941425369
6.0,67.0,565.7832314689039,1324.0335901548265,1638.0789558934164,1116.7664999011402,12.024359081985606,9.328662125299056,12.207471149223966,14.918455813373884,222.0054090813054,225.91007752503074,9.122196664533249,1977.5305935060348,8217.518663236602,2.379379096554275,27,18456.301549865228,0.5897306998026861,63.12475618213978,484.8677385178576,0.7127659574468085,-9.19016217671117,-20.307954195546017,-24.464680714050928,-21.08844818398279,-1.1858369347923379,-0.9150775080331908,-1.203895365271407,-1.4716482503706256,-22.71907019478246,-23.120939504010664,-0.975273618605641,-12.406473746593292,-64.87122469139467,-0.26976407993450113,573.3637500030068,1338.2913392933801,1650.0194576153463,1136.6143959871183,13.301510552625796,10.36944478256093,13.504071627031266,16.419850711816835,243.76011538813222,248.08681592792337,10.33822506280363,1964.5405700132283,8262.36796655956,2.626532857350065
6.0,68.0,572.9623456666613,1330.4935921636306,1633.7801055461348,1131.4522401890515,13.42422404947593,10.570135173734286,13.628653857335971,16.47638805077156,240.1608309920473,244.50184940550153,10.404862614528053,1936.6068671913063,8236.984683983712,2.553148544900989,26,14108.648136157617,0.5350620782531914,56.93731376683942,495.8310024802333,0.723404255319149,7.179114197757485,6.460002008804167,-4.298850347281586,14.685740287911358,1.3998649674903234,1.24147304843523,1.4211827081120045,1.5579322373976776,18.155421910741893,18.591771880470787,1.2826659499948043,-40.92372631472858,19.466020747109724,0.17376944834671404,573.261722510292,1337.0871222367457,1647.642220752908,1135.9326228496557,13.320559427379987,10.400053341393788,13.523410586172577,16.42785887559946,243.23859521680387,247.56752237320552,10.352920800897827,1960.3383935225697,8258.512759234207,2.615483087221624
6.0,69.0,569.9271268420712,1326.8851815633484,1636.2103326390893,1131.9395494202674,13.016133128424581,10.17709510604365,13.21434835373054,16.05017868238928,237.02131014699725,241.1931793893877,10.169250852352958,1940.0982326341812,8220.673494625526,2.566278185453742,25,15198.938399462004,0.5344808361938357,59.524887968729075,491.43573876423415,0.7340425531914894,-3.0352188245901743,-3.608410600282241,2.4302270929545102,0.4873092312159315,-0.4080909210513486,-0.39304006769063626,-0.4143055036054317,-0.4262093683822812,-3.1395208450500434,-3.3086700161138367,-0.23561176217509505,3.491365442874894,-16.31118935818631,0.01312964055275323,572.8895291649701,1336.13762707805,1646.939128281131,1135.5293982279472,13.27842236593732,10.366269782432749,13.480631843591189,16.377616973599253,242.514886931805,246.82460033722072,10.32149442089234,1959.2697846744054,8255.175876197774,2.6093184585376985
6.0,70.0,570.4470310403277,1332.1251203960799,1646.2916993181648,1129.1233802923155,12.775714751668547,9.950716860345242,12.970268783419845,15.804992512377906,234.37600020707504,238.51762771197187,9.784588011993506,1970.824580054719,8242.95373415862,2.51482555173064,24,16121.369473412049,0.5605332307786579,60.963974012667315,490.4747522808021,0.7446808510638298,0.5199041982565404,5.239938832731468,10.081366679075472,-2.81616912795198,-0.2404183767560344,-0.2263782456984078,-0.24407957031069394,-0.24518617001137422,-2.645309939922214,-2.6755516774158252,-0.38466284035945186,30.726347420537877,22.280239533094573,-0.05145263372310227,572.3987456392299,1335.8662753640062,1648.269362401532,1134.4645236807478,13.146696034519731,10.247093430275061,13.3468995274312,16.237760450374772,240.91130259946448,245.17678092331818,10.183405294405958,1964.2255427962355,8254.195187306565,2.595761076977349
6.0,71.0,565.7783905017282,1323.680228008533,1639.345282065156,1125.1937547033447,12.40071748547688,9.648758692897305,12.5895608989613,15.32938597121474,228.16164049598578,232.16097593140782,9.602284134558882,1963.5799238303644,8214.39202005212,2.453167534507121,23,16900.478378884312,0.5455912169653439,61.72581084593099,486.04351046328793,0.7553191489361702,-4.668640538599561,-8.444892387546815,-6.9464172530088035,-3.9296255889707936,-0.3749972661916665,-0.30195816744793724,-0.38070788445854475,-0.4756065411631667,-6.2143597110892586,-6.35665178056405,-0.18230387743462373,-7.244656224354685,-28.561714106499494,-0.061658017223519046,571.5474790984003,1333.6502143034832,1645.614884780452,1132.913131994092,13.07034744052089,10.194479774678324,13.269388264488217,16.13642583142727,239.14213676348567,243.3772866902883,10.126983492240353,1961.3148187449049,8246.879929083449,2.5739497983168795
6.0,72.0,572.0930291247645,1334.7543293982142,1651.6861877230194,1138.6000056669595,13.116140280359266,10.196053024265256,13.315878457217531,16.2331932530429,241.8626368820861,246.0738362374375,10.200364625852137,1960.193133199105,8247.231198459434,2.6357319182554932,22,15214.758464762324,0.5402435127720097,61.10618373878843,491.8890516151306,0.7659574468085106,6.3146386230363305,11.074101389681118,12.340905657863459,13.406250963614866,0.7154227948823859,0.5472943313679508,0.7263175582562305,0.9038072818281595,13.700996386100314,13.912860306029671,0.5980804912932545,-3.386790631259373,32.83917840731374,0.18256438374837236,571.7359264638653,1333.5366032277263,1645.4979636455969,1133.5970562106072,13.1099204331553,10.229915528490604,13.309563891528224,16.18106868919003,239.6212860276693,243.8629511489918,10.164774200812227,1959.1464130561958,8246.132361082877,2.580499364656758
6.0,73.0,567.2637597632961,1327.0153419872718,1645.137849970663,1122.7520509045785,12.223730157800563,9.468827511986634,12.40987833279245,15.18771401533001,226.66948562193053,230.61916019413795,9.269220598786973,1979.9749000785696,8225.325555329271,2.445293807005304,21,17873.799373338396,0.5841745242555695,62.819101040960035,486.2665118141665,0.776595744680851,-4.829269361468391,-7.7389874109424,-6.548337752356474,-15.84795476238105,-0.8924101225587027,-0.727225512278622,-0.9060001244250806,-1.0454792377128879,-15.19315126015556,-15.454676043299543,-0.9311440270651641,19.781766879464612,-21.9056431301633,-0.1904381112501894,570.8152748072126,1331.1995260964288,1642.5602530183892,1131.6162567419601,13.020082244145485,10.168667546366674,13.218357608269525,16.061392868933776,237.49712594725412,241.70610618655422,10.092184615024113,1956.6986381500678,8238.612296618292,2.5522774077689263
6.0,74.0,574.8030264873677,1339.918701955038,1657.7601537344713,1143.3783254747939,13.511814349271443,10.543789765918577,13.717578019564916,16.683235192853896,246.90555406583218,251.24641754294825,10.499390101063087,1964.847223681482,8264.919636725253,2.6737164010361423,20,14318.288535852296,0.5360028999347757,59.887468139825344,494.93609131377684,0.7872340425531915,7.539266724071581,12.903359967766164,12.622303763808304,20.6262745702154,1.2880841914708796,1.0749622539319432,1.307699686772466,1.4955211775238855,20.236068443901644,20.627257348810303,1.230169502276114,-15.127676397087498,39.59408139598236,0.22842259403083842,570.5162910217692,1331.5046556324057,1645.058191097647,1130.679292058214,12.876410161025934,10.034053216688186,13.072497625407038,15.916834976872073,235.96717046320776,240.1290336447185,9.92644283161943,1964.0110457272542,8239.544078399373,2.5409887933214614
6.0,75.0,570.3797238872556,1335.3157787422933,1659.0763928108856,1136.6296591964635,12.721356011943993,9.841695486142463,12.91508224562842,15.79691063447321,236.74932386796453,240.8399458833264,9.820653809689311,1981.8772942317357,8250.42748438229,2.5785811252549466,19,16445.03125,0.554452170530839,63.185893494206425,488.664746204339,0.7978723404255319,-4.423302600112038,-4.602923212744599,1.3162390764143765,-6.748666278330347,-0.7904583373274505,-0.702094279776114,-0.8024957739364957,-0.8863245583806858,-10.156230197867643,-10.406471659621843,-0.6787362913737756,17.03007055025364,-14.492152342963891,-0.09513527578119563,570.4411058427992,1331.8563408719608,1646.9910596308466,1131.3690413834038,12.842438531318475,9.99694733799647,13.038008661237033,15.887055818957188,235.86366706373119,240.0094086850191,9.897028169649705,1966.5469815660126,8240.281635888083,2.5449265341187433
6.0,76.0,569.1971872302969,1327.8358434608283,1644.0204957950907,1134.8692615584591,12.870765936460362,10.046812142822255,13.066767448183109,15.878282975430698,234.91917206121343,239.0302997107147,10.049697802854109,1951.1740226314826,8224.5762376305,2.5359025635651515,18,15366.750532093649,0.5276620536825619,59.99261875479489,490.1610154164744,0.8085106382978723,-1.1825366569587459,-7.479935281465032,-15.055897015794926,-1.760397638004406,0.14940992451636959,0.20511665667979173,0.1516852025546882,0.08137234095748802,-1.830151806751104,-1.809646172611707,0.2290439931647974,-30.703271600253174,-25.851246751790313,-0.042678561689795114,569.8634852012673,1330.2057707830063,1645.1387455496092,1131.0704727307373,12.808495523286718,9.977254588945474,13.003548754605806,15.83587371012581,234.88313634224374,239.00933695318645,9.892250921621226,1962.6706771038978,8234.500270858332,2.5336024728263804
6.0,77.0,570.6819516061875,1331.1720191891793,1648.343885582517,1140.9030809443966,13.196847933512064,10.317429468315021,13.397815160925951,16.25153186256924,240.3919591405251,244.60785133281823,10.375538938916772,1949.7493232823595,8235.915432713044,2.5924484525740645,17,14284.702314814815,0.5080344538031905,58.97086310474962,492.13617953875024,0.8191489361702128,1.4847643758905633,3.3361757283510087,4.323389787426322,6.033819385937477,0.32608199705170193,0.2706173254927666,0.3310477127428424,0.37324888713854243,5.472787079311672,5.5775516221035275,0.32584113606266385,-1.4246993491231024,11.339195082544393,0.056545889008913,570.3533572149956,1330.9196136864416,1646.1652385185193,1133.484130835063,12.925744408439362,10.076131323247068,13.122583155776004,15.969181315045343,236.72179134816574,240.87911433396522,10.01758514905958,1959.8925500815305,8236.339947805976,2.5549094084283595
6.0,78.0,582.7950558909662,1347.1282989639958,1656.3807176033017,1162.221779553361,15.203470877585842,12.050479049468608,15.43499581480796,18.549993101586143,268.35462894468907,273.18738275724695,12.082483599006942,1919.2729561762415,8287.083464559124,2.8856700164208924,16,9550.787930301742,0.47884889998893965,53.36811135669388,506.9774621796941,0.8297872340425532,12.113104284778728,15.956279774816494,8.036832020784686,21.318698608964496,2.0066229440737775,1.7330495811535869,2.037180653882009,2.298461239016902,27.962669804163966,28.579531424428723,1.7069446600901692,-30.476367106118005,51.16803184608034,0.29322156384682785,571.3366282374261,1332.5830843664783,1648.4252997242359,1136.561084771494,13.103669091250357,10.2241657108205,13.303217351523202,16.1765418201268,239.5411711434299,243.74766766913973,10.185347247507469,1958.1591589800241,8241.349825863519,2.58816155558035
6.0,79.0,577.9618982400424,1333.4920057364648,1635.9770250846166,1155.7853828427096,14.846382671984493,11.840807689407201,15.072469717750755,18.00500974722616,257.6482047362965,262.32932508444156,11.996020558903501,1886.1239023983205,8239.817871793719,2.742585467547355,15,9628.145180619757,0.44699135033658993,50.96542586130836,504.4736186128499,0.8404255319148937,-4.833157650923795,-13.636293227531041,-20.403692518685148,-6.436396710651479,-0.35708820560134846,-0.20967136006140663,-0.36252609705720573,-0.5449833543599816,-10.706424208392548,-10.858057672805387,-0.08646304010344075,-33.149053777920926,-47.26559276540502,-0.14308454887353728,572.1401053772233,1333.2437667837899,1648.4019689687884,1138.9456681137383,13.286694045606344,10.390536969156855,13.489029487925222,16.37202492661049,241.60386060235982,245.86128223864512,10.368024218162521,1952.761725956438,8243.264263580339,2.605792283789711
6.0,80.0,571.5757732980728,1331.769630181099,1651.222988770387,1145.0410903155134,13.365944537294357,10.44576071930367,13.56948683989275,16.45198654400893,243.2465489663904,247.48661546261434,10.58220070367758,1944.2724162062777,8236.038152877292,2.638756851299412,14,14127.037220122129,0.5034235250416035,58.85525640887185,492.80193576720814,0.851063829787234,-6.38612494196957,-1.7223755553657156,15.245963685770448,-10.744292527196194,-1.4804381346901359,-1.3950469701035306,-1.5029828778580043,-1.5530232032172329,-14.401655769906114,-14.842709621827225,-1.4138198552259205,58.148513807957215,-3.7797189164266456,-0.10382861624794293,572.2529796029978,1333.208217762292,1648.8950979140106,1140.537439116058,13.345717024168925,10.4400413550527,13.548951293572514,16.436724329773593,242.49091547829138,246.75818101370936,10.447785487330929,1950.1065095715937,8242.572705452203,2.6181854137465885
6.0,81.0,576.2648416691766,1341.358194638307,1663.202309187076,1152.0741726251786,13.823982570721363,10.805925924727514,14.034500071798337,17.043068920348297,251.74069855218752,256.1376934413774,10.806960215538005,1957.025659076225,8269.151266364455,2.7318565043880745,13,13015.529982363316,0.5127453046793841,58.46452080930142,497.22341279330277,0.8617021276595744,4.689068371103758,9.588564457207895,11.979320416689006,7.033082309665133,0.45803803342700533,0.36016520542384356,0.4650132319055871,0.5910823763393687,8.494149585797118,8.651077978763055,0.22475951186042487,12.753242869947371,33.11311348716299,0.0930996530886623,573.3016247197427,1334.976014425269,1651.2808006262028,1143.2254809082413,13.488043532693373,10.555758078235721,13.693445210856217,16.60809262468695,244.84882128391155,249.15585276470634,10.56825309542884,1949.4510830961797,8248.048630083438,2.6460543107346837
6.0,82.0,578.2860016261867,1337.096509465906,1648.0288728974135,1152.9991861390465,14.443810891501434,11.453429174918547,14.663767402539527,17.63409353613906,254.00081798327656,258.5569594094625,11.387231934450863,1917.6406282497237,8252.890959540924,2.7167060427896446,12,11257.177299473522,0.4963275957731464,53.74397239732315,502.64671294807135,0.8723404255319149,2.021159957010127,-4.26168517240103,-15.173436289662504,0.9250135138679525,0.619828320780071,0.6475032501910327,0.6292673307411896,0.5910246157907615,2.260119431089038,2.419265968085085,0.5802717189128579,-39.385030826501406,-16.26030682353121,-0.01515046159842992,573.9209219698848,1335.2102324320383,1650.915069143642,1144.6653989554502,13.62081059380759,10.681495693301049,13.828234105388418,16.748182652996565,246.0626393940306,250.40416508190884,10.686939826288715,1945.195832601242,8248.614606191588,2.654151723188099
6.0,83.0,576.279585448833,1326.2320447736272,1626.617511612448,1150.2911177872647,14.627003495869854,11.715261008281304,14.849749741999851,17.716702977847763,250.96067387695285,255.53694329048216,11.730643313737902,1874.0804637054105,8214.778085770007,2.656229745840587,11,10102.464858384536,0.46192172701151923,49.92651132749114,503.9475078125238,0.8829787234042553,-2.0064161773536853,-10.864464692278716,-21.41136128496555,-2.708068351781776,0.18319260436842022,0.2618318333627574,0.18598233946032394,0.08260944170870488,-3.0401441063237087,-3.0200161189803225,0.3434113792870388,-43.56016454431324,-38.11287377091685,-0.06047629694905776,574.8225045384386,1335.131902710674,1649.0630353078207,1147.4193056437189,13.861137927614521,10.906139042930516,14.072221246309159,17.00108154924834,248.4917582195328,252.89594339154323,10.933082097783807,1934.6063889639258,8247.55985923566,2.675245317071627
6.0,84.0,568.9753712767134,1327.5139083745764,1654.527326672732,1135.930947702736,12.55564490446391,9.767276565826803,12.746847618745086,15.552499300451409,229.94805136025008,233.90284449911383,9.65327745369237,1966.7152459353115,8221.871652460924,2.4957591457890085,10,16778.23699596774,0.5618968048793894,61.647382900214964,488.43362892334176,0.8936170212765957,-7.3042141721196,1.2818636009492366,27.909815060284018,-14.360170084528818,-2.0713585914059447,-1.9479844424545014,-2.102902123254765,-2.1642036773963547,-21.012622516702777,-21.63409879136833,-2.077365860045532,92.63478222990102,7.093566690917214,-0.16047060005157832,574.239739017373,1333.891423352628,1648.739752601647,1146.674567866513,13.765520983133765,10.828487722921338,13.975148206227175,16.88800796000809,246.7960079489746,251.16158608715978,10.848470833046736,1934.7931911893088,8243.255060809228,2.6574495915469134
6.0,85.0,572.6547645622711,1332.6247908632176,1658.8758232678927,1147.9003413969594,13.236186248217445,10.329169894461783,13.437752536261367,16.345152954600326,241.08229186019753,245.22174456844746,10.352858786662946,1950.0157849638147,8235.77797547217,2.637185087697701,9,14744.684998407474,0.5296111914341788,60.103537431022964,492.92494038140745,0.9042553191489362,3.679393285557694,5.110882488641209,4.348496595160668,11.969393694223527,0.6805413437535357,0.5618933286349801,0.6909049175162814,0.7926536541489178,11.134240499947452,11.318900069333637,0.6995813329705758,-16.69946097149682,13.906323011246059,0.14142594190869273,574.4672430848747,1333.6223245647202,1648.7196956473476,1147.8016360865627,13.817004006761113,10.877235163753271,14.027415235290471,16.942832192020806,247.2293047481979,251.5997659556719,10.901691330744098,1931.6070402625166,8241.790109918216,2.663309987791189
6.0,86.0,562.4573906960577,1305.0953265255378,1618.0925982938184,1129.522653920723,12.521584167894918,9.864334542757913,12.712268190756262,15.350822345058194,223.69119123040147,227.5701883996386,9.939983490248336,1897.0788996412202,8144.105004136565,2.414061223011207,8,15376.239310702254,0.4995995626668295,56.41730589642985,487.2102728106207,0.9148936170212766,-10.197373866213411,-27.529464337679883,-40.7832249740743,-18.37768747623636,-0.7146020803225266,-0.46483535170387036,-0.7254843455051052,-0.994330609542132,-17.391100629796057,-17.651556168808867,-0.41287529641460985,-52.936885322594435,-91.67297133560533,-0.22312386468649414,573.7932634314508,1331.348272871191,1646.1269058972205,1147.266975322789,13.782085829904569,10.858987403746836,13.991965309547785,16.89008612898355,246.10650666511668,250.4537548245643,10.890719899483521,1926.1975279634905,8233.742986568821,2.6511258537357945
6.0,87.0,579.2571635078748,1335.5221024188231,1648.4883462740288,1163.5437347920474,14.970233970571881,11.930789321071247,15.198207076722722,18.199320168811983,260.20492582625195,264.8436065226952,12.016883765484032,1893.530916187474,8243.180222929623,2.7986221918051464,7,9617.445222805993,0.46257041664665416,51.609181805514346,505.1811615469695,0.925531914893617,16.799772811817093,30.426775893285367,30.395747980210444,34.02108087132433,2.4486498026769628,2.066454778313334,2.48593888596646,2.848497823753789,36.51373459585048,37.273418123056615,2.0769002752356958,-3.5479834537461556,99.0752187930575,0.3845609687939393,574.6507846216194,1331.7832811941555,1646.1413519663715,1149.531040707554,13.95942443361055,11.02032338902246,14.17200450112746,17.084864959607824,248.0878033336894,252.47733034355196,11.054854382140247,1920.5756872540019,8234.46946559048,2.671743227658903
6.0,88.0,574.2418753504071,1331.915801911688,1658.3234036958784,1152.8108730626545,13.629350352564401,10.681102449885005,13.836903911232898,16.80283256037313,246.0922192575992,250.3108424357026,10.664825497523594,1936.2548079901983,8229.946158648603,2.6996341096816283,6,13789.27261496225,0.5266086768883095,58.17169403594573,495.77966426243563,0.9361702127659575,-5.015288157467694,-3.6063005071350744,9.83505742184957,-10.73286172939288,-1.3408836180074797,-1.2496868711862419,-1.361303165489824,-1.3964876084388536,-14.112706568652754,-14.532764086992614,-1.3520582679604374,42.72389180272421,-13.234064281019528,-0.09898808212351806,573.7954665675636,1330.2620314889248,1646.3356205756293,1148.5899500584833,13.802012381108407,10.883385729064099,14.012195310769954,16.910148905486526,245.86156236498041,250.1896763113976,10.913088571991912,1922.2738724353978,8228.755734999428,2.6531396369849767
6.0,89.0,571.786233711332,1320.756573475315,1632.312133786992,1155.7072416118094,14.161730729312845,11.276843538119124,14.377391603363296,17.174975871474153,246.44187740397444,250.81678421810773,11.543361721626425,1874.5638219756336,8195.200971441893,2.630560418889674,5,10434.207148956935,0.42138649871018624,50.455207087549475,499.0706407935034,0.9468085106382979,-2.455641639075111,-11.159228436373041,-26.011269908886334,2.896368549154886,0.5323803767484439,0.595741088234119,0.540487692130398,0.3721433111010235,0.3496581463752477,0.5059417824051309,0.8785362241028309,-61.690986014564714,-34.7451872067104,-0.06907369079195425,573.1779001146925,1328.9884882628098,1645.9691314458664,1148.5821359353934,13.73354718684124,10.826989313935291,13.942687499331209,16.827145517911323,244.7409296317482,249.03842222476413,10.867822688264205,1921.117864393129,8224.294044964245,2.6419371321192084
6.0,90.0,574.7532263443129,1340.0766834363785,1681.883635990471,1161.4458759632032,13.358075220350267,10.334997880961403,13.561497685634789,16.60433031476803,248.0229839599108,252.14317177503747,10.430926198511507,1969.7268559710985,8256.313529395233,2.76680561442105,4,14608.593805049912,0.5294215775636876,62.24471127447911,492.9072188198211,0.9574468085106383,2.9669926329809186,19.32010996106351,49.571502203478985,5.7386343513937845,-0.8036555089625779,-0.941845657157721,-0.8158939177285074,-0.5706455567061219,1.5811065559363442,1.3263875569297454,-1.1124355231149181,95.16303399546496,61.11255795334,0.13624519553137615,573.4956454193165,1329.8191935883376,1649.0351961678753,1150.2226145001623,13.732760255146832,10.815913030101065,13.941888583905413,16.842379894987236,245.21857313110021,249.50407785600646,10.852695237747598,1923.6633083696113,8226.321582616041,2.654742008431372
6.0,91.0,575.9488450288485,1333.0753673930617,1657.5287481140233,1159.258701226207,14.096398109732048,11.14248038192212,14.31106407079396,17.24071193814996,249.10684870816897,253.45846342864738,11.15855045825587,1921.2670936703826,8236.4051254361,2.6853643745655003,3,11820.501928809399,0.4857399929422632,54.43846140889438,499.7048683455939,0.9680851063829787,1.1956186845355887,-7.00131604331682,-24.35488787644772,-2.1871747369962122,0.7383228893817808,0.8074825009607167,0.7495663851591701,0.6363816233819293,1.0838647482581791,1.3152916536099042,0.7276242597443634,-48.459762300715965,-19.908403959132556,-0.08144123985554996,573.4640457552837,1328.990910863813,1648.4678400605699,1150.941067360265,13.760001809047901,10.849568475820524,13.969544983804976,16.8621441967674,244.9551881466984,249.23615485473346,10.887854262019385,1920.0874518290268,8223.046968523206,2.6500927954491145
6.0,92.0,566.2401328754934,1317.3389964319329,1650.7438403808735,1140.351127846877,12.460898502783076,9.740407825246866,12.650658378459978,15.381777257768755,225.3398219470533,229.14650130152356,9.71114562647207,1941.722011236577,8182.6263873838625,2.4614823260264638,2,16749.683661105417,0.5451932287758401,60.43998433128298,487.0329187872071,0.9787234042553191,-9.708712153355123,-15.736370961128841,-6.784907733149794,-18.90757337932996,-1.6354996069489722,-1.4020725566752539,-1.6604056923339812,-1.8589346803812052,-23.76702676111566,-24.31196212712382,-1.4474048317837998,20.454917566194354,-53.77873805223771,-0.22388204853903648,572.2594588802144,1327.015159560416,1648.7393368089156,1149.676261531048,13.561710570176064,10.678266340853357,13.76823408139702,16.63691256893037,242.08908854307606,246.2951090439396,10.720245631221506,1922.4955901277121,8216.020511307499,2.6245704237727967
6.0,93.0,575.8078173497155,1341.213117640095,1687.6928764907932,1165.2376310706277,13.448097626704183,10.438602808106765,13.65289099157785,16.69575468010611,247.37278180816637,251.47923033505688,10.451944100196854,1972.5175065079204,8257.81207694724,2.752763369430258,1,14531.760583123072,0.5378256705684892,61.71004018631174,494.07914572277247,0.9893617021276596,9.56768447422212,23.87412120816225,36.94903610991969,24.88650322375065,0.9871991239211066,0.6981949828598992,1.0022326131178723,1.313977422337354,22.032959861113056,22.332729033533326,0.7407984737247837,30.795495271343498,75.18568956337822,0.291281043403794,572.2122820703026,1328.5132668470626,1654.8468732967503,1151.1709128593843,13.443819983259498,10.550600520835903,13.648548206354821,16.534817739156203,241.73029933619742,245.88933774839705,10.592375709867401,1932.339294407963,8220.323910425222,2.6342237861317637
6.0,94.0,570.9871959582449,1321.8749647581096,1651.5652768805244,1147.8185205210605,13.178902667920124,10.392760243654296,13.379596617177793,16.189547693972465,233.4712362928396,237.4841621699505,10.23066951409005,1927.1375114110153,8196.988815183386,2.5239723914885017,0,14507.1138671875,0.5321146934555145,56.37796660140158,494.0040774310461,1.0,-4.820621391470581,-19.33815288198548,-36.12759961026882,-17.419110549567222,-0.26919495878405897,-0.04584256445246915,-0.27329437440005755,-0.5062069861336447,-13.901545515326774,-13.995068165106375,-0.22127458610680506,-45.37999509690508,-60.823261763855044,-0.22879097794175607,572.4134645384559,1327.949372485416,1654.5506683175295,1152.359670141217,13.506145759605118,10.613148888618653,13.711823106198091,16.598522578508312,242.08261782945638,246.24746951548076,10.650114915907169,1928.3815209555337,8217.83562669747,2.637045110701713
